"","x"
"20240709_QE2_HILIC_BCSCuAOXq2d_AYW1130",0.936012585113652
"20240709_QE2_HILIC_BCSCuAOXq2d_AYW1131",0.957916998783412
"20240709_QE2_HILIC_BCSCuAOXq2d_AYW1132",0.834378614199261
"20240709_QE2_HILIC_BCSCuAOXq2d_AYW1133",0.853767556003934
"20240709_QE2_HILIC_BCSCuAOXq2d_AYW1134",1.02265791056301
"20240709_QE2_HILIC_BCSCuAOXq2d_AYW1135",1.11044408341696
"20240709_QE2_HILIC_BCSCuAOXq2d_AYW1136",1.03133903297923
"20240709_QE2_HILIC_BCSCuAOXq2d_AYW1137",1.15315536708651
"20240709_QE2_HILIC_BCSCuAOXq2d_AYW1138",0.827765078164772
"20240709_QE2_HILIC_BCSCuAOXq2d_AYW1139",0.933879170756763
"20240709_QE2_HILIC_BCSCuAOXq2d_AYW1140",0.839461282275874
"20240709_QE2_HILIC_BCSCuAOXq2d_AYW1141",1.07633286256384
"20240709_QE2_HILIC_BCSCuAOXq2d_AYW1142",0.795347399998132
"20240709_QE2_HILIC_BCSCuAOXq2d_AYW1143",1.06538649892514
"20240709_QE2_HILIC_BCSCuAOXq2d_AYW1144",0.791756095151698
"20240709_QE2_HILIC_BCSCuAOXq2d_AYW1145",0.842979297120548
"20240709_QE2_HILIC_BCSCuAOXq2d_AYW1146",0.814110215750148
"20240709_QE2_HILIC_BCSCuAOXq2d_AYW1147",0.754623696801283
"20240709_QE2_HILIC_BCSCuAOXq2d_AYW1148",0.703894676473013
"20240709_QE2_HILIC_BCSCuAOXq2d_AYW1149",0.963814368205987
"20240709_QE2_HILIC_BCSCuAOXq2d_AYW1150",1.01837122019972
"20240709_QE2_HILIC_BCSCuAOXq2d_AYW1151",1.05299272114818
"20240709_QE2_HILIC_BCSCuAOXq2d_AYW1152",0.646637229597183
"20240709_QE2_HILIC_BCSCuAOXq2d_AYW1153",1.1029479855952
"20240709_QE2_HILIC_BCSCuAOXq2d_AYW1154_pool1xa",0.94088246463654
"20240709_QE2_HILIC_BCSCuAOXq2d_AYW1154_pool1xb",0.985569488651954
"20240709_QE2_HILIC_BCSCuAOXq2d_AYW1154_pool1xc",0.923339207272549
"20240709_QE2_HILIC_BCSCuAOXq2d_AYW1154_pool1xd",0.699639158331818
"20240709_QE2_HILIC_BCSCuAOXq2d_AYW1155_pool033xa",1.33194583783229
"20240709_QE2_HILIC_BCSCuAOXq2d_AYW1155_pool033xb",1.30170074525683
"20240709_QE2_HILIC_BCSCuAOXq2d_AYW1155_pool033xc",1.140376062857
"20240709_QE2_HILIC_BCSCuAOXq2d_AYW1155_pool033xd",0.928674230642615
"20240709_QE2_HILIC_BCSCuAOXq2d_AYW1156_pool01xa",1.434713414551
"20240709_QE2_HILIC_BCSCuAOXq2d_AYW1156_pool01xb",1.6915592143869
"20240709_QE2_HILIC_BCSCuAOXq2d_AYW1156_pool01xc",1.35998008586319
"20240709_QE2_HILIC_BCSCuAOXq2d_AYW1156_pool01xd",1.13164814284385
