"","x"
"20240709_QE2_HILIC_BCSCuAOXq2d_AYW1130",0.873042862130139
"20240709_QE2_HILIC_BCSCuAOXq2d_AYW1131",0.781004830916957
"20240709_QE2_HILIC_BCSCuAOXq2d_AYW1132",0.845403875614882
"20240709_QE2_HILIC_BCSCuAOXq2d_AYW1133",1.00681343688966
"20240709_QE2_HILIC_BCSCuAOXq2d_AYW1134",1.3335897662012
"20240709_QE2_HILIC_BCSCuAOXq2d_AYW1135",1.09286303463807
"20240709_QE2_HILIC_BCSCuAOXq2d_AYW1136",1.03182656112671
"20240709_QE2_HILIC_BCSCuAOXq2d_AYW1137",0.883395365813313
"20240709_QE2_HILIC_BCSCuAOXq2d_AYW1138",0.658564890993716
"20240709_QE2_HILIC_BCSCuAOXq2d_AYW1139",0.923225681865899
"20240709_QE2_HILIC_BCSCuAOXq2d_AYW1140",1.01697515560202
"20240709_QE2_HILIC_BCSCuAOXq2d_AYW1141",0.83733371150115
"20240709_QE2_HILIC_BCSCuAOXq2d_AYW1142",1.24667056551376
"20240709_QE2_HILIC_BCSCuAOXq2d_AYW1143",0.964022726849313
"20240709_QE2_HILIC_BCSCuAOXq2d_AYW1144",1.08832283098883
"20240709_QE2_HILIC_BCSCuAOXq2d_AYW1145",1.18443218363909
"20240709_QE2_HILIC_BCSCuAOXq2d_AYW1146",0.905143346029814
"20240709_QE2_HILIC_BCSCuAOXq2d_AYW1147",1.01861080491642
"20240709_QE2_HILIC_BCSCuAOXq2d_AYW1148",1.11773074112357
"20240709_QE2_HILIC_BCSCuAOXq2d_AYW1149",0.940231913063482
"20240709_QE2_HILIC_BCSCuAOXq2d_AYW1150",0.866028923559264
"20240709_QE2_HILIC_BCSCuAOXq2d_AYW1151",1.03795805479324
"20240709_QE2_HILIC_BCSCuAOXq2d_AYW1152",1.22783757149521
"20240709_QE2_HILIC_BCSCuAOXq2d_AYW1153",1.1189711647343
