﻿Compound,RT,Type,Filename,Batch Order,Status,Peak Label,Group,Sample Type,Level,Sample ID,Sample Name,Comments,Height,Area,Actual RT,RT Delta,Formula,Adduct,Calculated Amt,Theoretical Amt,Sample Amt,Std Add Amount,m/z (Expected),m/z (Apex),m/z (Delta),Response Ratio,ISTD Amt,ISTD Response,Integration Mode,Active,Excluded,%Diff,%RSD,% CV,Channel,Final Units,PK,IR,IP,LS,FI,Confirm,Isotopic Pattern Score (%),Num Isotopes Matched,Lib Match Name,Library Score (%),Library Match Rank,SI/Dot Product,RSI/Rev Dot,Modification,Protein Name,Peptide Sequence,Ion Type,S/N,Ion Ratio,Group Average,Relative RT,Flag Details
proline-13C5-15N,7.38,Target Compound,20240709_QE2_HILIC_BCSCuAOXq2d_AYW1130,1,Processed,T1,1V,Unknown,,B:A2,,,69208325,1085562776,7.33,-0.05,[13]C5H9[15]NO2,M+H,N/A,N/A,N/A,N/A,122.0844,122.0845,.4701 (ppm),0,0,N/A,Method,True,False,N/A,N/A,N/A,,,Pass,N/A,N/A,N/A,N/A,Confirmed,N/A,N/A,N/A,N/A,,,,,,,,10688.67,N/A,951951188.82,,
proline-13C5-15N,7.38,Target Compound,20240709_QE2_HILIC_BCSCuAOXq2d_AYW1131,2,Processed,T1,1V,Unknown,,B:A3,,,59272920,951827347,7.29,-0.09,[13]C5H9[15]NO2,M+H,N/A,N/A,N/A,N/A,122.0844,122.0844,.0952 (ppm),0,0,N/A,Method,True,False,N/A,N/A,N/A,,,Pass,N/A,N/A,N/A,N/A,Confirmed,N/A,N/A,N/A,N/A,,,,,,,,18597.58,N/A,951951188.82,,
proline-13C5-15N,7.38,Target Compound,20240709_QE2_HILIC_BCSCuAOXq2d_AYW1132,3,Processed,T1,1V,Unknown,,B:A4,,,49327412,818463444,7.32,-0.06,[13]C5H9[15]NO2,M+H,N/A,N/A,N/A,N/A,122.0844,122.0844,.3452 (ppm),0,0,N/A,Method,True,False,N/A,N/A,N/A,,,Pass,N/A,N/A,N/A,N/A,Confirmed,N/A,N/A,N/A,N/A,,,,,,,,42058.34,N/A,951951188.82,,
proline-13C5-15N,7.38,Target Compound,20240709_QE2_HILIC_BCSCuAOXq2d_AYW1133,4,Processed,T1,2B,Unknown,,B:A5,,,42959064,733783345,7.29,-0.09,[13]C5H9[15]NO2,M+H,N/A,N/A,N/A,N/A,122.0844,122.0844,.3452 (ppm),0,0,N/A,Method,True,False,N/A,N/A,N/A,,,Pass,N/A,N/A,N/A,N/A,Confirmed,N/A,N/A,N/A,N/A,,,,,,,,INF,N/A,988202711.64,,
proline-13C5-15N,7.38,Target Compound,20240709_QE2_HILIC_BCSCuAOXq2d_AYW1134,5,Processed,T1,2B,Unknown,,B:A6,,,66081823,1086057334,7.31,-0.07,[13]C5H9[15]NO2,M+H,N/A,N/A,N/A,N/A,122.0844,122.0844,-.2173 (ppm),0,0,N/A,Method,True,False,N/A,N/A,N/A,,,Pass,N/A,N/A,N/A,N/A,Confirmed,N/A,N/A,N/A,N/A,,,,,,,,INF,N/A,988202711.64,,
proline-13C5-15N,7.38,Target Compound,20240709_QE2_HILIC_BCSCuAOXq2d_AYW1135,6,Processed,T1,2B,Unknown,,B:A7,,,70631127,1144767456,7.31,-0.07,[13]C5H9[15]NO2,M+H,N/A,N/A,N/A,N/A,122.0844,122.0844,-.0298 (ppm),0,0,N/A,Method,True,False,N/A,N/A,N/A,,,Pass,N/A,N/A,N/A,N/A,Confirmed,N/A,N/A,N/A,N/A,,,,,,,,INF,N/A,988202711.64,,
proline-13C5-15N,7.38,Target Compound,20240709_QE2_HILIC_BCSCuAOXq2d_AYW1136,7,Processed,T1,3C,Unknown,,B:A8,,,72054951,1165608390,7.29,-0.09,[13]C5H9[15]NO2,M+H,N/A,N/A,N/A,N/A,122.0844,122.0844,.2827 (ppm),0,0,N/A,Method,True,False,N/A,N/A,N/A,,,Pass,N/A,N/A,N/A,N/A,Confirmed,N/A,N/A,N/A,N/A,,,,,,,,INF,N/A,1067479611.15,,
proline-13C5-15N,7.38,Target Compound,20240709_QE2_HILIC_BCSCuAOXq2d_AYW1137,8,Processed,T1,3C,Unknown,,B:A9,,,76667459,1278742661,7.31,-0.07,[13]C5H9[15]NO2,M+H,N/A,N/A,N/A,N/A,122.0844,122.0844,-.3423 (ppm),0,0,N/A,Method,True,False,N/A,N/A,N/A,,,Pass,N/A,N/A,N/A,N/A,Confirmed,N/A,N/A,N/A,N/A,,,,,,,,INF,N/A,1067479611.15,,
proline-13C5-15N,7.38,Target Compound,20240709_QE2_HILIC_BCSCuAOXq2d_AYW1138,9,Processed,T1,3C,Unknown,,B:B1,,,49457669,758087783,7.33,-0.05,[13]C5H9[15]NO2,M+H,N/A,N/A,N/A,N/A,122.0844,122.0844,.4077 (ppm),0,0,N/A,Method,True,False,N/A,N/A,N/A,,,Pass,N/A,N/A,N/A,N/A,Confirmed,N/A,N/A,N/A,N/A,,,,,,,,INF,N/A,1067479611.15,,
proline-13C5-15N,7.38,Target Compound,20240709_QE2_HILIC_BCSCuAOXq2d_AYW1139,10,Processed,T1,4BC,Unknown,,B:B2,,,53152104,814054980,7.28,-0.10,[13]C5H9[15]NO2,M+H,N/A,N/A,N/A,N/A,122.0844,122.0844,-.0298 (ppm),0,0,N/A,Method,True,False,N/A,N/A,N/A,,,Pass,N/A,N/A,N/A,N/A,Confirmed,N/A,N/A,N/A,N/A,,,,,,,,13413.09,N/A,902015290.71,N/A,
proline-13C5-15N,7.38,Target Compound,20240709_QE2_HILIC_BCSCuAOXq2d_AYW1140,11,Processed,T1,4BC,Unknown,,B:B3,,,45550294,716749453,7.33,-0.05,[13]C5H9[15]NO2,M+H,N/A,N/A,N/A,N/A,122.0844,122.0844,-.2173 (ppm),0,0,N/A,Method,True,False,N/A,N/A,N/A,,,Pass,N/A,N/A,N/A,N/A,Confirmed,N/A,N/A,N/A,N/A,,,,,,,,INF,N/A,902015290.71,,
proline-13C5-15N,7.38,Target Compound,20240709_QE2_HILIC_BCSCuAOXq2d_AYW1141,12,Processed,T1,4BC,Unknown,,B:B4,,,74020402,1175241439,7.31,-0.07,[13]C5H9[15]NO2,M+H,N/A,N/A,N/A,N/A,122.0844,122.0844,.3452 (ppm),0,0,N/A,Method,True,False,N/A,N/A,N/A,,,Pass,N/A,N/A,N/A,N/A,Confirmed,N/A,N/A,N/A,N/A,,,,,,,,65734.58,N/A,902015290.71,,
proline-13C5-15N,7.38,Target Compound,20240709_QE2_HILIC_BCSCuAOXq2d_AYW1142,13,Processed,T1,5RV,Unknown,,B:B5,,,39817725,619359600,7.3,-0.08,[13]C5H9[15]NO2,M+H,N/A,N/A,N/A,N/A,122.0844,122.0845,.6576 (ppm),0,0,N/A,Method,True,False,N/A,N/A,N/A,,,Pass,N/A,N/A,N/A,N/A,Confirmed,N/A,N/A,N/A,N/A,,,,,,,,INF,N/A,766895361.84,N/A,
proline-13C5-15N,7.38,Target Compound,20240709_QE2_HILIC_BCSCuAOXq2d_AYW1143,14,Processed,T1,5RV,Unknown,,B:B6,,,65147978,1048505557,7.27,-0.11,[13]C5H9[15]NO2,M+H,N/A,N/A,N/A,N/A,122.0844,122.0845,.4701 (ppm),0,0,N/A,Method,True,False,N/A,N/A,N/A,,,Pass,N/A,N/A,N/A,N/A,Confirmed,N/A,N/A,N/A,N/A,,,,,,,,44149.13,N/A,766895361.84,,
proline-13C5-15N,7.38,Target Compound,20240709_QE2_HILIC_BCSCuAOXq2d_AYW1144,15,Processed,T1,5RV,Unknown,,B:B7,,,42242978,632820929,7.35,-0.03,[13]C5H9[15]NO2,M+H,N/A,N/A,N/A,N/A,122.0844,122.0845,.5951 (ppm),0,0,N/A,Method,True,False,N/A,N/A,N/A,,,Pass,N/A,N/A,N/A,N/A,Confirmed,N/A,N/A,N/A,N/A,,,,,,,,18766.88,N/A,766895361.84,,
proline-13C5-15N,7.38,Target Compound,20240709_QE2_HILIC_BCSCuAOXq2d_AYW1145,16,Processed,T1,6RB,Unknown,,B:B8,,,42718349,722111113,7.28,-0.10,[13]C5H9[15]NO2,M+H,N/A,N/A,N/A,N/A,122.0844,122.0844,.3452 (ppm),0,0,N/A,Method,True,False,N/A,N/A,N/A,,,Pass,N/A,N/A,N/A,N/A,Confirmed,N/A,N/A,N/A,N/A,,,,,,,,INF,N/A,631922698.72,,
proline-13C5-15N,7.38,Target Compound,20240709_QE2_HILIC_BCSCuAOXq2d_AYW1146,17,Processed,T1,6RB,Unknown,,B:B9,,,37887385,580843899,7.32,-0.06,[13]C5H9[15]NO2,M+H,N/A,N/A,N/A,N/A,122.0844,122.0844,.0952 (ppm),0,0,N/A,Method,True,False,N/A,N/A,N/A,,,Pass,N/A,N/A,N/A,N/A,Confirmed,N/A,N/A,N/A,N/A,,,,,,,,29578.70,N/A,631922698.72,,
proline-13C5-15N,7.38,Target Compound,20240709_QE2_HILIC_BCSCuAOXq2d_AYW1147,18,Processed,T1,6RB,Unknown,,B:C1,,,37791091,592813084,7.29,-0.09,[13]C5H9[15]NO2,M+H,N/A,N/A,N/A,N/A,122.0844,122.0844,.0327 (ppm),0,0,N/A,Method,True,False,N/A,N/A,N/A,,,Pass,N/A,N/A,N/A,N/A,Confirmed,N/A,N/A,N/A,N/A,,,,,,,,21417.19,N/A,631922698.72,,
proline-13C5-15N,7.38,Target Compound,20240709_QE2_HILIC_BCSCuAOXq2d_AYW1148,19,Processed,T1,7RV,Unknown,,B:C2,,,44017563,717598777,7.32,-0.06,[13]C5H9[15]NO2,M+H,N/A,N/A,N/A,N/A,122.0844,122.0844,-.1548 (ppm),0,0,N/A,Method,True,False,N/A,N/A,N/A,,,Pass,N/A,N/A,N/A,N/A,Confirmed,N/A,N/A,N/A,N/A,,,,,,,,66242.54,N/A,938256836.60,,
proline-13C5-15N,7.38,Target Compound,20240709_QE2_HILIC_BCSCuAOXq2d_AYW1149,20,Processed,T1,7RV,Unknown,,B:C3,,,63624709,1053917174,7.32,-0.06,[13]C5H9[15]NO2,M+H,N/A,N/A,N/A,N/A,122.0844,122.0844,-.1548 (ppm),0,0,N/A,Method,True,False,N/A,N/A,N/A,,,Pass,N/A,N/A,N/A,N/A,Confirmed,N/A,N/A,N/A,N/A,,,,,,,,INF,N/A,938256836.60,,
proline-13C5-15N,7.38,Target Compound,20240709_QE2_HILIC_BCSCuAOXq2d_AYW1150,21,Processed,T1,7RV,Unknown,,B:C4,,,63821187,1043254559,7.32,-0.06,[13]C5H9[15]NO2,M+H,N/A,N/A,N/A,N/A,122.0844,122.0844,.4077 (ppm),0,0,N/A,Method,True,False,N/A,N/A,N/A,,,Pass,N/A,N/A,N/A,N/A,Confirmed,N/A,N/A,N/A,N/A,,,,,,,,INF,N/A,938256836.60,,
proline-13C5-15N,7.38,Target Compound,20240709_QE2_HILIC_BCSCuAOXq2d_AYW1151,22,Processed,T1,8RB,Unknown,,B:C5,,,58159066,925857625,7.33,-0.05,[13]C5H9[15]NO2,M+H,N/A,N/A,N/A,N/A,122.0844,122.0844,.2202 (ppm),0,0,N/A,Method,True,False,N/A,N/A,N/A,,,Pass,N/A,N/A,N/A,N/A,Confirmed,N/A,N/A,N/A,N/A,,,,,,,,45398.77,N/A,805746725.49,,
proline-13C5-15N,7.38,Target Compound,20240709_QE2_HILIC_BCSCuAOXq2d_AYW1152,23,Processed,T1,8RB,Unknown,,B:C6,,,36008314,561401082,7.3,-0.08,[13]C5H9[15]NO2,M+H,N/A,N/A,N/A,N/A,122.0844,122.0844,-.0298 (ppm),0,0,N/A,Method,True,False,N/A,N/A,N/A,,,Pass,N/A,N/A,N/A,N/A,Confirmed,N/A,N/A,N/A,N/A,,,,,,,,4020.56,N/A,805746725.49,,
proline-13C5-15N,7.38,Target Compound,20240709_QE2_HILIC_BCSCuAOXq2d_AYW1153,24,Processed,T1,8RB,Unknown,,B:C7,,,59038523,929981469,7.31,-0.07,[13]C5H9[15]NO2,M+H,N/A,N/A,N/A,N/A,122.0844,122.0844,.0952 (ppm),0,0,N/A,Method,True,False,N/A,N/A,N/A,,,Pass,N/A,N/A,N/A,N/A,Confirmed,N/A,N/A,N/A,N/A,,,,,,,,INF,N/A,805746725.49,,
proline-13C5-15N,7.38,Target Compound,20240709_QE2_HILIC_BCSCuAOXq2d_AYW1154_pool1xa,25,Processed,T1,pool1x,Unknown,,B:C8,,,62276276,1003770752,7.28,-0.10,[13]C5H9[15]NO2,M+H,N/A,N/A,N/A,N/A,122.0844,122.0844,.2827 (ppm),0,0,N/A,Method,True,False,N/A,N/A,N/A,,,Pass,N/A,N/A,N/A,N/A,Confirmed,N/A,N/A,N/A,N/A,,,,,,,,INF,N/A,903580092.11,,
proline-13C5-15N,7.38,Target Compound,20240709_QE2_HILIC_BCSCuAOXq2d_AYW1154_pool1xb,26,Processed,T1,pool1x,Unknown,,B:C8,,,65471061,1050827768,7.28,-0.10,[13]C5H9[15]NO2,M+H,N/A,N/A,N/A,N/A,122.0844,122.0844,-.4048 (ppm),0,0,N/A,Method,True,False,N/A,N/A,N/A,,,Pass,N/A,N/A,N/A,N/A,Confirmed,N/A,N/A,N/A,N/A,,,,,,,,35082.40,N/A,903580092.11,,
proline-13C5-15N,7.38,Target Compound,20240709_QE2_HILIC_BCSCuAOXq2d_AYW1154_pool1xc,27,Processed,T1,pool1x,Unknown,,B:C8,,,53016434,865229612,7.29,-0.09,[13]C5H9[15]NO2,M+H,N/A,N/A,N/A,N/A,122.0844,122.0845,.5326 (ppm),0,0,N/A,Method,True,False,N/A,N/A,N/A,,,Pass,N/A,N/A,N/A,N/A,Confirmed,N/A,N/A,N/A,N/A,,,,,,,,INF,N/A,903580092.11,,
proline-13C5-15N,7.38,Target Compound,20240709_QE2_HILIC_BCSCuAOXq2d_AYW1154_pool1xd,28,Processed,T1,pool1x,Unknown,,B:C8,,,43609913,694492236,7.32,-0.06,[13]C5H9[15]NO2,M+H,N/A,N/A,N/A,N/A,122.0844,122.0844,.2202 (ppm),0,0,N/A,Method,True,False,N/A,N/A,N/A,,,Pass,N/A,N/A,N/A,N/A,Confirmed,N/A,N/A,N/A,N/A,,,,,,,,10875.43,N/A,903580092.11,,
proline-13C5-15N,7.38,Target Compound,20240709_QE2_HILIC_BCSCuAOXq2d_AYW1155_pool033xa,29,Processed,T1,pool033x,Unknown,,B:C9,,,33113236,476041176,7.28,-0.10,[13]C5H9[15]NO2,M+H,N/A,N/A,N/A,N/A,122.0844,122.0844,.3452 (ppm),0,0,N/A,Method,True,False,N/A,N/A,N/A,,,Pass,N/A,N/A,N/A,N/A,Confirmed,N/A,N/A,N/A,N/A,,,,,,,,INF,N/A,366086821.14,,
proline-13C5-15N,7.38,Target Compound,20240709_QE2_HILIC_BCSCuAOXq2d_AYW1155_pool033xb,30,Processed,T1,pool033x,Unknown,,B:C9,,,25256751,392777268,7.32,-0.06,[13]C5H9[15]NO2,M+H,N/A,N/A,N/A,N/A,122.0844,122.0844,-.0298 (ppm),0,0,N/A,Method,True,False,N/A,N/A,N/A,,,Pass,N/A,N/A,N/A,N/A,Confirmed,N/A,N/A,N/A,N/A,,,,,,,,6297.25,N/A,366086821.14,,
proline-13C5-15N,7.38,Target Compound,20240709_QE2_HILIC_BCSCuAOXq2d_AYW1155_pool033xc,31,Processed,T1,pool033x,Unknown,,B:C9,,,21873315,313108653,7.3,-0.08,[13]C5H9[15]NO2,M+H,N/A,N/A,N/A,N/A,122.0844,122.0845,.8451 (ppm),0,0,N/A,Method,True,False,N/A,N/A,N/A,,,Pass,N/A,N/A,N/A,N/A,Confirmed,N/A,N/A,N/A,N/A,,,,,,,,9184.90,N/A,366086821.14,,
proline-13C5-15N,7.38,Target Compound,20240709_QE2_HILIC_BCSCuAOXq2d_AYW1155_pool033xd,32,Processed,T1,pool033x,Unknown,,B:C9,,,20186641,282420187,7.27,-0.11,[13]C5H9[15]NO2,M+H,N/A,N/A,N/A,N/A,122.0844,122.0845,.4701 (ppm),0,0,N/A,Method,True,False,N/A,N/A,N/A,,,Pass,N/A,N/A,N/A,N/A,Confirmed,N/A,N/A,N/A,N/A,,,,,,,,6239.81,N/A,366086821.14,,
proline-13C5-15N,7.38,Target Compound,20240709_QE2_HILIC_BCSCuAOXq2d_AYW1156_pool01xa,33,Processed,T1,pool01x,Unknown,,B:D1,,,10869080,146071465,7.29,-0.09,[13]C5H9[15]NO2,M+H,N/A,N/A,N/A,N/A,122.0844,122.0845,.5326 (ppm),0,0,N/A,Method,True,False,N/A,N/A,N/A,,,Pass,N/A,N/A,N/A,N/A,Confirmed,N/A,N/A,N/A,N/A,,,,,,,,INF,N/A,134190529.79,,
proline-13C5-15N,7.38,Target Compound,20240709_QE2_HILIC_BCSCuAOXq2d_AYW1156_pool01xb,34,Processed,T1,pool01x,Unknown,,B:D1,,,11256883,165001639,7.26,-0.12,[13]C5H9[15]NO2,M+H,N/A,N/A,N/A,N/A,122.0844,122.0844,-.4048 (ppm),0,0,N/A,Method,True,False,N/A,N/A,N/A,,,Pass,N/A,N/A,N/A,N/A,Confirmed,N/A,N/A,N/A,N/A,,,,,,,,1743.68,N/A,134190529.79,,
proline-13C5-15N,7.38,Target Compound,20240709_QE2_HILIC_BCSCuAOXq2d_AYW1156_pool01xc,35,Processed,T1,pool01x,Unknown,,B:D1,,,8144503,126034174,7.27,-0.11,[13]C5H9[15]NO2,M+H,N/A,N/A,N/A,N/A,122.0844,122.0845,.9701 (ppm),0,0,N/A,Method,True,False,N/A,N/A,N/A,,,Pass,N/A,N/A,N/A,N/A,Confirmed,N/A,N/A,N/A,N/A,,,,,,,,98123.08,N/A,134190529.79,,
proline-13C5-15N,7.38,Target Compound,20240709_QE2_HILIC_BCSCuAOXq2d_AYW1156_pool01xd,36,Processed,T1,pool01x,Unknown,,B:D1,,,7009196,99654841,7.25,-0.13,[13]C5H9[15]NO2,M+H,N/A,N/A,N/A,N/A,122.0844,122.0844,.0952 (ppm),0,0,N/A,Method,True,False,N/A,N/A,N/A,,,Pass,N/A,N/A,N/A,N/A,Confirmed,N/A,N/A,N/A,N/A,,,,,,,,1475.88,N/A,134190529.79,,
proline-13C5-15N,7.38,Target Compound,20240709_QE2_HILIC_BCSCuAOXq2d_blank1,37,Processed,T1,,Unknown,,B:A1,,,80201,361455,7.47,0.09,[13]C5H9[15]NO2,M+H,N/A,N/A,N/A,N/A,122.0844,122.0844,.4077 (ppm),0,0,N/A,Method,True,False,N/A,N/A,N/A,,,Pass,N/A,N/A,N/A,N/A,Confirmed,N/A,N/A,N/A,N/A,,,,,,,,INF,N/A,377352.14,,
proline-13C5-15N,7.38,Target Compound,20240709_QE2_HILIC_BCSCuAOXq2d_blank1_20240710111342,38,Processed,T1,,Unknown,,B:A1,,,40474,275409,7.55,0.17,[13]C5H9[15]NO2,M+H,N/A,N/A,N/A,N/A,122.0844,122.0845,.7826 (ppm),0,0,N/A,Method,True,False,N/A,N/A,N/A,,,Pass,N/A,N/A,N/A,N/A,Confirmed,N/A,N/A,N/A,N/A,,,,,,,,INF,N/A,377352.14,,
proline-13C5-15N,7.38,Target Compound,20240709_QE2_HILIC_BCSCuAOXq2d_blank1_20240710231833,39,Processed,T1,,Unknown,,B:A1,,,N/F,N/F,N/F,N/F,[13]C5H9[15]NO2,N/A,N/F,N/A,N/F,N/A,122.0844,N/F,N/F,N/F,0,N/A,Method,True,False,N/A,N/A,N/A,,,Fail,N/A,N/A,N/A,N/A,NotFound,N/A,N/A,N/A,N/A,,,,,,,,N/A,N/A,377352.14,,
proline-13C5-15N,7.38,Target Compound,20240709_QE2_HILIC_BCSCuAOXq2d_blank2,40,Processed,T1,,Unknown,,B:A1,,,121549,1219710,7.27,-0.11,[13]C5H9[15]NO2,M+H,N/A,N/A,N/A,N/A,122.0844,122.0845,.5951 (ppm),0,0,N/A,Method,True,False,N/A,N/A,N/A,,,Pass,N/A,N/A,N/A,N/A,Confirmed,N/A,N/A,N/A,N/A,,,,,,,,INF,N/A,377352.14,,
proline-13C5-15N,7.38,Target Compound,20240709_QE2_HILIC_BCSCuAOXq2d_blank2_20240710115054,41,Processed,T1,,Unknown,,B:A1,,,26592,219068,7.29,-0.09,[13]C5H9[15]NO2,M+H,N/A,N/A,N/A,N/A,122.0844,122.0846,1.7200 (ppm),0,0,N/A,Method,True,False,N/A,N/A,N/A,,,Pass,N/A,N/A,N/A,N/A,Confirmed,N/A,N/A,N/A,N/A,,,,,,,,INF,N/A,377352.14,,
proline-13C5-15N,7.38,Target Compound,20240709_QE2_HILIC_BCSCuAOXq2d_blank2_20240710235116,42,Processed,T1,,Unknown,,B:A1,,,19034,188471,7.25,-0.13,[13]C5H9[15]NO2,M+H,N/A,N/A,N/A,N/A,122.0844,122.0844,-.0298 (ppm),0,0,N/A,Method,True,False,N/A,N/A,N/A,,,Pass,N/A,N/A,N/A,N/A,Confirmed,N/A,N/A,N/A,N/A,,,,,,,,INF,N/A,377352.14,,
