﻿Compound,RT,Type,Filename,Batch Order,Status,Peak Label,Group,Sample Type,Level,Sample ID,Sample Name,Comments,Height,Area,Actual RT,RT Delta,Formula,Adduct,Calculated Amt,Theoretical Amt,Sample Amt,Std Add Amount,m/z (Expected),m/z (Apex),m/z (Delta),Response Ratio,ISTD Amt,ISTD Response,Integration Mode,Active,Excluded,%Diff,%RSD,% CV,Channel,Final Units,PK,IR,IP,LS,FI,Confirm,Isotopic Pattern Score (%),Num Isotopes Matched,Lib Match Name,Library Score (%),Library Match Rank,SI/Dot Product,RSI/Rev Dot,Modification,Protein Name,Peptide Sequence,Ion Type,S/N,Ion Ratio,Group Average,Relative RT,Flag Details
serine-13C3-15N,9.69,Target Compound,20240709_QE2_HILIC_BCSCuAOXq2d_AYW1130,1,Processed,T1,1V,Unknown,,B:A2,,,1365279,21280863,9.62,-0.07,[13]C3H7[15]NO3,M+H,N/A,N/A,N/A,N/A,110.057,110.057,-.0765 (ppm),0,0,N/A,Method,True,False,N/A,N/A,N/A,,,Pass,N/A,N/A,N/A,N/A,Confirmed,N/A,N/A,N/A,N/A,,,,,,,,INF,N/A,22580587.44,,
serine-13C3-15N,9.69,Target Compound,20240709_QE2_HILIC_BCSCuAOXq2d_AYW1131,2,Processed,T1,1V,Unknown,,B:A3,,,1600476,23063915,9.58,-0.11,[13]C3H7[15]NO3,M+H,N/A,N/A,N/A,N/A,110.057,110.057,-.1459 (ppm),0,0,N/A,Method,True,False,N/A,N/A,N/A,,,Pass,N/A,N/A,N/A,N/A,Confirmed,N/A,N/A,N/A,N/A,,,,,,,,INF,N/A,22580587.44,,
serine-13C3-15N,9.69,Target Compound,20240709_QE2_HILIC_BCSCuAOXq2d_AYW1132,3,Processed,T1,1V,Unknown,,B:A4,,,1570257,23396984,9.62,-0.07,[13]C3H7[15]NO3,M+H,N/A,N/A,N/A,N/A,110.057,110.057,.0621 (ppm),0,0,N/A,Method,True,False,N/A,N/A,N/A,,,Pass,N/A,N/A,N/A,N/A,Confirmed,N/A,N/A,N/A,N/A,,,,,,,,INF,N/A,22580587.44,,
serine-13C3-15N,9.69,Target Compound,20240709_QE2_HILIC_BCSCuAOXq2d_AYW1133,4,Processed,T1,2B,Unknown,,B:A5,,,1942806,29815967,9.59,-0.10,[13]C3H7[15]NO3,M+H,N/A,N/A,N/A,N/A,110.057,110.057,-.3538 (ppm),0,0,N/A,Method,True,False,N/A,N/A,N/A,,,Pass,N/A,N/A,N/A,N/A,Confirmed,N/A,N/A,N/A,N/A,,,,,,,,INF,N/A,28116805.31,,
serine-13C3-15N,9.69,Target Compound,20240709_QE2_HILIC_BCSCuAOXq2d_AYW1134,5,Processed,T1,2B,Unknown,,B:A6,,,1805516,28061616,9.61,-0.08,[13]C3H7[15]NO3,M+H,N/A,N/A,N/A,N/A,110.057,110.0569,-.5618 (ppm),0,0,N/A,Method,True,False,N/A,N/A,N/A,,,Pass,N/A,N/A,N/A,N/A,Confirmed,N/A,N/A,N/A,N/A,,,,,,,,INF,N/A,28116805.31,,
serine-13C3-15N,9.69,Target Compound,20240709_QE2_HILIC_BCSCuAOXq2d_AYW1135,6,Processed,T1,2B,Unknown,,B:A7,,,1876076,26472833,9.59,-0.10,[13]C3H7[15]NO3,M+H,N/A,N/A,N/A,N/A,110.057,110.057,-.2152 (ppm),0,0,N/A,Method,True,False,N/A,N/A,N/A,,,Pass,N/A,N/A,N/A,N/A,Confirmed,N/A,N/A,N/A,N/A,,,,,,,,INF,N/A,28116805.31,,
serine-13C3-15N,9.69,Target Compound,20240709_QE2_HILIC_BCSCuAOXq2d_AYW1136,7,Processed,T1,3C,Unknown,,B:A8,,,1918700,26253698,9.6,-0.09,[13]C3H7[15]NO3,M+H,N/A,N/A,N/A,N/A,110.057,110.057,-.4231 (ppm),0,0,N/A,Method,True,False,N/A,N/A,N/A,,,Pass,N/A,N/A,N/A,N/A,Confirmed,N/A,N/A,N/A,N/A,,,,,,,,INF,N/A,27265758.27,,
serine-13C3-15N,9.69,Target Compound,20240709_QE2_HILIC_BCSCuAOXq2d_AYW1137,8,Processed,T1,3C,Unknown,,B:A9,,,1727165,26227985,9.59,-0.10,[13]C3H7[15]NO3,M+H,N/A,N/A,N/A,N/A,110.057,110.057,-.1459 (ppm),0,0,N/A,Method,True,False,N/A,N/A,N/A,,,Pass,N/A,N/A,N/A,N/A,Confirmed,N/A,N/A,N/A,N/A,,,,,,,,INF,N/A,27265758.27,,
serine-13C3-15N,9.69,Target Compound,20240709_QE2_HILIC_BCSCuAOXq2d_AYW1138,9,Processed,T1,3C,Unknown,,B:B1,,,1785705,29315592,9.57,-0.12,[13]C3H7[15]NO3,M+H,N/A,N/A,N/A,N/A,110.057,110.057,.2008 (ppm),0,0,N/A,Method,True,False,N/A,N/A,N/A,,,Pass,N/A,N/A,N/A,N/A,Confirmed,N/A,N/A,N/A,N/A,,,,,,,,INF,N/A,27265758.27,,
serine-13C3-15N,9.69,Target Compound,20240709_QE2_HILIC_BCSCuAOXq2d_AYW1139,10,Processed,T1,4BC,Unknown,,B:B2,,,2001376,25305120,9.6,-0.09,[13]C3H7[15]NO3,M+H,N/A,N/A,N/A,N/A,110.057,110.057,-.2845 (ppm),0,0,N/A,Method,True,False,N/A,N/A,N/A,,,Pass,N/A,N/A,N/A,N/A,Confirmed,N/A,N/A,N/A,N/A,,,,,,,,INF,N/A,26268309.23,N/A,
serine-13C3-15N,9.69,Target Compound,20240709_QE2_HILIC_BCSCuAOXq2d_AYW1140,11,Processed,T1,4BC,Unknown,,B:B3,,,2172095,30029420,9.58,-0.11,[13]C3H7[15]NO3,M+H,N/A,N/A,N/A,N/A,110.057,110.0569,-.4925 (ppm),0,0,N/A,Method,True,False,N/A,N/A,N/A,,,Pass,N/A,N/A,N/A,N/A,Confirmed,N/A,N/A,N/A,N/A,,,,,,,,INF,N/A,26268309.23,,
serine-13C3-15N,9.69,Target Compound,20240709_QE2_HILIC_BCSCuAOXq2d_AYW1141,12,Processed,T1,4BC,Unknown,,B:B4,,,1765154,23470388,9.6,-0.09,[13]C3H7[15]NO3,M+H,N/A,N/A,N/A,N/A,110.057,110.057,-.0072 (ppm),0,0,N/A,Method,True,False,N/A,N/A,N/A,,,Pass,N/A,N/A,N/A,N/A,Confirmed,N/A,N/A,N/A,N/A,,,,,,,,INF,N/A,26268309.23,,
serine-13C3-15N,9.69,Target Compound,20240709_QE2_HILIC_BCSCuAOXq2d_AYW1142,13,Processed,T1,5RV,Unknown,,B:B5,,,1723423,24242095,9.57,-0.12,[13]C3H7[15]NO3,M+H,N/A,N/A,N/A,N/A,110.057,110.057,-.0765 (ppm),0,0,N/A,Method,True,False,N/A,N/A,N/A,,,Pass,N/A,N/A,N/A,N/A,Confirmed,N/A,N/A,N/A,N/A,,,,,,,,INF,N/A,24497696.13,N/A,
serine-13C3-15N,9.69,Target Compound,20240709_QE2_HILIC_BCSCuAOXq2d_AYW1143,14,Processed,T1,5RV,Unknown,,B:B6,,,1648588,23998855,9.55,-0.14,[13]C3H7[15]NO3,M+H,N/A,N/A,N/A,N/A,110.057,110.057,.2701 (ppm),0,0,N/A,Method,True,False,N/A,N/A,N/A,,,Pass,N/A,N/A,N/A,N/A,Confirmed,N/A,N/A,N/A,N/A,,,,,,,,INF,N/A,24497696.13,,
serine-13C3-15N,9.69,Target Compound,20240709_QE2_HILIC_BCSCuAOXq2d_AYW1144,15,Processed,T1,5RV,Unknown,,B:B7,,,1691597,25252138,9.6,-0.09,[13]C3H7[15]NO3,M+H,N/A,N/A,N/A,N/A,110.057,110.057,-.0072 (ppm),0,0,N/A,Method,True,False,N/A,N/A,N/A,,,Pass,N/A,N/A,N/A,N/A,Confirmed,N/A,N/A,N/A,N/A,,,,,,,,INF,N/A,24497696.13,,
serine-13C3-15N,9.69,Target Compound,20240709_QE2_HILIC_BCSCuAOXq2d_AYW1145,16,Processed,T1,6RB,Unknown,,B:B8,,,1577540,25089231,9.57,-0.12,[13]C3H7[15]NO3,M+H,N/A,N/A,N/A,N/A,110.057,110.057,-.1459 (ppm),0,0,N/A,Method,True,False,N/A,N/A,N/A,,,Pass,N/A,N/A,N/A,N/A,Confirmed,N/A,N/A,N/A,N/A,,,,,,,,INF,N/A,26662310.16,,
serine-13C3-15N,9.69,Target Compound,20240709_QE2_HILIC_BCSCuAOXq2d_AYW1146,17,Processed,T1,6RB,Unknown,,B:B9,,,2063312,29179297,9.57,-0.12,[13]C3H7[15]NO3,M+H,N/A,N/A,N/A,N/A,110.057,110.057,-.0072 (ppm),0,0,N/A,Method,True,False,N/A,N/A,N/A,,,Pass,N/A,N/A,N/A,N/A,Confirmed,N/A,N/A,N/A,N/A,,,,,,,,INF,N/A,26662310.16,,
serine-13C3-15N,9.69,Target Compound,20240709_QE2_HILIC_BCSCuAOXq2d_AYW1147,18,Processed,T1,6RB,Unknown,,B:C1,,,1735153,25718403,9.59,-0.10,[13]C3H7[15]NO3,M+H,N/A,N/A,N/A,N/A,110.057,110.057,.4087 (ppm),0,0,N/A,Method,True,False,N/A,N/A,N/A,,,Pass,N/A,N/A,N/A,N/A,Confirmed,N/A,N/A,N/A,N/A,,,,,,,,INF,N/A,26662310.16,,
serine-13C3-15N,9.69,Target Compound,20240709_QE2_HILIC_BCSCuAOXq2d_AYW1148,19,Processed,T1,7RV,Unknown,,B:C2,,,1336776,14223370,9.58,-0.11,[13]C3H7[15]NO3,M+H,N/A,N/A,N/A,N/A,110.057,110.057,.2701 (ppm),0,0,N/A,Method,True,False,N/A,N/A,N/A,,,Pass,N/A,N/A,N/A,N/A,Confirmed,N/A,N/A,N/A,N/A,,,,,,,,INF,N/A,19996417.41,,
serine-13C3-15N,9.69,Target Compound,20240709_QE2_HILIC_BCSCuAOXq2d_AYW1149,20,Processed,T1,7RV,Unknown,,B:C3,,,1682750,23899128,9.56,-0.13,[13]C3H7[15]NO3,M+H,N/A,N/A,N/A,N/A,110.057,110.057,-.0765 (ppm),0,0,N/A,Method,True,False,N/A,N/A,N/A,,,Pass,N/A,N/A,N/A,N/A,Confirmed,N/A,N/A,N/A,N/A,,,,,,,,INF,N/A,19996417.41,,
serine-13C3-15N,9.69,Target Compound,20240709_QE2_HILIC_BCSCuAOXq2d_AYW1150,21,Processed,T1,7RV,Unknown,,B:C4,,,1640870,21866754,9.58,-0.11,[13]C3H7[15]NO3,M+H,N/A,N/A,N/A,N/A,110.057,110.057,-.0765 (ppm),0,0,N/A,Method,True,False,N/A,N/A,N/A,,,Pass,N/A,N/A,N/A,N/A,Confirmed,N/A,N/A,N/A,N/A,,,,,,,,INF,N/A,19996417.41,,
serine-13C3-15N,9.69,Target Compound,20240709_QE2_HILIC_BCSCuAOXq2d_AYW1151,22,Processed,T1,8RB,Unknown,,B:C5,,,1779330,24551669,9.59,-0.10,[13]C3H7[15]NO3,M+H,N/A,N/A,N/A,N/A,110.057,110.057,.0621 (ppm),0,0,N/A,Method,True,False,N/A,N/A,N/A,,,Pass,N/A,N/A,N/A,N/A,Confirmed,N/A,N/A,N/A,N/A,,,,,,,,INF,N/A,21005976.27,,
serine-13C3-15N,9.69,Target Compound,20240709_QE2_HILIC_BCSCuAOXq2d_AYW1152,23,Processed,T1,8RB,Unknown,,B:C6,,,1201107,12378944,9.57,-0.12,[13]C3H7[15]NO3,M+H,N/A,N/A,N/A,N/A,110.057,110.057,.2008 (ppm),0,0,N/A,Method,True,False,N/A,N/A,N/A,,,Pass,N/A,N/A,N/A,N/A,Confirmed,N/A,N/A,N/A,N/A,,,,,,,,INF,N/A,21005976.27,,
serine-13C3-15N,9.69,Target Compound,20240709_QE2_HILIC_BCSCuAOXq2d_AYW1153,24,Processed,T1,8RB,Unknown,,B:C7,,,1875026,26087316,9.59,-0.10,[13]C3H7[15]NO3,M+H,N/A,N/A,N/A,N/A,110.057,110.057,-.2152 (ppm),0,0,N/A,Method,True,False,N/A,N/A,N/A,,,Pass,N/A,N/A,N/A,N/A,Confirmed,N/A,N/A,N/A,N/A,,,,,,,,INF,N/A,21005976.27,,
serine-13C3-15N,9.69,Target Compound,20240709_QE2_HILIC_BCSCuAOXq2d_AYW1154_pool1xa,25,Processed,T1,pool1x,Unknown,,B:C8,,,1733316,19729070,9.57,-0.12,[13]C3H7[15]NO3,M+H,N/A,N/A,N/A,N/A,110.057,110.057,-.3538 (ppm),0,0,N/A,Method,True,False,N/A,N/A,N/A,,,Pass,N/A,N/A,N/A,N/A,Confirmed,N/A,N/A,N/A,N/A,,,,,,,,INF,N/A,20443923.00,,
serine-13C3-15N,9.69,Target Compound,20240709_QE2_HILIC_BCSCuAOXq2d_AYW1154_pool1xb,26,Processed,T1,pool1x,Unknown,,B:C8,,,1582475,23600907,9.61,-0.08,[13]C3H7[15]NO3,M+H,N/A,N/A,N/A,N/A,110.057,110.0569,-1.1164 (ppm),0,0,N/A,Method,True,False,N/A,N/A,N/A,,,Pass,N/A,N/A,N/A,N/A,Confirmed,N/A,N/A,N/A,N/A,,,,,,,,INF,N/A,20443923.00,,
serine-13C3-15N,9.69,Target Compound,20240709_QE2_HILIC_BCSCuAOXq2d_AYW1154_pool1xc,27,Processed,T1,pool1x,Unknown,,B:C8,,,1670803,24556803,9.58,-0.11,[13]C3H7[15]NO3,M+H,N/A,N/A,N/A,N/A,110.057,110.057,-.2845 (ppm),0,0,N/A,Method,True,False,N/A,N/A,N/A,,,Pass,N/A,N/A,N/A,N/A,Confirmed,N/A,N/A,N/A,N/A,,,,,,,,INF,N/A,20443923.00,,
serine-13C3-15N,9.69,Target Compound,20240709_QE2_HILIC_BCSCuAOXq2d_AYW1154_pool1xd,28,Processed,T1,pool1x,Unknown,,B:C8,,,1289854,13888911,9.59,-0.10,[13]C3H7[15]NO3,M+H,N/A,N/A,N/A,N/A,110.057,110.057,-.2845 (ppm),0,0,N/A,Method,True,False,N/A,N/A,N/A,,,Pass,N/A,N/A,N/A,N/A,Confirmed,N/A,N/A,N/A,N/A,,,,,,,,INF,N/A,20443923.00,,
serine-13C3-15N,9.69,Target Compound,20240709_QE2_HILIC_BCSCuAOXq2d_AYW1155_pool033xa,29,Processed,T1,pool033x,Unknown,,B:C9,,,706807,8522789,9.56,-0.13,[13]C3H7[15]NO3,M+H,N/A,N/A,N/A,N/A,110.057,110.057,-.0765 (ppm),0,0,N/A,Method,True,False,N/A,N/A,N/A,,,Pass,N/A,N/A,N/A,N/A,Confirmed,N/A,N/A,N/A,N/A,,,,,,,,INF,N/A,8172761.51,,
serine-13C3-15N,9.69,Target Compound,20240709_QE2_HILIC_BCSCuAOXq2d_AYW1155_pool033xb,30,Processed,T1,pool033x,Unknown,,B:C9,,,724219,9427862,9.58,-0.11,[13]C3H7[15]NO3,M+H,N/A,N/A,N/A,N/A,110.057,110.0569,-.6311 (ppm),0,0,N/A,Method,True,False,N/A,N/A,N/A,,,Pass,N/A,N/A,N/A,N/A,Confirmed,N/A,N/A,N/A,N/A,,,,,,,,INF,N/A,8172761.51,,
serine-13C3-15N,9.69,Target Compound,20240709_QE2_HILIC_BCSCuAOXq2d_AYW1155_pool033xc,31,Processed,T1,pool033x,Unknown,,B:C9,,,623411,9182831,9.55,-0.14,[13]C3H7[15]NO3,M+H,N/A,N/A,N/A,N/A,110.057,110.057,.3394 (ppm),0,0,N/A,Method,True,False,N/A,N/A,N/A,,,Pass,N/A,N/A,N/A,N/A,Confirmed,N/A,N/A,N/A,N/A,,,,,,,,INF,N/A,8172761.51,,
serine-13C3-15N,9.69,Target Compound,20240709_QE2_HILIC_BCSCuAOXq2d_AYW1155_pool033xd,32,Processed,T1,pool033x,Unknown,,B:C9,,,497080,5557564,9.59,-0.10,[13]C3H7[15]NO3,M+H,N/A,N/A,N/A,N/A,110.057,110.057,-.1459 (ppm),0,0,N/A,Method,True,False,N/A,N/A,N/A,,,Pass,N/A,N/A,N/A,N/A,Confirmed,N/A,N/A,N/A,N/A,,,,,,,,INF,N/A,8172761.51,,
serine-13C3-15N,9.69,Target Compound,20240709_QE2_HILIC_BCSCuAOXq2d_AYW1156_pool01xa,33,Processed,T1,pool01x,Unknown,,B:D1,,,218885,2683687,9.53,-0.16,[13]C3H7[15]NO3,M+H,N/A,N/A,N/A,N/A,110.057,110.0569,-.5618 (ppm),0,0,N/A,Method,True,False,N/A,N/A,N/A,,,Pass,N/A,N/A,N/A,N/A,Confirmed,N/A,N/A,N/A,N/A,,,,,,,,INF,N/A,2969557.53,,
serine-13C3-15N,9.69,Target Compound,20240709_QE2_HILIC_BCSCuAOXq2d_AYW1156_pool01xb,34,Processed,T1,pool01x,Unknown,,B:D1,,,305316,3736420,9.57,-0.12,[13]C3H7[15]NO3,M+H,N/A,N/A,N/A,N/A,110.057,110.057,-.4231 (ppm),0,0,N/A,Method,True,False,N/A,N/A,N/A,,,Pass,N/A,N/A,N/A,N/A,Confirmed,N/A,N/A,N/A,N/A,,,,,,,,INF,N/A,2969557.53,,
serine-13C3-15N,9.69,Target Compound,20240709_QE2_HILIC_BCSCuAOXq2d_AYW1156_pool01xc,35,Processed,T1,pool01x,Unknown,,B:D1,,,210366,3150427,9.54,-0.15,[13]C3H7[15]NO3,M+H,N/A,N/A,N/A,N/A,110.057,110.057,.4087 (ppm),0,0,N/A,Method,True,False,N/A,N/A,N/A,,,Pass,N/A,N/A,N/A,N/A,Confirmed,N/A,N/A,N/A,N/A,,,,,,,,INF,N/A,2969557.53,,
serine-13C3-15N,9.69,Target Compound,20240709_QE2_HILIC_BCSCuAOXq2d_AYW1156_pool01xd,36,Processed,T1,pool01x,Unknown,,B:D1,,,189578,2307697,9.62,-0.07,[13]C3H7[15]NO3,M+H,N/A,N/A,N/A,N/A,110.057,110.057,-.1459 (ppm),0,0,N/A,Method,True,False,N/A,N/A,N/A,,,Pass,N/A,N/A,N/A,N/A,Confirmed,N/A,N/A,N/A,N/A,,,,,,,,INF,N/A,2969557.53,,
serine-13C3-15N,9.69,Target Compound,20240709_QE2_HILIC_BCSCuAOXq2d_blank1,37,Processed,T1,,Unknown,,B:A1,,,N/F,N/F,N/F,N/F,[13]C3H7[15]NO3,N/A,N/F,N/A,N/F,N/A,110.057,N/F,N/F,N/F,0,N/A,Method,True,False,N/A,N/A,N/A,,,Fail,N/A,N/A,N/A,N/A,NotFound,N/A,N/A,N/A,N/A,,,,,,,,N/A,N/A,1.00,,
serine-13C3-15N,9.69,Target Compound,20240709_QE2_HILIC_BCSCuAOXq2d_blank1_20240710111342,38,Processed,T1,,Unknown,,B:A1,,,N/F,N/F,N/F,N/F,[13]C3H7[15]NO3,N/A,N/F,N/A,N/F,N/A,110.057,N/F,N/F,N/F,0,N/A,Method,True,False,N/A,N/A,N/A,,,Fail,N/A,N/A,N/A,N/A,NotFound,N/A,N/A,N/A,N/A,,,,,,,,N/A,N/A,1.00,,
serine-13C3-15N,9.69,Target Compound,20240709_QE2_HILIC_BCSCuAOXq2d_blank1_20240710231833,39,Processed,T1,,Unknown,,B:A1,,,N/F,N/F,N/F,N/F,[13]C3H7[15]NO3,N/A,N/F,N/A,N/F,N/A,110.057,N/F,N/F,N/F,0,N/A,Method,True,False,N/A,N/A,N/A,,,Fail,N/A,N/A,N/A,N/A,NotFound,N/A,N/A,N/A,N/A,,,,,,,,N/A,N/A,1.00,,
serine-13C3-15N,9.69,Target Compound,20240709_QE2_HILIC_BCSCuAOXq2d_blank2,40,Processed,T1,,Unknown,,B:A1,,,N/F,N/F,N/F,N/F,[13]C3H7[15]NO3,N/A,N/F,N/A,N/F,N/A,110.057,N/F,N/F,N/F,0,N/A,Method,True,False,N/A,N/A,N/A,,,Fail,N/A,N/A,N/A,N/A,NotFound,N/A,N/A,N/A,N/A,,,,,,,,N/A,N/A,1.00,,
serine-13C3-15N,9.69,Target Compound,20240709_QE2_HILIC_BCSCuAOXq2d_blank2_20240710115054,41,Processed,T1,,Unknown,,B:A1,,,N/F,N/F,N/F,N/F,[13]C3H7[15]NO3,N/A,N/F,N/A,N/F,N/A,110.057,N/F,N/F,N/F,0,N/A,Method,True,False,N/A,N/A,N/A,,,Fail,N/A,N/A,N/A,N/A,NotFound,N/A,N/A,N/A,N/A,,,,,,,,N/A,N/A,1.00,,
serine-13C3-15N,9.69,Target Compound,20240709_QE2_HILIC_BCSCuAOXq2d_blank2_20240710235116,42,Processed,T1,,Unknown,,B:A1,,,N/F,N/F,N/F,N/F,[13]C3H7[15]NO3,N/A,N/F,N/A,N/F,N/A,110.057,N/F,N/F,N/F,0,N/A,Method,True,False,N/A,N/A,N/A,,,Fail,N/A,N/A,N/A,N/A,NotFound,N/A,N/A,N/A,N/A,,,,,,,,N/A,N/A,1.00,,
