﻿Compound,RT,Type,Filename,Batch Order,Status,Peak Label,Group,Sample Type,Level,Sample ID,Sample Name,Comments,Height,Area,Actual RT,RT Delta,Formula,Adduct,Calculated Amt,Theoretical Amt,Sample Amt,Std Add Amount,m/z (Expected),m/z (Apex),m/z (Delta),Response Ratio,ISTD Amt,ISTD Response,Integration Mode,Active,Excluded,%Diff,%RSD,% CV,Channel,Final Units,PK,IR,IP,LS,FI,Confirm,Isotopic Pattern Score (%),Num Isotopes Matched,Lib Match Name,Library Score (%),Library Match Rank,SI/Dot Product,RSI/Rev Dot,Modification,Protein Name,Peptide Sequence,Ion Type,S/N,Ion Ratio,Group Average,Relative RT,Flag Details
GSSG-13C4_15N2,11.9,Target Compound,20240709_QE2_HILIC_BCSCuAOXq2d_AYW1130,1,Processed,T1,1V,Unknown,,B:A2,,,515996,5631954,11.93,0.03,"[13]C4C16H32[15]N2N4O12S2 ",M+H,N/A,N/A,N/A,N/A,619.1667,619.1622,-7.2655 (ppm),0,0,N/A,Method,True,False,N/A,N/A,N/A,,,Pass,N/A,N/A,N/A,N/A,Confirmed,N/A,N/A,N/A,N/A,,,,,,,,INF,N/A,5532567.07,,
GSSG-13C4_15N2,11.9,Target Compound,20240709_QE2_HILIC_BCSCuAOXq2d_AYW1131,2,Processed,T1,1V,Unknown,,B:A3,,,464449,6004551,11.97,0.07,"[13]C4C16H32[15]N2N4O12S2 ",M+H,N/A,N/A,N/A,N/A,619.1667,619.1618,-7.9555 (ppm),0,0,N/A,Method,True,False,N/A,N/A,N/A,,,Pass,N/A,N/A,N/A,N/A,Confirmed,N/A,N/A,N/A,N/A,,,,,,,,INF,N/A,5532567.07,,
GSSG-13C4_15N2,11.9,Target Compound,20240709_QE2_HILIC_BCSCuAOXq2d_AYW1132,3,Processed,T1,1V,Unknown,,B:A4,,,443985,4961196,11.93,0.03,"[13]C4C16H32[15]N2N4O12S2 ",M+H,N/A,N/A,N/A,N/A,619.1667,619.1623,-7.1669 (ppm),0,0,N/A,Method,True,False,N/A,N/A,N/A,,,Pass,N/A,N/A,N/A,N/A,Confirmed,N/A,N/A,N/A,N/A,,,,,,,,INF,N/A,5532567.07,,
GSSG-13C4_15N2,11.9,Target Compound,20240709_QE2_HILIC_BCSCuAOXq2d_AYW1133,4,Processed,T1,2B,Unknown,,B:A5,,,381346,4644534,11.91,0.01,"[13]C4C16H32[15]N2N4O12S2 ",M+H,N/A,N/A,N/A,N/A,619.1667,619.1621,-7.4627 (ppm),0,0,N/A,Method,True,False,N/A,N/A,N/A,,,Pass,N/A,N/A,N/A,N/A,Confirmed,N/A,N/A,N/A,N/A,,,,,,,,INF,N/A,6396702.13,,
GSSG-13C4_15N2,11.9,Target Compound,20240709_QE2_HILIC_BCSCuAOXq2d_AYW1134,5,Processed,T1,2B,Unknown,,B:A6,,,560664,6569063,11.92,0.02,"[13]C4C16H32[15]N2N4O12S2 ",M+H,N/A,N/A,N/A,N/A,619.1667,619.1619,-7.8570 (ppm),0,0,N/A,Method,True,False,N/A,N/A,N/A,,,Pass,N/A,N/A,N/A,N/A,Confirmed,N/A,N/A,N/A,N/A,,,,,,,,INF,N/A,6396702.13,,
GSSG-13C4_15N2,11.9,Target Compound,20240709_QE2_HILIC_BCSCuAOXq2d_AYW1135,6,Processed,T1,2B,Unknown,,B:A7,,,665371,7976509,11.94,0.04,"[13]C4C16H32[15]N2N4O12S2 ",M+H,N/A,N/A,N/A,N/A,619.1667,619.1621,-7.4627 (ppm),0,0,N/A,Method,True,False,N/A,N/A,N/A,,,Pass,N/A,N/A,N/A,N/A,Confirmed,N/A,N/A,N/A,N/A,,,,,,,,INF,N/A,6396702.13,,
GSSG-13C4_15N2,11.9,Target Compound,20240709_QE2_HILIC_BCSCuAOXq2d_AYW1136,7,Processed,T1,3C,Unknown,,B:A8,,,540647,6196106,11.93,0.03,"[13]C4C16H32[15]N2N4O12S2 ",M+H,N/A,N/A,N/A,N/A,619.1667,619.1623,-7.1669 (ppm),0,0,N/A,Method,True,False,N/A,N/A,N/A,,,Pass,N/A,N/A,N/A,N/A,Confirmed,N/A,N/A,N/A,N/A,,,,,,,,INF,N/A,6187821.87,,
GSSG-13C4_15N2,11.9,Target Compound,20240709_QE2_HILIC_BCSCuAOXq2d_AYW1137,8,Processed,T1,3C,Unknown,,B:A9,,,622998,7031784,11.94,0.04,"[13]C4C16H32[15]N2N4O12S2 ",M+H,N/A,N/A,N/A,N/A,619.1667,619.1617,-8.0541 (ppm),0,0,N/A,Method,True,False,N/A,N/A,N/A,,,Pass,N/A,N/A,N/A,N/A,Confirmed,N/A,N/A,N/A,N/A,,,,,,,,INF,N/A,6187821.87,,
GSSG-13C4_15N2,11.9,Target Compound,20240709_QE2_HILIC_BCSCuAOXq2d_AYW1138,9,Processed,T1,3C,Unknown,,B:B1,,,466902,5335575,11.9,0.00,"[13]C4C16H32[15]N2N4O12S2 ",M+H,N/A,N/A,N/A,N/A,619.1667,619.1617,-8.1527 (ppm),0,0,N/A,Method,True,False,N/A,N/A,N/A,,,Pass,N/A,N/A,N/A,N/A,Confirmed,N/A,N/A,N/A,N/A,,,,,,,,INF,N/A,6187821.87,,
GSSG-13C4_15N2,11.9,Target Compound,20240709_QE2_HILIC_BCSCuAOXq2d_AYW1139,10,Processed,T1,4BC,Unknown,,B:B2,,,527219,6537478,11.94,0.04,"[13]C4C16H32[15]N2N4O12S2 ",M+H,N/A,N/A,N/A,N/A,619.1667,619.1618,-7.9555 (ppm),0,0,N/A,Method,True,False,N/A,N/A,N/A,,,Pass,N/A,N/A,N/A,N/A,Confirmed,N/A,N/A,N/A,N/A,,,,,,,,INF,N/A,6174674.35,N/A,
GSSG-13C4_15N2,11.9,Target Compound,20240709_QE2_HILIC_BCSCuAOXq2d_AYW1140,11,Processed,T1,4BC,Unknown,,B:B3,,,448751,5269414,11.93,0.03,"[13]C4C16H32[15]N2N4O12S2 ",M+H,N/A,N/A,N/A,N/A,619.1667,619.1618,-7.9555 (ppm),0,0,N/A,Method,True,False,N/A,N/A,N/A,,,Pass,N/A,N/A,N/A,N/A,Confirmed,N/A,N/A,N/A,N/A,,,,,,,,INF,N/A,6174674.35,,
GSSG-13C4_15N2,11.9,Target Compound,20240709_QE2_HILIC_BCSCuAOXq2d_AYW1141,12,Processed,T1,4BC,Unknown,,B:B4,,,546918,6717132,11.93,0.03,"[13]C4C16H32[15]N2N4O12S2 ",M+H,N/A,N/A,N/A,N/A,619.1667,619.1623,-7.1669 (ppm),0,0,N/A,Method,True,False,N/A,N/A,N/A,,,Pass,N/A,N/A,N/A,N/A,Confirmed,N/A,N/A,N/A,N/A,,,,,,,,INF,N/A,6174674.35,,
GSSG-13C4_15N2,11.9,Target Compound,20240709_QE2_HILIC_BCSCuAOXq2d_AYW1142,13,Processed,T1,5RV,Unknown,,B:B5,,,392996,4573773,11.89,-0.01,"[13]C4C16H32[15]N2N4O12S2 ",M+H,N/A,N/A,N/A,N/A,619.1667,619.1624,-7.0683 (ppm),0,0,N/A,Method,True,False,N/A,N/A,N/A,,,Pass,N/A,N/A,N/A,N/A,Confirmed,N/A,N/A,N/A,N/A,,,,,,,,INF,N/A,5909997.43,N/A,
GSSG-13C4_15N2,11.9,Target Compound,20240709_QE2_HILIC_BCSCuAOXq2d_AYW1143,14,Processed,T1,5RV,Unknown,,B:B6,,,621594,8074526,11.93,0.03,"[13]C4C16H32[15]N2N4O12S2 ",M+H,N/A,N/A,N/A,N/A,619.1667,619.1624,-7.0683 (ppm),0,0,N/A,Method,True,False,N/A,N/A,N/A,,,Pass,N/A,N/A,N/A,N/A,Confirmed,N/A,N/A,N/A,N/A,,,,,,,,INF,N/A,5909997.43,,
GSSG-13C4_15N2,11.9,Target Compound,20240709_QE2_HILIC_BCSCuAOXq2d_AYW1144,15,Processed,T1,5RV,Unknown,,B:B7,,,424849,5081693,11.89,-0.01,"[13]C4C16H32[15]N2N4O12S2 ",M+H,N/A,N/A,N/A,N/A,619.1667,619.1622,-7.2655 (ppm),0,0,N/A,Method,True,False,N/A,N/A,N/A,,,Pass,N/A,N/A,N/A,N/A,Confirmed,N/A,N/A,N/A,N/A,,,,,,,,INF,N/A,5909997.43,,
GSSG-13C4_15N2,11.9,Target Compound,20240709_QE2_HILIC_BCSCuAOXq2d_AYW1145,16,Processed,T1,6RB,Unknown,,B:B8,,,393920,4565227,11.89,-0.01,"[13]C4C16H32[15]N2N4O12S2 ",M+H,N/A,N/A,N/A,N/A,619.1667,619.1624,-7.0683 (ppm),0,0,N/A,Method,True,False,N/A,N/A,N/A,,,Pass,N/A,N/A,N/A,N/A,Confirmed,N/A,N/A,N/A,N/A,,,,,,,,INF,N/A,4554155.75,,
GSSG-13C4_15N2,11.9,Target Compound,20240709_QE2_HILIC_BCSCuAOXq2d_AYW1146,17,Processed,T1,6RB,Unknown,,B:B9,,,395831,4392409,11.9,0.00,"[13]C4C16H32[15]N2N4O12S2 ",M+H,N/A,N/A,N/A,N/A,619.1667,619.162,-7.5612 (ppm),0,0,N/A,Method,True,False,N/A,N/A,N/A,,,Pass,N/A,N/A,N/A,N/A,Confirmed,N/A,N/A,N/A,N/A,,,,,,,,INF,N/A,4554155.75,,
GSSG-13C4_15N2,11.9,Target Compound,20240709_QE2_HILIC_BCSCuAOXq2d_AYW1147,18,Processed,T1,6RB,Unknown,,B:C1,,,396548,4704831,11.92,0.02,"[13]C4C16H32[15]N2N4O12S2 ",M+H,N/A,N/A,N/A,N/A,619.1667,619.1619,-7.8570 (ppm),0,0,N/A,Method,True,False,N/A,N/A,N/A,,,Pass,N/A,N/A,N/A,N/A,Confirmed,N/A,N/A,N/A,N/A,,,,,,,,INF,N/A,4554155.75,,
GSSG-13C4_15N2,11.9,Target Compound,20240709_QE2_HILIC_BCSCuAOXq2d_AYW1148,19,Processed,T1,7RV,Unknown,,B:C2,,,496657,5616191,11.92,0.02,"[13]C4C16H32[15]N2N4O12S2 ",M+H,N/A,N/A,N/A,N/A,619.1667,619.1618,-7.9555 (ppm),0,0,N/A,Method,True,False,N/A,N/A,N/A,,,Pass,N/A,N/A,N/A,N/A,Confirmed,N/A,N/A,N/A,N/A,,,,,,,,INF,N/A,6259509.68,,
GSSG-13C4_15N2,11.9,Target Compound,20240709_QE2_HILIC_BCSCuAOXq2d_AYW1149,20,Processed,T1,7RV,Unknown,,B:C3,,,626274,6483821,11.92,0.02,"[13]C4C16H32[15]N2N4O12S2 ",M+H,N/A,N/A,N/A,N/A,619.1667,619.162,-7.5612 (ppm),0,0,N/A,Method,True,False,N/A,N/A,N/A,,,Pass,N/A,N/A,N/A,N/A,Confirmed,N/A,N/A,N/A,N/A,,,,,,,,INF,N/A,6259509.68,,
GSSG-13C4_15N2,11.9,Target Compound,20240709_QE2_HILIC_BCSCuAOXq2d_AYW1150,21,Processed,T1,7RV,Unknown,,B:C4,,,544448,6678516,11.91,0.01,"[13]C4C16H32[15]N2N4O12S2 ",M+H,N/A,N/A,N/A,N/A,619.1667,619.162,-7.6598 (ppm),0,0,N/A,Method,True,False,N/A,N/A,N/A,,,Pass,N/A,N/A,N/A,N/A,Confirmed,N/A,N/A,N/A,N/A,,,,,,,,INF,N/A,6259509.68,,
GSSG-13C4_15N2,11.9,Target Compound,20240709_QE2_HILIC_BCSCuAOXq2d_AYW1151,22,Processed,T1,8RB,Unknown,,B:C5,,,561020,6526840,11.92,0.02,"[13]C4C16H32[15]N2N4O12S2 ",M+H,N/A,N/A,N/A,N/A,619.1667,619.162,-7.6598 (ppm),0,0,N/A,Method,True,False,N/A,N/A,N/A,,,Pass,N/A,N/A,N/A,N/A,Confirmed,N/A,N/A,N/A,N/A,,,,,,,,INF,N/A,6202223.93,,
GSSG-13C4_15N2,11.9,Target Compound,20240709_QE2_HILIC_BCSCuAOXq2d_AYW1152,23,Processed,T1,8RB,Unknown,,B:C6,,,430555,4868344,11.93,0.03,"[13]C4C16H32[15]N2N4O12S2 ",M+H,N/A,N/A,N/A,N/A,619.1667,619.162,-7.5612 (ppm),0,0,N/A,Method,True,False,N/A,N/A,N/A,,,Pass,N/A,N/A,N/A,N/A,Confirmed,N/A,N/A,N/A,N/A,,,,,,,,INF,N/A,6202223.93,,
GSSG-13C4_15N2,11.9,Target Compound,20240709_QE2_HILIC_BCSCuAOXq2d_AYW1153,24,Processed,T1,8RB,Unknown,,B:C7,,,672102,7211488,11.92,0.02,"[13]C4C16H32[15]N2N4O12S2 ",M+H,N/A,N/A,N/A,N/A,619.1667,619.162,-7.6598 (ppm),0,0,N/A,Method,True,False,N/A,N/A,N/A,,,Pass,N/A,N/A,N/A,N/A,Confirmed,N/A,N/A,N/A,N/A,,,,,,,,INF,N/A,6202223.93,,
GSSG-13C4_15N2,11.9,Target Compound,20240709_QE2_HILIC_BCSCuAOXq2d_AYW1154_pool1xa,25,Processed,T1,pool1x,Unknown,,B:C8,,,537191,6186080,11.9,0.00,"[13]C4C16H32[15]N2N4O12S2 ",M+H,N/A,N/A,N/A,N/A,619.1667,619.1619,-7.8570 (ppm),0,0,N/A,Method,True,False,N/A,N/A,N/A,,,Pass,N/A,N/A,N/A,N/A,Confirmed,N/A,N/A,N/A,N/A,,,,,,,,INF,N/A,5594290.70,,
GSSG-13C4_15N2,11.9,Target Compound,20240709_QE2_HILIC_BCSCuAOXq2d_AYW1154_pool1xb,26,Processed,T1,pool1x,Unknown,,B:C8,,,520485,5552987,11.92,0.02,"[13]C4C16H32[15]N2N4O12S2 ",M+H,N/A,N/A,N/A,N/A,619.1667,619.1619,-7.7584 (ppm),0,0,N/A,Method,True,False,N/A,N/A,N/A,,,Pass,N/A,N/A,N/A,N/A,Confirmed,N/A,N/A,N/A,N/A,,,,,,,,INF,N/A,5594290.70,,
GSSG-13C4_15N2,11.9,Target Compound,20240709_QE2_HILIC_BCSCuAOXq2d_AYW1154_pool1xc,27,Processed,T1,pool1x,Unknown,,B:C8,,,425120,4848362,11.89,-0.01,"[13]C4C16H32[15]N2N4O12S2 ",M+H,N/A,N/A,N/A,N/A,619.1667,619.162,-7.6598 (ppm),0,0,N/A,Method,True,False,N/A,N/A,N/A,,,Pass,N/A,N/A,N/A,N/A,Confirmed,N/A,N/A,N/A,N/A,,,,,,,,INF,N/A,5594290.70,,
GSSG-13C4_15N2,11.9,Target Compound,20240709_QE2_HILIC_BCSCuAOXq2d_AYW1154_pool1xd,28,Processed,T1,pool1x,Unknown,,B:C8,,,518034,5789734,11.93,0.03,"[13]C4C16H32[15]N2N4O12S2 ",M+H,N/A,N/A,N/A,N/A,619.1667,619.1621,-7.4627 (ppm),0,0,N/A,Method,True,False,N/A,N/A,N/A,,,Pass,N/A,N/A,N/A,N/A,Confirmed,N/A,N/A,N/A,N/A,,,,,,,,INF,N/A,5594290.70,,
GSSG-13C4_15N2,11.9,Target Compound,20240709_QE2_HILIC_BCSCuAOXq2d_AYW1155_pool033xa,29,Processed,T1,pool033x,Unknown,,B:C9,,,226494,2454756,11.91,0.01,"[13]C4C16H32[15]N2N4O12S2 ",M+H,N/A,N/A,N/A,N/A,619.1667,619.1621,-7.4627 (ppm),0,0,N/A,Method,True,False,N/A,N/A,N/A,,,Pass,N/A,N/A,N/A,N/A,Confirmed,N/A,N/A,N/A,N/A,,,,,,,,INF,N/A,1983491.03,,
GSSG-13C4_15N2,11.9,Target Compound,20240709_QE2_HILIC_BCSCuAOXq2d_AYW1155_pool033xb,30,Processed,T1,pool033x,Unknown,,B:C9,,,180916,1656306,11.92,0.02,"[13]C4C16H32[15]N2N4O12S2 ",M+H,N/A,N/A,N/A,N/A,619.1667,619.1615,-8.4484 (ppm),0,0,N/A,Method,True,False,N/A,N/A,N/A,,,Pass,N/A,N/A,N/A,N/A,Confirmed,N/A,N/A,N/A,N/A,,,,,,,,INF,N/A,1983491.03,,
GSSG-13C4_15N2,11.9,Target Compound,20240709_QE2_HILIC_BCSCuAOXq2d_AYW1155_pool033xc,31,Processed,T1,pool033x,Unknown,,B:C9,,,153852,1800743,11.89,-0.01,"[13]C4C16H32[15]N2N4O12S2 ",M+H,N/A,N/A,N/A,N/A,619.1667,619.162,-7.5612 (ppm),0,0,N/A,Method,True,False,N/A,N/A,N/A,,,Pass,N/A,N/A,N/A,N/A,Confirmed,N/A,N/A,N/A,N/A,,,,,,,,INF,N/A,1983491.03,,
GSSG-13C4_15N2,11.9,Target Compound,20240709_QE2_HILIC_BCSCuAOXq2d_AYW1155_pool033xd,32,Processed,T1,pool033x,Unknown,,B:C9,,,200558,2022159,11.93,0.03,"[13]C4C16H32[15]N2N4O12S2 ",M+H,N/A,N/A,N/A,N/A,619.1667,619.1618,-7.9555 (ppm),0,0,N/A,Method,True,False,N/A,N/A,N/A,,,Pass,N/A,N/A,N/A,N/A,Confirmed,N/A,N/A,N/A,N/A,,,,,,,,INF,N/A,1983491.03,,
GSSG-13C4_15N2,11.9,Target Compound,20240709_QE2_HILIC_BCSCuAOXq2d_AYW1156_pool01xa,33,Processed,T1,pool01x,Unknown,,B:D1,,,68087,554252,11.92,0.02,"[13]C4C16H32[15]N2N4O12S2 ",M+H,N/A,N/A,N/A,N/A,619.1667,619.1619,-7.7584 (ppm),0,0,N/A,Method,True,False,N/A,N/A,N/A,,,Pass,N/A,N/A,N/A,N/A,Confirmed,N/A,N/A,N/A,N/A,,,,,,,,INF,N/A,546276.41,,
GSSG-13C4_15N2,11.9,Target Compound,20240709_QE2_HILIC_BCSCuAOXq2d_AYW1156_pool01xb,34,Processed,T1,pool01x,Unknown,,B:D1,,,56518,596336,11.94,0.04,"[13]C4C16H32[15]N2N4O12S2 ",M+H,N/A,N/A,N/A,N/A,619.1667,619.1617,-8.0541 (ppm),0,0,N/A,Method,True,False,N/A,N/A,N/A,,,Pass,N/A,N/A,N/A,N/A,Confirmed,N/A,N/A,N/A,N/A,,,,,,,,INF,N/A,546276.41,,
GSSG-13C4_15N2,11.9,Target Compound,20240709_QE2_HILIC_BCSCuAOXq2d_AYW1156_pool01xc,35,Processed,T1,pool01x,Unknown,,B:D1,,,41876,434275,11.92,0.02,"[13]C4C16H32[15]N2N4O12S2 ",M+H,N/A,N/A,N/A,N/A,619.1667,619.1625,-6.8712 (ppm),0,0,N/A,Method,True,False,N/A,N/A,N/A,,,Pass,N/A,N/A,N/A,N/A,Confirmed,N/A,N/A,N/A,N/A,,,,,,,,INF,N/A,546276.41,,
GSSG-13C4_15N2,11.9,Target Compound,20240709_QE2_HILIC_BCSCuAOXq2d_AYW1156_pool01xd,36,Processed,T1,pool01x,Unknown,,B:D1,,,51987,600243,11.92,0.02,"[13]C4C16H32[15]N2N4O12S2 ",M+H,N/A,N/A,N/A,N/A,619.1667,619.1613,-8.8427 (ppm),0,0,N/A,Method,True,False,N/A,N/A,N/A,,,Pass,N/A,N/A,N/A,N/A,Confirmed,N/A,N/A,N/A,N/A,,,,,,,,INF,N/A,546276.41,,
GSSG-13C4_15N2,11.9,Target Compound,20240709_QE2_HILIC_BCSCuAOXq2d_blank1,37,Processed,T1,,Unknown,,B:A1,,,N/F,N/F,N/F,N/F,"[13]C4C16H32[15]N2N4O12S2 ",N/A,N/F,N/A,N/F,N/A,619.1667,N/F,N/F,N/F,0,N/A,Method,True,False,N/A,N/A,N/A,,,Fail,N/A,N/A,N/A,N/A,NotFound,N/A,N/A,N/A,N/A,,,,,,,,N/A,N/A,1.00,,
GSSG-13C4_15N2,11.9,Target Compound,20240709_QE2_HILIC_BCSCuAOXq2d_blank1_20240710111342,38,Processed,T1,,Unknown,,B:A1,,,N/F,N/F,N/F,N/F,"[13]C4C16H32[15]N2N4O12S2 ",N/A,N/F,N/A,N/F,N/A,619.1667,N/F,N/F,N/F,0,N/A,Method,True,False,N/A,N/A,N/A,,,Fail,N/A,N/A,N/A,N/A,NotFound,N/A,N/A,N/A,N/A,,,,,,,,N/A,N/A,1.00,,
GSSG-13C4_15N2,11.9,Target Compound,20240709_QE2_HILIC_BCSCuAOXq2d_blank1_20240710231833,39,Processed,T1,,Unknown,,B:A1,,,N/F,N/F,N/F,N/F,"[13]C4C16H32[15]N2N4O12S2 ",N/A,N/F,N/A,N/F,N/A,619.1667,N/F,N/F,N/F,0,N/A,Method,True,False,N/A,N/A,N/A,,,Fail,N/A,N/A,N/A,N/A,NotFound,N/A,N/A,N/A,N/A,,,,,,,,N/A,N/A,1.00,,
GSSG-13C4_15N2,11.9,Target Compound,20240709_QE2_HILIC_BCSCuAOXq2d_blank2,40,Processed,T1,,Unknown,,B:A1,,,N/F,N/F,N/F,N/F,"[13]C4C16H32[15]N2N4O12S2 ",N/A,N/F,N/A,N/F,N/A,619.1667,N/F,N/F,N/F,0,N/A,Method,True,False,N/A,N/A,N/A,,,Fail,N/A,N/A,N/A,N/A,NotFound,N/A,N/A,N/A,N/A,,,,,,,,N/A,N/A,1.00,,
GSSG-13C4_15N2,11.9,Target Compound,20240709_QE2_HILIC_BCSCuAOXq2d_blank2_20240710115054,41,Processed,T1,,Unknown,,B:A1,,,N/F,N/F,N/F,N/F,"[13]C4C16H32[15]N2N4O12S2 ",N/A,N/F,N/A,N/F,N/A,619.1667,N/F,N/F,N/F,0,N/A,Method,True,False,N/A,N/A,N/A,,,Fail,N/A,N/A,N/A,N/A,NotFound,N/A,N/A,N/A,N/A,,,,,,,,N/A,N/A,1.00,,
GSSG-13C4_15N2,11.9,Target Compound,20240709_QE2_HILIC_BCSCuAOXq2d_blank2_20240710235116,42,Processed,T1,,Unknown,,B:A1,,,N/F,N/F,N/F,N/F,"[13]C4C16H32[15]N2N4O12S2 ",N/A,N/F,N/A,N/F,N/A,619.1667,N/F,N/F,N/F,0,N/A,Method,True,False,N/A,N/A,N/A,,,Fail,N/A,N/A,N/A,N/A,NotFound,N/A,N/A,N/A,N/A,,,,,,,,N/A,N/A,1.00,,
