﻿Compound,RT,Type,Filename,Batch Order,Status,Peak Label,Group,Sample Type,Level,Sample ID,Sample Name,Comments,Height,Area,Actual RT,RT Delta,Formula,Adduct,Calculated Amt,Theoretical Amt,Sample Amt,Std Add Amount,m/z (Expected),m/z (Apex),m/z (Delta),Response Ratio,ISTD Amt,ISTD Response,Integration Mode,Active,Excluded,%Diff,%RSD,% CV,Channel,Final Units,PK,IR,IP,LS,FI,Confirm,Isotopic Pattern Score (%),Num Isotopes Matched,Lib Match Name,Library Score (%),Library Match Rank,SI/Dot Product,RSI/Rev Dot,Modification,Protein Name,Peptide Sequence,Ion Type,S/N,Ion Ratio,Group Average,Relative RT,Flag Details
cis-aconitate,12.15,Target Compound,20240709_QE2_HILIC_BCSCuAOXq2d_AYW1130,1,Processed,T1,1V,Unknown,,B:A2,,,4198184,43810880,12.29,0.14,C6H6O6,M-H,N/A,N/A,N/A,N/A,173.0092,173.0094,.9762 (ppm),0,0,N/A,Method,True,False,N/A,N/A,N/A,,,Pass,N/A,N/A,N/A,N/A,Confirmed,N/A,N/A,N/A,N/A,,,,,,,,178.53,N/A,35972050.70,,
cis-aconitate,12.15,Target Compound,20240709_QE2_HILIC_BCSCuAOXq2d_AYW1131,2,Processed,T1,1V,Unknown,,B:A3,,,3698919,36464207,12.31,0.16,C6H6O6,M-H,N/A,N/A,N/A,N/A,173.0092,173.0093,.7998 (ppm),0,0,N/A,Method,True,False,N/A,N/A,N/A,,,Pass,N/A,N/A,N/A,N/A,Confirmed,N/A,N/A,N/A,N/A,,,,,,,,93.75,N/A,35972050.70,,
cis-aconitate,12.15,Target Compound,20240709_QE2_HILIC_BCSCuAOXq2d_AYW1132,3,Processed,T1,1V,Unknown,,B:A4,,,2511928,27641065,12.27,0.12,C6H6O6,M-H,N/A,N/A,N/A,N/A,173.0092,173.0094,1.4172 (ppm),0,0,N/A,Method,True,False,N/A,N/A,N/A,,,Pass,N/A,N/A,N/A,N/A,Confirmed,N/A,N/A,N/A,N/A,,,,,,,,1151.36,N/A,35972050.70,,
cis-aconitate,12.15,Target Compound,20240709_QE2_HILIC_BCSCuAOXq2d_AYW1133,4,Processed,T1,2B,Unknown,,B:A5,,,1708888,12184987,12.28,0.13,C6H6O6,M-H,N/A,N/A,N/A,N/A,173.0092,173.0094,1.0644 (ppm),0,0,N/A,Method,True,False,N/A,N/A,N/A,,,Pass,N/A,N/A,N/A,N/A,Confirmed,N/A,N/A,N/A,N/A,,,,,,,,46.84,N/A,27621695.96,,
cis-aconitate,12.15,Target Compound,20240709_QE2_HILIC_BCSCuAOXq2d_AYW1134,5,Processed,T1,2B,Unknown,,B:A6,,,3738107,35934810,12.28,0.13,C6H6O6,M-H,N/A,N/A,N/A,N/A,173.0092,173.0093,.7116 (ppm),0,0,N/A,Method,True,False,N/A,N/A,N/A,,,Pass,N/A,N/A,N/A,N/A,Confirmed,N/A,N/A,N/A,N/A,,,,,,,,103.76,N/A,27621695.96,,
cis-aconitate,12.15,Target Compound,20240709_QE2_HILIC_BCSCuAOXq2d_AYW1135,6,Processed,T1,2B,Unknown,,B:A7,,,3527297,34745291,12.28,0.13,C6H6O6,M-H,N/A,N/A,N/A,N/A,173.0092,173.0093,.7998 (ppm),0,0,N/A,Method,True,False,N/A,N/A,N/A,,,Pass,N/A,N/A,N/A,N/A,Confirmed,N/A,N/A,N/A,N/A,,,,,,,,147.23,N/A,27621695.96,,
cis-aconitate,12.15,Target Compound,20240709_QE2_HILIC_BCSCuAOXq2d_AYW1136,7,Processed,T1,3C,Unknown,,B:A8,,,5524069,54205276,12.32,0.17,C6H6O6,M-H,N/A,N/A,N/A,N/A,173.0092,173.0093,.7998 (ppm),0,0,N/A,Method,True,False,N/A,N/A,N/A,,,Pass,N/A,N/A,N/A,N/A,Confirmed,N/A,N/A,N/A,N/A,,,,,,,,141.26,N/A,41426553.94,,
cis-aconitate,12.15,Target Compound,20240709_QE2_HILIC_BCSCuAOXq2d_AYW1137,8,Processed,T1,3C,Unknown,,B:A9,,,5262985,52179142,12.28,0.13,C6H6O6,M-H,N/A,N/A,N/A,N/A,173.0092,173.0093,.4470 (ppm),0,0,N/A,Method,True,False,N/A,N/A,N/A,,,Pass,N/A,N/A,N/A,N/A,Confirmed,N/A,N/A,N/A,N/A,,,,,,,,83.43,N/A,41426553.94,,
cis-aconitate,12.15,Target Compound,20240709_QE2_HILIC_BCSCuAOXq2d_AYW1138,9,Processed,T1,3C,Unknown,,B:B1,,,1586006,17895244,12.29,0.14,C6H6O6,M-H,N/A,N/A,N/A,N/A,173.0092,173.0094,1.2408 (ppm),0,0,N/A,Manual,True,False,N/A,N/A,N/A,,,Pass,N/A,N/A,N/A,N/A,Confirmed,N/A,N/A,N/A,N/A,,,,,,,,2403063620587570.00,N/A,41426553.94,,
cis-aconitate,12.15,Target Compound,20240709_QE2_HILIC_BCSCuAOXq2d_AYW1139,10,Processed,T1,4BC,Unknown,,B:B2,,,3231422,35278491,12.28,0.13,C6H6O6,M-H,N/A,N/A,N/A,N/A,173.0092,173.0094,1.1526 (ppm),0,0,N/A,Method,True,False,N/A,N/A,N/A,,,Pass,N/A,N/A,N/A,N/A,Confirmed,N/A,N/A,N/A,N/A,,,,,,,,93.09,N/A,38208263.16,N/A,
cis-aconitate,12.15,Target Compound,20240709_QE2_HILIC_BCSCuAOXq2d_AYW1140,11,Processed,T1,4BC,Unknown,,B:B3,,,3678429,36962582,12.27,0.12,C6H6O6,M-H,N/A,N/A,N/A,N/A,173.0092,173.0094,1.1526 (ppm),0,0,N/A,Method,True,False,N/A,N/A,N/A,,,Pass,N/A,N/A,N/A,N/A,Confirmed,N/A,N/A,N/A,N/A,,,,,,,,173.52,N/A,38208263.16,,
cis-aconitate,12.15,Target Compound,20240709_QE2_HILIC_BCSCuAOXq2d_AYW1141,12,Processed,T1,4BC,Unknown,,B:B4,,,4348441,42383716,12.28,0.13,C6H6O6,M-H,N/A,N/A,N/A,N/A,173.0092,173.0093,.5352 (ppm),0,0,N/A,Method,True,False,N/A,N/A,N/A,,,Pass,N/A,N/A,N/A,N/A,Confirmed,N/A,N/A,N/A,N/A,,,,,,,,84.37,N/A,38208263.16,,
cis-aconitate,12.15,Target Compound,20240709_QE2_HILIC_BCSCuAOXq2d_AYW1142,13,Processed,T1,5RV,Unknown,,B:B5,,,3851392,39386899,12.26,0.11,C6H6O6,M-H,N/A,N/A,N/A,N/A,173.0092,173.0094,.8880 (ppm),0,0,N/A,Method,True,False,N/A,N/A,N/A,,,Pass,N/A,N/A,N/A,N/A,Confirmed,N/A,N/A,N/A,N/A,,,,,,,,89.45,N/A,43320791.98,N/A,
cis-aconitate,12.15,Target Compound,20240709_QE2_HILIC_BCSCuAOXq2d_AYW1143,14,Processed,T1,5RV,Unknown,,B:B6,,,6122547,57980066,12.3,0.15,C6H6O6,M-H,N/A,N/A,N/A,N/A,173.0092,173.0093,.6234 (ppm),0,0,N/A,Method,True,False,N/A,N/A,N/A,,,Pass,N/A,N/A,N/A,N/A,Confirmed,N/A,N/A,N/A,N/A,,,,,,,,92.54,N/A,43320791.98,,
cis-aconitate,12.15,Target Compound,20240709_QE2_HILIC_BCSCuAOXq2d_AYW1144,15,Processed,T1,5RV,Unknown,,B:B7,,,2984412,32595412,12.31,0.16,C6H6O6,M-H,N/A,N/A,N/A,N/A,173.0092,173.0094,1.2408 (ppm),0,0,N/A,Method,True,False,N/A,N/A,N/A,,,Pass,N/A,N/A,N/A,N/A,Confirmed,N/A,N/A,N/A,N/A,,,,,,,,141.64,N/A,43320791.98,,
cis-aconitate,12.15,Target Compound,20240709_QE2_HILIC_BCSCuAOXq2d_AYW1145,16,Processed,T1,6RB,Unknown,,B:B8,,,1944843,18740327,12.29,0.14,C6H6O6,M-H,N/A,N/A,N/A,N/A,173.0092,173.0095,1.6818 (ppm),0,0,N/A,Method,True,False,N/A,N/A,N/A,,,Pass,N/A,N/A,N/A,N/A,Confirmed,N/A,N/A,N/A,N/A,,,,,,,,85.38,N/A,13216689.48,,
cis-aconitate,12.15,Target Compound,20240709_QE2_HILIC_BCSCuAOXq2d_AYW1146,17,Processed,T1,6RB,Unknown,,B:B9,,,1032727,9634510,12.3,0.15,C6H6O6,M-H,N/A,N/A,N/A,N/A,173.0092,173.0094,1.1526 (ppm),0,0,N/A,Method,True,False,N/A,N/A,N/A,,,Pass,N/A,N/A,N/A,N/A,Confirmed,N/A,N/A,N/A,N/A,,,,,,,,33.63,N/A,13216689.48,,
cis-aconitate,12.15,Target Compound,20240709_QE2_HILIC_BCSCuAOXq2d_AYW1147,18,Processed,T1,6RB,Unknown,,B:C1,,,992903,11275231,12.29,0.14,C6H6O6,M-H,N/A,N/A,N/A,N/A,173.0092,173.0094,.8880 (ppm),0,0,N/A,Method,True,False,N/A,N/A,N/A,,,Pass,N/A,N/A,N/A,N/A,Confirmed,N/A,N/A,N/A,N/A,,,,,,,,68.81,N/A,13216689.48,,
cis-aconitate,12.15,Target Compound,20240709_QE2_HILIC_BCSCuAOXq2d_AYW1148,19,Processed,T1,7RV,Unknown,,B:C2,,,2598768,25725654,12.31,0.16,C6H6O6,M-H,N/A,N/A,N/A,N/A,173.0092,173.0094,.8880 (ppm),0,0,N/A,Method,True,False,N/A,N/A,N/A,,,Pass,N/A,N/A,N/A,N/A,Confirmed,N/A,N/A,N/A,N/A,,,,,,,,288.63,N/A,35922558.30,,
cis-aconitate,12.15,Target Compound,20240709_QE2_HILIC_BCSCuAOXq2d_AYW1149,20,Processed,T1,7RV,Unknown,,B:C3,,,3984497,38942806,12.29,0.14,C6H6O6,M-H,N/A,N/A,N/A,N/A,173.0092,173.0093,.7998 (ppm),0,0,N/A,Method,True,False,N/A,N/A,N/A,,,Pass,N/A,N/A,N/A,N/A,Confirmed,N/A,N/A,N/A,N/A,,,,,,,,157.61,N/A,35922558.30,,
cis-aconitate,12.15,Target Compound,20240709_QE2_HILIC_BCSCuAOXq2d_AYW1150,21,Processed,T1,7RV,Unknown,,B:C4,,,4486691,43099215,12.28,0.13,C6H6O6,M-H,N/A,N/A,N/A,N/A,173.0092,173.0093,.7998 (ppm),0,0,N/A,Method,True,False,N/A,N/A,N/A,,,Pass,N/A,N/A,N/A,N/A,Confirmed,N/A,N/A,N/A,N/A,,,,,,,,108.53,N/A,35922558.30,,
cis-aconitate,12.15,Target Compound,20240709_QE2_HILIC_BCSCuAOXq2d_AYW1151,22,Processed,T1,8RB,Unknown,,B:C5,,,3645896,30516421,12.31,0.16,C6H6O6,M-H,N/A,N/A,N/A,N/A,173.0092,173.0094,.9762 (ppm),0,0,N/A,Method,True,False,N/A,N/A,N/A,,,Pass,N/A,N/A,N/A,N/A,Confirmed,N/A,N/A,N/A,N/A,,,,,,,,27.72,N/A,33642024.21,,
cis-aconitate,12.15,Target Compound,20240709_QE2_HILIC_BCSCuAOXq2d_AYW1152,23,Processed,T1,8RB,Unknown,,B:C6,,,2009549,18397288,12.27,0.12,C6H6O6,M-H,N/A,N/A,N/A,N/A,173.0092,173.0094,1.2408 (ppm),0,0,N/A,Method,True,False,N/A,N/A,N/A,,,Pass,N/A,N/A,N/A,N/A,Confirmed,N/A,N/A,N/A,N/A,,,,,,,,72.88,N/A,33642024.21,,
cis-aconitate,12.15,Target Compound,20240709_QE2_HILIC_BCSCuAOXq2d_AYW1153,24,Processed,T1,8RB,Unknown,,B:C7,,,5523864,52012364,12.28,0.13,C6H6O6,M-H,N/A,N/A,N/A,N/A,173.0092,173.0094,1.0644 (ppm),0,0,N/A,Method,True,False,N/A,N/A,N/A,,,Pass,N/A,N/A,N/A,N/A,Confirmed,N/A,N/A,N/A,N/A,,,,,,,,111.45,N/A,33642024.21,,
cis-aconitate,12.15,Target Compound,20240709_QE2_HILIC_BCSCuAOXq2d_AYW1154_pool1xa,25,Processed,T1,pool1x,Unknown,,B:C8,,,4002339,36782285,12.31,0.16,C6H6O6,M-H,N/A,N/A,N/A,N/A,173.0092,173.0093,.6234 (ppm),0,0,N/A,Method,True,False,N/A,N/A,N/A,,,Pass,N/A,N/A,N/A,N/A,Confirmed,N/A,N/A,N/A,N/A,,,,,,,,107.70,N/A,32710453.96,,
cis-aconitate,12.15,Target Compound,20240709_QE2_HILIC_BCSCuAOXq2d_AYW1154_pool1xb,26,Processed,T1,pool1x,Unknown,,B:C8,,,3838130,37525494,12.29,0.14,C6H6O6,M-H,N/A,N/A,N/A,N/A,173.0092,173.0093,.4470 (ppm),0,0,N/A,Method,True,False,N/A,N/A,N/A,,,Pass,N/A,N/A,N/A,N/A,Confirmed,N/A,N/A,N/A,N/A,,,,,,,,183.64,N/A,32710453.96,,
cis-aconitate,12.15,Target Compound,20240709_QE2_HILIC_BCSCuAOXq2d_AYW1154_pool1xc,27,Processed,T1,pool1x,Unknown,,B:C8,,,3851415,34721945,12.29,0.14,C6H6O6,M-H,N/A,N/A,N/A,N/A,173.0092,173.0094,1.2408 (ppm),0,0,N/A,Method,True,False,N/A,N/A,N/A,,,Pass,N/A,N/A,N/A,N/A,Confirmed,N/A,N/A,N/A,N/A,,,,,,,,123.46,N/A,32710453.96,,
cis-aconitate,12.15,Target Compound,20240709_QE2_HILIC_BCSCuAOXq2d_AYW1154_pool1xd,28,Processed,T1,pool1x,Unknown,,B:C8,,,2066755,21812091,12.3,0.15,C6H6O6,M-H,N/A,N/A,N/A,N/A,173.0092,173.0093,.6234 (ppm),0,0,N/A,Method,True,False,N/A,N/A,N/A,,,Pass,N/A,N/A,N/A,N/A,Confirmed,N/A,N/A,N/A,N/A,,,,,,,,74.75,N/A,32710453.96,,
cis-aconitate,12.15,Target Compound,20240709_QE2_HILIC_BCSCuAOXq2d_AYW1155_pool033xa,29,Processed,T1,pool033x,Unknown,,B:C9,,,1828585,16769130,12.28,0.13,C6H6O6,M-H,N/A,N/A,N/A,N/A,173.0092,173.0093,.7998 (ppm),0,0,N/A,Method,True,False,N/A,N/A,N/A,,,Pass,N/A,N/A,N/A,N/A,Confirmed,N/A,N/A,N/A,N/A,,,,,,,,268.40,N/A,12409855.76,,
cis-aconitate,12.15,Target Compound,20240709_QE2_HILIC_BCSCuAOXq2d_AYW1155_pool033xb,30,Processed,T1,pool033x,Unknown,,B:C9,,,1647283,15788289,12.28,0.13,C6H6O6,M-H,N/A,N/A,N/A,N/A,173.0092,173.0093,.4470 (ppm),0,0,N/A,Method,True,False,N/A,N/A,N/A,,,Pass,N/A,N/A,N/A,N/A,Confirmed,N/A,N/A,N/A,N/A,,,,,,,,194.30,N/A,12409855.76,,
cis-aconitate,12.15,Target Compound,20240709_QE2_HILIC_BCSCuAOXq2d_AYW1155_pool033xc,31,Processed,T1,pool033x,Unknown,,B:C9,,,1117446,10683277,12.26,0.11,C6H6O6,M-H,N/A,N/A,N/A,N/A,173.0092,173.0095,1.5054 (ppm),0,0,N/A,Method,True,False,N/A,N/A,N/A,,,Pass,N/A,N/A,N/A,N/A,Confirmed,N/A,N/A,N/A,N/A,,,,,,,,103.48,N/A,12409855.76,,
cis-aconitate,12.15,Target Compound,20240709_QE2_HILIC_BCSCuAOXq2d_AYW1155_pool033xd,32,Processed,T1,pool033x,Unknown,,B:C9,,,792974,6398726,12.27,0.12,C6H6O6,M-H,N/A,N/A,N/A,N/A,173.0092,173.0094,1.2408 (ppm),0,0,N/A,Method,True,False,N/A,N/A,N/A,,,Pass,N/A,N/A,N/A,N/A,Confirmed,N/A,N/A,N/A,N/A,,,,,,,,57.83,N/A,12409855.76,,
cis-aconitate,12.15,Target Compound,20240709_QE2_HILIC_BCSCuAOXq2d_AYW1156_pool01xa,33,Processed,T1,pool01x,Unknown,,B:D1,,,393319,3027183,12.29,0.14,C6H6O6,M-H,N/A,N/A,N/A,N/A,173.0092,173.0094,1.0644 (ppm),0,0,N/A,Method,True,False,N/A,N/A,N/A,,,Pass,N/A,N/A,N/A,N/A,Confirmed,N/A,N/A,N/A,N/A,,,,,,,,12.39,N/A,2479541.23,,
cis-aconitate,12.15,Target Compound,20240709_QE2_HILIC_BCSCuAOXq2d_AYW1156_pool01xb,34,Processed,T1,pool01x,Unknown,,B:D1,,,403696,2835671,12.28,0.13,C6H6O6,M-H,N/A,N/A,N/A,N/A,173.0092,173.0094,.8880 (ppm),0,0,N/A,Method,True,False,N/A,N/A,N/A,,,Pass,N/A,N/A,N/A,N/A,Confirmed,N/A,N/A,N/A,N/A,,,,,,,,23.81,N/A,2479541.23,,
cis-aconitate,12.15,Target Compound,20240709_QE2_HILIC_BCSCuAOXq2d_AYW1156_pool01xc,35,Processed,T1,pool01x,Unknown,,B:D1,,,297632,2428724,12.27,0.12,C6H6O6,M-H,N/A,N/A,N/A,N/A,173.0092,173.0096,2.0346 (ppm),0,0,N/A,Method,True,False,N/A,N/A,N/A,,,Pass,N/A,N/A,N/A,N/A,Confirmed,N/A,N/A,N/A,N/A,,,,,,,,20.46,N/A,2479541.23,,
cis-aconitate,12.15,Target Compound,20240709_QE2_HILIC_BCSCuAOXq2d_AYW1156_pool01xd,36,Processed,T1,pool01x,Unknown,,B:D1,,,208732,1626587,12.27,0.12,C6H6O6,M-H,N/A,N/A,N/A,N/A,173.0092,173.0093,.6234 (ppm),0,0,N/A,Method,True,False,N/A,N/A,N/A,,,Pass,N/A,N/A,N/A,N/A,Confirmed,N/A,N/A,N/A,N/A,,,,,,,,21.98,N/A,2479541.23,,
cis-aconitate,12.15,Target Compound,20240709_QE2_HILIC_BCSCuAOXq2d_blank1,37,Processed,T1,,Unknown,,B:A1,,,247770,6746871,12.11,-0.04,C6H6O6,M-H,N/A,N/A,N/A,N/A,173.0092,173.0093,.5352 (ppm),0,0,N/A,Method,True,False,N/A,N/A,N/A,,,Pass,N/A,N/A,N/A,N/A,Confirmed,N/A,N/A,N/A,N/A,,,,,,,,22.31,N/A,1308453.86,,
cis-aconitate,12.15,Target Compound,20240709_QE2_HILIC_BCSCuAOXq2d_blank1_20240710111342,38,Processed,T1,,Unknown,,B:A1,,,73314,807063,12.29,0.14,C6H6O6,M-H,N/A,N/A,N/A,N/A,173.0092,173.0094,1.4172 (ppm),0,0,N/A,Method,True,False,N/A,N/A,N/A,,,Pass,N/A,N/A,N/A,N/A,Confirmed,N/A,N/A,N/A,N/A,,,,,,,,26.09,N/A,1308453.86,,
cis-aconitate,12.15,Target Compound,20240709_QE2_HILIC_BCSCuAOXq2d_blank1_20240710231833,39,Processed,T1,,Unknown,,B:A1,,,N/F,N/F,N/F,N/F,C6H6O6,N/A,N/F,N/A,N/F,N/A,173.0092,N/F,N/F,N/F,0,N/A,Method,True,False,N/A,N/A,N/A,,,Fail,N/A,N/A,N/A,N/A,NotFound,N/A,N/A,N/A,N/A,,,,,,,,N/A,N/A,1308453.86,,
cis-aconitate,12.15,Target Compound,20240709_QE2_HILIC_BCSCuAOXq2d_blank2,40,Processed,T1,,Unknown,,B:A1,,,N/F,N/F,N/F,N/F,C6H6O6,N/A,N/F,N/A,N/F,N/A,173.0092,N/F,N/F,N/F,0,N/A,Method,True,False,N/A,N/A,N/A,,,Fail,N/A,N/A,N/A,N/A,NotFound,N/A,N/A,N/A,N/A,,,,,,,,N/A,N/A,1308453.86,,
cis-aconitate,12.15,Target Compound,20240709_QE2_HILIC_BCSCuAOXq2d_blank2_20240710115054,41,Processed,T1,,Unknown,,B:A1,,,30201,164857,12.21,0.06,C6H6O6,M-H,N/A,N/A,N/A,N/A,173.0092,173.0093,.7998 (ppm),0,0,N/A,Method,True,False,N/A,N/A,N/A,,,Pass,N/A,N/A,N/A,N/A,Confirmed,N/A,N/A,N/A,N/A,,,,,,,,INF,N/A,1308453.86,,
cis-aconitate,12.15,Target Compound,20240709_QE2_HILIC_BCSCuAOXq2d_blank2_20240710235116,42,Processed,T1,,Unknown,,B:A1,,,26370,131932,12.26,0.11,C6H6O6,M-H,N/A,N/A,N/A,N/A,173.0092,173.0093,.7998 (ppm),0,0,N/A,Method,True,False,N/A,N/A,N/A,,,Pass,N/A,N/A,N/A,N/A,Confirmed,N/A,N/A,N/A,N/A,,,,,,,,INF,N/A,1308453.86,,
