﻿Compound,RT,Type,Filename,Batch Order,Status,Peak Label,Group,Sample Type,Level,Sample ID,Sample Name,Comments,Height,Area,Actual RT,RT Delta,Formula,Adduct,Calculated Amt,Theoretical Amt,Sample Amt,Std Add Amount,m/z (Expected),m/z (Apex),m/z (Delta),Response Ratio,ISTD Amt,ISTD Response,Integration Mode,Active,Excluded,%Diff,%RSD,% CV,Channel,Final Units,PK,IR,IP,LS,FI,Confirm,Isotopic Pattern Score (%),Num Isotopes Matched,Lib Match Name,Library Score (%),Library Match Rank,SI/Dot Product,RSI/Rev Dot,Modification,Protein Name,Peptide Sequence,Ion Type,S/N,Ion Ratio,Group Average,Relative RT,Flag Details
Glycerophosphocholine,8.75,Target Compound,20240709_QE2_HILIC_BCSCuAOXq2d_AYW1130,1,Processed,T1,1V,Unknown,,B:A2,,,236127993,2956661550,8.83,0.08,C8H20NO6P,M+H,N/A,N/A,N/A,N/A,258.1101,258.1098,-1.2718 (ppm),0,0,N/A,Method,True,False,N/A,N/A,N/A,,,Pass,N/A,N/A,N/A,N/A,Confirmed,N/A,N/A,N/A,N/A,,,,,,,,26680.15,N/A,2609954025.27,,
Glycerophosphocholine,8.75,Target Compound,20240709_QE2_HILIC_BCSCuAOXq2d_AYW1131,2,Processed,T1,1V,Unknown,,B:A3,,,230384842,2682790649,8.81,0.06,C8H20NO6P,M+H,N/A,N/A,N/A,N/A,258.1101,258.1098,-1.1536 (ppm),0,0,N/A,Method,True,False,N/A,N/A,N/A,,,Pass,N/A,N/A,N/A,N/A,Confirmed,N/A,N/A,N/A,N/A,,,,,,,,22674.24,N/A,2609954025.27,,
Glycerophosphocholine,8.75,Target Compound,20240709_QE2_HILIC_BCSCuAOXq2d_AYW1132,3,Processed,T1,1V,Unknown,,B:A4,,,188839498,2190409877,8.83,0.08,C8H20NO6P,M+H,N/A,N/A,N/A,N/A,258.1101,258.1098,-1.2718 (ppm),0,0,N/A,Method,True,False,N/A,N/A,N/A,,,Pass,N/A,N/A,N/A,N/A,Confirmed,N/A,N/A,N/A,N/A,,,,,,,,18536.70,N/A,2609954025.27,,
Glycerophosphocholine,8.75,Target Compound,20240709_QE2_HILIC_BCSCuAOXq2d_AYW1133,4,Processed,T1,2B,Unknown,,B:A5,,,209373605,2525265462,8.79,0.04,C8H20NO6P,M+H,N/A,N/A,N/A,N/A,258.1101,258.1096,-1.8630 (ppm),0,0,N/A,Method,True,False,N/A,N/A,N/A,,,Pass,N/A,N/A,N/A,N/A,Confirmed,N/A,N/A,N/A,N/A,,,,,,,,38655.10,N/A,3320345426.42,,
Glycerophosphocholine,8.75,Target Compound,20240709_QE2_HILIC_BCSCuAOXq2d_AYW1134,5,Processed,T1,2B,Unknown,,B:A6,,,278066313,3245193954,8.83,0.08,C8H20NO6P,M+H,N/A,N/A,N/A,N/A,258.1101,258.1097,-1.6265 (ppm),0,0,N/A,Method,True,False,N/A,N/A,N/A,,,Pass,N/A,N/A,N/A,N/A,Confirmed,N/A,N/A,N/A,N/A,,,,,,,,59183.71,N/A,3320345426.42,,
Glycerophosphocholine,8.75,Target Compound,20240709_QE2_HILIC_BCSCuAOXq2d_AYW1135,6,Processed,T1,2B,Unknown,,B:A7,,,373588933,4190576863,8.83,0.08,C8H20NO6P,M+H,N/A,N/A,N/A,N/A,258.1101,258.1098,-1.2718 (ppm),0,0,N/A,Method,True,False,N/A,N/A,N/A,,,Pass,N/A,N/A,N/A,N/A,Confirmed,N/A,N/A,N/A,N/A,,,,,,,,36943.16,N/A,3320345426.42,,
Glycerophosphocholine,8.75,Target Compound,20240709_QE2_HILIC_BCSCuAOXq2d_AYW1136,7,Processed,T1,3C,Unknown,,B:A8,,,346694743,4059389626,8.81,0.06,C8H20NO6P,M+H,N/A,N/A,N/A,N/A,258.1101,258.1098,-1.2718 (ppm),0,0,N/A,Method,True,False,N/A,N/A,N/A,,,Pass,N/A,N/A,N/A,N/A,Confirmed,N/A,N/A,N/A,N/A,,,,,,,,70262.82,N/A,3174756900.86,,
Glycerophosphocholine,8.75,Target Compound,20240709_QE2_HILIC_BCSCuAOXq2d_AYW1137,8,Processed,T1,3C,Unknown,,B:A9,,,331624933,3754507593,8.83,0.08,C8H20NO6P,M+H,N/A,N/A,N/A,N/A,258.1101,258.1097,-1.6265 (ppm),0,0,N/A,Method,True,False,N/A,N/A,N/A,,,Pass,N/A,N/A,N/A,N/A,Confirmed,N/A,N/A,N/A,N/A,,,,,,,,73307.86,N/A,3174756900.86,,
Glycerophosphocholine,8.75,Target Compound,20240709_QE2_HILIC_BCSCuAOXq2d_AYW1138,9,Processed,T1,3C,Unknown,,B:B1,,,147241700,1710373484,8.8,0.05,C8H20NO6P,M+H,N/A,N/A,N/A,N/A,258.1101,258.1097,-1.6265 (ppm),0,0,N/A,Method,True,False,N/A,N/A,N/A,,,Pass,N/A,N/A,N/A,N/A,Confirmed,N/A,N/A,N/A,N/A,,,,,,,,25819.76,N/A,3174756900.86,,
Glycerophosphocholine,8.75,Target Compound,20240709_QE2_HILIC_BCSCuAOXq2d_AYW1139,10,Processed,T1,4BC,Unknown,,B:B2,,,257636511,2912354786,8.78,0.03,C8H20NO6P,M+H,N/A,N/A,N/A,N/A,258.1101,258.1098,-1.2718 (ppm),0,0,N/A,Method,True,False,N/A,N/A,N/A,,,Pass,N/A,N/A,N/A,N/A,Confirmed,N/A,N/A,N/A,N/A,,,,,,,,41986.28,N/A,2494562136.57,N/A,
Glycerophosphocholine,8.75,Target Compound,20240709_QE2_HILIC_BCSCuAOXq2d_AYW1140,11,Processed,T1,4BC,Unknown,,B:B3,,,199862046,2243184827,8.81,0.06,C8H20NO6P,M+H,N/A,N/A,N/A,N/A,258.1101,258.1097,-1.6265 (ppm),0,0,N/A,Method,True,False,N/A,N/A,N/A,,,Pass,N/A,N/A,N/A,N/A,Confirmed,N/A,N/A,N/A,N/A,,,,,,,,21217.44,N/A,2494562136.57,,
Glycerophosphocholine,8.75,Target Compound,20240709_QE2_HILIC_BCSCuAOXq2d_AYW1141,12,Processed,T1,4BC,Unknown,,B:B4,,,214536805,2328146797,8.84,0.09,C8H20NO6P,M+H,N/A,N/A,N/A,N/A,258.1101,258.1098,-1.2718 (ppm),0,0,N/A,Method,True,False,N/A,N/A,N/A,,,Pass,N/A,N/A,N/A,N/A,Confirmed,N/A,N/A,N/A,N/A,,,,,,,,31576.08,N/A,2494562136.57,,
Glycerophosphocholine,8.75,Target Compound,20240709_QE2_HILIC_BCSCuAOXq2d_AYW1142,13,Processed,T1,5RV,Unknown,,B:B5,,,176864918,2157358618,8.8,0.05,C8H20NO6P,M+H,N/A,N/A,N/A,N/A,258.1101,258.1098,-1.2718 (ppm),0,0,N/A,Method,True,False,N/A,N/A,N/A,,,Pass,N/A,N/A,N/A,N/A,Confirmed,N/A,N/A,N/A,N/A,,,,,,,,31747.01,N/A,2316290296.29,N/A,
Glycerophosphocholine,8.75,Target Compound,20240709_QE2_HILIC_BCSCuAOXq2d_AYW1143,14,Processed,T1,5RV,Unknown,,B:B6,,,234745572,2711827799,8.81,0.06,C8H20NO6P,M+H,N/A,N/A,N/A,N/A,258.1101,258.1098,-1.2718 (ppm),0,0,N/A,Method,True,False,N/A,N/A,N/A,,,Pass,N/A,N/A,N/A,N/A,Confirmed,N/A,N/A,N/A,N/A,,,,,,,,23033.97,N/A,2316290296.29,,
Glycerophosphocholine,8.75,Target Compound,20240709_QE2_HILIC_BCSCuAOXq2d_AYW1144,15,Processed,T1,5RV,Unknown,,B:B7,,,167791092,2079684472,8.81,0.06,C8H20NO6P,M+H,N/A,N/A,N/A,N/A,258.1101,258.1099,-.9171 (ppm),0,0,N/A,Method,True,False,N/A,N/A,N/A,,,Pass,N/A,N/A,N/A,N/A,Confirmed,N/A,N/A,N/A,N/A,,,,,,,,26413.64,N/A,2316290296.29,,
Glycerophosphocholine,8.75,Target Compound,20240709_QE2_HILIC_BCSCuAOXq2d_AYW1145,16,Processed,T1,6RB,Unknown,,B:B8,,,153756162,1801809358,8.83,0.08,C8H20NO6P,M+H,N/A,N/A,N/A,N/A,258.1101,258.1099,-.9171 (ppm),0,0,N/A,Method,True,False,N/A,N/A,N/A,,,Pass,N/A,N/A,N/A,N/A,Confirmed,N/A,N/A,N/A,N/A,,,,,,,,38663.16,N/A,1492834039.05,,
Glycerophosphocholine,8.75,Target Compound,20240709_QE2_HILIC_BCSCuAOXq2d_AYW1146,17,Processed,T1,6RB,Unknown,,B:B9,,,99838231,1175352735,8.83,0.08,C8H20NO6P,M+H,N/A,N/A,N/A,N/A,258.1101,258.1099,-.7989 (ppm),0,0,N/A,Method,True,False,N/A,N/A,N/A,,,Pass,N/A,N/A,N/A,N/A,Confirmed,N/A,N/A,N/A,N/A,,,,,,,,23670.35,N/A,1492834039.05,,
Glycerophosphocholine,8.75,Target Compound,20240709_QE2_HILIC_BCSCuAOXq2d_AYW1147,18,Processed,T1,6RB,Unknown,,B:C1,,,130475399,1501340023,8.8,0.05,C8H20NO6P,M+H,N/A,N/A,N/A,N/A,258.1101,258.1099,-.9171 (ppm),0,0,N/A,Method,True,False,N/A,N/A,N/A,,,Pass,N/A,N/A,N/A,N/A,Confirmed,N/A,N/A,N/A,N/A,,,,,,,,44998.86,N/A,1492834039.05,,
Glycerophosphocholine,8.75,Target Compound,20240709_QE2_HILIC_BCSCuAOXq2d_AYW1148,19,Processed,T1,7RV,Unknown,,B:C2,,,182552058,2167255709,8.8,0.05,C8H20NO6P,M+H,N/A,N/A,N/A,N/A,258.1101,258.1097,-1.6265 (ppm),0,0,N/A,Method,True,False,N/A,N/A,N/A,,,Pass,N/A,N/A,N/A,N/A,Confirmed,N/A,N/A,N/A,N/A,,,,,,,,27959.09,N/A,2180724123.21,,
Glycerophosphocholine,8.75,Target Compound,20240709_QE2_HILIC_BCSCuAOXq2d_AYW1149,20,Processed,T1,7RV,Unknown,,B:C3,,,189312595,2080721615,8.82,0.07,C8H20NO6P,M+H,N/A,N/A,N/A,N/A,258.1101,258.1097,-1.3901 (ppm),0,0,N/A,Method,True,False,N/A,N/A,N/A,,,Pass,N/A,N/A,N/A,N/A,Confirmed,N/A,N/A,N/A,N/A,,,,,,,,19820.12,N/A,2180724123.21,,
Glycerophosphocholine,8.75,Target Compound,20240709_QE2_HILIC_BCSCuAOXq2d_AYW1150,21,Processed,T1,7RV,Unknown,,B:C4,,,195193872,2294195045,8.81,0.06,C8H20NO6P,M+H,N/A,N/A,N/A,N/A,258.1101,258.1097,-1.3901 (ppm),0,0,N/A,Method,True,False,N/A,N/A,N/A,,,Pass,N/A,N/A,N/A,N/A,Confirmed,N/A,N/A,N/A,N/A,,,,,,,,37070.40,N/A,2180724123.21,,
Glycerophosphocholine,8.75,Target Compound,20240709_QE2_HILIC_BCSCuAOXq2d_AYW1151,22,Processed,T1,8RB,Unknown,,B:C5,,,249027268,2723048488,8.83,0.08,C8H20NO6P,M+H,N/A,N/A,N/A,N/A,258.1101,258.1099,-.7989 (ppm),0,0,N/A,Method,True,False,N/A,N/A,N/A,,,Pass,N/A,N/A,N/A,N/A,Confirmed,N/A,N/A,N/A,N/A,,,,,,,,71324.01,N/A,2280721944.31,,
Glycerophosphocholine,8.75,Target Compound,20240709_QE2_HILIC_BCSCuAOXq2d_AYW1152,23,Processed,T1,8RB,Unknown,,B:C6,,,139349613,1640333720,8.8,0.05,C8H20NO6P,M+H,N/A,N/A,N/A,N/A,258.1101,258.1097,-1.3901 (ppm),0,0,N/A,Method,True,False,N/A,N/A,N/A,,,Pass,N/A,N/A,N/A,N/A,Confirmed,N/A,N/A,N/A,N/A,,,,,,,,24994.88,N/A,2280721944.31,,
Glycerophosphocholine,8.75,Target Compound,20240709_QE2_HILIC_BCSCuAOXq2d_AYW1153,24,Processed,T1,8RB,Unknown,,B:C7,,,213165446,2478783625,8.83,0.08,C8H20NO6P,M+H,N/A,N/A,N/A,N/A,258.1101,258.1096,-1.8630 (ppm),0,0,N/A,Method,True,False,N/A,N/A,N/A,,,Pass,N/A,N/A,N/A,N/A,Confirmed,N/A,N/A,N/A,N/A,,,,,,,,16474.12,N/A,2280721944.31,,
Glycerophosphocholine,8.75,Target Compound,20240709_QE2_HILIC_BCSCuAOXq2d_AYW1154_pool1xa,25,Processed,T1,pool1x,Unknown,,B:C8,,,238991668,2770304588,8.83,0.08,C8H20NO6P,M+H,N/A,N/A,N/A,N/A,258.1101,258.1097,-1.5083 (ppm),0,0,N/A,Method,True,False,N/A,N/A,N/A,,,Pass,N/A,N/A,N/A,N/A,Confirmed,N/A,N/A,N/A,N/A,,,,,,,,69481.80,N/A,2432873567.85,,
Glycerophosphocholine,8.75,Target Compound,20240709_QE2_HILIC_BCSCuAOXq2d_AYW1154_pool1xb,26,Processed,T1,pool1x,Unknown,,B:C8,,,203125627,2234669263,8.82,0.07,C8H20NO6P,M+H,N/A,N/A,N/A,N/A,258.1101,258.1096,-1.9812 (ppm),0,0,N/A,Method,True,False,N/A,N/A,N/A,,,Pass,N/A,N/A,N/A,N/A,Confirmed,N/A,N/A,N/A,N/A,,,,,,,,45113.47,N/A,2432873567.85,,
Glycerophosphocholine,8.75,Target Compound,20240709_QE2_HILIC_BCSCuAOXq2d_AYW1154_pool1xc,27,Processed,T1,pool1x,Unknown,,B:C8,,,197122250,2310619012,8.82,0.07,C8H20NO6P,M+H,N/A,N/A,N/A,N/A,258.1101,258.1099,-.9171 (ppm),0,0,N/A,Method,True,False,N/A,N/A,N/A,,,Pass,N/A,N/A,N/A,N/A,Confirmed,N/A,N/A,N/A,N/A,,,,,,,,36850.81,N/A,2432873567.85,,
Glycerophosphocholine,8.75,Target Compound,20240709_QE2_HILIC_BCSCuAOXq2d_AYW1154_pool1xd,28,Processed,T1,pool1x,Unknown,,B:C8,,,205946041,2415901409,8.8,0.05,C8H20NO6P,M+H,N/A,N/A,N/A,N/A,258.1101,258.1096,-1.8630 (ppm),0,0,N/A,Method,True,False,N/A,N/A,N/A,,,Pass,N/A,N/A,N/A,N/A,Confirmed,N/A,N/A,N/A,N/A,,,,,,,,27032.27,N/A,2432873567.85,,
Glycerophosphocholine,8.75,Target Compound,20240709_QE2_HILIC_BCSCuAOXq2d_AYW1155_pool033xa,29,Processed,T1,pool033x,Unknown,,B:C9,,,80919932,938045386,8.84,0.09,C8H20NO6P,M+H,N/A,N/A,N/A,N/A,258.1101,258.1098,-1.1536 (ppm),0,0,N/A,Method,True,False,N/A,N/A,N/A,,,Pass,N/A,N/A,N/A,N/A,Confirmed,N/A,N/A,N/A,N/A,,,,,,,,INF,N/A,744196898.96,,
Glycerophosphocholine,8.75,Target Compound,20240709_QE2_HILIC_BCSCuAOXq2d_AYW1155_pool033xb,30,Processed,T1,pool033x,Unknown,,B:C9,,,66169046,784059390,8.81,0.06,C8H20NO6P,M+H,N/A,N/A,N/A,N/A,258.1101,258.1097,-1.5083 (ppm),0,0,N/A,Method,True,False,N/A,N/A,N/A,,,Pass,N/A,N/A,N/A,N/A,Confirmed,N/A,N/A,N/A,N/A,,,,,,,,112692.92,N/A,744196898.96,,
Glycerophosphocholine,8.75,Target Compound,20240709_QE2_HILIC_BCSCuAOXq2d_AYW1155_pool033xc,31,Processed,T1,pool033x,Unknown,,B:C9,,,45430062,554522452,8.8,0.05,C8H20NO6P,M+H,N/A,N/A,N/A,N/A,258.1101,258.1099,-.6807 (ppm),0,0,N/A,Method,True,False,N/A,N/A,N/A,,,Pass,N/A,N/A,N/A,N/A,Confirmed,N/A,N/A,N/A,N/A,,,,,,,,INF,N/A,744196898.96,,
Glycerophosphocholine,8.75,Target Compound,20240709_QE2_HILIC_BCSCuAOXq2d_AYW1155_pool033xd,32,Processed,T1,pool033x,Unknown,,B:C9,,,55877595,700160368,8.81,0.06,C8H20NO6P,M+H,N/A,N/A,N/A,N/A,258.1101,258.1099,-.9171 (ppm),0,0,N/A,Method,True,False,N/A,N/A,N/A,,,Pass,N/A,N/A,N/A,N/A,Confirmed,N/A,N/A,N/A,N/A,,,,,,,,23537.76,N/A,744196898.96,,
Glycerophosphocholine,8.75,Target Compound,20240709_QE2_HILIC_BCSCuAOXq2d_AYW1156_pool01xa,33,Processed,T1,pool01x,Unknown,,B:D1,,,14440482,176764064,8.83,0.08,C8H20NO6P,M+H,N/A,N/A,N/A,N/A,258.1101,258.1098,-1.2718 (ppm),0,0,N/A,Method,True,False,N/A,N/A,N/A,,,Pass,N/A,N/A,N/A,N/A,Confirmed,N/A,N/A,N/A,N/A,,,,,,,,6016.41,N/A,157428251.93,,
Glycerophosphocholine,8.75,Target Compound,20240709_QE2_HILIC_BCSCuAOXq2d_AYW1156_pool01xb,34,Processed,T1,pool01x,Unknown,,B:D1,,,15405163,187778252,8.82,0.07,C8H20NO6P,M+H,N/A,N/A,N/A,N/A,258.1101,258.1097,-1.5083 (ppm),0,0,N/A,Method,True,False,N/A,N/A,N/A,,,Pass,N/A,N/A,N/A,N/A,Confirmed,N/A,N/A,N/A,N/A,,,,,,,,24298.52,N/A,157428251.93,,
Glycerophosphocholine,8.75,Target Compound,20240709_QE2_HILIC_BCSCuAOXq2d_AYW1156_pool01xc,35,Processed,T1,pool01x,Unknown,,B:D1,,,9985570,119768585,8.81,0.06,C8H20NO6P,M+H,N/A,N/A,N/A,N/A,258.1101,258.11,-.2077 (ppm),0,0,N/A,Method,True,False,N/A,N/A,N/A,,,Pass,N/A,N/A,N/A,N/A,Confirmed,N/A,N/A,N/A,N/A,,,,,,,,INF,N/A,157428251.93,,
Glycerophosphocholine,8.75,Target Compound,20240709_QE2_HILIC_BCSCuAOXq2d_AYW1156_pool01xd,36,Processed,T1,pool01x,Unknown,,B:D1,,,12790217,145402107,8.81,0.06,C8H20NO6P,M+H,N/A,N/A,N/A,N/A,258.1101,258.1097,-1.3901 (ppm),0,0,N/A,Method,True,False,N/A,N/A,N/A,,,Pass,N/A,N/A,N/A,N/A,Confirmed,N/A,N/A,N/A,N/A,,,,,,,,172183.83,N/A,157428251.93,,
Glycerophosphocholine,8.75,Target Compound,20240709_QE2_HILIC_BCSCuAOXq2d_blank1,37,Processed,T1,,Unknown,,B:A1,,,852532,6983391,9.01,0.26,C8H20NO6P,M+H,N/A,N/A,N/A,N/A,258.1101,258.1099,-.6807 (ppm),0,0,N/A,Method,True,False,N/A,N/A,N/A,,,Pass,N/A,N/A,N/A,N/A,Confirmed,N/A,N/A,N/A,N/A,,,,,,,,INF,N/A,3047044.52,,
Glycerophosphocholine,8.75,Target Compound,20240709_QE2_HILIC_BCSCuAOXq2d_blank1_20240710111342,38,Processed,T1,,Unknown,,B:A1,,,280208,2760648,9.06,0.31,C8H20NO6P,M+H,N/A,N/A,N/A,N/A,258.1101,258.1099,-.6807 (ppm),0,0,N/A,Method,True,False,N/A,N/A,N/A,,,Pass,N/A,N/A,N/A,N/A,Confirmed,N/A,N/A,N/A,N/A,,,,,,,,129.97,N/A,3047044.52,,
Glycerophosphocholine,8.75,Target Compound,20240709_QE2_HILIC_BCSCuAOXq2d_blank1_20240710231833,39,Processed,T1,,Unknown,,B:A1,,,58902,435608,8.8,0.05,C8H20NO6P,M+H,N/A,N/A,N/A,N/A,258.1101,258.1096,-1.8630 (ppm),0,0,N/A,Method,True,False,N/A,N/A,N/A,,,Pass,N/A,N/A,N/A,N/A,Confirmed,N/A,N/A,N/A,N/A,,,,,,,,14.36,N/A,3047044.52,,
Glycerophosphocholine,8.75,Target Compound,20240709_QE2_HILIC_BCSCuAOXq2d_blank2,40,Processed,T1,,Unknown,,B:A1,,,608359,6154564,8.82,0.07,C8H20NO6P,M+H,N/A,N/A,N/A,N/A,258.1101,258.1099,-.7989 (ppm),0,0,N/A,Method,True,False,N/A,N/A,N/A,,,Pass,N/A,N/A,N/A,N/A,Confirmed,N/A,N/A,N/A,N/A,,,,,,,,INF,N/A,3047044.52,,
Glycerophosphocholine,8.75,Target Compound,20240709_QE2_HILIC_BCSCuAOXq2d_blank2_20240710115054,41,Processed,T1,,Unknown,,B:A1,,,115901,1024787,8.8,0.05,C8H20NO6P,M+H,N/A,N/A,N/A,N/A,258.1101,258.1101,-.0895 (ppm),0,0,N/A,Method,True,False,N/A,N/A,N/A,,,Pass,N/A,N/A,N/A,N/A,Confirmed,N/A,N/A,N/A,N/A,,,,,,,,98.17,N/A,3047044.52,,
Glycerophosphocholine,8.75,Target Compound,20240709_QE2_HILIC_BCSCuAOXq2d_blank2_20240710235116,42,Processed,T1,,Unknown,,B:A1,,,105257,923269,8.8,0.05,C8H20NO6P,M+H,N/A,N/A,N/A,N/A,258.1101,258.1096,-1.7448 (ppm),0,0,N/A,Method,True,False,N/A,N/A,N/A,,,Pass,N/A,N/A,N/A,N/A,Confirmed,N/A,N/A,N/A,N/A,,,,,,,,42.86,N/A,3047044.52,,
