﻿Compound,RT,Type,Filename,Batch Order,Status,Peak Label,Group,Sample Type,Level,Sample ID,Sample Name,Comments,Height,Area,Actual RT,RT Delta,Formula,Adduct,Calculated Amt,Theoretical Amt,Sample Amt,Std Add Amount,m/z (Expected),m/z (Apex),m/z (Delta),Response Ratio,ISTD Amt,ISTD Response,Integration Mode,Active,Excluded,%Diff,%RSD,% CV,Channel,Final Units,PK,IR,IP,LS,FI,Confirm,Isotopic Pattern Score (%),Num Isotopes Matched,Lib Match Name,Library Score (%),Library Match Rank,SI/Dot Product,RSI/Rev Dot,Modification,Protein Name,Peptide Sequence,Ion Type,S/N,Ion Ratio,Group Average,Relative RT,Flag Details
L-LEUCINE_13C6,6,Target Compound,20240709_QE2_HILIC_BCSCuAOXq2d_AYW1130,1,Processed,T1,1V,Unknown,,B:A2,,,142915,3182213,6.08,0.08,"[13]C6H13NO2 ",M+H,N/A,N/A,N/A,N/A,138.122,138.1221,.5128 (ppm),0,0,N/A,Method,True,False,N/A,N/A,N/A,,,Pass,N/A,N/A,N/A,N/A,Confirmed,N/A,N/A,N/A,N/A,,,,,,,,INF,N/A,3298677.08,,
L-LEUCINE_13C6,6,Target Compound,20240709_QE2_HILIC_BCSCuAOXq2d_AYW1131,2,Processed,T1,1V,Unknown,,B:A3,,,220913,3676991,6.08,0.08,"[13]C6H13NO2 ",M+H,N/A,N/A,N/A,N/A,138.122,138.1221,.4023 (ppm),0,0,N/A,Method,True,False,N/A,N/A,N/A,,,Pass,N/A,N/A,N/A,N/A,Confirmed,N/A,N/A,N/A,N/A,,,,,,,,INF,N/A,3298677.08,,
L-LEUCINE_13C6,6,Target Compound,20240709_QE2_HILIC_BCSCuAOXq2d_AYW1132,3,Processed,T1,1V,Unknown,,B:A4,,,185569,3036827,6.02,0.02,"[13]C6H13NO2 ",M+H,N/A,N/A,N/A,N/A,138.122,138.122,-.2605 (ppm),0,0,N/A,Method,True,False,N/A,N/A,N/A,,,Pass,N/A,N/A,N/A,N/A,Confirmed,N/A,N/A,N/A,N/A,,,,,,,,INF,N/A,3298677.08,,
L-LEUCINE_13C6,6,Target Compound,20240709_QE2_HILIC_BCSCuAOXq2d_AYW1133,4,Processed,T1,2B,Unknown,,B:A5,,,169410,3161884,6.06,0.06,"[13]C6H13NO2 ",M+H,N/A,N/A,N/A,N/A,138.122,138.1222,1.0652 (ppm),0,0,N/A,Method,True,False,N/A,N/A,N/A,,,Pass,N/A,N/A,N/A,N/A,Confirmed,N/A,N/A,N/A,N/A,,,,,,,,INF,N/A,3595321.33,,
L-LEUCINE_13C6,6,Target Compound,20240709_QE2_HILIC_BCSCuAOXq2d_AYW1134,5,Processed,T1,2B,Unknown,,B:A6,,,223596,3842668,6.06,0.06,"[13]C6H13NO2 ",M+H,N/A,N/A,N/A,N/A,138.122,138.1221,.8442 (ppm),0,0,N/A,Method,True,False,N/A,N/A,N/A,,,Pass,N/A,N/A,N/A,N/A,Confirmed,N/A,N/A,N/A,N/A,,,,,,,,INF,N/A,3595321.33,,
L-LEUCINE_13C6,6,Target Compound,20240709_QE2_HILIC_BCSCuAOXq2d_AYW1135,6,Processed,T1,2B,Unknown,,B:A7,,,228144,3781412,6.06,0.06,"[13]C6H13NO2 ",M+H,N/A,N/A,N/A,N/A,138.122,138.1221,.6233 (ppm),0,0,N/A,Method,True,False,N/A,N/A,N/A,,,Pass,N/A,N/A,N/A,N/A,Confirmed,N/A,N/A,N/A,N/A,,,,,,,,INF,N/A,3595321.33,,
L-LEUCINE_13C6,6,Target Compound,20240709_QE2_HILIC_BCSCuAOXq2d_AYW1136,7,Processed,T1,3C,Unknown,,B:A8,,,217921,3975487,6.04,0.04,"[13]C6H13NO2 ",M+H,N/A,N/A,N/A,N/A,138.122,138.1222,.9547 (ppm),0,0,N/A,Method,True,False,N/A,N/A,N/A,,,Pass,N/A,N/A,N/A,N/A,Confirmed,N/A,N/A,N/A,N/A,,,,,,,,INF,N/A,3571992.82,,
L-LEUCINE_13C6,6,Target Compound,20240709_QE2_HILIC_BCSCuAOXq2d_AYW1137,8,Processed,T1,3C,Unknown,,B:A9,,,229069,4251307,6.11,0.11,"[13]C6H13NO2 ",M+H,N/A,N/A,N/A,N/A,138.122,138.1221,.4023 (ppm),0,0,N/A,Method,True,False,N/A,N/A,N/A,,,Pass,N/A,N/A,N/A,N/A,Confirmed,N/A,N/A,N/A,N/A,,,,,,,,INF,N/A,3571992.82,,
L-LEUCINE_13C6,6,Target Compound,20240709_QE2_HILIC_BCSCuAOXq2d_AYW1138,9,Processed,T1,3C,Unknown,,B:B1,,,145782,2489184,6.1,0.10,"[13]C6H13NO2 ",M+H,N/A,N/A,N/A,N/A,138.122,138.1221,.1814 (ppm),0,0,N/A,Method,True,False,N/A,N/A,N/A,,,Pass,N/A,N/A,N/A,N/A,Confirmed,N/A,N/A,N/A,N/A,,,,,,,,INF,N/A,3571992.82,,
L-LEUCINE_13C6,6,Target Compound,20240709_QE2_HILIC_BCSCuAOXq2d_AYW1139,10,Processed,T1,4BC,Unknown,,B:B2,,,167155,3506497,6.1,0.10,"[13]C6H13NO2 ",M+H,N/A,N/A,N/A,N/A,138.122,138.1221,.2919 (ppm),0,0,N/A,Method,True,False,N/A,N/A,N/A,,,Pass,N/A,N/A,N/A,N/A,Confirmed,N/A,N/A,N/A,N/A,,,,,,,,INF,N/A,3728340.90,N/A,
L-LEUCINE_13C6,6,Target Compound,20240709_QE2_HILIC_BCSCuAOXq2d_AYW1140,11,Processed,T1,4BC,Unknown,,B:B3,,,164861,2996712,6.07,0.07,"[13]C6H13NO2 ",M+H,N/A,N/A,N/A,N/A,138.122,138.1221,.1814 (ppm),0,0,N/A,Method,True,False,N/A,N/A,N/A,,,Pass,N/A,N/A,N/A,N/A,Confirmed,N/A,N/A,N/A,N/A,,,,,,,,INF,N/A,3728340.90,,
L-LEUCINE_13C6,6,Target Compound,20240709_QE2_HILIC_BCSCuAOXq2d_AYW1141,12,Processed,T1,4BC,Unknown,,B:B4,,,261754,4681814,6.09,0.09,"[13]C6H13NO2 ",M+H,N/A,N/A,N/A,N/A,138.122,138.1221,.5128 (ppm),0,0,N/A,Method,True,False,N/A,N/A,N/A,,,Pass,N/A,N/A,N/A,N/A,Confirmed,N/A,N/A,N/A,N/A,,,,,,,,INF,N/A,3728340.90,,
L-LEUCINE_13C6,6,Target Compound,20240709_QE2_HILIC_BCSCuAOXq2d_AYW1142,13,Processed,T1,5RV,Unknown,,B:B5,,,181096,2715102,6.09,0.09,"[13]C6H13NO2 ",M+H,N/A,N/A,N/A,N/A,138.122,138.1221,.4023 (ppm),0,0,N/A,Method,True,False,N/A,N/A,N/A,,,Pass,N/A,N/A,N/A,N/A,Confirmed,N/A,N/A,N/A,N/A,,,,,,,,INF,N/A,3269803.03,N/A,
L-LEUCINE_13C6,6,Target Compound,20240709_QE2_HILIC_BCSCuAOXq2d_AYW1143,14,Processed,T1,5RV,Unknown,,B:B6,,,226666,3969767,6.09,0.09,"[13]C6H13NO2 ",M+H,N/A,N/A,N/A,N/A,138.122,138.1221,.6233 (ppm),0,0,N/A,Method,True,False,N/A,N/A,N/A,,,Pass,N/A,N/A,N/A,N/A,Confirmed,N/A,N/A,N/A,N/A,,,,,,,,INF,N/A,3269803.03,,
L-LEUCINE_13C6,6,Target Compound,20240709_QE2_HILIC_BCSCuAOXq2d_AYW1144,15,Processed,T1,5RV,Unknown,,B:B7,,,150476,3124540,6.05,0.05,"[13]C6H13NO2 ",M+H,N/A,N/A,N/A,N/A,138.122,138.1221,.4023 (ppm),0,0,N/A,Method,True,False,N/A,N/A,N/A,,,Pass,N/A,N/A,N/A,N/A,Confirmed,N/A,N/A,N/A,N/A,,,,,,,,INF,N/A,3269803.03,,
L-LEUCINE_13C6,6,Target Compound,20240709_QE2_HILIC_BCSCuAOXq2d_AYW1145,16,Processed,T1,6RB,Unknown,,B:B8,,,169836,3017496,6.05,0.05,"[13]C6H13NO2 ",M+H,N/A,N/A,N/A,N/A,138.122,138.1221,.2919 (ppm),0,0,N/A,Method,True,False,N/A,N/A,N/A,,,Pass,N/A,N/A,N/A,N/A,Confirmed,N/A,N/A,N/A,N/A,,,,,,,,INF,N/A,2887416.30,,
L-LEUCINE_13C6,6,Target Compound,20240709_QE2_HILIC_BCSCuAOXq2d_AYW1146,17,Processed,T1,6RB,Unknown,,B:B9,,,151029,2836902,6.08,0.08,"[13]C6H13NO2 ",M+H,N/A,N/A,N/A,N/A,138.122,138.1221,.1814 (ppm),0,0,N/A,Method,True,False,N/A,N/A,N/A,,,Pass,N/A,N/A,N/A,N/A,Confirmed,N/A,N/A,N/A,N/A,,,,,,,,INF,N/A,2887416.30,,
L-LEUCINE_13C6,6,Target Compound,20240709_QE2_HILIC_BCSCuAOXq2d_AYW1147,18,Processed,T1,6RB,Unknown,,B:C1,,,151076,2807851,6.06,0.06,"[13]C6H13NO2 ",M+H,N/A,N/A,N/A,N/A,138.122,138.122,-.1500 (ppm),0,0,N/A,Method,True,False,N/A,N/A,N/A,,,Pass,N/A,N/A,N/A,N/A,Confirmed,N/A,N/A,N/A,N/A,,,,,,,,INF,N/A,2887416.30,,
L-LEUCINE_13C6,6,Target Compound,20240709_QE2_HILIC_BCSCuAOXq2d_AYW1148,19,Processed,T1,7RV,Unknown,,B:C2,,,125553,2186348,6.04,0.04,"[13]C6H13NO2 ",M+H,N/A,N/A,N/A,N/A,138.122,138.1221,.4023 (ppm),0,0,N/A,Method,True,False,N/A,N/A,N/A,,,Pass,N/A,N/A,N/A,N/A,Confirmed,N/A,N/A,N/A,N/A,,,,,,,,INF,N/A,3228818.54,,
L-LEUCINE_13C6,6,Target Compound,20240709_QE2_HILIC_BCSCuAOXq2d_AYW1149,20,Processed,T1,7RV,Unknown,,B:C3,,,201994,3421826,6.09,0.09,"[13]C6H13NO2 ",M+H,N/A,N/A,N/A,N/A,138.122,138.1221,.8442 (ppm),0,0,N/A,Method,True,False,N/A,N/A,N/A,,,Pass,N/A,N/A,N/A,N/A,Confirmed,N/A,N/A,N/A,N/A,,,,,,,,INF,N/A,3228818.54,,
L-LEUCINE_13C6,6,Target Compound,20240709_QE2_HILIC_BCSCuAOXq2d_AYW1150,21,Processed,T1,7RV,Unknown,,B:C4,,,232771,4078282,6.04,0.04,"[13]C6H13NO2 ",M+H,N/A,N/A,N/A,N/A,138.122,138.1221,.4023 (ppm),0,0,N/A,Method,True,False,N/A,N/A,N/A,,,Pass,N/A,N/A,N/A,N/A,Confirmed,N/A,N/A,N/A,N/A,,,,,,,,INF,N/A,3228818.54,,
L-LEUCINE_13C6,6,Target Compound,20240709_QE2_HILIC_BCSCuAOXq2d_AYW1151,22,Processed,T1,8RB,Unknown,,B:C5,,,234157,4107547,6.12,0.12,"[13]C6H13NO2 ",M+H,N/A,N/A,N/A,N/A,138.122,138.1221,.7338 (ppm),0,0,N/A,Method,True,False,N/A,N/A,N/A,,,Pass,N/A,N/A,N/A,N/A,Confirmed,N/A,N/A,N/A,N/A,,,,,,,,INF,N/A,3629368.29,,
L-LEUCINE_13C6,6,Target Compound,20240709_QE2_HILIC_BCSCuAOXq2d_AYW1152,23,Processed,T1,8RB,Unknown,,B:C6,,,136353,2247786,6.09,0.09,"[13]C6H13NO2 ",M+H,N/A,N/A,N/A,N/A,138.122,138.1221,.4023 (ppm),0,0,N/A,Method,True,False,N/A,N/A,N/A,,,Pass,N/A,N/A,N/A,N/A,Confirmed,N/A,N/A,N/A,N/A,,,,,,,,INF,N/A,3629368.29,,
L-LEUCINE_13C6,6,Target Compound,20240709_QE2_HILIC_BCSCuAOXq2d_AYW1153,24,Processed,T1,8RB,Unknown,,B:C7,,,240461,4532772,6.06,0.06,"[13]C6H13NO2 ",M+H,N/A,N/A,N/A,N/A,138.122,138.122,.0709 (ppm),0,0,N/A,Method,True,False,N/A,N/A,N/A,,,Pass,N/A,N/A,N/A,N/A,Confirmed,N/A,N/A,N/A,N/A,,,,,,,,INF,N/A,3629368.29,,
L-LEUCINE_13C6,6,Target Compound,20240709_QE2_HILIC_BCSCuAOXq2d_AYW1154_pool1xa,25,Processed,T1,pool1x,Unknown,,B:C8,,,182791,3273183,6.08,0.08,"[13]C6H13NO2 ",M+H,N/A,N/A,N/A,N/A,138.122,138.1221,.6233 (ppm),0,0,N/A,Method,True,False,N/A,N/A,N/A,,,Pass,N/A,N/A,N/A,N/A,Confirmed,N/A,N/A,N/A,N/A,,,,,,,,INF,N/A,3290636.45,,
L-LEUCINE_13C6,6,Target Compound,20240709_QE2_HILIC_BCSCuAOXq2d_AYW1154_pool1xb,26,Processed,T1,pool1x,Unknown,,B:C8,,,201955,3819391,6.05,0.05,"[13]C6H13NO2 ",M+H,N/A,N/A,N/A,N/A,138.122,138.122,-.1500 (ppm),0,0,N/A,Method,True,False,N/A,N/A,N/A,,,Pass,N/A,N/A,N/A,N/A,Confirmed,N/A,N/A,N/A,N/A,,,,,,,,INF,N/A,3290636.45,,
L-LEUCINE_13C6,6,Target Compound,20240709_QE2_HILIC_BCSCuAOXq2d_AYW1154_pool1xc,27,Processed,T1,pool1x,Unknown,,B:C8,,,210001,3919885,6.08,0.08,"[13]C6H13NO2 ",M+H,N/A,N/A,N/A,N/A,138.122,138.1221,.6233 (ppm),0,0,N/A,Method,True,False,N/A,N/A,N/A,,,Pass,N/A,N/A,N/A,N/A,Confirmed,N/A,N/A,N/A,N/A,,,,,,,,INF,N/A,3290636.45,,
L-LEUCINE_13C6,6,Target Compound,20240709_QE2_HILIC_BCSCuAOXq2d_AYW1154_pool1xd,28,Processed,T1,pool1x,Unknown,,B:C8,,,134076,2150087,6.07,0.07,"[13]C6H13NO2 ",M+H,N/A,N/A,N/A,N/A,138.122,138.122,-.0396 (ppm),0,0,N/A,Method,True,False,N/A,N/A,N/A,,,Pass,N/A,N/A,N/A,N/A,Confirmed,N/A,N/A,N/A,N/A,,,,,,,,INF,N/A,3290636.45,,
L-LEUCINE_13C6,6,Target Compound,20240709_QE2_HILIC_BCSCuAOXq2d_AYW1155_pool033xa,29,Processed,T1,pool033x,Unknown,,B:C9,,,62649,1070597,6.08,0.08,"[13]C6H13NO2 ",M+H,N/A,N/A,N/A,N/A,138.122,138.1221,.8442 (ppm),0,0,N/A,Method,True,False,N/A,N/A,N/A,,,Pass,N/A,N/A,N/A,N/A,Confirmed,N/A,N/A,N/A,N/A,,,,,,,,INF,N/A,1132784.69,,
L-LEUCINE_13C6,6,Target Compound,20240709_QE2_HILIC_BCSCuAOXq2d_AYW1155_pool033xb,30,Processed,T1,pool033x,Unknown,,B:C9,,,62907,1346333,6,0.00,"[13]C6H13NO2 ",M+H,N/A,N/A,N/A,N/A,138.122,138.122,-.2605 (ppm),0,0,N/A,Method,True,False,N/A,N/A,N/A,,,Pass,N/A,N/A,N/A,N/A,Confirmed,N/A,N/A,N/A,N/A,,,,,,,,INF,N/A,1132784.69,,
L-LEUCINE_13C6,6,Target Compound,20240709_QE2_HILIC_BCSCuAOXq2d_AYW1155_pool033xc,31,Processed,T1,pool033x,Unknown,,B:C9,,,60127,1252815,6.05,0.05,"[13]C6H13NO2 ",M+H,N/A,N/A,N/A,N/A,138.122,138.1223,1.6175 (ppm),0,0,N/A,Method,True,False,N/A,N/A,N/A,,,Pass,N/A,N/A,N/A,N/A,Confirmed,N/A,N/A,N/A,N/A,,,,,,,,INF,N/A,1132784.69,,
L-LEUCINE_13C6,6,Target Compound,20240709_QE2_HILIC_BCSCuAOXq2d_AYW1155_pool033xd,32,Processed,T1,pool033x,Unknown,,B:C9,,,50610,861394,5.97,-0.03,"[13]C6H13NO2 ",M+H,N/A,N/A,N/A,N/A,138.122,138.1222,1.1756 (ppm),0,0,N/A,Method,True,False,N/A,N/A,N/A,,,Pass,N/A,N/A,N/A,N/A,Confirmed,N/A,N/A,N/A,N/A,,,,,,,,INF,N/A,1132784.69,,
L-LEUCINE_13C6,6,Target Compound,20240709_QE2_HILIC_BCSCuAOXq2d_AYW1156_pool01xa,33,Processed,T1,pool01x,Unknown,,B:D1,,,26363,225210,6.06,0.06,"[13]C6H13NO2 ",M+H,N/A,N/A,N/A,N/A,138.122,138.1223,1.9490 (ppm),0,0,N/A,Method,True,False,N/A,N/A,N/A,,,Pass,N/A,N/A,N/A,N/A,Confirmed,N/A,N/A,N/A,N/A,,,,,,,,INF,N/A,234818.82,,
L-LEUCINE_13C6,6,Target Compound,20240709_QE2_HILIC_BCSCuAOXq2d_AYW1156_pool01xb,34,Processed,T1,pool01x,Unknown,,B:D1,,,23960,317040,6.03,0.03,"[13]C6H13NO2 ",M+H,N/A,N/A,N/A,N/A,138.122,138.122,-.4815 (ppm),0,0,N/A,Method,True,False,N/A,N/A,N/A,,,Pass,N/A,N/A,N/A,N/A,Confirmed,N/A,N/A,N/A,N/A,,,,,,,,INF,N/A,234818.82,,
L-LEUCINE_13C6,6,Target Compound,20240709_QE2_HILIC_BCSCuAOXq2d_AYW1156_pool01xc,35,Processed,T1,pool01x,Unknown,,B:D1,,,24399,231356,6.06,0.06,"[13]C6H13NO2 ",M+H,N/A,N/A,N/A,N/A,138.122,138.1223,1.6175 (ppm),0,0,N/A,Method,True,False,N/A,N/A,N/A,,,Pass,N/A,N/A,N/A,N/A,Confirmed,N/A,N/A,N/A,N/A,,,,,,,,INF,N/A,234818.82,,
L-LEUCINE_13C6,6,Target Compound,20240709_QE2_HILIC_BCSCuAOXq2d_AYW1156_pool01xd,36,Processed,T1,pool01x,Unknown,,B:D1,,,18402,165669,6.02,0.02,"[13]C6H13NO2 ",M+H,N/A,N/A,N/A,N/A,138.122,138.1222,.9547 (ppm),0,0,N/A,Method,True,False,N/A,N/A,N/A,,,Pass,N/A,N/A,N/A,N/A,Confirmed,N/A,N/A,N/A,N/A,,,,,,,,INF,N/A,234818.82,,
L-LEUCINE_13C6,6,Target Compound,20240709_QE2_HILIC_BCSCuAOXq2d_blank1,37,Processed,T1,,Unknown,,B:A1,,,N/F,N/F,N/F,N/F,"[13]C6H13NO2 ",N/A,N/F,N/A,N/F,N/A,138.122,N/F,N/F,N/F,0,N/A,Method,True,False,N/A,N/A,N/A,,,Fail,N/A,N/A,N/A,N/A,NotFound,N/A,N/A,N/A,N/A,,,,,,,,N/A,N/A,1.00,,
L-LEUCINE_13C6,6,Target Compound,20240709_QE2_HILIC_BCSCuAOXq2d_blank1_20240710111342,38,Processed,T1,,Unknown,,B:A1,,,N/F,N/F,N/F,N/F,"[13]C6H13NO2 ",N/A,N/F,N/A,N/F,N/A,138.122,N/F,N/F,N/F,0,N/A,Method,True,False,N/A,N/A,N/A,,,Fail,N/A,N/A,N/A,N/A,NotFound,N/A,N/A,N/A,N/A,,,,,,,,N/A,N/A,1.00,,
L-LEUCINE_13C6,6,Target Compound,20240709_QE2_HILIC_BCSCuAOXq2d_blank1_20240710231833,39,Processed,T1,,Unknown,,B:A1,,,N/F,N/F,N/F,N/F,"[13]C6H13NO2 ",N/A,N/F,N/A,N/F,N/A,138.122,N/F,N/F,N/F,0,N/A,Method,True,False,N/A,N/A,N/A,,,Fail,N/A,N/A,N/A,N/A,NotFound,N/A,N/A,N/A,N/A,,,,,,,,N/A,N/A,1.00,,
L-LEUCINE_13C6,6,Target Compound,20240709_QE2_HILIC_BCSCuAOXq2d_blank2,40,Processed,T1,,Unknown,,B:A1,,,N/F,N/F,N/F,N/F,"[13]C6H13NO2 ",N/A,N/F,N/A,N/F,N/A,138.122,N/F,N/F,N/F,0,N/A,Method,True,False,N/A,N/A,N/A,,,Fail,N/A,N/A,N/A,N/A,NotFound,N/A,N/A,N/A,N/A,,,,,,,,N/A,N/A,1.00,,
L-LEUCINE_13C6,6,Target Compound,20240709_QE2_HILIC_BCSCuAOXq2d_blank2_20240710115054,41,Processed,T1,,Unknown,,B:A1,,,N/F,N/F,N/F,N/F,"[13]C6H13NO2 ",N/A,N/F,N/A,N/F,N/A,138.122,N/F,N/F,N/F,0,N/A,Method,True,False,N/A,N/A,N/A,,,Fail,N/A,N/A,N/A,N/A,NotFound,N/A,N/A,N/A,N/A,,,,,,,,N/A,N/A,1.00,,
L-LEUCINE_13C6,6,Target Compound,20240709_QE2_HILIC_BCSCuAOXq2d_blank2_20240710235116,42,Processed,T1,,Unknown,,B:A1,,,N/F,N/F,N/F,N/F,"[13]C6H13NO2 ",N/A,N/F,N/A,N/F,N/A,138.122,N/F,N/F,N/F,0,N/A,Method,True,False,N/A,N/A,N/A,,,Fail,N/A,N/A,N/A,N/A,NotFound,N/A,N/A,N/A,N/A,,,,,,,,N/A,N/A,1.00,,
