﻿Compound,RT,Type,Filename,Batch Order,Status,Peak Label,Group,Sample Type,Level,Sample ID,Sample Name,Comments,Height,Area,Actual RT,RT Delta,Formula,Adduct,Calculated Amt,Theoretical Amt,Sample Amt,Std Add Amount,m/z (Expected),m/z (Apex),m/z (Delta),Response Ratio,ISTD Amt,ISTD Response,Integration Mode,Active,Excluded,%Diff,%RSD,% CV,Channel,Final Units,PK,IR,IP,LS,FI,Confirm,Isotopic Pattern Score (%),Num Isotopes Matched,Lib Match Name,Library Score (%),Library Match Rank,SI/Dot Product,RSI/Rev Dot,Modification,Protein Name,Peptide Sequence,Ion Type,S/N,Ion Ratio,Group Average,Relative RT,Flag Details
carnitine,7.98,Target Compound,20240709_QE2_HILIC_BCSCuAOXq2d_AYW1130,1,Processed,T1,1V,Unknown,,B:A2,,,20028236,251078489,7.8,-0.18,C7H15NO3,M+H,N/A,N/A,N/A,N/A,162.1125,162.1125,.3012 (ppm),0,0,N/A,Method,True,False,N/A,N/A,N/A,,,Pass,N/A,N/A,N/A,N/A,Confirmed,N/A,N/A,N/A,N/A,,,,,,,,508.79,N/A,227901127.27,,
carnitine,7.98,Target Compound,20240709_QE2_HILIC_BCSCuAOXq2d_AYW1131,2,Processed,T1,1V,Unknown,,B:A3,,,17193489,229426959,7.8,-0.18,C7H15NO3,M+H,N/A,N/A,N/A,N/A,162.1125,162.1125,.3012 (ppm),0,0,N/A,Method,True,False,N/A,N/A,N/A,,,Pass,N/A,N/A,N/A,N/A,Confirmed,N/A,N/A,N/A,N/A,,,,,,,,486.83,N/A,227901127.27,,
carnitine,7.98,Target Compound,20240709_QE2_HILIC_BCSCuAOXq2d_AYW1132,3,Processed,T1,1V,Unknown,,B:A4,,,15941651,203197934,7.79,-0.19,C7H15NO3,M+H,N/A,N/A,N/A,N/A,162.1125,162.1125,.2071 (ppm),0,0,N/A,Method,True,False,N/A,N/A,N/A,,,Pass,N/A,N/A,N/A,N/A,Confirmed,N/A,N/A,N/A,N/A,,,,,,,,582.81,N/A,227901127.27,,
carnitine,7.98,Target Compound,20240709_QE2_HILIC_BCSCuAOXq2d_AYW1133,4,Processed,T1,2B,Unknown,,B:A5,,,17699540,222133591,7.78,-0.20,C7H15NO3,M+H,N/A,N/A,N/A,N/A,162.1125,162.1125,.0188 (ppm),0,0,N/A,Method,True,False,N/A,N/A,N/A,,,Pass,N/A,N/A,N/A,N/A,Confirmed,N/A,N/A,N/A,N/A,,,,,,,,661.73,N/A,333900269.99,,
carnitine,7.98,Target Compound,20240709_QE2_HILIC_BCSCuAOXq2d_AYW1134,5,Processed,T1,2B,Unknown,,B:A6,,,34758890,435942152,7.77,-0.21,C7H15NO3,M+H,N/A,N/A,N/A,N/A,162.1125,162.1125,-.1694 (ppm),0,0,N/A,Method,True,False,N/A,N/A,N/A,,,Pass,N/A,N/A,N/A,N/A,Confirmed,N/A,N/A,N/A,N/A,,,,,,,,1909.09,N/A,333900269.99,,
carnitine,7.98,Target Compound,20240709_QE2_HILIC_BCSCuAOXq2d_AYW1135,6,Processed,T1,2B,Unknown,,B:A7,,,29957002,343625067,7.77,-0.21,C7H15NO3,M+H,N/A,N/A,N/A,N/A,162.1125,162.1125,-.1694 (ppm),0,0,N/A,Method,True,False,N/A,N/A,N/A,,,Pass,N/A,N/A,N/A,N/A,Confirmed,N/A,N/A,N/A,N/A,,,,,,,,563.09,N/A,333900269.99,,
carnitine,7.98,Target Compound,20240709_QE2_HILIC_BCSCuAOXq2d_AYW1136,7,Processed,T1,3C,Unknown,,B:A8,,,28555968,359010905,7.76,-0.22,C7H15NO3,M+H,N/A,N/A,N/A,N/A,162.1125,162.1125,.0188 (ppm),0,0,N/A,Method,True,False,N/A,N/A,N/A,,,Pass,N/A,N/A,N/A,N/A,Confirmed,N/A,N/A,N/A,N/A,,,,,,,,1092.81,N/A,278860923.98,,
carnitine,7.98,Target Compound,20240709_QE2_HILIC_BCSCuAOXq2d_AYW1137,8,Processed,T1,3C,Unknown,,B:A9,,,26759663,333015453,7.8,-0.18,C7H15NO3,M+H,N/A,N/A,N/A,N/A,162.1125,162.1124,-.3577 (ppm),0,0,N/A,Method,True,False,N/A,N/A,N/A,,,Pass,N/A,N/A,N/A,N/A,Confirmed,N/A,N/A,N/A,N/A,,,,,,,,1047.54,N/A,278860923.98,,
carnitine,7.98,Target Compound,20240709_QE2_HILIC_BCSCuAOXq2d_AYW1138,9,Processed,T1,3C,Unknown,,B:B1,,,11660313,144556414,7.78,-0.20,C7H15NO3,M+H,N/A,N/A,N/A,N/A,162.1125,162.1125,.1129 (ppm),0,0,N/A,Method,True,False,N/A,N/A,N/A,,,Pass,N/A,N/A,N/A,N/A,Confirmed,N/A,N/A,N/A,N/A,,,,,,,,580.36,N/A,278860923.98,,
carnitine,7.98,Target Compound,20240709_QE2_HILIC_BCSCuAOXq2d_AYW1139,10,Processed,T1,4BC,Unknown,,B:B2,,,20163275,245969658,7.8,-0.18,C7H15NO3,M+H,N/A,N/A,N/A,N/A,162.1125,162.1125,.1129 (ppm),0,0,N/A,Method,True,False,N/A,N/A,N/A,,,Pass,N/A,N/A,N/A,N/A,Confirmed,N/A,N/A,N/A,N/A,,,,,,,,728.29,N/A,250155536.35,N/A,
carnitine,7.98,Target Compound,20240709_QE2_HILIC_BCSCuAOXq2d_AYW1140,11,Processed,T1,4BC,Unknown,,B:B3,,,18766096,244586491,7.77,-0.21,C7H15NO3,M+H,N/A,N/A,N/A,N/A,162.1125,162.1124,-.7342 (ppm),0,0,N/A,Method,True,False,N/A,N/A,N/A,,,Pass,N/A,N/A,N/A,N/A,Confirmed,N/A,N/A,N/A,N/A,,,,,,,,3172.25,N/A,250155536.35,,
carnitine,7.98,Target Compound,20240709_QE2_HILIC_BCSCuAOXq2d_AYW1141,12,Processed,T1,4BC,Unknown,,B:B4,,,22083511,259910460,7.78,-0.20,C7H15NO3,M+H,N/A,N/A,N/A,N/A,162.1125,162.1125,.0188 (ppm),0,0,N/A,Method,True,False,N/A,N/A,N/A,,,Pass,N/A,N/A,N/A,N/A,Confirmed,N/A,N/A,N/A,N/A,,,,,,,,351.29,N/A,250155536.35,,
carnitine,7.98,Target Compound,20240709_QE2_HILIC_BCSCuAOXq2d_AYW1142,13,Processed,T1,5RV,Unknown,,B:B5,,,34007224,416137756,7.77,-0.21,C7H15NO3,M+H,N/A,N/A,N/A,N/A,162.1125,162.1126,.3953 (ppm),0,0,N/A,Method,True,False,N/A,N/A,N/A,,,Pass,N/A,N/A,N/A,N/A,Confirmed,N/A,N/A,N/A,N/A,,,,,,,,1742.73,N/A,419183706.04,N/A,
carnitine,7.98,Target Compound,20240709_QE2_HILIC_BCSCuAOXq2d_AYW1143,14,Processed,T1,5RV,Unknown,,B:B6,,,36620736,457989550,7.78,-0.20,C7H15NO3,M+H,N/A,N/A,N/A,N/A,162.1125,162.1125,.2071 (ppm),0,0,N/A,Method,True,False,N/A,N/A,N/A,,,Pass,N/A,N/A,N/A,N/A,Confirmed,N/A,N/A,N/A,N/A,,,,,,,,835.33,N/A,419183706.04,,
carnitine,7.98,Target Compound,20240709_QE2_HILIC_BCSCuAOXq2d_AYW1144,15,Processed,T1,5RV,Unknown,,B:B7,,,33813647,383423813,7.77,-0.21,C7H15NO3,M+H,N/A,N/A,N/A,N/A,162.1125,162.1125,.0188 (ppm),0,0,N/A,Method,True,False,N/A,N/A,N/A,,,Pass,N/A,N/A,N/A,N/A,Confirmed,N/A,N/A,N/A,N/A,,,,,,,,1459.59,N/A,419183706.04,,
carnitine,7.98,Target Compound,20240709_QE2_HILIC_BCSCuAOXq2d_AYW1145,16,Processed,T1,6RB,Unknown,,B:B8,,,36485535,444762693,7.79,-0.19,C7H15NO3,M+H,N/A,N/A,N/A,N/A,162.1125,162.1125,.2071 (ppm),0,0,N/A,Method,True,False,N/A,N/A,N/A,,,Pass,N/A,N/A,N/A,N/A,Confirmed,N/A,N/A,N/A,N/A,,,,,,,,1019.95,N/A,375961696.26,,
carnitine,7.98,Target Compound,20240709_QE2_HILIC_BCSCuAOXq2d_AYW1146,17,Processed,T1,6RB,Unknown,,B:B9,,,27188359,327145448,7.76,-0.22,C7H15NO3,M+H,N/A,N/A,N/A,N/A,162.1125,162.1125,.3012 (ppm),0,0,N/A,Method,True,False,N/A,N/A,N/A,,,Pass,N/A,N/A,N/A,N/A,Confirmed,N/A,N/A,N/A,N/A,,,,,,,,1239.95,N/A,375961696.26,,
carnitine,7.98,Target Compound,20240709_QE2_HILIC_BCSCuAOXq2d_AYW1147,18,Processed,T1,6RB,Unknown,,B:C1,,,28340813,355976948,7.79,-0.19,C7H15NO3,M+H,N/A,N/A,N/A,N/A,162.1125,162.1125,-.1694 (ppm),0,0,N/A,Method,True,False,N/A,N/A,N/A,,,Pass,N/A,N/A,N/A,N/A,Confirmed,N/A,N/A,N/A,N/A,,,,,,,,809.07,N/A,375961696.26,,
carnitine,7.98,Target Compound,20240709_QE2_HILIC_BCSCuAOXq2d_AYW1148,19,Processed,T1,7RV,Unknown,,B:C2,,,23876138,317248667,7.81,-0.17,C7H15NO3,M+H,N/A,N/A,N/A,N/A,162.1125,162.1125,.2071 (ppm),0,0,N/A,Method,True,False,N/A,N/A,N/A,,,Pass,N/A,N/A,N/A,N/A,Confirmed,N/A,N/A,N/A,N/A,,,,,,,,827.26,N/A,429017906.33,,
carnitine,7.98,Target Compound,20240709_QE2_HILIC_BCSCuAOXq2d_AYW1149,20,Processed,T1,7RV,Unknown,,B:C3,,,39442157,485758292,7.81,-0.17,C7H15NO3,M+H,N/A,N/A,N/A,N/A,162.1125,162.1125,-.1694 (ppm),0,0,N/A,Method,True,False,N/A,N/A,N/A,,,Pass,N/A,N/A,N/A,N/A,Confirmed,N/A,N/A,N/A,N/A,,,,,,,,932.36,N/A,429017906.33,,
carnitine,7.98,Target Compound,20240709_QE2_HILIC_BCSCuAOXq2d_AYW1150,21,Processed,T1,7RV,Unknown,,B:C4,,,39492847,484046760,7.78,-0.20,C7H15NO3,M+H,N/A,N/A,N/A,N/A,162.1125,162.1125,.1129 (ppm),0,0,N/A,Method,True,False,N/A,N/A,N/A,,,Pass,N/A,N/A,N/A,N/A,Confirmed,N/A,N/A,N/A,N/A,,,,,,,,631.86,N/A,429017906.33,,
carnitine,7.98,Target Compound,20240709_QE2_HILIC_BCSCuAOXq2d_AYW1151,22,Processed,T1,8RB,Unknown,,B:C5,,,49236773,587204405,7.79,-0.19,C7H15NO3,M+H,N/A,N/A,N/A,N/A,162.1125,162.1125,.1129 (ppm),0,0,N/A,Method,True,False,N/A,N/A,N/A,,,Pass,N/A,N/A,N/A,N/A,Confirmed,N/A,N/A,N/A,N/A,,,,,,,,1209.46,N/A,561996289.42,,
carnitine,7.98,Target Compound,20240709_QE2_HILIC_BCSCuAOXq2d_AYW1152,23,Processed,T1,8RB,Unknown,,B:C6,,,25851235,340087633,7.79,-0.19,C7H15NO3,M+H,N/A,N/A,N/A,N/A,162.1125,162.1126,.3953 (ppm),0,0,N/A,Method,True,False,N/A,N/A,N/A,,,Pass,N/A,N/A,N/A,N/A,Confirmed,N/A,N/A,N/A,N/A,,,,,,,,2104.52,N/A,561996289.42,,
carnitine,7.98,Target Compound,20240709_QE2_HILIC_BCSCuAOXq2d_AYW1153,24,Processed,T1,8RB,Unknown,,B:C7,,,58574823,758696831,7.78,-0.20,C7H15NO3,M+H,N/A,N/A,N/A,N/A,162.1125,162.1125,-.1694 (ppm),0,0,N/A,Method,True,False,N/A,N/A,N/A,,,Pass,N/A,N/A,N/A,N/A,Confirmed,N/A,N/A,N/A,N/A,,,,,,,,1556.76,N/A,561996289.42,,
carnitine,7.98,Target Compound,20240709_QE2_HILIC_BCSCuAOXq2d_AYW1154_pool1xa,25,Processed,T1,pool1x,Unknown,,B:C8,,,30941938,423267485,7.77,-0.21,C7H15NO3,M+H,N/A,N/A,N/A,N/A,162.1125,162.1125,.1129 (ppm),0,0,N/A,Method,True,False,N/A,N/A,N/A,,,Pass,N/A,N/A,N/A,N/A,Confirmed,N/A,N/A,N/A,N/A,,,,,,,,1160.32,N/A,392880373.65,,
carnitine,7.98,Target Compound,20240709_QE2_HILIC_BCSCuAOXq2d_AYW1154_pool1xb,26,Processed,T1,pool1x,Unknown,,B:C8,,,40226898,477124419,7.79,-0.19,C7H15NO3,M+H,N/A,N/A,N/A,N/A,162.1125,162.1124,-.6400 (ppm),0,0,N/A,Method,True,False,N/A,N/A,N/A,,,Pass,N/A,N/A,N/A,N/A,Confirmed,N/A,N/A,N/A,N/A,,,,,,,,806.65,N/A,392880373.65,,
carnitine,7.98,Target Compound,20240709_QE2_HILIC_BCSCuAOXq2d_AYW1154_pool1xc,27,Processed,T1,pool1x,Unknown,,B:C8,,,31196559,393843675,7.76,-0.22,C7H15NO3,M+H,N/A,N/A,N/A,N/A,162.1125,162.1126,.3953 (ppm),0,0,N/A,Method,True,False,N/A,N/A,N/A,,,Pass,N/A,N/A,N/A,N/A,Confirmed,N/A,N/A,N/A,N/A,,,,,,,,554.01,N/A,392880373.65,,
carnitine,7.98,Target Compound,20240709_QE2_HILIC_BCSCuAOXq2d_AYW1154_pool1xd,28,Processed,T1,pool1x,Unknown,,B:C8,,,21716215,277285916,7.79,-0.19,C7H15NO3,M+H,N/A,N/A,N/A,N/A,162.1125,162.1125,-.0753 (ppm),0,0,N/A,Method,True,False,N/A,N/A,N/A,,,Pass,N/A,N/A,N/A,N/A,Confirmed,N/A,N/A,N/A,N/A,,,,,,,,736.86,N/A,392880373.65,,
carnitine,7.98,Target Compound,20240709_QE2_HILIC_BCSCuAOXq2d_AYW1155_pool033xa,29,Processed,T1,pool033x,Unknown,,B:C9,,,12310443,156794615,7.78,-0.20,C7H15NO3,M+H,N/A,N/A,N/A,N/A,162.1125,162.1125,.1129 (ppm),0,0,N/A,Method,True,False,N/A,N/A,N/A,,,Pass,N/A,N/A,N/A,N/A,Confirmed,N/A,N/A,N/A,N/A,,,,,,,,166.46,N/A,122783419.65,,
carnitine,7.98,Target Compound,20240709_QE2_HILIC_BCSCuAOXq2d_AYW1155_pool033xb,30,Processed,T1,pool033x,Unknown,,B:C9,,,11015610,129955550,7.8,-0.18,C7H15NO3,M+H,N/A,N/A,N/A,N/A,162.1125,162.1124,-.3577 (ppm),0,0,N/A,Method,True,False,N/A,N/A,N/A,,,Pass,N/A,N/A,N/A,N/A,Confirmed,N/A,N/A,N/A,N/A,,,,,,,,596.46,N/A,122783419.65,,
carnitine,7.98,Target Compound,20240709_QE2_HILIC_BCSCuAOXq2d_AYW1155_pool033xc,31,Processed,T1,pool033x,Unknown,,B:C9,,,8490654,112108023,7.75,-0.23,C7H15NO3,M+H,N/A,N/A,N/A,N/A,162.1125,162.1127,.9601 (ppm),0,0,N/A,Method,True,False,N/A,N/A,N/A,,,Pass,N/A,N/A,N/A,N/A,Confirmed,N/A,N/A,N/A,N/A,,,,,,,,368.52,N/A,122783419.65,,
carnitine,7.98,Target Compound,20240709_QE2_HILIC_BCSCuAOXq2d_AYW1155_pool033xd,32,Processed,T1,pool033x,Unknown,,B:C9,,,7404955,92275490,7.74,-0.24,C7H15NO3,M+H,N/A,N/A,N/A,N/A,162.1125,162.1125,.3012 (ppm),0,0,N/A,Method,True,False,N/A,N/A,N/A,,,Pass,N/A,N/A,N/A,N/A,Confirmed,N/A,N/A,N/A,N/A,,,,,,,,375.63,N/A,122783419.65,,
carnitine,7.98,Target Compound,20240709_QE2_HILIC_BCSCuAOXq2d_AYW1156_pool01xa,33,Processed,T1,pool01x,Unknown,,B:D1,,,5219812,67068556,7.76,-0.22,C7H15NO3,M+H,N/A,N/A,N/A,N/A,162.1125,162.1125,.2071 (ppm),0,0,N/A,Method,True,False,N/A,N/A,N/A,,,Pass,N/A,N/A,N/A,N/A,Confirmed,N/A,N/A,N/A,N/A,,,,,,,,174.49,N/A,45402122.57,,
carnitine,7.98,Target Compound,20240709_QE2_HILIC_BCSCuAOXq2d_AYW1156_pool01xb,34,Processed,T1,pool01x,Unknown,,B:D1,,,3791061,46762990,7.79,-0.19,C7H15NO3,M+H,N/A,N/A,N/A,N/A,162.1125,162.1124,-.6400 (ppm),0,0,N/A,Method,True,False,N/A,N/A,N/A,,,Pass,N/A,N/A,N/A,N/A,Confirmed,N/A,N/A,N/A,N/A,,,,,,,,210.16,N/A,45402122.57,,
carnitine,7.98,Target Compound,20240709_QE2_HILIC_BCSCuAOXq2d_AYW1156_pool01xc,35,Processed,T1,pool01x,Unknown,,B:D1,,,3098210,38034918,7.75,-0.23,C7H15NO3,M+H,N/A,N/A,N/A,N/A,162.1125,162.1126,.8659 (ppm),0,0,N/A,Method,True,False,N/A,N/A,N/A,,,Pass,N/A,N/A,N/A,N/A,Confirmed,N/A,N/A,N/A,N/A,,,,,,,,261.19,N/A,45402122.57,,
carnitine,7.98,Target Compound,20240709_QE2_HILIC_BCSCuAOXq2d_AYW1156_pool01xd,36,Processed,T1,pool01x,Unknown,,B:D1,,,2585474,29742026,7.78,-0.20,C7H15NO3,M+H,N/A,N/A,N/A,N/A,162.1125,162.1125,-.0753 (ppm),0,0,N/A,Method,True,False,N/A,N/A,N/A,,,Pass,N/A,N/A,N/A,N/A,Confirmed,N/A,N/A,N/A,N/A,,,,,,,,156.70,N/A,45402122.57,,
carnitine,7.98,Target Compound,20240709_QE2_HILIC_BCSCuAOXq2d_blank1,37,Processed,T1,,Unknown,,B:A1,,,2086803,20176494,7.97,-0.01,C7H15NO3,M+H,N/A,N/A,N/A,N/A,162.1125,162.1126,.5836 (ppm),0,0,N/A,Method,True,False,N/A,N/A,N/A,,,Pass,N/A,N/A,N/A,N/A,Confirmed,N/A,N/A,N/A,N/A,,,,,,,,75.35,N/A,14097716.05,,
carnitine,7.98,Target Compound,20240709_QE2_HILIC_BCSCuAOXq2d_blank1_20240710111342,38,Processed,T1,,Unknown,,B:A1,,,855322,8307570,8.01,0.03,C7H15NO3,M+H,N/A,N/A,N/A,N/A,162.1125,162.1126,.3953 (ppm),0,0,N/A,Method,True,False,N/A,N/A,N/A,,,Pass,N/A,N/A,N/A,N/A,Confirmed,N/A,N/A,N/A,N/A,,,,,,,,36.62,N/A,14097716.05,,
carnitine,7.98,Target Compound,20240709_QE2_HILIC_BCSCuAOXq2d_blank1_20240710231833,39,Processed,T1,,Unknown,,B:A1,,,148708,1268010,7.73,-0.25,C7H15NO3,M+H,N/A,N/A,N/A,N/A,162.1125,162.1124,-.4518 (ppm),0,0,N/A,Method,True,False,N/A,N/A,N/A,,,Pass,N/A,N/A,N/A,N/A,Confirmed,N/A,N/A,N/A,N/A,,,,,,,,11.53,N/A,14097716.05,,
carnitine,7.98,Target Compound,20240709_QE2_HILIC_BCSCuAOXq2d_blank2,40,Processed,T1,,Unknown,,B:A1,,,4392777,46144065,7.77,-0.21,C7H15NO3,M+H,N/A,N/A,N/A,N/A,162.1125,162.1126,.3953 (ppm),0,0,N/A,Method,True,False,N/A,N/A,N/A,,,Pass,N/A,N/A,N/A,N/A,Confirmed,N/A,N/A,N/A,N/A,,,,,,,,134.61,N/A,14097716.05,,
carnitine,7.98,Target Compound,20240709_QE2_HILIC_BCSCuAOXq2d_blank2_20240710115054,41,Processed,T1,,Unknown,,B:A1,,,472520,4793422,7.77,-0.21,C7H15NO3,M+H,N/A,N/A,N/A,N/A,162.1125,162.1126,.3953 (ppm),0,0,N/A,Method,True,False,N/A,N/A,N/A,,,Pass,N/A,N/A,N/A,N/A,Confirmed,N/A,N/A,N/A,N/A,,,,,,,,55.21,N/A,14097716.05,,
carnitine,7.98,Target Compound,20240709_QE2_HILIC_BCSCuAOXq2d_blank2_20240710235116,42,Processed,T1,,Unknown,,B:A1,,,406261,3896735,7.76,-0.22,C7H15NO3,M+H,N/A,N/A,N/A,N/A,162.1125,162.1125,.1129 (ppm),0,0,N/A,Method,True,False,N/A,N/A,N/A,,,Pass,N/A,N/A,N/A,N/A,Confirmed,N/A,N/A,N/A,N/A,,,,,,,,64.35,N/A,14097716.05,,
