﻿Compound,RT,Type,Filename,Batch Order,Status,Peak Label,Group,Sample Type,Level,Sample ID,Sample Name,Comments,Height,Area,Actual RT,RT Delta,Formula,Adduct,Calculated Amt,Theoretical Amt,Sample Amt,Std Add Amount,m/z (Expected),m/z (Apex),m/z (Delta),Response Ratio,ISTD Amt,ISTD Response,Integration Mode,Active,Excluded,%Diff,%RSD,% CV,Channel,Final Units,PK,IR,IP,LS,FI,Confirm,Isotopic Pattern Score (%),Num Isotopes Matched,Lib Match Name,Library Score (%),Library Match Rank,SI/Dot Product,RSI/Rev Dot,Modification,Protein Name,Peptide Sequence,Ion Type,S/N,Ion Ratio,Group Average,Relative RT,Flag Details
threonine,8.81,Target Compound,20240709_QE2_HILIC_BCSCuAOXq2d_AYW1130,1,Processed,T1,1V,Unknown,,B:A2,,,19954239,196590199,8.71,-0.10,C4H9NO3,M+H,N/A,N/A,N/A,N/A,120.0655,120.0656,.5582 (ppm),0,0,N/A,Method,True,False,N/A,N/A,N/A,,,Pass,N/A,N/A,N/A,N/A,Confirmed,N/A,N/A,N/A,N/A,,,,,,,,310.75,N/A,202775693.49,,
threonine,8.81,Target Compound,20240709_QE2_HILIC_BCSCuAOXq2d_AYW1131,2,Processed,T1,1V,Unknown,,B:A3,,,19510331,212832018,8.69,-0.12,C4H9NO3,M+H,N/A,N/A,N/A,N/A,120.0655,120.0656,.6217 (ppm),0,0,N/A,Method,True,False,N/A,N/A,N/A,,,Pass,N/A,N/A,N/A,N/A,Confirmed,N/A,N/A,N/A,N/A,,,,,,,,480.72,N/A,202775693.49,,
threonine,8.81,Target Compound,20240709_QE2_HILIC_BCSCuAOXq2d_AYW1132,3,Processed,T1,1V,Unknown,,B:A4,,,20960792,198904863,8.71,-0.10,C4H9NO3,M+H,N/A,N/A,N/A,N/A,120.0655,120.0656,.4946 (ppm),0,0,N/A,Method,True,False,N/A,N/A,N/A,,,Pass,N/A,N/A,N/A,N/A,Confirmed,N/A,N/A,N/A,N/A,,,,,,,,1124.25,N/A,202775693.49,,
threonine,8.81,Target Compound,20240709_QE2_HILIC_BCSCuAOXq2d_AYW1133,4,Processed,T1,2B,Unknown,,B:A5,,,21967882,220212506,8.7,-0.11,C4H9NO3,M+H,N/A,N/A,N/A,N/A,120.0655,120.0655,.3040 (ppm),0,0,N/A,Method,True,False,N/A,N/A,N/A,,,Pass,N/A,N/A,N/A,N/A,Confirmed,N/A,N/A,N/A,N/A,,,,,,,,503.48,N/A,248463232.13,,
threonine,8.81,Target Compound,20240709_QE2_HILIC_BCSCuAOXq2d_AYW1134,5,Processed,T1,2B,Unknown,,B:A6,,,26201720,256659078,8.7,-0.11,C4H9NO3,M+H,N/A,N/A,N/A,N/A,120.0655,120.0655,.0498 (ppm),0,0,N/A,Method,True,False,N/A,N/A,N/A,,,Pass,N/A,N/A,N/A,N/A,Confirmed,N/A,N/A,N/A,N/A,,,,,,,,417.66,N/A,248463232.13,,
threonine,8.81,Target Compound,20240709_QE2_HILIC_BCSCuAOXq2d_AYW1135,6,Processed,T1,2B,Unknown,,B:A7,,,27511415,268518112,8.71,-0.10,C4H9NO3,M+H,N/A,N/A,N/A,N/A,120.0655,120.0655,.3675 (ppm),0,0,N/A,Method,True,False,N/A,N/A,N/A,,,Pass,N/A,N/A,N/A,N/A,Confirmed,N/A,N/A,N/A,N/A,,,,,,,,629.64,N/A,248463232.13,,
threonine,8.81,Target Compound,20240709_QE2_HILIC_BCSCuAOXq2d_AYW1136,7,Processed,T1,3C,Unknown,,B:A8,,,26970197,265832729,8.69,-0.12,C4H9NO3,M+H,N/A,N/A,N/A,N/A,120.0655,120.0656,.4311 (ppm),0,0,N/A,Method,True,False,N/A,N/A,N/A,,,Pass,N/A,N/A,N/A,N/A,Confirmed,N/A,N/A,N/A,N/A,,,,,,,,422.01,N/A,229098873.62,,
threonine,8.81,Target Compound,20240709_QE2_HILIC_BCSCuAOXq2d_AYW1137,8,Processed,T1,3C,Unknown,,B:A9,,,26318373,262958447,8.7,-0.11,C4H9NO3,M+H,N/A,N/A,N/A,N/A,120.0655,120.0655,-.1408 (ppm),0,0,N/A,Method,True,False,N/A,N/A,N/A,,,Pass,N/A,N/A,N/A,N/A,Confirmed,N/A,N/A,N/A,N/A,,,,,,,,295.31,N/A,229098873.62,,
threonine,8.81,Target Compound,20240709_QE2_HILIC_BCSCuAOXq2d_AYW1138,9,Processed,T1,3C,Unknown,,B:B1,,,17139706,158505444,8.67,-0.14,C4H9NO3,M+H,N/A,N/A,N/A,N/A,120.0655,120.0655,.3040 (ppm),0,0,N/A,Method,True,False,N/A,N/A,N/A,,,Pass,N/A,N/A,N/A,N/A,Confirmed,N/A,N/A,N/A,N/A,,,,,,,,103.82,N/A,229098873.62,,
threonine,8.81,Target Compound,20240709_QE2_HILIC_BCSCuAOXq2d_AYW1139,10,Processed,T1,4BC,Unknown,,B:B2,,,22357117,226310235,8.69,-0.12,C4H9NO3,M+H,N/A,N/A,N/A,N/A,120.0655,120.0656,.4311 (ppm),0,0,N/A,Method,True,False,N/A,N/A,N/A,,,Pass,N/A,N/A,N/A,N/A,Confirmed,N/A,N/A,N/A,N/A,,,,,,,,209.89,N/A,233808135.41,N/A,
threonine,8.81,Target Compound,20240709_QE2_HILIC_BCSCuAOXq2d_AYW1140,11,Processed,T1,4BC,Unknown,,B:B3,,,22402738,232969517,8.67,-0.14,C4H9NO3,M+H,N/A,N/A,N/A,N/A,120.0655,120.0655,.1134 (ppm),0,0,N/A,Method,True,False,N/A,N/A,N/A,,,Pass,N/A,N/A,N/A,N/A,Confirmed,N/A,N/A,N/A,N/A,,,,,,,,245.46,N/A,233808135.41,,
threonine,8.81,Target Compound,20240709_QE2_HILIC_BCSCuAOXq2d_AYW1141,12,Processed,T1,4BC,Unknown,,B:B4,,,24391601,242144654,8.69,-0.12,C4H9NO3,M+H,N/A,N/A,N/A,N/A,120.0655,120.0656,.8759 (ppm),0,0,N/A,Method,True,False,N/A,N/A,N/A,,,Pass,N/A,N/A,N/A,N/A,Confirmed,N/A,N/A,N/A,N/A,,,,,,,,436.23,N/A,233808135.41,,
threonine,8.81,Target Compound,20240709_QE2_HILIC_BCSCuAOXq2d_AYW1142,13,Processed,T1,5RV,Unknown,,B:B5,,,28125992,281209201,8.68,-0.13,C4H9NO3,M+H,N/A,N/A,N/A,N/A,120.0655,120.0656,.4946 (ppm),0,0,N/A,Method,True,False,N/A,N/A,N/A,,,Pass,N/A,N/A,N/A,N/A,Confirmed,N/A,N/A,N/A,N/A,,,,,,,,262.42,N/A,264461959.73,N/A,
threonine,8.81,Target Compound,20240709_QE2_HILIC_BCSCuAOXq2d_AYW1143,14,Processed,T1,5RV,Unknown,,B:B6,,,27483859,284481344,8.69,-0.12,C4H9NO3,M+H,N/A,N/A,N/A,N/A,120.0655,120.0656,.7488 (ppm),0,0,N/A,Method,True,False,N/A,N/A,N/A,,,Pass,N/A,N/A,N/A,N/A,Confirmed,N/A,N/A,N/A,N/A,,,,,,,,814.63,N/A,264461959.73,,
threonine,8.81,Target Compound,20240709_QE2_HILIC_BCSCuAOXq2d_AYW1144,15,Processed,T1,5RV,Unknown,,B:B7,,,23341996,227695334,8.69,-0.12,C4H9NO3,M+H,N/A,N/A,N/A,N/A,120.0655,120.0656,.6217 (ppm),0,0,N/A,Method,True,False,N/A,N/A,N/A,,,Pass,N/A,N/A,N/A,N/A,Confirmed,N/A,N/A,N/A,N/A,,,,,,,,1414.94,N/A,264461959.73,,
threonine,8.81,Target Compound,20240709_QE2_HILIC_BCSCuAOXq2d_AYW1145,16,Processed,T1,6RB,Unknown,,B:B8,,,23777922,217164962,8.68,-0.13,C4H9NO3,M+H,N/A,N/A,N/A,N/A,120.0655,120.0656,.5582 (ppm),0,0,N/A,Method,True,False,N/A,N/A,N/A,,,Pass,N/A,N/A,N/A,N/A,Confirmed,N/A,N/A,N/A,N/A,,,,,,,,240.74,N/A,202025918.95,,
threonine,8.81,Target Compound,20240709_QE2_HILIC_BCSCuAOXq2d_AYW1146,17,Processed,T1,6RB,Unknown,,B:B9,,,18595492,192417943,8.68,-0.13,C4H9NO3,M+H,N/A,N/A,N/A,N/A,120.0655,120.0656,.7488 (ppm),0,0,N/A,Method,True,False,N/A,N/A,N/A,,,Pass,N/A,N/A,N/A,N/A,Confirmed,N/A,N/A,N/A,N/A,,,,,,,,2412.51,N/A,202025918.95,,
threonine,8.81,Target Compound,20240709_QE2_HILIC_BCSCuAOXq2d_AYW1147,18,Processed,T1,6RB,Unknown,,B:C1,,,19076772,196494852,8.68,-0.13,C4H9NO3,M+H,N/A,N/A,N/A,N/A,120.0655,120.0655,.3040 (ppm),0,0,N/A,Method,True,False,N/A,N/A,N/A,,,Pass,N/A,N/A,N/A,N/A,Confirmed,N/A,N/A,N/A,N/A,,,,,,,,1614.01,N/A,202025918.95,,
threonine,8.81,Target Compound,20240709_QE2_HILIC_BCSCuAOXq2d_AYW1148,19,Processed,T1,7RV,Unknown,,B:C2,,,19740124,193737047,8.67,-0.14,C4H9NO3,M+H,N/A,N/A,N/A,N/A,120.0655,120.0655,-.0137 (ppm),0,0,N/A,Method,True,False,N/A,N/A,N/A,,,Pass,N/A,N/A,N/A,N/A,Confirmed,N/A,N/A,N/A,N/A,,,,,,,,259.25,N/A,208461041.69,,
threonine,8.81,Target Compound,20240709_QE2_HILIC_BCSCuAOXq2d_AYW1149,20,Processed,T1,7RV,Unknown,,B:C3,,,20471385,202689118,8.69,-0.12,C4H9NO3,M+H,N/A,N/A,N/A,N/A,120.0655,120.0655,.1769 (ppm),0,0,N/A,Method,True,False,N/A,N/A,N/A,,,Pass,N/A,N/A,N/A,N/A,Confirmed,N/A,N/A,N/A,N/A,,,,,,,,244.52,N/A,208461041.69,,
threonine,8.81,Target Compound,20240709_QE2_HILIC_BCSCuAOXq2d_AYW1150,21,Processed,T1,7RV,Unknown,,B:C4,,,22064795,228956961,8.69,-0.12,C4H9NO3,M+H,N/A,N/A,N/A,N/A,120.0655,120.0656,.7488 (ppm),0,0,N/A,Method,True,False,N/A,N/A,N/A,,,Pass,N/A,N/A,N/A,N/A,Confirmed,N/A,N/A,N/A,N/A,,,,,,,,390.16,N/A,208461041.69,,
threonine,8.81,Target Compound,20240709_QE2_HILIC_BCSCuAOXq2d_AYW1151,22,Processed,T1,8RB,Unknown,,B:C5,,,24319891,262862309,8.71,-0.10,C4H9NO3,M+H,N/A,N/A,N/A,N/A,120.0655,120.0656,.8759 (ppm),0,0,N/A,Method,True,False,N/A,N/A,N/A,,,Pass,N/A,N/A,N/A,N/A,Confirmed,N/A,N/A,N/A,N/A,,,,,,,,621.68,N/A,229158191.98,,
threonine,8.81,Target Compound,20240709_QE2_HILIC_BCSCuAOXq2d_AYW1152,23,Processed,T1,8RB,Unknown,,B:C6,,,16512425,162295780,8.68,-0.13,C4H9NO3,M+H,N/A,N/A,N/A,N/A,120.0655,120.0656,.5582 (ppm),0,0,N/A,Method,True,False,N/A,N/A,N/A,,,Pass,N/A,N/A,N/A,N/A,Confirmed,N/A,N/A,N/A,N/A,,,,,,,,348.44,N/A,229158191.98,,
threonine,8.81,Target Compound,20240709_QE2_HILIC_BCSCuAOXq2d_AYW1153,24,Processed,T1,8RB,Unknown,,B:C7,,,27049336,262316487,8.69,-0.12,C4H9NO3,M+H,N/A,N/A,N/A,N/A,120.0655,120.0655,.0498 (ppm),0,0,N/A,Method,True,False,N/A,N/A,N/A,,,Pass,N/A,N/A,N/A,N/A,Confirmed,N/A,N/A,N/A,N/A,,,,,,,,148.33,N/A,229158191.98,,
threonine,8.81,Target Compound,20240709_QE2_HILIC_BCSCuAOXq2d_AYW1154_pool1xa,25,Processed,T1,pool1x,Unknown,,B:C8,,,22038056,225207518,8.68,-0.13,C4H9NO3,M+H,N/A,N/A,N/A,N/A,120.0655,120.0656,.4311 (ppm),0,0,N/A,Method,True,False,N/A,N/A,N/A,,,Pass,N/A,N/A,N/A,N/A,Confirmed,N/A,N/A,N/A,N/A,,,,,,,,258.82,N/A,213757440.07,,
threonine,8.81,Target Compound,20240709_QE2_HILIC_BCSCuAOXq2d_AYW1154_pool1xb,26,Processed,T1,pool1x,Unknown,,B:C8,,,21234661,227723939,8.68,-0.13,C4H9NO3,M+H,N/A,N/A,N/A,N/A,120.0655,120.0655,.2404 (ppm),0,0,N/A,Method,True,False,N/A,N/A,N/A,,,Pass,N/A,N/A,N/A,N/A,Confirmed,N/A,N/A,N/A,N/A,,,,,,,,301.92,N/A,213757440.07,,
threonine,8.81,Target Compound,20240709_QE2_HILIC_BCSCuAOXq2d_AYW1154_pool1xc,27,Processed,T1,pool1x,Unknown,,B:C8,,,22533525,236871863,8.69,-0.12,C4H9NO3,M+H,N/A,N/A,N/A,N/A,120.0655,120.0656,.8759 (ppm),0,0,N/A,Method,True,False,N/A,N/A,N/A,,,Pass,N/A,N/A,N/A,N/A,Confirmed,N/A,N/A,N/A,N/A,,,,,,,,508.51,N/A,213757440.07,,
threonine,8.81,Target Compound,20240709_QE2_HILIC_BCSCuAOXq2d_AYW1154_pool1xd,28,Processed,T1,pool1x,Unknown,,B:C8,,,16652720,165226441,8.68,-0.13,C4H9NO3,M+H,N/A,N/A,N/A,N/A,120.0655,120.0656,.4946 (ppm),0,0,N/A,Method,True,False,N/A,N/A,N/A,,,Pass,N/A,N/A,N/A,N/A,Confirmed,N/A,N/A,N/A,N/A,,,,,,,,235.85,N/A,213757440.07,,
threonine,8.81,Target Compound,20240709_QE2_HILIC_BCSCuAOXq2d_AYW1155_pool033xa,29,Processed,T1,pool033x,Unknown,,B:C9,,,11306119,102773238,8.64,-0.17,C4H9NO3,M+H,N/A,N/A,N/A,N/A,120.0655,120.0655,.3675 (ppm),0,0,N/A,Method,True,False,N/A,N/A,N/A,,,Pass,N/A,N/A,N/A,N/A,Confirmed,N/A,N/A,N/A,N/A,,,,,,,,179.81,N/A,101672944.98,,
threonine,8.81,Target Compound,20240709_QE2_HILIC_BCSCuAOXq2d_AYW1155_pool033xb,30,Processed,T1,pool033x,Unknown,,B:C9,,,14017977,131289165,8.62,-0.19,C4H9NO3,M+H,N/A,N/A,N/A,N/A,120.0655,120.0656,.4311 (ppm),0,0,N/A,Method,True,False,N/A,N/A,N/A,,,Pass,N/A,N/A,N/A,N/A,Confirmed,N/A,N/A,N/A,N/A,,,,,,,,433.96,N/A,101672944.98,,
threonine,8.81,Target Compound,20240709_QE2_HILIC_BCSCuAOXq2d_AYW1155_pool033xc,31,Processed,T1,pool033x,Unknown,,B:C9,,,10587328,92882176,8.65,-0.16,C4H9NO3,M+H,N/A,N/A,N/A,N/A,120.0655,120.0657,1.3842 (ppm),0,0,N/A,Method,True,False,N/A,N/A,N/A,,,Pass,N/A,N/A,N/A,N/A,Confirmed,N/A,N/A,N/A,N/A,,,,,,,,157.94,N/A,101672944.98,,
threonine,8.81,Target Compound,20240709_QE2_HILIC_BCSCuAOXq2d_AYW1155_pool033xd,32,Processed,T1,pool033x,Unknown,,B:C9,,,9167963,79747202,8.62,-0.19,C4H9NO3,M+H,N/A,N/A,N/A,N/A,120.0655,120.0656,.6217 (ppm),0,0,N/A,Method,True,False,N/A,N/A,N/A,,,Pass,N/A,N/A,N/A,N/A,Confirmed,N/A,N/A,N/A,N/A,,,,,,,,149.75,N/A,101672944.98,,
threonine,8.81,Target Compound,20240709_QE2_HILIC_BCSCuAOXq2d_AYW1156_pool01xa,33,Processed,T1,pool01x,Unknown,,B:D1,,,3532675,35271509,8.58,-0.23,C4H9NO3,M+H,N/A,N/A,N/A,N/A,120.0655,120.0656,.7488 (ppm),0,0,N/A,Method,True,False,N/A,N/A,N/A,,,Pass,N/A,N/A,N/A,N/A,Confirmed,N/A,N/A,N/A,N/A,,,,,,,,392.32,N/A,36308408.68,,
threonine,8.81,Target Compound,20240709_QE2_HILIC_BCSCuAOXq2d_AYW1156_pool01xb,34,Processed,T1,pool01x,Unknown,,B:D1,,,5097339,51562750,8.59,-0.22,C4H9NO3,M+H,N/A,N/A,N/A,N/A,120.0655,120.0655,.3040 (ppm),0,0,N/A,Method,True,False,N/A,N/A,N/A,,,Pass,N/A,N/A,N/A,N/A,Confirmed,N/A,N/A,N/A,N/A,,,,,,,,277.52,N/A,36308408.68,,
threonine,8.81,Target Compound,20240709_QE2_HILIC_BCSCuAOXq2d_AYW1156_pool01xc,35,Processed,T1,pool01x,Unknown,,B:D1,,,3299590,31834298,8.61,-0.20,C4H9NO3,M+H,N/A,N/A,N/A,N/A,120.0655,120.0656,1.1301 (ppm),0,0,N/A,Method,True,False,N/A,N/A,N/A,,,Pass,N/A,N/A,N/A,N/A,Confirmed,N/A,N/A,N/A,N/A,,,,,,,,132.68,N/A,36308408.68,,
threonine,8.81,Target Compound,20240709_QE2_HILIC_BCSCuAOXq2d_AYW1156_pool01xd,36,Processed,T1,pool01x,Unknown,,B:D1,,,3178122,26565078,8.59,-0.22,C4H9NO3,M+H,N/A,N/A,N/A,N/A,120.0655,120.0656,.4311 (ppm),0,0,N/A,Method,True,False,N/A,N/A,N/A,,,Pass,N/A,N/A,N/A,N/A,Confirmed,N/A,N/A,N/A,N/A,,,,,,,,110.92,N/A,36308408.68,,
threonine,8.81,Target Compound,20240709_QE2_HILIC_BCSCuAOXq2d_blank1,37,Processed,T1,,Unknown,,B:A1,,,N/F,N/F,N/F,N/F,C4H9NO3,N/A,N/F,N/A,N/F,N/A,120.0655,N/F,N/F,N/F,0,N/A,Method,True,False,N/A,N/A,N/A,,,Fail,N/A,N/A,N/A,N/A,NotFound,N/A,N/A,N/A,N/A,,,,,,,,N/A,N/A,108521.01,,
threonine,8.81,Target Compound,20240709_QE2_HILIC_BCSCuAOXq2d_blank1_20240710111342,38,Processed,T1,,Unknown,,B:A1,,,N/F,N/F,N/F,N/F,C4H9NO3,N/A,N/F,N/A,N/F,N/A,120.0655,N/F,N/F,N/F,0,N/A,Method,True,False,N/A,N/A,N/A,,,Fail,N/A,N/A,N/A,N/A,NotFound,N/A,N/A,N/A,N/A,,,,,,,,N/A,N/A,108521.01,,
threonine,8.81,Target Compound,20240709_QE2_HILIC_BCSCuAOXq2d_blank1_20240710231833,39,Processed,T1,,Unknown,,B:A1,,,N/F,N/F,N/F,N/F,C4H9NO3,N/A,N/F,N/A,N/F,N/A,120.0655,N/F,N/F,N/F,0,N/A,Method,True,False,N/A,N/A,N/A,,,Fail,N/A,N/A,N/A,N/A,NotFound,N/A,N/A,N/A,N/A,,,,,,,,N/A,N/A,108521.01,,
threonine,8.81,Target Compound,20240709_QE2_HILIC_BCSCuAOXq2d_blank2,40,Processed,T1,,Unknown,,B:A1,,,74353,651126,8.64,-0.17,C4H9NO3,M+H,N/A,N/A,N/A,N/A,120.0655,120.0656,.8759 (ppm),0,0,N/A,Method,True,False,N/A,N/A,N/A,,,Pass,N/A,N/A,N/A,N/A,Confirmed,N/A,N/A,N/A,N/A,,,,,,,,11.95,N/A,108521.01,,
threonine,8.81,Target Compound,20240709_QE2_HILIC_BCSCuAOXq2d_blank2_20240710115054,41,Processed,T1,,Unknown,,B:A1,,,N/F,N/F,N/F,N/F,C4H9NO3,N/A,N/F,N/A,N/F,N/A,120.0655,N/F,N/F,N/F,0,N/A,Method,True,False,N/A,N/A,N/A,,,Fail,N/A,N/A,N/A,N/A,NotFound,N/A,N/A,N/A,N/A,,,,,,,,N/A,N/A,108521.01,,
threonine,8.81,Target Compound,20240709_QE2_HILIC_BCSCuAOXq2d_blank2_20240710235116,42,Processed,T1,,Unknown,,B:A1,,,N/F,N/F,N/F,N/F,C4H9NO3,N/A,N/F,N/A,N/F,N/A,120.0655,N/F,N/F,N/F,0,N/A,Method,True,False,N/A,N/A,N/A,,,Fail,N/A,N/A,N/A,N/A,NotFound,N/A,N/A,N/A,N/A,,,,,,,,N/A,N/A,108521.01,,
