﻿Compound,RT,Type,Filename,Batch Order,Status,Peak Label,Group,Sample Type,Level,Sample ID,Sample Name,Comments,Height,Area,Actual RT,RT Delta,Formula,Adduct,Calculated Amt,Theoretical Amt,Sample Amt,Std Add Amount,m/z (Expected),m/z (Apex),m/z (Delta),Response Ratio,ISTD Amt,ISTD Response,Integration Mode,Active,Excluded,%Diff,%RSD,% CV,Channel,Final Units,PK,IR,IP,LS,FI,Confirm,Isotopic Pattern Score (%),Num Isotopes Matched,Lib Match Name,Library Score (%),Library Match Rank,SI/Dot Product,RSI/Rev Dot,Modification,Protein Name,Peptide Sequence,Ion Type,S/N,Ion Ratio,Group Average,Relative RT,Flag Details
taurine,9,Target Compound,20240709_QE2_HILIC_BCSCuAOXq2d_AYW1130,1,Processed,T1,1V,Unknown,,B:A2,,,26185267,299190105,9.04,0.04,C2H7NO3S,M-H,N/A,N/A,N/A,N/A,124.0074,124.0074,.3118 (ppm),0,0,N/A,Method,True,False,N/A,N/A,N/A,,,Pass,N/A,N/A,N/A,N/A,Confirmed,N/A,N/A,N/A,N/A,,,,,,,,INF,N/A,281707614.75,,
taurine,9,Target Compound,20240709_QE2_HILIC_BCSCuAOXq2d_AYW1131,2,Processed,T1,1V,Unknown,,B:A3,,,23686728,276829279,9.02,0.02,C2H7NO3S,M-H,N/A,N/A,N/A,N/A,124.0074,124.0074,.0041 (ppm),0,0,N/A,Method,True,False,N/A,N/A,N/A,,,Pass,N/A,N/A,N/A,N/A,Confirmed,N/A,N/A,N/A,N/A,,,,,,,,INF,N/A,281707614.75,,
taurine,9,Target Compound,20240709_QE2_HILIC_BCSCuAOXq2d_AYW1132,3,Processed,T1,1V,Unknown,,B:A4,,,23839468,269103460,9.04,0.04,C2H7NO3S,M-H,N/A,N/A,N/A,N/A,124.0074,124.0075,.4963 (ppm),0,0,N/A,Method,True,False,N/A,N/A,N/A,,,Pass,N/A,N/A,N/A,N/A,Confirmed,N/A,N/A,N/A,N/A,,,,,,,,INF,N/A,281707614.75,,
taurine,9,Target Compound,20240709_QE2_HILIC_BCSCuAOXq2d_AYW1133,4,Processed,T1,2B,Unknown,,B:A5,,,30118314,358097063,9.06,0.06,C2H7NO3S,M-H,N/A,N/A,N/A,N/A,124.0074,124.0075,.4348 (ppm),0,0,N/A,Method,True,False,N/A,N/A,N/A,,,Pass,N/A,N/A,N/A,N/A,Confirmed,N/A,N/A,N/A,N/A,,,,,,,,INF,N/A,463533548.52,,
taurine,9,Target Compound,20240709_QE2_HILIC_BCSCuAOXq2d_AYW1134,5,Processed,T1,2B,Unknown,,B:A6,,,44883060,526498137,9.06,0.06,C2H7NO3S,M-H,N/A,N/A,N/A,N/A,124.0074,124.0074,.2502 (ppm),0,0,N/A,Method,True,False,N/A,N/A,N/A,,,Pass,N/A,N/A,N/A,N/A,Confirmed,N/A,N/A,N/A,N/A,,,,,,,,INF,N/A,463533548.52,,
taurine,9,Target Compound,20240709_QE2_HILIC_BCSCuAOXq2d_AYW1135,6,Processed,T1,2B,Unknown,,B:A7,,,43181380,506005445,9.04,0.04,C2H7NO3S,M-H,N/A,N/A,N/A,N/A,124.0074,124.0074,.1272 (ppm),0,0,N/A,Method,True,False,N/A,N/A,N/A,,,Pass,N/A,N/A,N/A,N/A,Confirmed,N/A,N/A,N/A,N/A,,,,,,,,INF,N/A,463533548.52,,
taurine,9,Target Compound,20240709_QE2_HILIC_BCSCuAOXq2d_AYW1136,7,Processed,T1,3C,Unknown,,B:A8,,,36187164,426429351,9.02,0.02,C2H7NO3S,M-H,N/A,N/A,N/A,N/A,124.0074,124.0075,.4348 (ppm),0,0,N/A,Method,True,False,N/A,N/A,N/A,,,Pass,N/A,N/A,N/A,N/A,Confirmed,N/A,N/A,N/A,N/A,,,,,,,,INF,N/A,329844775.32,,
taurine,9,Target Compound,20240709_QE2_HILIC_BCSCuAOXq2d_AYW1137,8,Processed,T1,3C,Unknown,,B:A9,,,30256734,364214204,9.01,0.01,C2H7NO3S,M-H,N/A,N/A,N/A,N/A,124.0074,124.0074,.1272 (ppm),0,0,N/A,Method,True,False,N/A,N/A,N/A,,,Pass,N/A,N/A,N/A,N/A,Confirmed,N/A,N/A,N/A,N/A,,,,,,,,INF,N/A,329844775.32,,
taurine,9,Target Compound,20240709_QE2_HILIC_BCSCuAOXq2d_AYW1138,9,Processed,T1,3C,Unknown,,B:B1,,,16714469,198890771,9.01,0.01,C2H7NO3S,M-H,N/A,N/A,N/A,N/A,124.0074,124.0074,.2502 (ppm),0,0,N/A,Method,True,False,N/A,N/A,N/A,,,Pass,N/A,N/A,N/A,N/A,Confirmed,N/A,N/A,N/A,N/A,,,,,,,,INF,N/A,329844775.32,,
taurine,9,Target Compound,20240709_QE2_HILIC_BCSCuAOXq2d_AYW1139,10,Processed,T1,4BC,Unknown,,B:B2,,,24175748,296567986,9.02,0.02,C2H7NO3S,M-H,N/A,N/A,N/A,N/A,124.0074,124.0074,.2502 (ppm),0,0,N/A,Method,True,False,N/A,N/A,N/A,,,Pass,N/A,N/A,N/A,N/A,Confirmed,N/A,N/A,N/A,N/A,,,,,,,,INF,N/A,274096597.98,N/A,
taurine,9,Target Compound,20240709_QE2_HILIC_BCSCuAOXq2d_AYW1140,11,Processed,T1,4BC,Unknown,,B:B3,,,22247730,263858042,9.02,0.02,C2H7NO3S,M-H,N/A,N/A,N/A,N/A,124.0074,124.0074,.1272 (ppm),0,0,N/A,Method,True,False,N/A,N/A,N/A,,,Pass,N/A,N/A,N/A,N/A,Confirmed,N/A,N/A,N/A,N/A,,,,,,,,INF,N/A,274096597.98,,
taurine,9,Target Compound,20240709_QE2_HILIC_BCSCuAOXq2d_AYW1141,12,Processed,T1,4BC,Unknown,,B:B4,,,22145230,261863766,9.02,0.02,C2H7NO3S,M-H,N/A,N/A,N/A,N/A,124.0074,124.0074,.2502 (ppm),0,0,N/A,Method,True,False,N/A,N/A,N/A,,,Pass,N/A,N/A,N/A,N/A,Confirmed,N/A,N/A,N/A,N/A,,,,,,,,INF,N/A,274096597.98,,
taurine,9,Target Compound,20240709_QE2_HILIC_BCSCuAOXq2d_AYW1142,13,Processed,T1,5RV,Unknown,,B:B5,,,41629348,496716849,9.02,0.02,C2H7NO3S,M-H,N/A,N/A,N/A,N/A,124.0074,124.0075,.5578 (ppm),0,0,N/A,Method,True,False,N/A,N/A,N/A,,,Pass,N/A,N/A,N/A,N/A,Confirmed,N/A,N/A,N/A,N/A,,,,,,,,INF,N/A,452433777.42,N/A,
taurine,9,Target Compound,20240709_QE2_HILIC_BCSCuAOXq2d_AYW1143,14,Processed,T1,5RV,Unknown,,B:B6,,,40475792,477835144,9.02,0.02,C2H7NO3S,M-H,N/A,N/A,N/A,N/A,124.0074,124.0074,.0041 (ppm),0,0,N/A,Method,True,False,N/A,N/A,N/A,,,Pass,N/A,N/A,N/A,N/A,Confirmed,N/A,N/A,N/A,N/A,,,,,,,,INF,N/A,452433777.42,,
taurine,9,Target Compound,20240709_QE2_HILIC_BCSCuAOXq2d_AYW1144,15,Processed,T1,5RV,Unknown,,B:B7,,,34838440,382749340,9.05,0.05,C2H7NO3S,M-H,N/A,N/A,N/A,N/A,124.0074,124.0075,.4963 (ppm),0,0,N/A,Method,True,False,N/A,N/A,N/A,,,Pass,N/A,N/A,N/A,N/A,Confirmed,N/A,N/A,N/A,N/A,,,,,,,,INF,N/A,452433777.42,,
taurine,9,Target Compound,20240709_QE2_HILIC_BCSCuAOXq2d_AYW1145,16,Processed,T1,6RB,Unknown,,B:B8,,,43241420,532245038,9.02,0.02,C2H7NO3S,M-H,N/A,N/A,N/A,N/A,124.0074,124.0075,.4348 (ppm),0,0,N/A,Method,True,False,N/A,N/A,N/A,,,Pass,N/A,N/A,N/A,N/A,Confirmed,N/A,N/A,N/A,N/A,,,,,,,,INF,N/A,405373481.90,,
taurine,9,Target Compound,20240709_QE2_HILIC_BCSCuAOXq2d_AYW1146,17,Processed,T1,6RB,Unknown,,B:B9,,,29106774,348925414,9.01,0.01,C2H7NO3S,M-H,N/A,N/A,N/A,N/A,124.0074,124.0075,.8039 (ppm),0,0,N/A,Method,True,False,N/A,N/A,N/A,,,Pass,N/A,N/A,N/A,N/A,Confirmed,N/A,N/A,N/A,N/A,,,,,,,,INF,N/A,405373481.90,,
taurine,9,Target Compound,20240709_QE2_HILIC_BCSCuAOXq2d_AYW1147,18,Processed,T1,6RB,Unknown,,B:C1,,,28031375,334949994,9.04,0.04,C2H7NO3S,M-H,N/A,N/A,N/A,N/A,124.0074,124.0074,.1272 (ppm),0,0,N/A,Method,True,False,N/A,N/A,N/A,,,Pass,N/A,N/A,N/A,N/A,Confirmed,N/A,N/A,N/A,N/A,,,,,,,,INF,N/A,405373481.90,,
taurine,9,Target Compound,20240709_QE2_HILIC_BCSCuAOXq2d_AYW1148,19,Processed,T1,7RV,Unknown,,B:C2,,,32168648,380380866,9.03,0.03,C2H7NO3S,M-H,N/A,N/A,N/A,N/A,124.0074,124.0074,.3118 (ppm),0,0,N/A,Method,True,False,N/A,N/A,N/A,,,Pass,N/A,N/A,N/A,N/A,Confirmed,N/A,N/A,N/A,N/A,,,,,,,,INF,N/A,393536623.70,,
taurine,9,Target Compound,20240709_QE2_HILIC_BCSCuAOXq2d_AYW1149,20,Processed,T1,7RV,Unknown,,B:C3,,,32875598,408128825,9.05,0.05,C2H7NO3S,M-H,N/A,N/A,N/A,N/A,124.0074,124.0074,.3118 (ppm),0,0,N/A,Method,True,False,N/A,N/A,N/A,,,Pass,N/A,N/A,N/A,N/A,Confirmed,N/A,N/A,N/A,N/A,,,,,,,,INF,N/A,393536623.70,,
taurine,9,Target Compound,20240709_QE2_HILIC_BCSCuAOXq2d_AYW1150,21,Processed,T1,7RV,Unknown,,B:C4,,,33646080,392100180,9.03,0.03,C2H7NO3S,M-H,N/A,N/A,N/A,N/A,124.0074,124.0074,.1272 (ppm),0,0,N/A,Method,True,False,N/A,N/A,N/A,,,Pass,N/A,N/A,N/A,N/A,Confirmed,N/A,N/A,N/A,N/A,,,,,,,,INF,N/A,393536623.70,,
taurine,9,Target Compound,20240709_QE2_HILIC_BCSCuAOXq2d_AYW1151,22,Processed,T1,8RB,Unknown,,B:C5,,,43534036,511578966,9.04,0.04,C2H7NO3S,M-H,N/A,N/A,N/A,N/A,124.0074,124.0074,.1887 (ppm),0,0,N/A,Method,True,False,N/A,N/A,N/A,,,Pass,N/A,N/A,N/A,N/A,Confirmed,N/A,N/A,N/A,N/A,,,,,,,,INF,N/A,493327666.74,,
taurine,9,Target Compound,20240709_QE2_HILIC_BCSCuAOXq2d_AYW1152,23,Processed,T1,8RB,Unknown,,B:C6,,,31929942,389186461,9.01,0.01,C2H7NO3S,M-H,N/A,N/A,N/A,N/A,124.0074,124.0075,.6809 (ppm),0,0,N/A,Method,True,False,N/A,N/A,N/A,,,Pass,N/A,N/A,N/A,N/A,Confirmed,N/A,N/A,N/A,N/A,,,,,,,,INF,N/A,493327666.74,,
taurine,9,Target Compound,20240709_QE2_HILIC_BCSCuAOXq2d_AYW1153,24,Processed,T1,8RB,Unknown,,B:C7,,,48666548,579217573,9.02,0.02,C2H7NO3S,M-H,N/A,N/A,N/A,N/A,124.0074,124.0074,.1272 (ppm),0,0,N/A,Method,True,False,N/A,N/A,N/A,,,Pass,N/A,N/A,N/A,N/A,Confirmed,N/A,N/A,N/A,N/A,,,,,,,,INF,N/A,493327666.74,,
taurine,9,Target Compound,20240709_QE2_HILIC_BCSCuAOXq2d_AYW1154_pool1xa,25,Processed,T1,pool1x,Unknown,,B:C8,,,36405603,437387343,9.06,0.06,C2H7NO3S,M-H,N/A,N/A,N/A,N/A,124.0074,124.0074,.1887 (ppm),0,0,N/A,Method,True,False,N/A,N/A,N/A,,,Pass,N/A,N/A,N/A,N/A,Confirmed,N/A,N/A,N/A,N/A,,,,,,,,INF,N/A,401106120.47,,
taurine,9,Target Compound,20240709_QE2_HILIC_BCSCuAOXq2d_AYW1154_pool1xb,26,Processed,T1,pool1x,Unknown,,B:C8,,,34932988,399716121,9.03,0.03,C2H7NO3S,M-H,N/A,N/A,N/A,N/A,124.0074,124.0074,.0041 (ppm),0,0,N/A,Method,True,False,N/A,N/A,N/A,,,Pass,N/A,N/A,N/A,N/A,Confirmed,N/A,N/A,N/A,N/A,,,,,,,,INF,N/A,401106120.47,,
taurine,9,Target Compound,20240709_QE2_HILIC_BCSCuAOXq2d_AYW1154_pool1xc,27,Processed,T1,pool1x,Unknown,,B:C8,,,34626036,403836694,9.03,0.03,C2H7NO3S,M-H,N/A,N/A,N/A,N/A,124.0074,124.0075,.7424 (ppm),0,0,N/A,Method,True,False,N/A,N/A,N/A,,,Pass,N/A,N/A,N/A,N/A,Confirmed,N/A,N/A,N/A,N/A,,,,,,,,INF,N/A,401106120.47,,
taurine,9,Target Compound,20240709_QE2_HILIC_BCSCuAOXq2d_AYW1154_pool1xd,28,Processed,T1,pool1x,Unknown,,B:C8,,,29833234,363484323,9.04,0.04,C2H7NO3S,M-H,N/A,N/A,N/A,N/A,124.0074,124.0075,.5578 (ppm),0,0,N/A,Method,True,False,N/A,N/A,N/A,,,Pass,N/A,N/A,N/A,N/A,Confirmed,N/A,N/A,N/A,N/A,,,,,,,,INF,N/A,401106120.47,,
taurine,9,Target Compound,20240709_QE2_HILIC_BCSCuAOXq2d_AYW1155_pool033xa,29,Processed,T1,pool033x,Unknown,,B:C9,,,15925723,205475790,8.98,-0.02,C2H7NO3S,M-H,N/A,N/A,N/A,N/A,124.0074,124.0074,.2502 (ppm),0,0,N/A,Method,True,False,N/A,N/A,N/A,,,Pass,N/A,N/A,N/A,N/A,Confirmed,N/A,N/A,N/A,N/A,,,,,,,,INF,N/A,172927353.73,,
taurine,9,Target Compound,20240709_QE2_HILIC_BCSCuAOXq2d_AYW1155_pool033xb,30,Processed,T1,pool033x,Unknown,,B:C9,,,13772838,171959129,9,0.00,C2H7NO3S,M-H,N/A,N/A,N/A,N/A,124.0074,124.0074,.1887 (ppm),0,0,N/A,Method,True,False,N/A,N/A,N/A,,,Pass,N/A,N/A,N/A,N/A,Confirmed,N/A,N/A,N/A,N/A,,,,,,,,INF,N/A,172927353.73,,
taurine,9,Target Compound,20240709_QE2_HILIC_BCSCuAOXq2d_AYW1155_pool033xc,31,Processed,T1,pool033x,Unknown,,B:C9,,,12823791,162222744,8.99,-0.01,C2H7NO3S,M-H,N/A,N/A,N/A,N/A,124.0074,124.0076,1.3577 (ppm),0,0,N/A,Method,True,False,N/A,N/A,N/A,,,Pass,N/A,N/A,N/A,N/A,Confirmed,N/A,N/A,N/A,N/A,,,,,,,,INF,N/A,172927353.73,,
taurine,9,Target Compound,20240709_QE2_HILIC_BCSCuAOXq2d_AYW1155_pool033xd,32,Processed,T1,pool033x,Unknown,,B:C9,,,12047197,152051752,8.98,-0.02,C2H7NO3S,M-H,N/A,N/A,N/A,N/A,124.0074,124.0075,.6194 (ppm),0,0,N/A,Method,True,False,N/A,N/A,N/A,,,Pass,N/A,N/A,N/A,N/A,Confirmed,N/A,N/A,N/A,N/A,,,,,,,,INF,N/A,172927353.73,,
taurine,9,Target Compound,20240709_QE2_HILIC_BCSCuAOXq2d_AYW1156_pool01xa,33,Processed,T1,pool01x,Unknown,,B:D1,,,7460378,94024316,8.95,-0.05,C2H7NO3S,M-H,N/A,N/A,N/A,N/A,124.0074,124.0074,.3118 (ppm),0,0,N/A,Method,True,False,N/A,N/A,N/A,,,Pass,N/A,N/A,N/A,N/A,Confirmed,N/A,N/A,N/A,N/A,,,,,,,,INF,N/A,78489864.89,,
taurine,9,Target Compound,20240709_QE2_HILIC_BCSCuAOXq2d_AYW1156_pool01xb,34,Processed,T1,pool01x,Unknown,,B:D1,,,6765286,84600538,8.96,-0.04,C2H7NO3S,M-H,N/A,N/A,N/A,N/A,124.0074,124.0074,.0657 (ppm),0,0,N/A,Method,True,False,N/A,N/A,N/A,,,Pass,N/A,N/A,N/A,N/A,Confirmed,N/A,N/A,N/A,N/A,,,,,,,,INF,N/A,78489864.89,,
taurine,9,Target Compound,20240709_QE2_HILIC_BCSCuAOXq2d_AYW1156_pool01xc,35,Processed,T1,pool01x,Unknown,,B:D1,,,5497657,70296506,8.92,-0.08,C2H7NO3S,M-H,N/A,N/A,N/A,N/A,124.0074,124.0075,1.1731 (ppm),0,0,N/A,Method,True,False,N/A,N/A,N/A,,,Pass,N/A,N/A,N/A,N/A,Confirmed,N/A,N/A,N/A,N/A,,,,,,,,INF,N/A,78489864.89,,
taurine,9,Target Compound,20240709_QE2_HILIC_BCSCuAOXq2d_AYW1156_pool01xd,36,Processed,T1,pool01x,Unknown,,B:D1,,,4758782,65038099,8.93,-0.07,C2H7NO3S,M-H,N/A,N/A,N/A,N/A,124.0074,124.0074,.1887 (ppm),0,0,N/A,Method,True,False,N/A,N/A,N/A,,,Pass,N/A,N/A,N/A,N/A,Confirmed,N/A,N/A,N/A,N/A,,,,,,,,INF,N/A,78489864.89,,
taurine,9,Target Compound,20240709_QE2_HILIC_BCSCuAOXq2d_blank1,37,Processed,T1,,Unknown,,B:A1,,,1581370,18649017,8.98,-0.02,C2H7NO3S,M-H,N/A,N/A,N/A,N/A,124.0074,124.0075,.4963 (ppm),0,0,N/A,Method,True,False,N/A,N/A,N/A,,,Pass,N/A,N/A,N/A,N/A,Confirmed,N/A,N/A,N/A,N/A,,,,,,,,INF,N/A,33743912.43,,
taurine,9,Target Compound,20240709_QE2_HILIC_BCSCuAOXq2d_blank1_20240710111342,38,Processed,T1,,Unknown,,B:A1,,,3838945,44079821,9.05,0.05,C2H7NO3S,M-H,N/A,N/A,N/A,N/A,124.0074,124.0075,.6194 (ppm),0,0,N/A,Method,True,False,N/A,N/A,N/A,,,Pass,N/A,N/A,N/A,N/A,Confirmed,N/A,N/A,N/A,N/A,,,,,,,,498.20,N/A,33743912.43,,
taurine,9,Target Compound,20240709_QE2_HILIC_BCSCuAOXq2d_blank1_20240710231833,39,Processed,T1,,Unknown,,B:A1,,,1742497,21208819,8.94,-0.06,C2H7NO3S,M-H,N/A,N/A,N/A,N/A,124.0074,124.0074,.0657 (ppm),0,0,N/A,Method,True,False,N/A,N/A,N/A,,,Pass,N/A,N/A,N/A,N/A,Confirmed,N/A,N/A,N/A,N/A,,,,,,,,INF,N/A,33743912.43,,
taurine,9,Target Compound,20240709_QE2_HILIC_BCSCuAOXq2d_blank2,40,Processed,T1,,Unknown,,B:A1,,,4739368,57030952,8.93,-0.07,C2H7NO3S,M-H,N/A,N/A,N/A,N/A,124.0074,124.0074,.0657 (ppm),0,0,N/A,Method,True,False,N/A,N/A,N/A,,,Pass,N/A,N/A,N/A,N/A,Confirmed,N/A,N/A,N/A,N/A,,,,,,,,INF,N/A,33743912.43,,
taurine,9,Target Compound,20240709_QE2_HILIC_BCSCuAOXq2d_blank2_20240710115054,41,Processed,T1,,Unknown,,B:A1,,,2928276,36900721,8.92,-0.08,C2H7NO3S,M-H,N/A,N/A,N/A,N/A,124.0074,124.0075,1.1116 (ppm),0,0,N/A,Method,True,False,N/A,N/A,N/A,,,Pass,N/A,N/A,N/A,N/A,Confirmed,N/A,N/A,N/A,N/A,,,,,,,,INF,N/A,33743912.43,,
taurine,9,Target Compound,20240709_QE2_HILIC_BCSCuAOXq2d_blank2_20240710235116,42,Processed,T1,,Unknown,,B:A1,,,1943828,24594144,8.97,-0.03,C2H7NO3S,M-H,N/A,N/A,N/A,N/A,124.0074,124.0074,-.0574 (ppm),0,0,N/A,Method,True,False,N/A,N/A,N/A,,,Pass,N/A,N/A,N/A,N/A,Confirmed,N/A,N/A,N/A,N/A,,,,,,,,INF,N/A,33743912.43,,
