﻿Compound,RT,Type,Filename,Batch Order,Status,Peak Label,Group,Sample Type,Level,Sample ID,Sample Name,Comments,Height,Area,Actual RT,RT Delta,Formula,Adduct,Calculated Amt,Theoretical Amt,Sample Amt,Std Add Amount,m/z (Expected),m/z (Apex),m/z (Delta),Response Ratio,ISTD Amt,ISTD Response,Integration Mode,Active,Excluded,%Diff,%RSD,% CV,Channel,Final Units,PK,IR,IP,LS,FI,Confirm,Isotopic Pattern Score (%),Num Isotopes Matched,Lib Match Name,Library Score (%),Library Match Rank,SI/Dot Product,RSI/Rev Dot,Modification,Protein Name,Peptide Sequence,Ion Type,S/N,Ion Ratio,Group Average,Relative RT,Flag Details
niacinamide,3.03,Target Compound,20240709_QE2_HILIC_BCSCuAOXq2d_AYW1130,1,Processed,T1,1V,Unknown,,B:A2,,,2784412,32092162,3.07,0.04,C6H6N2O,M+H,N/A,N/A,N/A,N/A,123.0553,123.0554,.6025 (ppm),0,0,N/A,Method,True,False,N/A,N/A,N/A,,,Pass,N/A,N/A,N/A,N/A,Confirmed,N/A,N/A,N/A,N/A,,,,,,,,74.44,N/A,36048772.00,,
niacinamide,3.03,Target Compound,20240709_QE2_HILIC_BCSCuAOXq2d_AYW1131,2,Processed,T1,1V,Unknown,,B:A3,,,3674399,41491725,3.06,0.03,C6H6N2O,M+H,N/A,N/A,N/A,N/A,123.0553,123.0554,.6025 (ppm),0,0,N/A,Method,True,False,N/A,N/A,N/A,,,Pass,N/A,N/A,N/A,N/A,Confirmed,N/A,N/A,N/A,N/A,,,,,,,,114.26,N/A,36048772.00,,
niacinamide,3.03,Target Compound,20240709_QE2_HILIC_BCSCuAOXq2d_AYW1132,3,Processed,T1,1V,Unknown,,B:A4,,,2866516,34562428,3.08,0.05,C6H6N2O,M+H,N/A,N/A,N/A,N/A,123.0553,123.0554,.7885 (ppm),0,0,N/A,Method,True,False,N/A,N/A,N/A,,,Pass,N/A,N/A,N/A,N/A,Confirmed,N/A,N/A,N/A,N/A,,,,,,,,100.60,N/A,36048772.00,,
niacinamide,3.03,Target Compound,20240709_QE2_HILIC_BCSCuAOXq2d_AYW1133,4,Processed,T1,2B,Unknown,,B:A5,,,3669491,43849301,3.09,0.06,C6H6N2O,M+H,N/A,N/A,N/A,N/A,123.0553,123.0554,.6645 (ppm),0,0,N/A,Method,True,False,N/A,N/A,N/A,,,Pass,N/A,N/A,N/A,N/A,Confirmed,N/A,N/A,N/A,N/A,,,,,,,,480.38,N/A,73537534.71,,
niacinamide,3.03,Target Compound,20240709_QE2_HILIC_BCSCuAOXq2d_AYW1134,5,Processed,T1,2B,Unknown,,B:A6,,,8078012,98002729,3.09,0.06,C6H6N2O,M+H,N/A,N/A,N/A,N/A,123.0553,123.0554,.7885 (ppm),0,0,N/A,Method,True,False,N/A,N/A,N/A,,,Pass,N/A,N/A,N/A,N/A,Confirmed,N/A,N/A,N/A,N/A,,,,,,,,301.43,N/A,73537534.71,,
niacinamide,3.03,Target Compound,20240709_QE2_HILIC_BCSCuAOXq2d_AYW1135,6,Processed,T1,2B,Unknown,,B:A7,,,6669823,78760574,3.09,0.06,C6H6N2O,M+H,N/A,N/A,N/A,N/A,123.0553,123.0554,.6645 (ppm),0,0,N/A,Method,True,False,N/A,N/A,N/A,,,Pass,N/A,N/A,N/A,N/A,Confirmed,N/A,N/A,N/A,N/A,,,,,,,,169.84,N/A,73537534.71,,
niacinamide,3.03,Target Compound,20240709_QE2_HILIC_BCSCuAOXq2d_AYW1136,7,Processed,T1,3C,Unknown,,B:A8,,,4413605,52830154,3.07,0.04,C6H6N2O,M+H,N/A,N/A,N/A,N/A,123.0553,123.0554,.8505 (ppm),0,0,N/A,Method,True,False,N/A,N/A,N/A,,,Pass,N/A,N/A,N/A,N/A,Confirmed,N/A,N/A,N/A,N/A,,,,,,,,180.88,N/A,44623268.45,,
niacinamide,3.03,Target Compound,20240709_QE2_HILIC_BCSCuAOXq2d_AYW1137,8,Processed,T1,3C,Unknown,,B:A9,,,4574432,52584005,3.06,0.03,C6H6N2O,M+H,N/A,N/A,N/A,N/A,123.0553,123.0553,.3545 (ppm),0,0,N/A,Method,True,False,N/A,N/A,N/A,,,Pass,N/A,N/A,N/A,N/A,Confirmed,N/A,N/A,N/A,N/A,,,,,,,,93.20,N/A,44623268.45,,
niacinamide,3.03,Target Compound,20240709_QE2_HILIC_BCSCuAOXq2d_AYW1138,9,Processed,T1,3C,Unknown,,B:B1,,,2611315,28455646,3.09,0.06,C6H6N2O,M+H,N/A,N/A,N/A,N/A,123.0553,123.0554,.7885 (ppm),0,0,N/A,Method,True,False,N/A,N/A,N/A,,,Pass,N/A,N/A,N/A,N/A,Confirmed,N/A,N/A,N/A,N/A,,,,,,,,87.81,N/A,44623268.45,,
niacinamide,3.03,Target Compound,20240709_QE2_HILIC_BCSCuAOXq2d_AYW1139,10,Processed,T1,4BC,Unknown,,B:B2,,,4733454,56226820,3.07,0.04,C6H6N2O,M+H,N/A,N/A,N/A,N/A,123.0553,123.0554,.5405 (ppm),0,0,N/A,Method,True,False,N/A,N/A,N/A,,,Pass,N/A,N/A,N/A,N/A,Confirmed,N/A,N/A,N/A,N/A,,,,,,,,143.12,N/A,65835655.80,N/A,
niacinamide,3.03,Target Compound,20240709_QE2_HILIC_BCSCuAOXq2d_AYW1140,11,Processed,T1,4BC,Unknown,,B:B3,,,4656777,55244610,3.11,0.08,C6H6N2O,M+H,N/A,N/A,N/A,N/A,123.0553,123.0553,-.0175 (ppm),0,0,N/A,Method,True,False,N/A,N/A,N/A,,,Pass,N/A,N/A,N/A,N/A,Confirmed,N/A,N/A,N/A,N/A,,,,,,,,196.21,N/A,65835655.80,,
niacinamide,3.03,Target Compound,20240709_QE2_HILIC_BCSCuAOXq2d_AYW1141,12,Processed,T1,4BC,Unknown,,B:B4,,,7119882,86035538,3.09,0.06,C6H6N2O,M+H,N/A,N/A,N/A,N/A,123.0553,123.0554,.9125 (ppm),0,0,N/A,Method,True,False,N/A,N/A,N/A,,,Pass,N/A,N/A,N/A,N/A,Confirmed,N/A,N/A,N/A,N/A,,,,,,,,509.61,N/A,65835655.80,,
niacinamide,3.03,Target Compound,20240709_QE2_HILIC_BCSCuAOXq2d_AYW1142,13,Processed,T1,5RV,Unknown,,B:B5,,,4340526,49640613,3.08,0.05,C6H6N2O,M+H,N/A,N/A,N/A,N/A,123.0553,123.0554,.6645 (ppm),0,0,N/A,Method,True,False,N/A,N/A,N/A,,,Pass,N/A,N/A,N/A,N/A,Confirmed,N/A,N/A,N/A,N/A,,,,,,,,158.99,N/A,66683259.90,N/A,
niacinamide,3.03,Target Compound,20240709_QE2_HILIC_BCSCuAOXq2d_AYW1143,14,Processed,T1,5RV,Unknown,,B:B6,,,5934082,74172023,3.09,0.06,C6H6N2O,M+H,N/A,N/A,N/A,N/A,123.0553,123.0554,.4785 (ppm),0,0,N/A,Method,True,False,N/A,N/A,N/A,,,Pass,N/A,N/A,N/A,N/A,Confirmed,N/A,N/A,N/A,N/A,,,,,,,,293.79,N/A,66683259.90,,
niacinamide,3.03,Target Compound,20240709_QE2_HILIC_BCSCuAOXq2d_AYW1144,15,Processed,T1,5RV,Unknown,,B:B7,,,6685031,76237144,3.08,0.05,C6H6N2O,M+H,N/A,N/A,N/A,N/A,123.0553,123.0554,.4165 (ppm),0,0,N/A,Method,True,False,N/A,N/A,N/A,,,Pass,N/A,N/A,N/A,N/A,Confirmed,N/A,N/A,N/A,N/A,,,,,,,,142.82,N/A,66683259.90,,
niacinamide,3.03,Target Compound,20240709_QE2_HILIC_BCSCuAOXq2d_AYW1145,16,Processed,T1,6RB,Unknown,,B:B8,,,5415871,66955524,3.08,0.05,C6H6N2O,M+H,N/A,N/A,N/A,N/A,123.0553,123.0553,.3545 (ppm),0,0,N/A,Method,True,False,N/A,N/A,N/A,,,Pass,N/A,N/A,N/A,N/A,Confirmed,N/A,N/A,N/A,N/A,,,,,,,,461.25,N/A,62632843.38,,
niacinamide,3.03,Target Compound,20240709_QE2_HILIC_BCSCuAOXq2d_AYW1146,17,Processed,T1,6RB,Unknown,,B:B9,,,4928031,56696076,3.07,0.04,C6H6N2O,M+H,N/A,N/A,N/A,N/A,123.0553,123.0554,.6025 (ppm),0,0,N/A,Method,True,False,N/A,N/A,N/A,,,Pass,N/A,N/A,N/A,N/A,Confirmed,N/A,N/A,N/A,N/A,,,,,,,,227.06,N/A,62632843.38,,
niacinamide,3.03,Target Compound,20240709_QE2_HILIC_BCSCuAOXq2d_AYW1147,18,Processed,T1,6RB,Unknown,,B:C1,,,5418858,64246930,3.09,0.06,C6H6N2O,M+H,N/A,N/A,N/A,N/A,123.0553,123.0554,.4785 (ppm),0,0,N/A,Method,True,False,N/A,N/A,N/A,,,Pass,N/A,N/A,N/A,N/A,Confirmed,N/A,N/A,N/A,N/A,,,,,,,,128.14,N/A,62632843.38,,
niacinamide,3.03,Target Compound,20240709_QE2_HILIC_BCSCuAOXq2d_AYW1148,19,Processed,T1,7RV,Unknown,,B:C2,,,4976025,53523995,3.1,0.07,C6H6N2O,M+H,N/A,N/A,N/A,N/A,123.0553,123.0554,.4785 (ppm),0,0,N/A,Method,True,False,N/A,N/A,N/A,,,Pass,N/A,N/A,N/A,N/A,Confirmed,N/A,N/A,N/A,N/A,,,,,,,,161.89,N/A,79892145.66,,
niacinamide,3.03,Target Compound,20240709_QE2_HILIC_BCSCuAOXq2d_AYW1149,20,Processed,T1,7RV,Unknown,,B:C3,,,7577263,90459107,3.07,0.04,C6H6N2O,M+H,N/A,N/A,N/A,N/A,123.0553,123.0553,.2305 (ppm),0,0,N/A,Method,True,False,N/A,N/A,N/A,,,Pass,N/A,N/A,N/A,N/A,Confirmed,N/A,N/A,N/A,N/A,,,,,,,,658.86,N/A,79892145.66,,
niacinamide,3.03,Target Compound,20240709_QE2_HILIC_BCSCuAOXq2d_AYW1150,21,Processed,T1,7RV,Unknown,,B:C4,,,8522129,95693335,3.09,0.06,C6H6N2O,M+H,N/A,N/A,N/A,N/A,123.0553,123.0554,.4165 (ppm),0,0,N/A,Method,True,False,N/A,N/A,N/A,,,Pass,N/A,N/A,N/A,N/A,Confirmed,N/A,N/A,N/A,N/A,,,,,,,,342.08,N/A,79892145.66,,
niacinamide,3.03,Target Compound,20240709_QE2_HILIC_BCSCuAOXq2d_AYW1151,22,Processed,T1,8RB,Unknown,,B:C5,,,8359394,101142943,3.07,0.04,C6H6N2O,M+H,N/A,N/A,N/A,N/A,123.0553,123.0554,.9745 (ppm),0,0,N/A,Method,True,False,N/A,N/A,N/A,,,Pass,N/A,N/A,N/A,N/A,Confirmed,N/A,N/A,N/A,N/A,,,,,,,,435.64,N/A,103336149.86,,
niacinamide,3.03,Target Compound,20240709_QE2_HILIC_BCSCuAOXq2d_AYW1152,23,Processed,T1,8RB,Unknown,,B:C6,,,6277658,77897621,3.09,0.06,C6H6N2O,M+H,N/A,N/A,N/A,N/A,123.0553,123.0553,.0445 (ppm),0,0,N/A,Method,True,False,N/A,N/A,N/A,,,Pass,N/A,N/A,N/A,N/A,Confirmed,N/A,N/A,N/A,N/A,,,,,,,,694.99,N/A,103336149.86,,
niacinamide,3.03,Target Compound,20240709_QE2_HILIC_BCSCuAOXq2d_AYW1153,24,Processed,T1,8RB,Unknown,,B:C7,,,10679143,130967886,3.09,0.06,C6H6N2O,M+H,N/A,N/A,N/A,N/A,123.0553,123.0553,.2925 (ppm),0,0,N/A,Method,True,False,N/A,N/A,N/A,,,Pass,N/A,N/A,N/A,N/A,Confirmed,N/A,N/A,N/A,N/A,,,,,,,,283.03,N/A,103336149.86,,
niacinamide,3.03,Target Compound,20240709_QE2_HILIC_BCSCuAOXq2d_AYW1154_pool1xa,25,Processed,T1,pool1x,Unknown,,B:C8,,,7477921,93590802,3.04,0.01,C6H6N2O,M+H,N/A,N/A,N/A,N/A,123.0553,123.0553,.2925 (ppm),0,0,N/A,Method,True,False,N/A,N/A,N/A,,,Pass,N/A,N/A,N/A,N/A,Confirmed,N/A,N/A,N/A,N/A,,,,,,,,691.32,N/A,81919842.91,,
niacinamide,3.03,Target Compound,20240709_QE2_HILIC_BCSCuAOXq2d_AYW1154_pool1xb,26,Processed,T1,pool1x,Unknown,,B:C8,,,7633819,89880588,3.07,0.04,C6H6N2O,M+H,N/A,N/A,N/A,N/A,123.0553,123.0553,-.0795 (ppm),0,0,N/A,Method,True,False,N/A,N/A,N/A,,,Pass,N/A,N/A,N/A,N/A,Confirmed,N/A,N/A,N/A,N/A,,,,,,,,171.46,N/A,81919842.91,,
niacinamide,3.03,Target Compound,20240709_QE2_HILIC_BCSCuAOXq2d_AYW1154_pool1xc,27,Processed,T1,pool1x,Unknown,,B:C8,,,6029160,77330424,3.1,0.07,C6H6N2O,M+H,N/A,N/A,N/A,N/A,123.0553,123.0554,1.0365 (ppm),0,0,N/A,Method,True,False,N/A,N/A,N/A,,,Pass,N/A,N/A,N/A,N/A,Confirmed,N/A,N/A,N/A,N/A,,,,,,,,6272.01,N/A,81919842.91,,
niacinamide,3.03,Target Compound,20240709_QE2_HILIC_BCSCuAOXq2d_AYW1154_pool1xd,28,Processed,T1,pool1x,Unknown,,B:C8,,,5904899,66877558,3.1,0.07,C6H6N2O,M+H,N/A,N/A,N/A,N/A,123.0553,123.0553,.3545 (ppm),0,0,N/A,Method,True,False,N/A,N/A,N/A,,,Pass,N/A,N/A,N/A,N/A,Confirmed,N/A,N/A,N/A,N/A,,,,,,,,285.65,N/A,81919842.91,,
niacinamide,3.03,Target Compound,20240709_QE2_HILIC_BCSCuAOXq2d_AYW1155_pool033xa,29,Processed,T1,pool033x,Unknown,,B:C9,,,3727817,42154921,3.05,0.02,C6H6N2O,M+H,N/A,N/A,N/A,N/A,123.0553,123.0553,.3545 (ppm),0,0,N/A,Method,True,False,N/A,N/A,N/A,,,Pass,N/A,N/A,N/A,N/A,Confirmed,N/A,N/A,N/A,N/A,,,,,,,,105.51,N/A,28774649.56,,
niacinamide,3.03,Target Compound,20240709_QE2_HILIC_BCSCuAOXq2d_AYW1155_pool033xb,30,Processed,T1,pool033x,Unknown,,B:C9,,,2486027,29061922,3.11,0.08,C6H6N2O,M+H,N/A,N/A,N/A,N/A,123.0553,123.0553,-.0175 (ppm),0,0,N/A,Method,True,False,N/A,N/A,N/A,,,Pass,N/A,N/A,N/A,N/A,Confirmed,N/A,N/A,N/A,N/A,,,,,,,,54.24,N/A,28774649.56,,
niacinamide,3.03,Target Compound,20240709_QE2_HILIC_BCSCuAOXq2d_AYW1155_pool033xc,31,Processed,T1,pool033x,Unknown,,B:C9,,,1880062,21039232,3.07,0.04,C6H6N2O,M+H,N/A,N/A,N/A,N/A,123.0553,123.0554,.7885 (ppm),0,0,N/A,Method,True,False,N/A,N/A,N/A,,,Pass,N/A,N/A,N/A,N/A,Confirmed,N/A,N/A,N/A,N/A,,,,,,,,73.62,N/A,28774649.56,,
niacinamide,3.03,Target Compound,20240709_QE2_HILIC_BCSCuAOXq2d_AYW1155_pool033xd,32,Processed,T1,pool033x,Unknown,,B:C9,,,1948471,22842524,3.06,0.03,C6H6N2O,M+H,N/A,N/A,N/A,N/A,123.0553,123.0554,.7265 (ppm),0,0,N/A,Method,True,False,N/A,N/A,N/A,,,Pass,N/A,N/A,N/A,N/A,Confirmed,N/A,N/A,N/A,N/A,,,,,,,,52.92,N/A,28774649.56,,
niacinamide,3.03,Target Compound,20240709_QE2_HILIC_BCSCuAOXq2d_AYW1156_pool01xa,33,Processed,T1,pool01x,Unknown,,B:D1,,,2074592,21593645,3.06,0.03,C6H6N2O,M+H,N/A,N/A,N/A,N/A,123.0553,123.0553,-.2035 (ppm),0,0,N/A,Method,True,False,N/A,N/A,N/A,,,Pass,N/A,N/A,N/A,N/A,Confirmed,N/A,N/A,N/A,N/A,,,,,,,,149.52,N/A,12291382.34,,
niacinamide,3.03,Target Compound,20240709_QE2_HILIC_BCSCuAOXq2d_AYW1156_pool01xb,34,Processed,T1,pool01x,Unknown,,B:D1,,,1045313,11495613,3.09,0.06,C6H6N2O,M+H,N/A,N/A,N/A,N/A,123.0553,123.0553,.0445 (ppm),0,0,N/A,Method,True,False,N/A,N/A,N/A,,,Pass,N/A,N/A,N/A,N/A,Confirmed,N/A,N/A,N/A,N/A,,,,,,,,112.97,N/A,12291382.34,,
niacinamide,3.03,Target Compound,20240709_QE2_HILIC_BCSCuAOXq2d_AYW1156_pool01xc,35,Processed,T1,pool01x,Unknown,,B:D1,,,767988,8690426,3.08,0.05,C6H6N2O,M+H,N/A,N/A,N/A,N/A,123.0553,123.0554,.9745 (ppm),0,0,N/A,Method,True,False,N/A,N/A,N/A,,,Pass,N/A,N/A,N/A,N/A,Confirmed,N/A,N/A,N/A,N/A,,,,,,,,137.26,N/A,12291382.34,,
niacinamide,3.03,Target Compound,20240709_QE2_HILIC_BCSCuAOXq2d_AYW1156_pool01xd,36,Processed,T1,pool01x,Unknown,,B:D1,,,750986,7385845,3.07,0.04,C6H6N2O,M+H,N/A,N/A,N/A,N/A,123.0553,123.0553,.2925 (ppm),0,0,N/A,Method,True,False,N/A,N/A,N/A,,,Pass,N/A,N/A,N/A,N/A,Confirmed,N/A,N/A,N/A,N/A,,,,,,,,23.76,N/A,12291382.34,,
niacinamide,3.03,Target Compound,20240709_QE2_HILIC_BCSCuAOXq2d_blank1,37,Processed,T1,,Unknown,,B:A1,,,N/F,N/F,N/F,N/F,C6H6N2O,N/A,N/F,N/A,N/F,N/A,123.0553,N/F,N/F,N/F,0,N/A,Method,True,False,N/A,N/A,N/A,,,Fail,N/A,N/A,N/A,N/A,NotFound,N/A,N/A,N/A,N/A,,,,,,,,N/A,N/A,5897124.88,,
niacinamide,3.03,Target Compound,20240709_QE2_HILIC_BCSCuAOXq2d_blank1_20240710111342,38,Processed,T1,,Unknown,,B:A1,,,412447,3114875,3.1,0.07,C6H6N2O,M+H,N/A,N/A,N/A,N/A,123.0553,123.0553,.2305 (ppm),0,0,N/A,Method,True,False,N/A,N/A,N/A,,,Pass,N/A,N/A,N/A,N/A,Confirmed,N/A,N/A,N/A,N/A,,,,,,,,14.74,N/A,5897124.88,,
niacinamide,3.03,Target Compound,20240709_QE2_HILIC_BCSCuAOXq2d_blank1_20240710231833,39,Processed,T1,,Unknown,,B:A1,,,N/F,N/F,N/F,N/F,C6H6N2O,N/A,N/F,N/A,N/F,N/A,123.0553,N/F,N/F,N/F,0,N/A,Method,True,False,N/A,N/A,N/A,,,Fail,N/A,N/A,N/A,N/A,NotFound,N/A,N/A,N/A,N/A,,,,,,,,N/A,N/A,5897124.88,,
niacinamide,3.03,Target Compound,20240709_QE2_HILIC_BCSCuAOXq2d_blank2,40,Processed,T1,,Unknown,,B:A1,,,2863620,27035785,3.11,0.08,C6H6N2O,M+H,N/A,N/A,N/A,N/A,123.0553,123.0554,.5405 (ppm),0,0,N/A,Method,True,False,N/A,N/A,N/A,,,Pass,N/A,N/A,N/A,N/A,Confirmed,N/A,N/A,N/A,N/A,,,,,,,,120.28,N/A,5897124.88,,
niacinamide,3.03,Target Compound,20240709_QE2_HILIC_BCSCuAOXq2d_blank2_20240710115054,41,Processed,T1,,Unknown,,B:A1,,,374514,3461142,3.1,0.07,C6H6N2O,M+H,N/A,N/A,N/A,N/A,123.0553,123.0554,.4165 (ppm),0,0,N/A,Method,True,False,N/A,N/A,N/A,,,Pass,N/A,N/A,N/A,N/A,Confirmed,N/A,N/A,N/A,N/A,,,,,,,,33.43,N/A,5897124.88,,
niacinamide,3.03,Target Compound,20240709_QE2_HILIC_BCSCuAOXq2d_blank2_20240710235116,42,Processed,T1,,Unknown,,B:A1,,,181408,1770947,3.09,0.06,C6H6N2O,M+H,N/A,N/A,N/A,N/A,123.0553,123.0553,.2925 (ppm),0,0,N/A,Method,True,False,N/A,N/A,N/A,,,Pass,N/A,N/A,N/A,N/A,Confirmed,N/A,N/A,N/A,N/A,,,,,,,,36.75,N/A,5897124.88,,
