﻿Compound,RT,Type,Filename,Batch Order,Status,Peak Label,Group,Sample Type,Level,Sample ID,Sample Name,Comments,Height,Area,Actual RT,RT Delta,Formula,Adduct,Calculated Amt,Theoretical Amt,Sample Amt,Std Add Amount,m/z (Expected),m/z (Apex),m/z (Delta),Response Ratio,ISTD Amt,ISTD Response,Integration Mode,Active,Excluded,%Diff,%RSD,% CV,Channel,Final Units,PK,IR,IP,LS,FI,Confirm,Isotopic Pattern Score (%),Num Isotopes Matched,Lib Match Name,Library Score (%),Library Match Rank,SI/Dot Product,RSI/Rev Dot,Modification,Protein Name,Peptide Sequence,Ion Type,S/N,Ion Ratio,Group Average,Relative RT,Flag Details
asparagine,9.32,Target Compound,20240709_QE2_HILIC_BCSCuAOXq2d_AYW1130,1,Processed,T1,1V,Unknown,,B:A2,,,26189411,324451975,9.32,0.00,C4H8N2O3,M+H,N/A,N/A,N/A,N/A,133.0608,133.0608,.2765 (ppm),0,0,N/A,Method,True,False,N/A,N/A,N/A,,,Pass,N/A,N/A,N/A,N/A,Confirmed,N/A,N/A,N/A,N/A,,,,,,,,10649.34,N/A,303065078.85,,
asparagine,9.32,Target Compound,20240709_QE2_HILIC_BCSCuAOXq2d_AYW1131,2,Processed,T1,1V,Unknown,,B:A3,,,22444123,288505660,9.3,-0.02,C4H8N2O3,M+H,N/A,N/A,N/A,N/A,133.0608,133.0607,-.5262 (ppm),0,0,N/A,Method,True,False,N/A,N/A,N/A,,,Pass,N/A,N/A,N/A,N/A,Confirmed,N/A,N/A,N/A,N/A,,,,,,,,3201.67,N/A,303065078.85,,
asparagine,9.32,Target Compound,20240709_QE2_HILIC_BCSCuAOXq2d_AYW1132,3,Processed,T1,1V,Unknown,,B:A4,,,23692683,296237601,9.3,-0.02,C4H8N2O3,M+H,N/A,N/A,N/A,N/A,133.0608,133.0608,.2765 (ppm),0,0,N/A,Method,True,False,N/A,N/A,N/A,,,Pass,N/A,N/A,N/A,N/A,Confirmed,N/A,N/A,N/A,N/A,,,,,,,,5699.27,N/A,303065078.85,,
asparagine,9.32,Target Compound,20240709_QE2_HILIC_BCSCuAOXq2d_AYW1133,4,Processed,T1,2B,Unknown,,B:A5,,,21807640,284731462,9.29,-0.03,C4H8N2O3,M+H,N/A,N/A,N/A,N/A,133.0608,133.0608,.0472 (ppm),0,0,N/A,Method,True,False,N/A,N/A,N/A,,,Pass,N/A,N/A,N/A,N/A,Confirmed,N/A,N/A,N/A,N/A,,,,,,,,3718.48,N/A,326361837.25,,
asparagine,9.32,Target Compound,20240709_QE2_HILIC_BCSCuAOXq2d_AYW1134,5,Processed,T1,2B,Unknown,,B:A6,,,28341077,345081398,9.32,0.00,C4H8N2O3,M+H,N/A,N/A,N/A,N/A,133.0608,133.0608,.0472 (ppm),0,0,N/A,Method,True,False,N/A,N/A,N/A,,,Pass,N/A,N/A,N/A,N/A,Confirmed,N/A,N/A,N/A,N/A,,,,,,,,3762.96,N/A,326361837.25,,
asparagine,9.32,Target Compound,20240709_QE2_HILIC_BCSCuAOXq2d_AYW1135,6,Processed,T1,2B,Unknown,,B:A7,,,28696574,349272652,9.32,0.00,C4H8N2O3,M+H,N/A,N/A,N/A,N/A,133.0608,133.0608,.0472 (ppm),0,0,N/A,Method,True,False,N/A,N/A,N/A,,,Pass,N/A,N/A,N/A,N/A,Confirmed,N/A,N/A,N/A,N/A,,,,,,,,3095.32,N/A,326361837.25,,
asparagine,9.32,Target Compound,20240709_QE2_HILIC_BCSCuAOXq2d_AYW1136,7,Processed,T1,3C,Unknown,,B:A8,,,31296020,385371520,9.3,-0.02,C4H8N2O3,M+H,N/A,N/A,N/A,N/A,133.0608,133.0608,.0472 (ppm),0,0,N/A,Method,True,False,N/A,N/A,N/A,,,Pass,N/A,N/A,N/A,N/A,Confirmed,N/A,N/A,N/A,N/A,,,,,,,,4594.09,N/A,320708807.72,,
asparagine,9.32,Target Compound,20240709_QE2_HILIC_BCSCuAOXq2d_AYW1137,8,Processed,T1,3C,Unknown,,B:A9,,,29144732,349979850,9.29,-0.03,C4H8N2O3,M+H,N/A,N/A,N/A,N/A,133.0608,133.0608,-.2969 (ppm),0,0,N/A,Method,True,False,N/A,N/A,N/A,,,Pass,N/A,N/A,N/A,N/A,Confirmed,N/A,N/A,N/A,N/A,,,,,,,,3161.31,N/A,320708807.72,,
asparagine,9.32,Target Compound,20240709_QE2_HILIC_BCSCuAOXq2d_AYW1138,9,Processed,T1,3C,Unknown,,B:B1,,,18419552,226775053,9.29,-0.03,C4H8N2O3,M+H,N/A,N/A,N/A,N/A,133.0608,133.0608,.1618 (ppm),0,0,N/A,Method,True,False,N/A,N/A,N/A,,,Pass,N/A,N/A,N/A,N/A,Confirmed,N/A,N/A,N/A,N/A,,,,,,,,5873.10,N/A,320708807.72,,
asparagine,9.32,Target Compound,20240709_QE2_HILIC_BCSCuAOXq2d_AYW1139,10,Processed,T1,4BC,Unknown,,B:B2,,,28628999,354422713,9.27,-0.05,C4H8N2O3,M+H,N/A,N/A,N/A,N/A,133.0608,133.0608,-.0675 (ppm),0,0,N/A,Method,True,False,N/A,N/A,N/A,,,Pass,N/A,N/A,N/A,N/A,Confirmed,N/A,N/A,N/A,N/A,,,,,,,,5629.73,N/A,333177021.53,N/A,
asparagine,9.32,Target Compound,20240709_QE2_HILIC_BCSCuAOXq2d_AYW1140,11,Processed,T1,4BC,Unknown,,B:B3,,,24839931,322857273,9.31,-0.01,C4H8N2O3,M+H,N/A,N/A,N/A,N/A,133.0608,133.0607,-.4115 (ppm),0,0,N/A,Method,True,False,N/A,N/A,N/A,,,Pass,N/A,N/A,N/A,N/A,Confirmed,N/A,N/A,N/A,N/A,,,,,,,,4632.07,N/A,333177021.53,,
asparagine,9.32,Target Compound,20240709_QE2_HILIC_BCSCuAOXq2d_AYW1141,12,Processed,T1,4BC,Unknown,,B:B4,,,26360079,322251078,9.33,0.01,C4H8N2O3,M+H,N/A,N/A,N/A,N/A,133.0608,133.0608,.0472 (ppm),0,0,N/A,Method,True,False,N/A,N/A,N/A,,,Pass,N/A,N/A,N/A,N/A,Confirmed,N/A,N/A,N/A,N/A,,,,,,,,5309.59,N/A,333177021.53,,
asparagine,9.32,Target Compound,20240709_QE2_HILIC_BCSCuAOXq2d_AYW1142,13,Processed,T1,5RV,Unknown,,B:B5,,,30615556,401116051,9.27,-0.05,C4H8N2O3,M+H,N/A,N/A,N/A,N/A,133.0608,133.0608,.0472 (ppm),0,0,N/A,Method,True,False,N/A,N/A,N/A,,,Pass,N/A,N/A,N/A,N/A,Confirmed,N/A,N/A,N/A,N/A,,,,,,,,5984.66,N/A,363113303.52,N/A,
asparagine,9.32,Target Compound,20240709_QE2_HILIC_BCSCuAOXq2d_AYW1143,14,Processed,T1,5RV,Unknown,,B:B6,,,30149816,377929240,9.3,-0.02,C4H8N2O3,M+H,N/A,N/A,N/A,N/A,133.0608,133.0608,.1618 (ppm),0,0,N/A,Method,True,False,N/A,N/A,N/A,,,Pass,N/A,N/A,N/A,N/A,Confirmed,N/A,N/A,N/A,N/A,,,,,,,,14397.17,N/A,363113303.52,,
asparagine,9.32,Target Compound,20240709_QE2_HILIC_BCSCuAOXq2d_AYW1144,15,Processed,T1,5RV,Unknown,,B:B7,,,23514046,310294620,9.3,-0.02,C4H8N2O3,M+H,N/A,N/A,N/A,N/A,133.0608,133.0609,.3912 (ppm),0,0,N/A,Method,True,False,N/A,N/A,N/A,,,Pass,N/A,N/A,N/A,N/A,Confirmed,N/A,N/A,N/A,N/A,,,,,,,,5167.13,N/A,363113303.52,,
asparagine,9.32,Target Compound,20240709_QE2_HILIC_BCSCuAOXq2d_AYW1145,16,Processed,T1,6RB,Unknown,,B:B8,,,22994683,294726881,9.27,-0.05,C4H8N2O3,M+H,N/A,N/A,N/A,N/A,133.0608,133.0608,-.0675 (ppm),0,0,N/A,Method,True,False,N/A,N/A,N/A,,,Pass,N/A,N/A,N/A,N/A,Confirmed,N/A,N/A,N/A,N/A,,,,,,,,5118.76,N/A,239400439.40,,
asparagine,9.32,Target Compound,20240709_QE2_HILIC_BCSCuAOXq2d_AYW1146,17,Processed,T1,6RB,Unknown,,B:B9,,,16947067,206193734,9.3,-0.02,C4H8N2O3,M+H,N/A,N/A,N/A,N/A,133.0608,133.0608,-.2969 (ppm),0,0,N/A,Method,True,False,N/A,N/A,N/A,,,Pass,N/A,N/A,N/A,N/A,Confirmed,N/A,N/A,N/A,N/A,,,,,,,,2769.49,N/A,239400439.40,,
asparagine,9.32,Target Compound,20240709_QE2_HILIC_BCSCuAOXq2d_AYW1147,18,Processed,T1,6RB,Unknown,,B:C1,,,16924033,217280703,9.3,-0.02,C4H8N2O3,M+H,N/A,N/A,N/A,N/A,133.0608,133.0608,-.1822 (ppm),0,0,N/A,Method,True,False,N/A,N/A,N/A,,,Pass,N/A,N/A,N/A,N/A,Confirmed,N/A,N/A,N/A,N/A,,,,,,,,11144.31,N/A,239400439.40,,
asparagine,9.32,Target Compound,20240709_QE2_HILIC_BCSCuAOXq2d_AYW1148,19,Processed,T1,7RV,Unknown,,B:C2,,,23699718,282477015,9.29,-0.03,C4H8N2O3,M+H,N/A,N/A,N/A,N/A,133.0608,133.0608,.2765 (ppm),0,0,N/A,Method,True,False,N/A,N/A,N/A,,,Pass,N/A,N/A,N/A,N/A,Confirmed,N/A,N/A,N/A,N/A,,,,,,,,5045.04,N/A,312764806.29,,
asparagine,9.32,Target Compound,20240709_QE2_HILIC_BCSCuAOXq2d_AYW1149,20,Processed,T1,7RV,Unknown,,B:C3,,,26265557,333578323,9.31,-0.01,C4H8N2O3,M+H,N/A,N/A,N/A,N/A,133.0608,133.0608,.1618 (ppm),0,0,N/A,Method,True,False,N/A,N/A,N/A,,,Pass,N/A,N/A,N/A,N/A,Confirmed,N/A,N/A,N/A,N/A,,,,,,,,9159.86,N/A,312764806.29,,
asparagine,9.32,Target Compound,20240709_QE2_HILIC_BCSCuAOXq2d_AYW1150,21,Processed,T1,7RV,Unknown,,B:C4,,,25701477,322239080,9.31,-0.01,C4H8N2O3,M+H,N/A,N/A,N/A,N/A,133.0608,133.0608,-.1822 (ppm),0,0,N/A,Method,True,False,N/A,N/A,N/A,,,Pass,N/A,N/A,N/A,N/A,Confirmed,N/A,N/A,N/A,N/A,,,,,,,,5185.52,N/A,312764806.29,,
asparagine,9.32,Target Compound,20240709_QE2_HILIC_BCSCuAOXq2d_AYW1151,22,Processed,T1,8RB,Unknown,,B:C5,,,28746980,345589259,9.29,-0.03,C4H8N2O3,M+H,N/A,N/A,N/A,N/A,133.0608,133.0609,.3912 (ppm),0,0,N/A,Method,True,False,N/A,N/A,N/A,,,Pass,N/A,N/A,N/A,N/A,Confirmed,N/A,N/A,N/A,N/A,,,,,,,,9402.47,N/A,293885331.07,,
asparagine,9.32,Target Compound,20240709_QE2_HILIC_BCSCuAOXq2d_AYW1152,23,Processed,T1,8RB,Unknown,,B:C6,,,16804592,205382028,9.32,0.00,C4H8N2O3,M+H,N/A,N/A,N/A,N/A,133.0608,133.0608,.1618 (ppm),0,0,N/A,Method,True,False,N/A,N/A,N/A,,,Pass,N/A,N/A,N/A,N/A,Confirmed,N/A,N/A,N/A,N/A,,,,,,,,3866.63,N/A,293885331.07,,
asparagine,9.32,Target Compound,20240709_QE2_HILIC_BCSCuAOXq2d_AYW1153,24,Processed,T1,8RB,Unknown,,B:C7,,,27353926,330684706,9.3,-0.02,C4H8N2O3,M+H,N/A,N/A,N/A,N/A,133.0608,133.0608,-.1822 (ppm),0,0,N/A,Method,True,False,N/A,N/A,N/A,,,Pass,N/A,N/A,N/A,N/A,Confirmed,N/A,N/A,N/A,N/A,,,,,,,,10877.28,N/A,293885331.07,,
asparagine,9.32,Target Compound,20240709_QE2_HILIC_BCSCuAOXq2d_AYW1154_pool1xa,25,Processed,T1,pool1x,Unknown,,B:C8,,,27951110,330561074,9.3,-0.02,C4H8N2O3,M+H,N/A,N/A,N/A,N/A,133.0608,133.0608,.0472 (ppm),0,0,N/A,Method,True,False,N/A,N/A,N/A,,,Pass,N/A,N/A,N/A,N/A,Confirmed,N/A,N/A,N/A,N/A,,,,,,,,4763.95,N/A,309535362.91,,
asparagine,9.32,Target Compound,20240709_QE2_HILIC_BCSCuAOXq2d_AYW1154_pool1xb,26,Processed,T1,pool1x,Unknown,,B:C8,,,26022672,329098713,9.31,-0.01,C4H8N2O3,M+H,N/A,N/A,N/A,N/A,133.0608,133.0607,-.5262 (ppm),0,0,N/A,Method,True,False,N/A,N/A,N/A,,,Pass,N/A,N/A,N/A,N/A,Confirmed,N/A,N/A,N/A,N/A,,,,,,,,4024.84,N/A,309535362.91,,
asparagine,9.32,Target Compound,20240709_QE2_HILIC_BCSCuAOXq2d_AYW1154_pool1xc,27,Processed,T1,pool1x,Unknown,,B:C8,,,25118910,320897127,9.28,-0.04,C4H8N2O3,M+H,N/A,N/A,N/A,N/A,133.0608,133.0608,.0472 (ppm),0,0,N/A,Method,True,False,N/A,N/A,N/A,,,Pass,N/A,N/A,N/A,N/A,Confirmed,N/A,N/A,N/A,N/A,,,,,,,,4460.08,N/A,309535362.91,,
asparagine,9.32,Target Compound,20240709_QE2_HILIC_BCSCuAOXq2d_AYW1154_pool1xd,28,Processed,T1,pool1x,Unknown,,B:C8,,,22087664,257584538,9.29,-0.03,C4H8N2O3,M+H,N/A,N/A,N/A,N/A,133.0608,133.0608,-.0675 (ppm),0,0,N/A,Method,True,False,N/A,N/A,N/A,,,Pass,N/A,N/A,N/A,N/A,Confirmed,N/A,N/A,N/A,N/A,,,,,,,,2883.96,N/A,309535362.91,,
asparagine,9.32,Target Compound,20240709_QE2_HILIC_BCSCuAOXq2d_AYW1155_pool033xa,29,Processed,T1,pool033x,Unknown,,B:C9,,,12064833,154875324,9.31,-0.01,C4H8N2O3,M+H,N/A,N/A,N/A,N/A,133.0608,133.0608,.1618 (ppm),0,0,N/A,Method,True,False,N/A,N/A,N/A,,,Pass,N/A,N/A,N/A,N/A,Confirmed,N/A,N/A,N/A,N/A,,,,,,,,2931.93,N/A,139617571.27,,
asparagine,9.32,Target Compound,20240709_QE2_HILIC_BCSCuAOXq2d_AYW1155_pool033xb,30,Processed,T1,pool033x,Unknown,,B:C9,,,13036966,159711595,9.28,-0.04,C4H8N2O3,M+H,N/A,N/A,N/A,N/A,133.0608,133.0607,-.4115 (ppm),0,0,N/A,Method,True,False,N/A,N/A,N/A,,,Pass,N/A,N/A,N/A,N/A,Confirmed,N/A,N/A,N/A,N/A,,,,,,,,3118.65,N/A,139617571.27,,
asparagine,9.32,Target Compound,20240709_QE2_HILIC_BCSCuAOXq2d_AYW1155_pool033xc,31,Processed,T1,pool033x,Unknown,,B:C9,,,10374789,133890999,9.3,-0.02,C4H8N2O3,M+H,N/A,N/A,N/A,N/A,133.0608,133.0609,.6205 (ppm),0,0,N/A,Method,True,False,N/A,N/A,N/A,,,Pass,N/A,N/A,N/A,N/A,Confirmed,N/A,N/A,N/A,N/A,,,,,,,,3845.74,N/A,139617571.27,,
asparagine,9.32,Target Compound,20240709_QE2_HILIC_BCSCuAOXq2d_AYW1155_pool033xd,32,Processed,T1,pool033x,Unknown,,B:C9,,,8695007,109992367,9.29,-0.03,C4H8N2O3,M+H,N/A,N/A,N/A,N/A,133.0608,133.0609,.3912 (ppm),0,0,N/A,Method,True,False,N/A,N/A,N/A,,,Pass,N/A,N/A,N/A,N/A,Confirmed,N/A,N/A,N/A,N/A,,,,,,,,1755.37,N/A,139617571.27,,
asparagine,9.32,Target Compound,20240709_QE2_HILIC_BCSCuAOXq2d_AYW1156_pool01xa,33,Processed,T1,pool01x,Unknown,,B:D1,,,3939402,54140628,9.28,-0.04,C4H8N2O3,M+H,N/A,N/A,N/A,N/A,133.0608,133.0608,.1618 (ppm),0,0,N/A,Method,True,False,N/A,N/A,N/A,,,Pass,N/A,N/A,N/A,N/A,Confirmed,N/A,N/A,N/A,N/A,,,,,,,,1688.24,N/A,51996895.47,,
asparagine,9.32,Target Compound,20240709_QE2_HILIC_BCSCuAOXq2d_AYW1156_pool01xb,34,Processed,T1,pool01x,Unknown,,B:D1,,,4676649,64231493,9.27,-0.05,C4H8N2O3,M+H,N/A,N/A,N/A,N/A,133.0608,133.0607,-.6409 (ppm),0,0,N/A,Method,True,False,N/A,N/A,N/A,,,Pass,N/A,N/A,N/A,N/A,Confirmed,N/A,N/A,N/A,N/A,,,,,,,,1150.51,N/A,51996895.47,,
asparagine,9.32,Target Compound,20240709_QE2_HILIC_BCSCuAOXq2d_AYW1156_pool01xc,35,Processed,T1,pool01x,Unknown,,B:D1,,,3446999,47289414,9.26,-0.06,C4H8N2O3,M+H,N/A,N/A,N/A,N/A,133.0608,133.0609,.7352 (ppm),0,0,N/A,Method,True,False,N/A,N/A,N/A,,,Pass,N/A,N/A,N/A,N/A,Confirmed,N/A,N/A,N/A,N/A,,,,,,,,757.99,N/A,51996895.47,,
asparagine,9.32,Target Compound,20240709_QE2_HILIC_BCSCuAOXq2d_AYW1156_pool01xd,36,Processed,T1,pool01x,Unknown,,B:D1,,,3580076,42326047,9.26,-0.06,C4H8N2O3,M+H,N/A,N/A,N/A,N/A,133.0608,133.0608,-.0675 (ppm),0,0,N/A,Method,True,False,N/A,N/A,N/A,,,Pass,N/A,N/A,N/A,N/A,Confirmed,N/A,N/A,N/A,N/A,,,,,,,,1258.46,N/A,51996895.47,,
asparagine,9.32,Target Compound,20240709_QE2_HILIC_BCSCuAOXq2d_blank1,37,Processed,T1,,Unknown,,B:A1,,,N/F,N/F,N/F,N/F,C4H8N2O3,N/A,N/F,N/A,N/F,N/A,133.0608,N/F,N/F,N/F,0,N/A,Method,True,False,N/A,N/A,N/A,,,Fail,N/A,N/A,N/A,N/A,NotFound,N/A,N/A,N/A,N/A,,,,,,,,N/A,N/A,1.00,,
asparagine,9.32,Target Compound,20240709_QE2_HILIC_BCSCuAOXq2d_blank1_20240710111342,38,Processed,T1,,Unknown,,B:A1,,,N/F,N/F,N/F,N/F,C4H8N2O3,N/A,N/F,N/A,N/F,N/A,133.0608,N/F,N/F,N/F,0,N/A,Method,True,False,N/A,N/A,N/A,,,Fail,N/A,N/A,N/A,N/A,NotFound,N/A,N/A,N/A,N/A,,,,,,,,N/A,N/A,1.00,,
asparagine,9.32,Target Compound,20240709_QE2_HILIC_BCSCuAOXq2d_blank1_20240710231833,39,Processed,T1,,Unknown,,B:A1,,,N/F,N/F,N/F,N/F,C4H8N2O3,N/A,N/F,N/A,N/F,N/A,133.0608,N/F,N/F,N/F,0,N/A,Method,True,False,N/A,N/A,N/A,,,Fail,N/A,N/A,N/A,N/A,NotFound,N/A,N/A,N/A,N/A,,,,,,,,N/A,N/A,1.00,,
asparagine,9.32,Target Compound,20240709_QE2_HILIC_BCSCuAOXq2d_blank2,40,Processed,T1,,Unknown,,B:A1,,,N/F,N/F,N/F,N/F,C4H8N2O3,N/A,N/F,N/A,N/F,N/A,133.0608,N/F,N/F,N/F,0,N/A,Method,True,False,N/A,N/A,N/A,,,Fail,N/A,N/A,N/A,N/A,NotFound,N/A,N/A,N/A,N/A,,,,,,,,N/A,N/A,1.00,,
asparagine,9.32,Target Compound,20240709_QE2_HILIC_BCSCuAOXq2d_blank2_20240710115054,41,Processed,T1,,Unknown,,B:A1,,,N/F,N/F,N/F,N/F,C4H8N2O3,N/A,N/F,N/A,N/F,N/A,133.0608,N/F,N/F,N/F,0,N/A,Method,True,False,N/A,N/A,N/A,,,Fail,N/A,N/A,N/A,N/A,NotFound,N/A,N/A,N/A,N/A,,,,,,,,N/A,N/A,1.00,,
asparagine,9.32,Target Compound,20240709_QE2_HILIC_BCSCuAOXq2d_blank2_20240710235116,42,Processed,T1,,Unknown,,B:A1,,,N/F,N/F,N/F,N/F,C4H8N2O3,N/A,N/F,N/A,N/F,N/A,133.0608,N/F,N/F,N/F,0,N/A,Method,True,False,N/A,N/A,N/A,,,Fail,N/A,N/A,N/A,N/A,NotFound,N/A,N/A,N/A,N/A,,,,,,,,N/A,N/A,1.00,,
