﻿Compound,RT,Type,Filename,Batch Order,Status,Peak Label,Group,Sample Type,Level,Sample ID,Sample Name,Comments,Height,Area,Actual RT,RT Delta,Formula,Adduct,Calculated Amt,Theoretical Amt,Sample Amt,Std Add Amount,m/z (Expected),m/z (Apex),m/z (Delta),Response Ratio,ISTD Amt,ISTD Response,Integration Mode,Active,Excluded,%Diff,%RSD,% CV,Channel,Final Units,PK,IR,IP,LS,FI,Confirm,Isotopic Pattern Score (%),Num Isotopes Matched,Lib Match Name,Library Score (%),Library Match Rank,SI/Dot Product,RSI/Rev Dot,Modification,Protein Name,Peptide Sequence,Ion Type,S/N,Ion Ratio,Group Average,Relative RT,Flag Details
phenylalanine-13C9-15N,4.9,Target Compound,20240709_QE2_HILIC_BCSCuAOXq2d_AYW1130,1,Processed,T1,1V,Unknown,,B:A2,,,29523028,666916653,5.12,0.22,[13]C9H11[15]NO2,M+H,N/A,N/A,N/A,N/A,176.1135,176.1135,.0575 (ppm),0,0,N/A,Method,True,False,N/A,N/A,N/A,,,Pass,N/A,N/A,N/A,N/A,Confirmed,N/A,N/A,N/A,N/A,,,,,,,,2300.75,N/A,714765951.69,,
phenylalanine-13C9-15N,4.9,Target Compound,20240709_QE2_HILIC_BCSCuAOXq2d_AYW1131,2,Processed,T1,1V,Unknown,,B:A3,,,35988932,789070036,5.14,0.24,[13]C9H11[15]NO2,M+H,N/A,N/A,N/A,N/A,176.1135,176.1134,-.3757 (ppm),0,0,N/A,Method,True,False,N/A,N/A,N/A,,,Pass,N/A,N/A,N/A,N/A,Confirmed,N/A,N/A,N/A,N/A,,,,,,,,3761.52,N/A,714765951.69,,
phenylalanine-13C9-15N,4.9,Target Compound,20240709_QE2_HILIC_BCSCuAOXq2d_AYW1132,3,Processed,T1,1V,Unknown,,B:A4,,,30159724,688311167,5.14,0.24,[13]C9H11[15]NO2,M+H,N/A,N/A,N/A,N/A,176.1135,176.1134,-.6356 (ppm),0,0,N/A,Method,True,False,N/A,N/A,N/A,,,Pass,N/A,N/A,N/A,N/A,Confirmed,N/A,N/A,N/A,N/A,,,,,,,,2116.91,N/A,714765951.69,,
phenylalanine-13C9-15N,4.9,Target Compound,20240709_QE2_HILIC_BCSCuAOXq2d_AYW1133,4,Processed,T1,2B,Unknown,,B:A5,,,27206861,636955363,5.18,0.28,[13]C9H11[15]NO2,M+H,N/A,N/A,N/A,N/A,176.1135,176.1135,-.2024 (ppm),0,0,N/A,Method,True,False,N/A,N/A,N/A,,,Pass,N/A,N/A,N/A,N/A,Confirmed,N/A,N/A,N/A,N/A,,,,,,,,2684.99,N/A,807590358.00,,
phenylalanine-13C9-15N,4.9,Target Compound,20240709_QE2_HILIC_BCSCuAOXq2d_AYW1134,5,Processed,T1,2B,Unknown,,B:A6,,,41343938,924989879,5.16,0.26,[13]C9H11[15]NO2,M+H,N/A,N/A,N/A,N/A,176.1135,176.1134,-.6356 (ppm),0,0,N/A,Method,True,False,N/A,N/A,N/A,,,Pass,N/A,N/A,N/A,N/A,Confirmed,N/A,N/A,N/A,N/A,,,,,,,,INF,N/A,807590358.00,,
phenylalanine-13C9-15N,4.9,Target Compound,20240709_QE2_HILIC_BCSCuAOXq2d_AYW1135,6,Processed,T1,2B,Unknown,,B:A7,,,40306735,860825832,5.16,0.26,[13]C9H11[15]NO2,M+H,N/A,N/A,N/A,N/A,176.1135,176.1134,-.2890 (ppm),0,0,N/A,Method,True,False,N/A,N/A,N/A,,,Pass,N/A,N/A,N/A,N/A,Confirmed,N/A,N/A,N/A,N/A,,,,,,,,INF,N/A,807590358.00,,
phenylalanine-13C9-15N,4.9,Target Compound,20240709_QE2_HILIC_BCSCuAOXq2d_AYW1136,7,Processed,T1,3C,Unknown,,B:A8,,,40027858,886266646,5.17,0.27,[13]C9H11[15]NO2,M+H,N/A,N/A,N/A,N/A,176.1135,176.1135,-.2024 (ppm),0,0,N/A,Method,True,False,N/A,N/A,N/A,,,Pass,N/A,N/A,N/A,N/A,Confirmed,N/A,N/A,N/A,N/A,,,,,,,,INF,N/A,824307351.73,,
phenylalanine-13C9-15N,4.9,Target Compound,20240709_QE2_HILIC_BCSCuAOXq2d_AYW1137,8,Processed,T1,3C,Unknown,,B:A9,,,43976266,977296684,5.16,0.26,[13]C9H11[15]NO2,M+H,N/A,N/A,N/A,N/A,176.1135,176.1134,-.4623 (ppm),0,0,N/A,Method,True,False,N/A,N/A,N/A,,,Pass,N/A,N/A,N/A,N/A,Confirmed,N/A,N/A,N/A,N/A,,,,,,,,INF,N/A,824307351.73,,
phenylalanine-13C9-15N,4.9,Target Compound,20240709_QE2_HILIC_BCSCuAOXq2d_AYW1138,9,Processed,T1,3C,Unknown,,B:B1,,,27263645,609358725,5.17,0.27,[13]C9H11[15]NO2,M+H,N/A,N/A,N/A,N/A,176.1135,176.1134,-.8089 (ppm),0,0,N/A,Method,True,False,N/A,N/A,N/A,,,Pass,N/A,N/A,N/A,N/A,Confirmed,N/A,N/A,N/A,N/A,,,,,,,,2519.18,N/A,824307351.73,,
phenylalanine-13C9-15N,4.9,Target Compound,20240709_QE2_HILIC_BCSCuAOXq2d_AYW1139,10,Processed,T1,4BC,Unknown,,B:B2,,,34379638,742516272,5.2,0.30,[13]C9H11[15]NO2,M+H,N/A,N/A,N/A,N/A,176.1135,176.1134,-.2890 (ppm),0,0,N/A,Method,True,False,N/A,N/A,N/A,,,Pass,N/A,N/A,N/A,N/A,Confirmed,N/A,N/A,N/A,N/A,,,,,,,,2412.00,N/A,718098566.32,N/A,
phenylalanine-13C9-15N,4.9,Target Compound,20240709_QE2_HILIC_BCSCuAOXq2d_AYW1140,11,Processed,T1,4BC,Unknown,,B:B3,,,28043635,618719773,5.15,0.25,[13]C9H11[15]NO2,M+H,N/A,N/A,N/A,N/A,176.1135,176.1134,-.5490 (ppm),0,0,N/A,Method,True,False,N/A,N/A,N/A,,,Pass,N/A,N/A,N/A,N/A,Confirmed,N/A,N/A,N/A,N/A,,,,,,,,3069.65,N/A,718098566.32,,
phenylalanine-13C9-15N,4.9,Target Compound,20240709_QE2_HILIC_BCSCuAOXq2d_AYW1141,12,Processed,T1,4BC,Unknown,,B:B4,,,34593987,793059655,5.14,0.24,[13]C9H11[15]NO2,M+H,N/A,N/A,N/A,N/A,176.1135,176.1135,-.2024 (ppm),0,0,N/A,Method,True,False,N/A,N/A,N/A,,,Pass,N/A,N/A,N/A,N/A,Confirmed,N/A,N/A,N/A,N/A,,,,,,,,7051.13,N/A,718098566.32,,
phenylalanine-13C9-15N,4.9,Target Compound,20240709_QE2_HILIC_BCSCuAOXq2d_AYW1142,13,Processed,T1,5RV,Unknown,,B:B5,,,32382337,692445580,5.16,0.26,[13]C9H11[15]NO2,M+H,N/A,N/A,N/A,N/A,176.1135,176.1135,.0575 (ppm),0,0,N/A,Method,True,False,N/A,N/A,N/A,,,Pass,N/A,N/A,N/A,N/A,Confirmed,N/A,N/A,N/A,N/A,,,,,,,,2957.70,N/A,722346898.88,N/A,
phenylalanine-13C9-15N,4.9,Target Compound,20240709_QE2_HILIC_BCSCuAOXq2d_AYW1143,14,Processed,T1,5RV,Unknown,,B:B6,,,40021718,872662200,5.16,0.26,[13]C9H11[15]NO2,M+H,N/A,N/A,N/A,N/A,176.1135,176.1135,-.0291 (ppm),0,0,N/A,Method,True,False,N/A,N/A,N/A,,,Pass,N/A,N/A,N/A,N/A,Confirmed,N/A,N/A,N/A,N/A,,,,,,,,INF,N/A,722346898.88,,
phenylalanine-13C9-15N,4.9,Target Compound,20240709_QE2_HILIC_BCSCuAOXq2d_AYW1144,15,Processed,T1,5RV,Unknown,,B:B7,,,27590218,601932917,5.12,0.22,[13]C9H11[15]NO2,M+H,N/A,N/A,N/A,N/A,176.1135,176.1134,-.3757 (ppm),0,0,N/A,Method,True,False,N/A,N/A,N/A,,,Pass,N/A,N/A,N/A,N/A,Confirmed,N/A,N/A,N/A,N/A,,,,,,,,2908.43,N/A,722346898.88,,
phenylalanine-13C9-15N,4.9,Target Compound,20240709_QE2_HILIC_BCSCuAOXq2d_AYW1145,16,Processed,T1,6RB,Unknown,,B:B8,,,31516686,715537498,5.12,0.22,[13]C9H11[15]NO2,M+H,N/A,N/A,N/A,N/A,176.1135,176.1134,-.5490 (ppm),0,0,N/A,Method,True,False,N/A,N/A,N/A,,,Pass,N/A,N/A,N/A,N/A,Confirmed,N/A,N/A,N/A,N/A,,,,,,,,INF,N/A,643046452.82,,
phenylalanine-13C9-15N,4.9,Target Compound,20240709_QE2_HILIC_BCSCuAOXq2d_AYW1146,17,Processed,T1,6RB,Unknown,,B:B9,,,28838353,631356412,5.13,0.23,[13]C9H11[15]NO2,M+H,N/A,N/A,N/A,N/A,176.1135,176.1134,-.4623 (ppm),0,0,N/A,Method,True,False,N/A,N/A,N/A,,,Pass,N/A,N/A,N/A,N/A,Confirmed,N/A,N/A,N/A,N/A,,,,,,,,3262.15,N/A,643046452.82,,
phenylalanine-13C9-15N,4.9,Target Compound,20240709_QE2_HILIC_BCSCuAOXq2d_AYW1147,18,Processed,T1,6RB,Unknown,,B:C1,,,27071179,582245448,5.13,0.23,[13]C9H11[15]NO2,M+H,N/A,N/A,N/A,N/A,176.1135,176.1135,-.2024 (ppm),0,0,N/A,Method,True,False,N/A,N/A,N/A,,,Pass,N/A,N/A,N/A,N/A,Confirmed,N/A,N/A,N/A,N/A,,,,,,,,2773.38,N/A,643046452.82,,
phenylalanine-13C9-15N,4.9,Target Compound,20240709_QE2_HILIC_BCSCuAOXq2d_AYW1148,19,Processed,T1,7RV,Unknown,,B:C2,,,27842927,611054612,5.14,0.24,[13]C9H11[15]NO2,M+H,N/A,N/A,N/A,N/A,176.1135,176.1134,-.3757 (ppm),0,0,N/A,Method,True,False,N/A,N/A,N/A,,,Pass,N/A,N/A,N/A,N/A,Confirmed,N/A,N/A,N/A,N/A,,,,,,,,3861.08,N/A,753373062.10,,
phenylalanine-13C9-15N,4.9,Target Compound,20240709_QE2_HILIC_BCSCuAOXq2d_AYW1149,20,Processed,T1,7RV,Unknown,,B:C3,,,39079918,853980675,5.17,0.27,[13]C9H11[15]NO2,M+H,N/A,N/A,N/A,N/A,176.1135,176.1134,-.4623 (ppm),0,0,N/A,Method,True,False,N/A,N/A,N/A,,,Pass,N/A,N/A,N/A,N/A,Confirmed,N/A,N/A,N/A,N/A,,,,,,,,INF,N/A,753373062.10,,
phenylalanine-13C9-15N,4.9,Target Compound,20240709_QE2_HILIC_BCSCuAOXq2d_AYW1150,21,Processed,T1,7RV,Unknown,,B:C4,,,35328656,795083899,5.14,0.24,[13]C9H11[15]NO2,M+H,N/A,N/A,N/A,N/A,176.1135,176.1134,-.2890 (ppm),0,0,N/A,Method,True,False,N/A,N/A,N/A,,,Pass,N/A,N/A,N/A,N/A,Confirmed,N/A,N/A,N/A,N/A,,,,,,,,INF,N/A,753373062.10,,
phenylalanine-13C9-15N,4.9,Target Compound,20240709_QE2_HILIC_BCSCuAOXq2d_AYW1151,22,Processed,T1,8RB,Unknown,,B:C5,,,37428637,865498333,5.15,0.25,[13]C9H11[15]NO2,M+H,N/A,N/A,N/A,N/A,176.1135,176.1135,-.2024 (ppm),0,0,N/A,Method,True,False,N/A,N/A,N/A,,,Pass,N/A,N/A,N/A,N/A,Confirmed,N/A,N/A,N/A,N/A,,,,,,,,4478.98,N/A,784327954.38,,
phenylalanine-13C9-15N,4.9,Target Compound,20240709_QE2_HILIC_BCSCuAOXq2d_AYW1152,23,Processed,T1,8RB,Unknown,,B:C6,,,26093384,557368199,5.17,0.27,[13]C9H11[15]NO2,M+H,N/A,N/A,N/A,N/A,176.1135,176.1134,-.2890 (ppm),0,0,N/A,Method,True,False,N/A,N/A,N/A,,,Pass,N/A,N/A,N/A,N/A,Confirmed,N/A,N/A,N/A,N/A,,,,,,,,1725.10,N/A,784327954.38,,
phenylalanine-13C9-15N,4.9,Target Compound,20240709_QE2_HILIC_BCSCuAOXq2d_AYW1153,24,Processed,T1,8RB,Unknown,,B:C7,,,41160533,930117331,5.19,0.29,[13]C9H11[15]NO2,M+H,N/A,N/A,N/A,N/A,176.1135,176.1134,-.8089 (ppm),0,0,N/A,Method,True,False,N/A,N/A,N/A,,,Pass,N/A,N/A,N/A,N/A,Confirmed,N/A,N/A,N/A,N/A,,,,,,,,INF,N/A,784327954.38,,
phenylalanine-13C9-15N,4.9,Target Compound,20240709_QE2_HILIC_BCSCuAOXq2d_AYW1154_pool1xa,25,Processed,T1,pool1x,Unknown,,B:C8,,,38943504,856080112,5.14,0.24,[13]C9H11[15]NO2,M+H,N/A,N/A,N/A,N/A,176.1135,176.1134,-.5490 (ppm),0,0,N/A,Method,True,False,N/A,N/A,N/A,,,Pass,N/A,N/A,N/A,N/A,Confirmed,N/A,N/A,N/A,N/A,,,,,,,,INF,N/A,772820548.31,,
phenylalanine-13C9-15N,4.9,Target Compound,20240709_QE2_HILIC_BCSCuAOXq2d_AYW1154_pool1xb,26,Processed,T1,pool1x,Unknown,,B:C8,,,38811301,844163651,5.18,0.28,[13]C9H11[15]NO2,M+H,N/A,N/A,N/A,N/A,176.1135,176.1134,-.5490 (ppm),0,0,N/A,Method,True,False,N/A,N/A,N/A,,,Pass,N/A,N/A,N/A,N/A,Confirmed,N/A,N/A,N/A,N/A,,,,,,,,5430.78,N/A,772820548.31,,
phenylalanine-13C9-15N,4.9,Target Compound,20240709_QE2_HILIC_BCSCuAOXq2d_AYW1154_pool1xc,27,Processed,T1,pool1x,Unknown,,B:C8,,,34075581,775289525,5.16,0.26,[13]C9H11[15]NO2,M+H,N/A,N/A,N/A,N/A,176.1135,176.1135,.0575 (ppm),0,0,N/A,Method,True,False,N/A,N/A,N/A,,,Pass,N/A,N/A,N/A,N/A,Confirmed,N/A,N/A,N/A,N/A,,,,,,,,INF,N/A,772820548.31,,
phenylalanine-13C9-15N,4.9,Target Compound,20240709_QE2_HILIC_BCSCuAOXq2d_AYW1154_pool1xd,28,Processed,T1,pool1x,Unknown,,B:C8,,,28189916,615748905,5.14,0.24,[13]C9H11[15]NO2,M+H,N/A,N/A,N/A,N/A,176.1135,176.1134,-.6356 (ppm),0,0,N/A,Method,True,False,N/A,N/A,N/A,,,Pass,N/A,N/A,N/A,N/A,Confirmed,N/A,N/A,N/A,N/A,,,,,,,,INF,N/A,772820548.31,,
phenylalanine-13C9-15N,4.9,Target Compound,20240709_QE2_HILIC_BCSCuAOXq2d_AYW1155_pool033xa,29,Processed,T1,pool033x,Unknown,,B:C9,,,17606930,475581995,5.1,0.20,[13]C9H11[15]NO2,M+H,N/A,N/A,N/A,N/A,176.1135,176.1135,.1442 (ppm),0,0,N/A,Method,True,False,N/A,N/A,N/A,,,Pass,N/A,N/A,N/A,N/A,Confirmed,N/A,N/A,N/A,N/A,,,,,,,,INF,N/A,390009536.63,,
phenylalanine-13C9-15N,4.9,Target Compound,20240709_QE2_HILIC_BCSCuAOXq2d_AYW1155_pool033xb,30,Processed,T1,pool033x,Unknown,,B:C9,,,13530845,381080670,5.12,0.22,[13]C9H11[15]NO2,M+H,N/A,N/A,N/A,N/A,176.1135,176.1134,-.8089 (ppm),0,0,N/A,Method,True,False,N/A,N/A,N/A,,,Pass,N/A,N/A,N/A,N/A,Confirmed,N/A,N/A,N/A,N/A,,,,,,,,1202.02,N/A,390009536.63,,
phenylalanine-13C9-15N,4.9,Target Compound,20240709_QE2_HILIC_BCSCuAOXq2d_AYW1155_pool033xc,31,Processed,T1,pool033x,Unknown,,B:C9,,,12813484,358877387,5.21,0.31,[13]C9H11[15]NO2,M+H,N/A,N/A,N/A,N/A,176.1135,176.1136,.7507 (ppm),0,0,N/A,Method,True,False,N/A,N/A,N/A,,,Pass,N/A,N/A,N/A,N/A,Confirmed,N/A,N/A,N/A,N/A,,,,,,,,1981.39,N/A,390009536.63,,
phenylalanine-13C9-15N,4.9,Target Compound,20240709_QE2_HILIC_BCSCuAOXq2d_AYW1155_pool033xd,32,Processed,T1,pool033x,Unknown,,B:C9,,,15503956,344498095,5.16,0.26,[13]C9H11[15]NO2,M+H,N/A,N/A,N/A,N/A,176.1135,176.1135,-.2024 (ppm),0,0,N/A,Method,True,False,N/A,N/A,N/A,,,Pass,N/A,N/A,N/A,N/A,Confirmed,N/A,N/A,N/A,N/A,,,,,,,,INF,N/A,390009536.63,,
phenylalanine-13C9-15N,4.9,Target Compound,20240709_QE2_HILIC_BCSCuAOXq2d_AYW1156_pool01xa,33,Processed,T1,pool01x,Unknown,,B:D1,,,14609483,289901601,4.97,0.07,[13]C9H11[15]NO2,M+H,N/A,N/A,N/A,N/A,176.1135,176.1135,-.1158 (ppm),0,0,N/A,Method,True,False,N/A,N/A,N/A,,,Pass,N/A,N/A,N/A,N/A,Confirmed,N/A,N/A,N/A,N/A,,,,,,,,INF,N/A,266726702.98,,
phenylalanine-13C9-15N,4.9,Target Compound,20240709_QE2_HILIC_BCSCuAOXq2d_AYW1156_pool01xb,34,Processed,T1,pool01x,Unknown,,B:D1,,,15842576,304969822,4.98,0.08,[13]C9H11[15]NO2,M+H,N/A,N/A,N/A,N/A,176.1135,176.1134,-.2890 (ppm),0,0,N/A,Method,True,False,N/A,N/A,N/A,,,Pass,N/A,N/A,N/A,N/A,Confirmed,N/A,N/A,N/A,N/A,,,,,,,,2529.64,N/A,266726702.98,,
phenylalanine-13C9-15N,4.9,Target Compound,20240709_QE2_HILIC_BCSCuAOXq2d_AYW1156_pool01xc,35,Processed,T1,pool01x,Unknown,,B:D1,,,12219534,247471973,4.96,0.06,[13]C9H11[15]NO2,M+H,N/A,N/A,N/A,N/A,176.1135,176.1136,.6640 (ppm),0,0,N/A,Method,True,False,N/A,N/A,N/A,,,Pass,N/A,N/A,N/A,N/A,Confirmed,N/A,N/A,N/A,N/A,,,,,,,,9698.73,N/A,266726702.98,,
phenylalanine-13C9-15N,4.9,Target Compound,20240709_QE2_HILIC_BCSCuAOXq2d_AYW1156_pool01xd,36,Processed,T1,pool01x,Unknown,,B:D1,,,10830750,224563416,4.94,0.04,[13]C9H11[15]NO2,M+H,N/A,N/A,N/A,N/A,176.1135,176.1135,-.1158 (ppm),0,0,N/A,Method,True,False,N/A,N/A,N/A,,,Pass,N/A,N/A,N/A,N/A,Confirmed,N/A,N/A,N/A,N/A,,,,,,,,INF,N/A,266726702.98,,
phenylalanine-13C9-15N,4.9,Target Compound,20240709_QE2_HILIC_BCSCuAOXq2d_blank1,37,Processed,T1,,Unknown,,B:A1,,,N/F,N/F,N/F,N/F,[13]C9H11[15]NO2,N/A,N/F,N/A,N/F,N/A,176.1135,N/F,N/F,N/F,0,N/A,Method,True,False,N/A,N/A,N/A,,,Fail,N/A,N/A,N/A,N/A,NotFound,N/A,N/A,N/A,N/A,,,,,,,,N/A,N/A,155124.51,,
phenylalanine-13C9-15N,4.9,Target Compound,20240709_QE2_HILIC_BCSCuAOXq2d_blank1_20240710111342,38,Processed,T1,,Unknown,,B:A1,,,26549,163473,5.15,0.25,[13]C9H11[15]NO2,M+H,N/A,N/A,N/A,N/A,176.1135,176.1137,1.1839 (ppm),0,0,N/A,Method,True,False,N/A,N/A,N/A,,,Pass,N/A,N/A,N/A,N/A,Confirmed,N/A,N/A,N/A,N/A,,,,,,,,INF,N/A,155124.51,,
phenylalanine-13C9-15N,4.9,Target Compound,20240709_QE2_HILIC_BCSCuAOXq2d_blank1_20240710231833,39,Processed,T1,,Unknown,,B:A1,,,N/F,N/F,N/F,N/F,[13]C9H11[15]NO2,N/A,N/F,N/A,N/F,N/A,176.1135,N/F,N/F,N/F,0,N/A,Method,True,False,N/A,N/A,N/A,,,Fail,N/A,N/A,N/A,N/A,NotFound,N/A,N/A,N/A,N/A,,,,,,,,N/A,N/A,155124.51,,
phenylalanine-13C9-15N,4.9,Target Compound,20240709_QE2_HILIC_BCSCuAOXq2d_blank2,40,Processed,T1,,Unknown,,B:A1,,,52755,498839,4.91,0.01,[13]C9H11[15]NO2,M+H,N/A,N/A,N/A,N/A,176.1135,176.1136,.4041 (ppm),0,0,N/A,Method,True,False,N/A,N/A,N/A,,,Pass,N/A,N/A,N/A,N/A,Confirmed,N/A,N/A,N/A,N/A,,,,,,,,INF,N/A,155124.51,,
phenylalanine-13C9-15N,4.9,Target Compound,20240709_QE2_HILIC_BCSCuAOXq2d_blank2_20240710115054,41,Processed,T1,,Unknown,,B:A1,,,13534,99857,4.94,0.04,[13]C9H11[15]NO2,M+H,N/A,N/A,N/A,N/A,176.1135,176.114,2.5701 (ppm),0,0,N/A,Method,True,False,N/A,N/A,N/A,,,Pass,N/A,N/A,N/A,N/A,Confirmed,N/A,N/A,N/A,N/A,,,,,,,,INF,N/A,155124.51,,
phenylalanine-13C9-15N,4.9,Target Compound,20240709_QE2_HILIC_BCSCuAOXq2d_blank2_20240710235116,42,Processed,T1,,Unknown,,B:A1,,,18635,168579,4.99,0.09,[13]C9H11[15]NO2,M+H,N/A,N/A,N/A,N/A,176.1135,176.1134,-.6356 (ppm),0,0,N/A,Method,True,False,N/A,N/A,N/A,,,Pass,N/A,N/A,N/A,N/A,Confirmed,N/A,N/A,N/A,N/A,,,,,,,,INF,N/A,155124.51,,
