﻿Compound,RT,Type,Filename,Batch Order,Status,Peak Label,Group,Sample Type,Level,Sample ID,Sample Name,Comments,Height,Area,Actual RT,RT Delta,Formula,Adduct,Calculated Amt,Theoretical Amt,Sample Amt,Std Add Amount,m/z (Expected),m/z (Apex),m/z (Delta),Response Ratio,ISTD Amt,ISTD Response,Integration Mode,Active,Excluded,%Diff,%RSD,% CV,Channel,Final Units,PK,IR,IP,LS,FI,Confirm,Isotopic Pattern Score (%),Num Isotopes Matched,Lib Match Name,Library Score (%),Library Match Rank,SI/Dot Product,RSI/Rev Dot,Modification,Protein Name,Peptide Sequence,Ion Type,S/N,Ion Ratio,Group Average,Relative RT,Flag Details
sarcosine,8.68,Target Compound,20240709_QE2_HILIC_BCSCuAOXq2d_AYW1130,1,Processed,T1,1V,Unknown,,B:A2,,,11016750,124892733,8.9,0.22,C3H7NO2,M+H,N/A,N/A,N/A,N/A,90.055,90.0549,-.9285 (ppm),0,0,N/A,Method,True,False,N/A,N/A,N/A,,,Pass,N/A,N/A,N/A,N/A,Confirmed,N/A,N/A,N/A,N/A,,,,,,,,455.92,N/A,117432811.78,,
sarcosine,8.68,Target Compound,20240709_QE2_HILIC_BCSCuAOXq2d_AYW1131,2,Processed,T1,1V,Unknown,,B:A3,,,9693959,114547407,8.84,0.16,C3H7NO2,M+H,N/A,N/A,N/A,N/A,90.055,90.0549,-.9285 (ppm),0,0,N/A,Method,True,False,N/A,N/A,N/A,,,Pass,N/A,N/A,N/A,N/A,Confirmed,N/A,N/A,N/A,N/A,,,,,,,,244.19,N/A,117432811.78,,
sarcosine,8.68,Target Compound,20240709_QE2_HILIC_BCSCuAOXq2d_AYW1132,3,Processed,T1,1V,Unknown,,B:A4,,,9629639,112858296,8.88,0.20,C3H7NO2,M+H,N/A,N/A,N/A,N/A,90.055,90.0549,-1.1827 (ppm),0,0,N/A,Method,True,False,N/A,N/A,N/A,,,Pass,N/A,N/A,N/A,N/A,Confirmed,N/A,N/A,N/A,N/A,,,,,,,,472.63,N/A,117432811.78,,
sarcosine,8.68,Target Compound,20240709_QE2_HILIC_BCSCuAOXq2d_AYW1133,4,Processed,T1,2B,Unknown,,B:A5,,,13685658,159359503,8.84,0.16,C3H7NO2,M+H,N/A,N/A,N/A,N/A,90.055,90.0549,-1.5216 (ppm),0,0,N/A,Method,True,False,N/A,N/A,N/A,,,Pass,N/A,N/A,N/A,N/A,Confirmed,N/A,N/A,N/A,N/A,,,,,,,,677.61,N/A,180102978.99,,
sarcosine,8.68,Target Compound,20240709_QE2_HILIC_BCSCuAOXq2d_AYW1134,5,Processed,T1,2B,Unknown,,B:A6,,,17544386,193658435,8.85,0.17,C3H7NO2,M+H,N/A,N/A,N/A,N/A,90.055,90.0549,-1.6063 (ppm),0,0,N/A,Method,True,False,N/A,N/A,N/A,,,Pass,N/A,N/A,N/A,N/A,Confirmed,N/A,N/A,N/A,N/A,,,,,,,,804.29,N/A,180102978.99,,
sarcosine,8.68,Target Compound,20240709_QE2_HILIC_BCSCuAOXq2d_AYW1135,6,Processed,T1,2B,Unknown,,B:A7,,,16219423,187290999,8.83,0.15,C3H7NO2,M+H,N/A,N/A,N/A,N/A,90.055,90.0549,-1.1827 (ppm),0,0,N/A,Method,True,False,N/A,N/A,N/A,,,Pass,N/A,N/A,N/A,N/A,Confirmed,N/A,N/A,N/A,N/A,,,,,,,,348.87,N/A,180102978.99,,
sarcosine,8.68,Target Compound,20240709_QE2_HILIC_BCSCuAOXq2d_AYW1136,7,Processed,T1,3C,Unknown,,B:A8,,,13483692,147441357,8.84,0.16,C3H7NO2,M+H,N/A,N/A,N/A,N/A,90.055,90.0549,-1.3521 (ppm),0,0,N/A,Method,True,False,N/A,N/A,N/A,,,Pass,N/A,N/A,N/A,N/A,Confirmed,N/A,N/A,N/A,N/A,,,,,,,,541.13,N/A,129422325.17,,
sarcosine,8.68,Target Compound,20240709_QE2_HILIC_BCSCuAOXq2d_AYW1137,8,Processed,T1,3C,Unknown,,B:A9,,,13540220,148717481,8.85,0.17,C3H7NO2,M+H,N/A,N/A,N/A,N/A,90.055,90.0549,-1.6063 (ppm),0,0,N/A,Method,True,False,N/A,N/A,N/A,,,Pass,N/A,N/A,N/A,N/A,Confirmed,N/A,N/A,N/A,N/A,,,,,,,,614.64,N/A,129422325.17,,
sarcosine,8.68,Target Compound,20240709_QE2_HILIC_BCSCuAOXq2d_AYW1138,9,Processed,T1,3C,Unknown,,B:B1,,,7665932,92108138,8.87,0.19,C3H7NO2,M+H,N/A,N/A,N/A,N/A,90.055,90.0549,-1.3521 (ppm),0,0,N/A,Method,True,False,N/A,N/A,N/A,,,Pass,N/A,N/A,N/A,N/A,Confirmed,N/A,N/A,N/A,N/A,,,,,,,,626.98,N/A,129422325.17,,
sarcosine,8.68,Target Compound,20240709_QE2_HILIC_BCSCuAOXq2d_AYW1139,10,Processed,T1,4BC,Unknown,,B:B2,,,13990151,157807238,8.88,0.20,C3H7NO2,M+H,N/A,N/A,N/A,N/A,90.055,90.0549,-1.1827 (ppm),0,0,N/A,Method,True,False,N/A,N/A,N/A,,,Pass,N/A,N/A,N/A,N/A,Confirmed,N/A,N/A,N/A,N/A,,,,,,,,820.11,N/A,155755022.36,N/A,
sarcosine,8.68,Target Compound,20240709_QE2_HILIC_BCSCuAOXq2d_AYW1140,11,Processed,T1,4BC,Unknown,,B:B3,,,14134423,163577969,8.84,0.16,C3H7NO2,M+H,N/A,N/A,N/A,N/A,90.055,90.0548,-1.7757 (ppm),0,0,N/A,Method,True,False,N/A,N/A,N/A,,,Pass,N/A,N/A,N/A,N/A,Confirmed,N/A,N/A,N/A,N/A,,,,,,,,1260.37,N/A,155755022.36,,
sarcosine,8.68,Target Compound,20240709_QE2_HILIC_BCSCuAOXq2d_AYW1141,12,Processed,T1,4BC,Unknown,,B:B4,,,12489768,145879860,8.86,0.18,C3H7NO2,M+H,N/A,N/A,N/A,N/A,90.055,90.0549,-1.0132 (ppm),0,0,N/A,Method,True,False,N/A,N/A,N/A,,,Pass,N/A,N/A,N/A,N/A,Confirmed,N/A,N/A,N/A,N/A,,,,,,,,565.46,N/A,155755022.36,,
sarcosine,8.68,Target Compound,20240709_QE2_HILIC_BCSCuAOXq2d_AYW1142,13,Processed,T1,5RV,Unknown,,B:B5,,,18109997,207258133,8.88,0.20,C3H7NO2,M+H,N/A,N/A,N/A,N/A,90.055,90.0549,-.7591 (ppm),0,0,N/A,Method,True,False,N/A,N/A,N/A,,,Pass,N/A,N/A,N/A,N/A,Confirmed,N/A,N/A,N/A,N/A,,,,,,,,1012.62,N/A,193704378.48,N/A,
sarcosine,8.68,Target Compound,20240709_QE2_HILIC_BCSCuAOXq2d_AYW1143,14,Processed,T1,5RV,Unknown,,B:B6,,,17861727,193299774,8.84,0.16,C3H7NO2,M+H,N/A,N/A,N/A,N/A,90.055,90.0549,-.9285 (ppm),0,0,N/A,Method,True,False,N/A,N/A,N/A,,,Pass,N/A,N/A,N/A,N/A,Confirmed,N/A,N/A,N/A,N/A,,,,,,,,1264.00,N/A,193704378.48,,
sarcosine,8.68,Target Compound,20240709_QE2_HILIC_BCSCuAOXq2d_AYW1144,15,Processed,T1,5RV,Unknown,,B:B7,,,15530177,180555229,8.86,0.18,C3H7NO2,M+H,N/A,N/A,N/A,N/A,90.055,90.0549,-1.0980 (ppm),0,0,N/A,Method,True,False,N/A,N/A,N/A,,,Pass,N/A,N/A,N/A,N/A,Confirmed,N/A,N/A,N/A,N/A,,,,,,,,1030.96,N/A,193704378.48,,
sarcosine,8.68,Target Compound,20240709_QE2_HILIC_BCSCuAOXq2d_AYW1145,16,Processed,T1,6RB,Unknown,,B:B8,,,16446904,193439735,8.85,0.17,C3H7NO2,M+H,N/A,N/A,N/A,N/A,90.055,90.0549,-.7591 (ppm),0,0,N/A,Method,True,False,N/A,N/A,N/A,,,Pass,N/A,N/A,N/A,N/A,Confirmed,N/A,N/A,N/A,N/A,,,,,,,,1002.00,N/A,158437692.41,,
sarcosine,8.68,Target Compound,20240709_QE2_HILIC_BCSCuAOXq2d_AYW1146,17,Processed,T1,6RB,Unknown,,B:B9,,,12346274,141449877,8.85,0.17,C3H7NO2,M+H,N/A,N/A,N/A,N/A,90.055,90.0549,-.8438 (ppm),0,0,N/A,Method,True,False,N/A,N/A,N/A,,,Pass,N/A,N/A,N/A,N/A,Confirmed,N/A,N/A,N/A,N/A,,,,,,,,917.32,N/A,158437692.41,,
sarcosine,8.68,Target Compound,20240709_QE2_HILIC_BCSCuAOXq2d_AYW1147,18,Processed,T1,6RB,Unknown,,B:C1,,,11994656,140423465,8.88,0.20,C3H7NO2,M+H,N/A,N/A,N/A,N/A,90.055,90.0549,-1.0980 (ppm),0,0,N/A,Method,True,False,N/A,N/A,N/A,,,Pass,N/A,N/A,N/A,N/A,Confirmed,N/A,N/A,N/A,N/A,,,,,,,,687.89,N/A,158437692.41,,
sarcosine,8.68,Target Compound,20240709_QE2_HILIC_BCSCuAOXq2d_AYW1148,19,Processed,T1,7RV,Unknown,,B:C2,,,10193603,115033203,8.85,0.17,C3H7NO2,M+H,N/A,N/A,N/A,N/A,90.055,90.0549,-1.6063 (ppm),0,0,N/A,Method,True,False,N/A,N/A,N/A,,,Pass,N/A,N/A,N/A,N/A,Confirmed,N/A,N/A,N/A,N/A,,,,,,,,277.31,N/A,141004769.89,,
sarcosine,8.68,Target Compound,20240709_QE2_HILIC_BCSCuAOXq2d_AYW1149,20,Processed,T1,7RV,Unknown,,B:C3,,,13599495,152051785,8.84,0.16,C3H7NO2,M+H,N/A,N/A,N/A,N/A,90.055,90.0549,-1.0980 (ppm),0,0,N/A,Method,True,False,N/A,N/A,N/A,,,Pass,N/A,N/A,N/A,N/A,Confirmed,N/A,N/A,N/A,N/A,,,,,,,,279.56,N/A,141004769.89,,
sarcosine,8.68,Target Compound,20240709_QE2_HILIC_BCSCuAOXq2d_AYW1150,21,Processed,T1,7RV,Unknown,,B:C4,,,15336891,155929322,8.84,0.16,C3H7NO2,M+H,N/A,N/A,N/A,N/A,90.055,90.0549,-1.1827 (ppm),0,0,N/A,Method,True,False,N/A,N/A,N/A,,,Pass,N/A,N/A,N/A,N/A,Confirmed,N/A,N/A,N/A,N/A,,,,,,,,1549.91,N/A,141004769.89,,
sarcosine,8.68,Target Compound,20240709_QE2_HILIC_BCSCuAOXq2d_AYW1151,22,Processed,T1,8RB,Unknown,,B:C5,,,15033966,169219071,8.88,0.20,C3H7NO2,M+H,N/A,N/A,N/A,N/A,90.055,90.0549,-.8438 (ppm),0,0,N/A,Method,True,False,N/A,N/A,N/A,,,Pass,N/A,N/A,N/A,N/A,Confirmed,N/A,N/A,N/A,N/A,,,,,,,,1159.38,N/A,140499734.54,,
sarcosine,8.68,Target Compound,20240709_QE2_HILIC_BCSCuAOXq2d_AYW1152,23,Processed,T1,8RB,Unknown,,B:C6,,,7772907,87369966,8.85,0.17,C3H7NO2,M+H,N/A,N/A,N/A,N/A,90.055,90.0549,-1.0980 (ppm),0,0,N/A,Method,True,False,N/A,N/A,N/A,,,Pass,N/A,N/A,N/A,N/A,Confirmed,N/A,N/A,N/A,N/A,,,,,,,,165.56,N/A,140499734.54,,
sarcosine,8.68,Target Compound,20240709_QE2_HILIC_BCSCuAOXq2d_AYW1153,24,Processed,T1,8RB,Unknown,,B:C7,,,14772196,164910167,8.83,0.15,C3H7NO2,M+H,N/A,N/A,N/A,N/A,90.055,90.0548,-1.7757 (ppm),0,0,N/A,Method,True,False,N/A,N/A,N/A,,,Pass,N/A,N/A,N/A,N/A,Confirmed,N/A,N/A,N/A,N/A,,,,,,,,251.51,N/A,140499734.54,,
sarcosine,8.68,Target Compound,20240709_QE2_HILIC_BCSCuAOXq2d_AYW1154_pool1xa,25,Processed,T1,pool1x,Unknown,,B:C8,,,12935245,142133312,8.85,0.17,C3H7NO2,M+H,N/A,N/A,N/A,N/A,90.055,90.0549,-1.1827 (ppm),0,0,N/A,Method,True,False,N/A,N/A,N/A,,,Pass,N/A,N/A,N/A,N/A,Confirmed,N/A,N/A,N/A,N/A,,,,,,,,501.30,N/A,140013356.01,,
sarcosine,8.68,Target Compound,20240709_QE2_HILIC_BCSCuAOXq2d_AYW1154_pool1xb,26,Processed,T1,pool1x,Unknown,,B:C8,,,13965159,156956346,8.85,0.17,C3H7NO2,M+H,N/A,N/A,N/A,N/A,90.055,90.0548,-1.9452 (ppm),0,0,N/A,Method,True,False,N/A,N/A,N/A,,,Pass,N/A,N/A,N/A,N/A,Confirmed,N/A,N/A,N/A,N/A,,,,,,,,413.93,N/A,140013356.01,,
sarcosine,8.68,Target Compound,20240709_QE2_HILIC_BCSCuAOXq2d_AYW1154_pool1xc,27,Processed,T1,pool1x,Unknown,,B:C8,,,14202307,160374585,8.86,0.18,C3H7NO2,M+H,N/A,N/A,N/A,N/A,90.055,90.0549,-.8438 (ppm),0,0,N/A,Method,True,False,N/A,N/A,N/A,,,Pass,N/A,N/A,N/A,N/A,Confirmed,N/A,N/A,N/A,N/A,,,,,,,,986.48,N/A,140013356.01,,
sarcosine,8.68,Target Compound,20240709_QE2_HILIC_BCSCuAOXq2d_AYW1154_pool1xd,28,Processed,T1,pool1x,Unknown,,B:C8,,,9793557,100589182,8.85,0.17,C3H7NO2,M+H,N/A,N/A,N/A,N/A,90.055,90.0549,-1.6063 (ppm),0,0,N/A,Method,True,False,N/A,N/A,N/A,,,Pass,N/A,N/A,N/A,N/A,Confirmed,N/A,N/A,N/A,N/A,,,,,,,,240.87,N/A,140013356.01,,
sarcosine,8.68,Target Compound,20240709_QE2_HILIC_BCSCuAOXq2d_AYW1155_pool033xa,29,Processed,T1,pool033x,Unknown,,B:C9,,,6609493,68909724,8.82,0.14,C3H7NO2,M+H,N/A,N/A,N/A,N/A,90.055,90.0549,-.9285 (ppm),0,0,N/A,Method,True,False,N/A,N/A,N/A,,,Pass,N/A,N/A,N/A,N/A,Confirmed,N/A,N/A,N/A,N/A,,,,,,,,305.02,N/A,62331176.85,,
sarcosine,8.68,Target Compound,20240709_QE2_HILIC_BCSCuAOXq2d_AYW1155_pool033xb,30,Processed,T1,pool033x,Unknown,,B:C9,,,6628447,73941154,8.84,0.16,C3H7NO2,M+H,N/A,N/A,N/A,N/A,90.055,90.0549,-1.6063 (ppm),0,0,N/A,Method,True,False,N/A,N/A,N/A,,,Pass,N/A,N/A,N/A,N/A,Confirmed,N/A,N/A,N/A,N/A,,,,,,,,456.87,N/A,62331176.85,,
sarcosine,8.68,Target Compound,20240709_QE2_HILIC_BCSCuAOXq2d_AYW1155_pool033xc,31,Processed,T1,pool033x,Unknown,,B:C9,,,5370074,61943926,8.85,0.17,C3H7NO2,M+H,N/A,N/A,N/A,N/A,90.055,90.0549,-.6744 (ppm),0,0,N/A,Method,True,False,N/A,N/A,N/A,,,Pass,N/A,N/A,N/A,N/A,Confirmed,N/A,N/A,N/A,N/A,,,,,,,,359.67,N/A,62331176.85,,
sarcosine,8.68,Target Compound,20240709_QE2_HILIC_BCSCuAOXq2d_AYW1155_pool033xd,32,Processed,T1,pool033x,Unknown,,B:C9,,,4114994,44529903,8.81,0.13,C3H7NO2,M+H,N/A,N/A,N/A,N/A,90.055,90.0549,-.9285 (ppm),0,0,N/A,Method,True,False,N/A,N/A,N/A,,,Pass,N/A,N/A,N/A,N/A,Confirmed,N/A,N/A,N/A,N/A,,,,,,,,498.50,N/A,62331176.85,,
sarcosine,8.68,Target Compound,20240709_QE2_HILIC_BCSCuAOXq2d_AYW1156_pool01xa,33,Processed,T1,pool01x,Unknown,,B:D1,,,2214587,22727360,8.81,0.13,C3H7NO2,M+H,N/A,N/A,N/A,N/A,90.055,90.0549,-1.1827 (ppm),0,0,N/A,Method,True,False,N/A,N/A,N/A,,,Pass,N/A,N/A,N/A,N/A,Confirmed,N/A,N/A,N/A,N/A,,,,,,,,212.88,N/A,23374229.45,,
sarcosine,8.68,Target Compound,20240709_QE2_HILIC_BCSCuAOXq2d_AYW1156_pool01xb,34,Processed,T1,pool01x,Unknown,,B:D1,,,3187626,31641295,8.82,0.14,C3H7NO2,M+H,N/A,N/A,N/A,N/A,90.055,90.0549,-1.6063 (ppm),0,0,N/A,Method,True,False,N/A,N/A,N/A,,,Pass,N/A,N/A,N/A,N/A,Confirmed,N/A,N/A,N/A,N/A,,,,,,,,236.56,N/A,23374229.45,,
sarcosine,8.68,Target Compound,20240709_QE2_HILIC_BCSCuAOXq2d_AYW1156_pool01xc,35,Processed,T1,pool01x,Unknown,,B:D1,,,2026972,21883584,8.81,0.13,C3H7NO2,M+H,N/A,N/A,N/A,N/A,90.055,90.055,-.3355 (ppm),0,0,N/A,Method,True,False,N/A,N/A,N/A,,,Pass,N/A,N/A,N/A,N/A,Confirmed,N/A,N/A,N/A,N/A,,,,,,,,209.95,N/A,23374229.45,,
sarcosine,8.68,Target Compound,20240709_QE2_HILIC_BCSCuAOXq2d_AYW1156_pool01xd,36,Processed,T1,pool01x,Unknown,,B:D1,,,1628897,17244678,8.81,0.13,C3H7NO2,M+H,N/A,N/A,N/A,N/A,90.055,90.0549,-1.2674 (ppm),0,0,N/A,Method,True,False,N/A,N/A,N/A,,,Pass,N/A,N/A,N/A,N/A,Confirmed,N/A,N/A,N/A,N/A,,,,,,,,161.79,N/A,23374229.45,,
sarcosine,8.68,Target Compound,20240709_QE2_HILIC_BCSCuAOXq2d_blank1,37,Processed,T1,,Unknown,,B:A1,,,N/F,N/F,N/F,N/F,C3H7NO2,N/A,N/F,N/A,N/F,N/A,90.055,N/F,N/F,N/F,0,N/A,Method,True,False,N/A,N/A,N/A,,,Fail,N/A,N/A,N/A,N/A,NotFound,N/A,N/A,N/A,N/A,,,,,,,,N/A,N/A,574063.51,,
sarcosine,8.68,Target Compound,20240709_QE2_HILIC_BCSCuAOXq2d_blank1_20240710111342,38,Processed,T1,,Unknown,,B:A1,,,N/F,N/F,N/F,N/F,C3H7NO2,N/A,N/F,N/A,N/F,N/A,90.055,N/F,N/F,N/F,0,N/A,Method,True,False,N/A,N/A,N/A,,,Fail,N/A,N/A,N/A,N/A,NotFound,N/A,N/A,N/A,N/A,,,,,,,,N/A,N/A,574063.51,,
sarcosine,8.68,Target Compound,20240709_QE2_HILIC_BCSCuAOXq2d_blank1_20240710231833,39,Processed,T1,,Unknown,,B:A1,,,N/F,N/F,N/F,N/F,C3H7NO2,N/A,N/F,N/A,N/F,N/A,90.055,N/F,N/F,N/F,0,N/A,Method,True,False,N/A,N/A,N/A,,,Fail,N/A,N/A,N/A,N/A,NotFound,N/A,N/A,N/A,N/A,,,,,,,,N/A,N/A,574063.51,,
sarcosine,8.68,Target Compound,20240709_QE2_HILIC_BCSCuAOXq2d_blank2,40,Processed,T1,,Unknown,,B:A1,,,366411,2780084,8.82,0.14,C3H7NO2,M+H,N/A,N/A,N/A,N/A,90.055,90.0549,-.9285 (ppm),0,0,N/A,Method,True,False,N/A,N/A,N/A,,,Pass,N/A,N/A,N/A,N/A,Confirmed,N/A,N/A,N/A,N/A,,,,,,,,71.50,N/A,574063.51,,
sarcosine,8.68,Target Compound,20240709_QE2_HILIC_BCSCuAOXq2d_blank2_20240710115054,41,Processed,T1,,Unknown,,B:A1,,,84099,664297,8.83,0.15,C3H7NO2,M+H,N/A,N/A,N/A,N/A,90.055,90.0549,-.8438 (ppm),0,0,N/A,Method,True,False,N/A,N/A,N/A,,,Pass,N/A,N/A,N/A,N/A,Confirmed,N/A,N/A,N/A,N/A,,,,,,,,10.14,N/A,574063.51,,
sarcosine,8.68,Target Compound,20240709_QE2_HILIC_BCSCuAOXq2d_blank2_20240710235116,42,Processed,T1,,Unknown,,B:A1,,,N/F,N/F,N/F,N/F,C3H7NO2,N/A,N/F,N/A,N/F,N/A,90.055,N/F,N/F,N/F,0,N/A,Method,True,False,N/A,N/A,N/A,,,Fail,N/A,N/A,N/A,N/A,NotFound,N/A,N/A,N/A,N/A,,,,,,,,N/A,N/A,574063.51,,
