﻿Compound,RT,Type,Filename,Batch Order,Status,Peak Label,Group,Sample Type,Level,Sample ID,Sample Name,Comments,Height,Area,Actual RT,RT Delta,Formula,Adduct,Calculated Amt,Theoretical Amt,Sample Amt,Std Add Amount,m/z (Expected),m/z (Apex),m/z (Delta),Response Ratio,ISTD Amt,ISTD Response,Integration Mode,Active,Excluded,%Diff,%RSD,% CV,Channel,Final Units,PK,IR,IP,LS,FI,Confirm,Isotopic Pattern Score (%),Num Isotopes Matched,Lib Match Name,Library Score (%),Library Match Rank,SI/Dot Product,RSI/Rev Dot,Modification,Protein Name,Peptide Sequence,Ion Type,S/N,Ion Ratio,Group Average,Relative RT,Flag Details
betaine,6,Target Compound,20240709_QE2_HILIC_BCSCuAOXq2d_AYW1130,1,Processed,T1,1V,Unknown,,B:A2,,,65862361,1203762132,5.93,-0.07,C5H11NO2,M+H,N/A,N/A,N/A,N/A,118.0863,118.0863,.1606 (ppm),0,0,N/A,Method,True,False,N/A,N/A,N/A,,,Pass,N/A,N/A,N/A,N/A,Confirmed,N/A,N/A,N/A,N/A,,,,,,,,2092.62,N/A,1266440529.99,,
betaine,6,Target Compound,20240709_QE2_HILIC_BCSCuAOXq2d_AYW1131,2,Processed,T1,1V,Unknown,,B:A3,,,89993175,1415200894,5.99,-0.01,C5H11NO2,M+H,N/A,N/A,N/A,N/A,118.0863,118.0863,-.0978 (ppm),0,0,N/A,Method,True,False,N/A,N/A,N/A,,,Pass,N/A,N/A,N/A,N/A,Confirmed,N/A,N/A,N/A,N/A,,,,,,,,1746.89,N/A,1266440529.99,,
betaine,6,Target Compound,20240709_QE2_HILIC_BCSCuAOXq2d_AYW1132,3,Processed,T1,1V,Unknown,,B:A4,,,80964218,1180358564,5.95,-0.05,C5H11NO2,M+H,N/A,N/A,N/A,N/A,118.0863,118.0863,-.2270 (ppm),0,0,N/A,Method,True,False,N/A,N/A,N/A,,,Pass,N/A,N/A,N/A,N/A,Confirmed,N/A,N/A,N/A,N/A,,,,,,,,2260.69,N/A,1266440529.99,,
betaine,6,Target Compound,20240709_QE2_HILIC_BCSCuAOXq2d_AYW1133,4,Processed,T1,2B,Unknown,,B:A5,,,70797123,1082032649,5.96,-0.04,C5H11NO2,M+H,N/A,N/A,N/A,N/A,118.0863,118.0862,-.5501 (ppm),0,0,N/A,Method,True,False,N/A,N/A,N/A,,,Pass,N/A,N/A,N/A,N/A,Confirmed,N/A,N/A,N/A,N/A,,,,,,,,3320.20,N/A,1566740352.73,,
betaine,6,Target Compound,20240709_QE2_HILIC_BCSCuAOXq2d_AYW1134,5,Processed,T1,2B,Unknown,,B:A6,,,120785325,1896817386,5.96,-0.04,C5H11NO2,M+H,N/A,N/A,N/A,N/A,118.0863,118.0862,-.5501 (ppm),0,0,N/A,Method,True,False,N/A,N/A,N/A,,,Pass,N/A,N/A,N/A,N/A,Confirmed,N/A,N/A,N/A,N/A,,,,,,,,2900.21,N/A,1566740352.73,,
betaine,6,Target Compound,20240709_QE2_HILIC_BCSCuAOXq2d_AYW1135,6,Processed,T1,2B,Unknown,,B:A7,,,112023359,1721371023,5.94,-0.06,C5H11NO2,M+H,N/A,N/A,N/A,N/A,118.0863,118.0863,-.3562 (ppm),0,0,N/A,Method,True,False,N/A,N/A,N/A,,,Pass,N/A,N/A,N/A,N/A,Confirmed,N/A,N/A,N/A,N/A,,,,,,,,2794.99,N/A,1566740352.73,,
betaine,6,Target Compound,20240709_QE2_HILIC_BCSCuAOXq2d_AYW1136,7,Processed,T1,3C,Unknown,,B:A8,,,118352267,1697634899,5.97,-0.03,C5H11NO2,M+H,N/A,N/A,N/A,N/A,118.0863,118.0862,-.7439 (ppm),0,0,N/A,Method,True,False,N/A,N/A,N/A,,,Pass,N/A,N/A,N/A,N/A,Confirmed,N/A,N/A,N/A,N/A,,,,,,,,3041.43,N/A,1411459221.78,,
betaine,6,Target Compound,20240709_QE2_HILIC_BCSCuAOXq2d_AYW1137,8,Processed,T1,3C,Unknown,,B:A9,,,118244848,1769635582,5.96,-0.04,C5H11NO2,M+H,N/A,N/A,N/A,N/A,118.0863,118.0862,-.6793 (ppm),0,0,N/A,Method,True,False,N/A,N/A,N/A,,,Pass,N/A,N/A,N/A,N/A,Confirmed,N/A,N/A,N/A,N/A,,,,,,,,2502.04,N/A,1411459221.78,,
betaine,6,Target Compound,20240709_QE2_HILIC_BCSCuAOXq2d_AYW1138,9,Processed,T1,3C,Unknown,,B:B1,,,51630169,767107185,5.95,-0.05,C5H11NO2,M+H,N/A,N/A,N/A,N/A,118.0863,118.0862,-.6147 (ppm),0,0,N/A,Method,True,False,N/A,N/A,N/A,,,Pass,N/A,N/A,N/A,N/A,Confirmed,N/A,N/A,N/A,N/A,,,,,,,,2406.04,N/A,1411459221.78,,
betaine,6,Target Compound,20240709_QE2_HILIC_BCSCuAOXq2d_AYW1139,10,Processed,T1,4BC,Unknown,,B:B2,,,85805813,1225292073,5.95,-0.05,C5H11NO2,M+H,N/A,N/A,N/A,N/A,118.0863,118.0863,-.2270 (ppm),0,0,N/A,Method,True,False,N/A,N/A,N/A,,,Pass,N/A,N/A,N/A,N/A,Confirmed,N/A,N/A,N/A,N/A,,,,,,,,3817.90,N/A,1334353714.44,N/A,
betaine,6,Target Compound,20240709_QE2_HILIC_BCSCuAOXq2d_AYW1140,11,Processed,T1,4BC,Unknown,,B:B3,,,77088132,1214927979,5.95,-0.05,C5H11NO2,M+H,N/A,N/A,N/A,N/A,118.0863,118.0862,-1.0669 (ppm),0,0,N/A,Method,True,False,N/A,N/A,N/A,,,Pass,N/A,N/A,N/A,N/A,Confirmed,N/A,N/A,N/A,N/A,,,,,,,,3597.12,N/A,1334353714.44,,
betaine,6,Target Compound,20240709_QE2_HILIC_BCSCuAOXq2d_AYW1141,12,Processed,T1,4BC,Unknown,,B:B4,,,101429618,1562841092,5.99,-0.01,C5H11NO2,M+H,N/A,N/A,N/A,N/A,118.0863,118.0863,-.4208 (ppm),0,0,N/A,Method,True,False,N/A,N/A,N/A,,,Pass,N/A,N/A,N/A,N/A,Confirmed,N/A,N/A,N/A,N/A,,,,,,,,2185.69,N/A,1334353714.44,,
betaine,6,Target Compound,20240709_QE2_HILIC_BCSCuAOXq2d_AYW1142,13,Processed,T1,5RV,Unknown,,B:B5,,,80439736,1103262423,5.97,-0.03,C5H11NO2,M+H,N/A,N/A,N/A,N/A,118.0863,118.0863,-.2916 (ppm),0,0,N/A,Method,True,False,N/A,N/A,N/A,,,Pass,N/A,N/A,N/A,N/A,Confirmed,N/A,N/A,N/A,N/A,,,,,,,,3411.09,N/A,1192035122.79,N/A,
betaine,6,Target Compound,20240709_QE2_HILIC_BCSCuAOXq2d_AYW1143,14,Processed,T1,5RV,Unknown,,B:B6,,,94471414,1337049907,5.97,-0.03,C5H11NO2,M+H,N/A,N/A,N/A,N/A,118.0863,118.0863,-.3562 (ppm),0,0,N/A,Method,True,False,N/A,N/A,N/A,,,Pass,N/A,N/A,N/A,N/A,Confirmed,N/A,N/A,N/A,N/A,,,,,,,,3428.56,N/A,1192035122.79,,
betaine,6,Target Compound,20240709_QE2_HILIC_BCSCuAOXq2d_AYW1144,15,Processed,T1,5RV,Unknown,,B:B7,,,75133736,1135793039,5.95,-0.05,C5H11NO2,M+H,N/A,N/A,N/A,N/A,118.0863,118.0862,-.6793 (ppm),0,0,N/A,Method,True,False,N/A,N/A,N/A,,,Pass,N/A,N/A,N/A,N/A,Confirmed,N/A,N/A,N/A,N/A,,,,,,,,2928.14,N/A,1192035122.79,,
betaine,6,Target Compound,20240709_QE2_HILIC_BCSCuAOXq2d_AYW1145,16,Processed,T1,6RB,Unknown,,B:B8,,,74901508,1060574059,5.97,-0.03,C5H11NO2,M+H,N/A,N/A,N/A,N/A,118.0863,118.0862,-.4854 (ppm),0,0,N/A,Method,True,False,N/A,N/A,N/A,,,Pass,N/A,N/A,N/A,N/A,Confirmed,N/A,N/A,N/A,N/A,,,,,,,,2135.94,N/A,923676269.28,,
betaine,6,Target Compound,20240709_QE2_HILIC_BCSCuAOXq2d_AYW1146,17,Processed,T1,6RB,Unknown,,B:B9,,,53252487,763250434,5.96,-0.04,C5H11NO2,M+H,N/A,N/A,N/A,N/A,118.0863,118.0862,-.5501 (ppm),0,0,N/A,Method,True,False,N/A,N/A,N/A,,,Pass,N/A,N/A,N/A,N/A,Confirmed,N/A,N/A,N/A,N/A,,,,,,,,1956.42,N/A,923676269.28,,
betaine,6,Target Compound,20240709_QE2_HILIC_BCSCuAOXq2d_AYW1147,18,Processed,T1,6RB,Unknown,,B:C1,,,56581630,947204315,5.98,-0.02,C5H11NO2,M+H,N/A,N/A,N/A,N/A,118.0863,118.0862,-.6147 (ppm),0,0,N/A,Method,True,False,N/A,N/A,N/A,,,Pass,N/A,N/A,N/A,N/A,Confirmed,N/A,N/A,N/A,N/A,,,,,,,,1717.28,N/A,923676269.28,,
betaine,6,Target Compound,20240709_QE2_HILIC_BCSCuAOXq2d_AYW1148,19,Processed,T1,7RV,Unknown,,B:C2,,,60647193,897828621,5.95,-0.05,C5H11NO2,M+H,N/A,N/A,N/A,N/A,118.0863,118.0862,-.6147 (ppm),0,0,N/A,Method,True,False,N/A,N/A,N/A,,,Pass,N/A,N/A,N/A,N/A,Confirmed,N/A,N/A,N/A,N/A,,,,,,,,2603.96,N/A,1288011864.01,,
betaine,6,Target Compound,20240709_QE2_HILIC_BCSCuAOXq2d_AYW1149,20,Processed,T1,7RV,Unknown,,B:C3,,,87243695,1293023347,5.97,-0.03,C5H11NO2,M+H,N/A,N/A,N/A,N/A,118.0863,118.0862,-.8731 (ppm),0,0,N/A,Method,True,False,N/A,N/A,N/A,,,Pass,N/A,N/A,N/A,N/A,Confirmed,N/A,N/A,N/A,N/A,,,,,,,,2512.03,N/A,1288011864.01,,
betaine,6,Target Compound,20240709_QE2_HILIC_BCSCuAOXq2d_AYW1150,21,Processed,T1,7RV,Unknown,,B:C4,,,100603025,1673183624,5.94,-0.06,C5H11NO2,M+H,N/A,N/A,N/A,N/A,118.0863,118.0862,-.5501 (ppm),0,0,N/A,Method,True,False,N/A,N/A,N/A,,,Pass,N/A,N/A,N/A,N/A,Confirmed,N/A,N/A,N/A,N/A,,,,,,,,2821.31,N/A,1288011864.01,,
betaine,6,Target Compound,20240709_QE2_HILIC_BCSCuAOXq2d_AYW1151,22,Processed,T1,8RB,Unknown,,B:C5,,,94605767,1486910769,5.93,-0.07,C5H11NO2,M+H,N/A,N/A,N/A,N/A,118.0863,118.0863,-.4208 (ppm),0,0,N/A,Method,True,False,N/A,N/A,N/A,,,Pass,N/A,N/A,N/A,N/A,Confirmed,N/A,N/A,N/A,N/A,,,,,,,,2330.87,N/A,1360210217.20,,
betaine,6,Target Compound,20240709_QE2_HILIC_BCSCuAOXq2d_AYW1152,23,Processed,T1,8RB,Unknown,,B:C6,,,58209531,935749916,5.97,-0.03,C5H11NO2,M+H,N/A,N/A,N/A,N/A,118.0863,118.0863,-.0332 (ppm),0,0,N/A,Method,True,False,N/A,N/A,N/A,,,Pass,N/A,N/A,N/A,N/A,Confirmed,N/A,N/A,N/A,N/A,,,,,,,,1844.44,N/A,1360210217.20,,
betaine,6,Target Compound,20240709_QE2_HILIC_BCSCuAOXq2d_AYW1153,24,Processed,T1,8RB,Unknown,,B:C7,,,108395426,1657969966,5.99,-0.01,C5H11NO2,M+H,N/A,N/A,N/A,N/A,118.0863,118.0862,-.8085 (ppm),0,0,N/A,Method,True,False,N/A,N/A,N/A,,,Pass,N/A,N/A,N/A,N/A,Confirmed,N/A,N/A,N/A,N/A,,,,,,,,2533.58,N/A,1360210217.20,,
betaine,6,Target Compound,20240709_QE2_HILIC_BCSCuAOXq2d_AYW1154_pool1xa,25,Processed,T1,pool1x,Unknown,,B:C8,,,99812876,1529659372,5.96,-0.04,C5H11NO2,M+H,N/A,N/A,N/A,N/A,118.0863,118.0863,-.1624 (ppm),0,0,N/A,Method,True,False,N/A,N/A,N/A,,,Pass,N/A,N/A,N/A,N/A,Confirmed,N/A,N/A,N/A,N/A,,,,,,,,2212.93,N/A,1391069563.21,,
betaine,6,Target Compound,20240709_QE2_HILIC_BCSCuAOXq2d_AYW1154_pool1xb,26,Processed,T1,pool1x,Unknown,,B:C8,,,106710325,1613420354,5.98,-0.02,C5H11NO2,M+H,N/A,N/A,N/A,N/A,118.0863,118.0862,-.8085 (ppm),0,0,N/A,Method,True,False,N/A,N/A,N/A,,,Pass,N/A,N/A,N/A,N/A,Confirmed,N/A,N/A,N/A,N/A,,,,,,,,3869.35,N/A,1391069563.21,,
betaine,6,Target Compound,20240709_QE2_HILIC_BCSCuAOXq2d_AYW1154_pool1xc,27,Processed,T1,pool1x,Unknown,,B:C8,,,89439411,1320168555,5.94,-0.06,C5H11NO2,M+H,N/A,N/A,N/A,N/A,118.0863,118.0863,.3545 (ppm),0,0,N/A,Method,True,False,N/A,N/A,N/A,,,Pass,N/A,N/A,N/A,N/A,Confirmed,N/A,N/A,N/A,N/A,,,,,,,,3379.80,N/A,1391069563.21,,
betaine,6,Target Compound,20240709_QE2_HILIC_BCSCuAOXq2d_AYW1154_pool1xd,28,Processed,T1,pool1x,Unknown,,B:C8,,,70899948,1101029972,5.92,-0.08,C5H11NO2,M+H,N/A,N/A,N/A,N/A,118.0863,118.0863,-.4208 (ppm),0,0,N/A,Method,True,False,N/A,N/A,N/A,,,Pass,N/A,N/A,N/A,N/A,Confirmed,N/A,N/A,N/A,N/A,,,,,,,,2565.86,N/A,1391069563.21,,
betaine,6,Target Compound,20240709_QE2_HILIC_BCSCuAOXq2d_AYW1155_pool033xa,29,Processed,T1,pool033x,Unknown,,B:C9,,,64463387,1125981307,5.93,-0.07,C5H11NO2,M+H,N/A,N/A,N/A,N/A,118.0863,118.0863,-.3562 (ppm),0,0,N/A,Method,True,False,N/A,N/A,N/A,,,Pass,N/A,N/A,N/A,N/A,Confirmed,N/A,N/A,N/A,N/A,,,,,,,,1082.86,N/A,812003835.65,,
betaine,6,Target Compound,20240709_QE2_HILIC_BCSCuAOXq2d_AYW1155_pool033xb,30,Processed,T1,pool033x,Unknown,,B:C9,,,50252761,837687469,5.93,-0.07,C5H11NO2,M+H,N/A,N/A,N/A,N/A,118.0863,118.0862,-.6793 (ppm),0,0,N/A,Method,True,False,N/A,N/A,N/A,,,Pass,N/A,N/A,N/A,N/A,Confirmed,N/A,N/A,N/A,N/A,,,,,,,,1177.75,N/A,812003835.65,,
betaine,6,Target Compound,20240709_QE2_HILIC_BCSCuAOXq2d_AYW1155_pool033xc,31,Processed,T1,pool033x,Unknown,,B:C9,,,40754019,732823941,5.93,-0.07,C5H11NO2,M+H,N/A,N/A,N/A,N/A,118.0863,118.0863,.1606 (ppm),0,0,N/A,Method,True,False,N/A,N/A,N/A,,,Pass,N/A,N/A,N/A,N/A,Confirmed,N/A,N/A,N/A,N/A,,,,,,,,1277.73,N/A,812003835.65,,
betaine,6,Target Compound,20240709_QE2_HILIC_BCSCuAOXq2d_AYW1155_pool033xd,32,Processed,T1,pool033x,Unknown,,B:C9,,,30388013,551522626,5.93,-0.07,C5H11NO2,M+H,N/A,N/A,N/A,N/A,118.0863,118.0863,.0960 (ppm),0,0,N/A,Method,True,False,N/A,N/A,N/A,,,Pass,N/A,N/A,N/A,N/A,Confirmed,N/A,N/A,N/A,N/A,,,,,,,,943.65,N/A,812003835.65,,
betaine,6,Target Compound,20240709_QE2_HILIC_BCSCuAOXq2d_AYW1156_pool01xa,33,Processed,T1,pool01x,Unknown,,B:D1,,,24968951,443742472,5.97,-0.03,C5H11NO2,M+H,N/A,N/A,N/A,N/A,118.0863,118.0863,-.0978 (ppm),0,0,N/A,Method,True,False,N/A,N/A,N/A,,,Pass,N/A,N/A,N/A,N/A,Confirmed,N/A,N/A,N/A,N/A,,,,,,,,506.57,N/A,316618473.67,,
betaine,6,Target Compound,20240709_QE2_HILIC_BCSCuAOXq2d_AYW1156_pool01xb,34,Processed,T1,pool01x,Unknown,,B:D1,,,19161011,323318856,5.96,-0.04,C5H11NO2,M+H,N/A,N/A,N/A,N/A,118.0863,118.0862,-.6147 (ppm),0,0,N/A,Method,True,False,N/A,N/A,N/A,,,Pass,N/A,N/A,N/A,N/A,Confirmed,N/A,N/A,N/A,N/A,,,,,,,,294.26,N/A,316618473.67,,
betaine,6,Target Compound,20240709_QE2_HILIC_BCSCuAOXq2d_AYW1156_pool01xc,35,Processed,T1,pool01x,Unknown,,B:D1,,,15516298,283052184,5.91,-0.09,C5H11NO2,M+H,N/A,N/A,N/A,N/A,118.0863,118.0863,.2899 (ppm),0,0,N/A,Method,True,False,N/A,N/A,N/A,,,Pass,N/A,N/A,N/A,N/A,Confirmed,N/A,N/A,N/A,N/A,,,,,,,,320.08,N/A,316618473.67,,
betaine,6,Target Compound,20240709_QE2_HILIC_BCSCuAOXq2d_AYW1156_pool01xd,36,Processed,T1,pool01x,Unknown,,B:D1,,,12534497,216360383,5.87,-0.13,C5H11NO2,M+H,N/A,N/A,N/A,N/A,118.0863,118.0863,-.4208 (ppm),0,0,N/A,Method,True,False,N/A,N/A,N/A,,,Pass,N/A,N/A,N/A,N/A,Confirmed,N/A,N/A,N/A,N/A,,,,,,,,323.62,N/A,316618473.67,,
betaine,6,Target Compound,20240709_QE2_HILIC_BCSCuAOXq2d_blank1,37,Processed,T1,,Unknown,,B:A1,,,11357826,127890891,6.16,0.16,C5H11NO2,M+H,N/A,N/A,N/A,N/A,118.0863,118.0863,.1606 (ppm),0,0,N/A,Method,True,False,N/A,N/A,N/A,,,Pass,N/A,N/A,N/A,N/A,Confirmed,N/A,N/A,N/A,N/A,,,,,,,,135.13,N/A,48768879.48,,
betaine,6,Target Compound,20240709_QE2_HILIC_BCSCuAOXq2d_blank1_20240710111342,38,Processed,T1,,Unknown,,B:A1,,,1968068,20520601,6.18,0.18,C5H11NO2,M+H,N/A,N/A,N/A,N/A,118.0863,118.0863,.4191 (ppm),0,0,N/A,Method,True,False,N/A,N/A,N/A,,,Pass,N/A,N/A,N/A,N/A,Confirmed,N/A,N/A,N/A,N/A,,,,,,,,16.72,N/A,48768879.48,,
betaine,6,Target Compound,20240709_QE2_HILIC_BCSCuAOXq2d_blank1_20240710231833,39,Processed,T1,,Unknown,,B:A1,,,N/F,N/F,N/F,N/F,C5H11NO2,N/A,N/F,N/A,N/F,N/A,118.0863,N/F,N/F,N/F,0,N/A,Method,True,False,N/A,N/A,N/A,,,Fail,N/A,N/A,N/A,N/A,NotFound,N/A,N/A,N/A,N/A,,,,,,,,N/A,N/A,48768879.48,,
betaine,6,Target Compound,20240709_QE2_HILIC_BCSCuAOXq2d_blank2,40,Processed,T1,,Unknown,,B:A1,,,9675361,124448322,5.96,-0.04,C5H11NO2,M+H,N/A,N/A,N/A,N/A,118.0863,118.0863,-.0332 (ppm),0,0,N/A,Method,True,False,N/A,N/A,N/A,,,Pass,N/A,N/A,N/A,N/A,Confirmed,N/A,N/A,N/A,N/A,,,,,,,,79.08,N/A,48768879.48,,
betaine,6,Target Compound,20240709_QE2_HILIC_BCSCuAOXq2d_blank2_20240710115054,41,Processed,T1,,Unknown,,B:A1,,,1017549,11342044,5.95,-0.05,C5H11NO2,M+H,N/A,N/A,N/A,N/A,118.0863,118.0863,.2253 (ppm),0,0,N/A,Method,True,False,N/A,N/A,N/A,,,Pass,N/A,N/A,N/A,N/A,Confirmed,N/A,N/A,N/A,N/A,,,,,,,,20.76,N/A,48768879.48,,
betaine,6,Target Compound,20240709_QE2_HILIC_BCSCuAOXq2d_blank2_20240710235116,42,Processed,T1,,Unknown,,B:A1,,,631429,8411418,5.93,-0.07,C5H11NO2,M+H,N/A,N/A,N/A,N/A,118.0863,118.0863,-.0332 (ppm),0,0,N/A,Method,True,False,N/A,N/A,N/A,,,Pass,N/A,N/A,N/A,N/A,Confirmed,N/A,N/A,N/A,N/A,,,,,,,,13.62,N/A,48768879.48,,
