﻿Compound,RT,Type,Filename,Batch Order,Status,Peak Label,Group,Sample Type,Level,Sample ID,Sample Name,Comments,Height,Area,Actual RT,RT Delta,Formula,Adduct,Calculated Amt,Theoretical Amt,Sample Amt,Std Add Amount,m/z (Expected),m/z (Apex),m/z (Delta),Response Ratio,ISTD Amt,ISTD Response,Integration Mode,Active,Excluded,%Diff,%RSD,% CV,Channel,Final Units,PK,IR,IP,LS,FI,Confirm,Isotopic Pattern Score (%),Num Isotopes Matched,Lib Match Name,Library Score (%),Library Match Rank,SI/Dot Product,RSI/Rev Dot,Modification,Protein Name,Peptide Sequence,Ion Type,S/N,Ion Ratio,Group Average,Relative RT,Flag Details
methionine-13C5-15N,6.5,Target Compound,20240709_QE2_HILIC_BCSCuAOXq2d_AYW1130,1,Processed,T1,1V,Unknown,,B:A2,,,27670664,629578836,6.44,-0.06,[13]C5H11[15]NO2S,M+H,N/A,N/A,N/A,N/A,156.0721,156.0723,1.3545 (ppm),0,0,N/A,Method,True,False,N/A,N/A,N/A,,,Pass,N/A,N/A,N/A,N/A,Confirmed,N/A,N/A,N/A,N/A,,,,,,,,INF,N/A,644907232.49,,
methionine-13C5-15N,6.5,Target Compound,20240709_QE2_HILIC_BCSCuAOXq2d_AYW1131,2,Processed,T1,1V,Unknown,,B:A3,,,29758763,663659011,6.45,-0.05,[13]C5H11[15]NO2S,M+H,N/A,N/A,N/A,N/A,156.0721,156.0721,.1813 (ppm),0,0,N/A,Method,True,False,N/A,N/A,N/A,,,Pass,N/A,N/A,N/A,N/A,Confirmed,N/A,N/A,N/A,N/A,,,,,,,,INF,N/A,644907232.49,,
methionine-13C5-15N,6.5,Target Compound,20240709_QE2_HILIC_BCSCuAOXq2d_AYW1132,3,Processed,T1,1V,Unknown,,B:A4,,,31102071,641483851,6.44,-0.06,[13]C5H11[15]NO2S,M+H,N/A,N/A,N/A,N/A,156.0721,156.0721,.2791 (ppm),0,0,N/A,Method,True,False,N/A,N/A,N/A,,,Pass,N/A,N/A,N/A,N/A,Confirmed,N/A,N/A,N/A,N/A,,,,,,,,INF,N/A,644907232.49,,
methionine-13C5-15N,6.5,Target Compound,20240709_QE2_HILIC_BCSCuAOXq2d_AYW1133,4,Processed,T1,2B,Unknown,,B:A5,,,30170604,658098856,6.47,-0.03,[13]C5H11[15]NO2S,M+H,N/A,N/A,N/A,N/A,156.0721,156.0722,.6701 (ppm),0,0,N/A,Method,True,False,N/A,N/A,N/A,,,Pass,N/A,N/A,N/A,N/A,Confirmed,N/A,N/A,N/A,N/A,,,,,,,,INF,N/A,759805414.10,,
methionine-13C5-15N,6.5,Target Compound,20240709_QE2_HILIC_BCSCuAOXq2d_AYW1134,5,Processed,T1,2B,Unknown,,B:A6,,,36001568,801181431,6.47,-0.03,[13]C5H11[15]NO2S,M+H,N/A,N/A,N/A,N/A,156.0721,156.0721,.2791 (ppm),0,0,N/A,Method,True,False,N/A,N/A,N/A,,,Pass,N/A,N/A,N/A,N/A,Confirmed,N/A,N/A,N/A,N/A,,,,,,,,INF,N/A,759805414.10,,
methionine-13C5-15N,6.5,Target Compound,20240709_QE2_HILIC_BCSCuAOXq2d_AYW1135,6,Processed,T1,2B,Unknown,,B:A7,,,37334074,820135955,6.48,-0.02,[13]C5H11[15]NO2S,M+H,N/A,N/A,N/A,N/A,156.0721,156.0722,.5724 (ppm),0,0,N/A,Method,True,False,N/A,N/A,N/A,,,Pass,N/A,N/A,N/A,N/A,Confirmed,N/A,N/A,N/A,N/A,,,,,,,,INF,N/A,759805414.10,,
methionine-13C5-15N,6.5,Target Compound,20240709_QE2_HILIC_BCSCuAOXq2d_AYW1136,7,Processed,T1,3C,Unknown,,B:A8,,,37306612,800719839,6.46,-0.04,[13]C5H11[15]NO2S,M+H,N/A,N/A,N/A,N/A,156.0721,156.0722,.3768 (ppm),0,0,N/A,Method,True,False,N/A,N/A,N/A,,,Pass,N/A,N/A,N/A,N/A,Confirmed,N/A,N/A,N/A,N/A,,,,,,,,INF,N/A,748465120.71,,
methionine-13C5-15N,6.5,Target Compound,20240709_QE2_HILIC_BCSCuAOXq2d_AYW1137,8,Processed,T1,3C,Unknown,,B:A9,,,39428997,861576475,6.45,-0.05,[13]C5H11[15]NO2S,M+H,N/A,N/A,N/A,N/A,156.0721,156.0722,.3768 (ppm),0,0,N/A,Method,True,False,N/A,N/A,N/A,,,Pass,N/A,N/A,N/A,N/A,Confirmed,N/A,N/A,N/A,N/A,,,,,,,,INF,N/A,748465120.71,,
methionine-13C5-15N,6.5,Target Compound,20240709_QE2_HILIC_BCSCuAOXq2d_AYW1138,9,Processed,T1,3C,Unknown,,B:B1,,,26738834,583099048,6.47,-0.03,[13]C5H11[15]NO2S,M+H,N/A,N/A,N/A,N/A,156.0721,156.0721,.0835 (ppm),0,0,N/A,Method,True,False,N/A,N/A,N/A,,,Pass,N/A,N/A,N/A,N/A,Confirmed,N/A,N/A,N/A,N/A,,,,,,,,INF,N/A,748465120.71,,
methionine-13C5-15N,6.5,Target Compound,20240709_QE2_HILIC_BCSCuAOXq2d_AYW1139,10,Processed,T1,4BC,Unknown,,B:B2,,,31990691,692984718,6.47,-0.03,[13]C5H11[15]NO2S,M+H,N/A,N/A,N/A,N/A,156.0721,156.0721,.2791 (ppm),0,0,N/A,Method,True,False,N/A,N/A,N/A,,,Pass,N/A,N/A,N/A,N/A,Confirmed,N/A,N/A,N/A,N/A,,,,,,,,INF,N/A,763829642.36,N/A,
methionine-13C5-15N,6.5,Target Compound,20240709_QE2_HILIC_BCSCuAOXq2d_AYW1140,11,Processed,T1,4BC,Unknown,,B:B3,,,27656215,617448026,6.44,-0.06,[13]C5H11[15]NO2S,M+H,N/A,N/A,N/A,N/A,156.0721,156.0721,-.0142 (ppm),0,0,N/A,Method,True,False,N/A,N/A,N/A,,,Pass,N/A,N/A,N/A,N/A,Confirmed,N/A,N/A,N/A,N/A,,,,,,,,INF,N/A,763829642.36,,
methionine-13C5-15N,6.5,Target Compound,20240709_QE2_HILIC_BCSCuAOXq2d_AYW1141,12,Processed,T1,4BC,Unknown,,B:B4,,,44334215,981056183,6.5,0.00,[13]C5H11[15]NO2S,M+H,N/A,N/A,N/A,N/A,156.0721,156.0722,.4746 (ppm),0,0,N/A,Method,True,False,N/A,N/A,N/A,,,Pass,N/A,N/A,N/A,N/A,Confirmed,N/A,N/A,N/A,N/A,,,,,,,,INF,N/A,763829642.36,,
methionine-13C5-15N,6.5,Target Compound,20240709_QE2_HILIC_BCSCuAOXq2d_AYW1142,13,Processed,T1,5RV,Unknown,,B:B5,,,31151440,686695735,6.46,-0.04,[13]C5H11[15]NO2S,M+H,N/A,N/A,N/A,N/A,156.0721,156.0722,.7679 (ppm),0,0,N/A,Method,True,False,N/A,N/A,N/A,,,Pass,N/A,N/A,N/A,N/A,Confirmed,N/A,N/A,N/A,N/A,,,,,,,,INF,N/A,700059493.38,N/A,
methionine-13C5-15N,6.5,Target Compound,20240709_QE2_HILIC_BCSCuAOXq2d_AYW1143,14,Processed,T1,5RV,Unknown,,B:B6,,,35648751,775385508,6.5,0.00,[13]C5H11[15]NO2S,M+H,N/A,N/A,N/A,N/A,156.0721,156.0722,.6701 (ppm),0,0,N/A,Method,True,False,N/A,N/A,N/A,,,Pass,N/A,N/A,N/A,N/A,Confirmed,N/A,N/A,N/A,N/A,,,,,,,,INF,N/A,700059493.38,,
methionine-13C5-15N,6.5,Target Compound,20240709_QE2_HILIC_BCSCuAOXq2d_AYW1144,15,Processed,T1,5RV,Unknown,,B:B7,,,28106548,638097237,6.46,-0.04,[13]C5H11[15]NO2S,M+H,N/A,N/A,N/A,N/A,156.0721,156.0723,.9634 (ppm),0,0,N/A,Method,True,False,N/A,N/A,N/A,,,Pass,N/A,N/A,N/A,N/A,Confirmed,N/A,N/A,N/A,N/A,,,,,,,,INF,N/A,700059493.38,,
methionine-13C5-15N,6.5,Target Compound,20240709_QE2_HILIC_BCSCuAOXq2d_AYW1145,16,Processed,T1,6RB,Unknown,,B:B8,,,30864204,658673851,6.46,-0.04,[13]C5H11[15]NO2S,M+H,N/A,N/A,N/A,N/A,156.0721,156.0722,.4746 (ppm),0,0,N/A,Method,True,False,N/A,N/A,N/A,,,Pass,N/A,N/A,N/A,N/A,Confirmed,N/A,N/A,N/A,N/A,,,,,,,,INF,N/A,635756812.05,,
methionine-13C5-15N,6.5,Target Compound,20240709_QE2_HILIC_BCSCuAOXq2d_AYW1146,17,Processed,T1,6RB,Unknown,,B:B9,,,30022334,672154605,6.5,0.00,[13]C5H11[15]NO2S,M+H,N/A,N/A,N/A,N/A,156.0721,156.0722,.7679 (ppm),0,0,N/A,Method,True,False,N/A,N/A,N/A,,,Pass,N/A,N/A,N/A,N/A,Confirmed,N/A,N/A,N/A,N/A,,,,,,,,INF,N/A,635756812.05,,
methionine-13C5-15N,6.5,Target Compound,20240709_QE2_HILIC_BCSCuAOXq2d_AYW1147,18,Processed,T1,6RB,Unknown,,B:C1,,,25697454,576441980,6.47,-0.03,[13]C5H11[15]NO2S,M+H,N/A,N/A,N/A,N/A,156.0721,156.0722,.3768 (ppm),0,0,N/A,Method,True,False,N/A,N/A,N/A,,,Pass,N/A,N/A,N/A,N/A,Confirmed,N/A,N/A,N/A,N/A,,,,,,,,INF,N/A,635756812.05,,
methionine-13C5-15N,6.5,Target Compound,20240709_QE2_HILIC_BCSCuAOXq2d_AYW1148,19,Processed,T1,7RV,Unknown,,B:C2,,,29356800,647493212,6.43,-0.07,[13]C5H11[15]NO2S,M+H,N/A,N/A,N/A,N/A,156.0721,156.0721,.1813 (ppm),0,0,N/A,Method,True,False,N/A,N/A,N/A,,,Pass,N/A,N/A,N/A,N/A,Confirmed,N/A,N/A,N/A,N/A,,,,,,,,INF,N/A,709884466.93,,
methionine-13C5-15N,6.5,Target Compound,20240709_QE2_HILIC_BCSCuAOXq2d_AYW1149,20,Processed,T1,7RV,Unknown,,B:C3,,,32184321,701126498,6.44,-0.06,[13]C5H11[15]NO2S,M+H,N/A,N/A,N/A,N/A,156.0721,156.0721,.1813 (ppm),0,0,N/A,Method,True,False,N/A,N/A,N/A,,,Pass,N/A,N/A,N/A,N/A,Confirmed,N/A,N/A,N/A,N/A,,,,,,,,INF,N/A,709884466.93,,
methionine-13C5-15N,6.5,Target Compound,20240709_QE2_HILIC_BCSCuAOXq2d_AYW1150,21,Processed,T1,7RV,Unknown,,B:C4,,,34630827,781033692,6.46,-0.04,[13]C5H11[15]NO2S,M+H,N/A,N/A,N/A,N/A,156.0721,156.0722,.5724 (ppm),0,0,N/A,Method,True,False,N/A,N/A,N/A,,,Pass,N/A,N/A,N/A,N/A,Confirmed,N/A,N/A,N/A,N/A,,,,,,,,INF,N/A,709884466.93,,
methionine-13C5-15N,6.5,Target Compound,20240709_QE2_HILIC_BCSCuAOXq2d_AYW1151,22,Processed,T1,8RB,Unknown,,B:C5,,,43057882,893935024,6.44,-0.06,[13]C5H11[15]NO2S,M+H,N/A,N/A,N/A,N/A,156.0721,156.0722,.5724 (ppm),0,0,N/A,Method,True,False,N/A,N/A,N/A,,,Pass,N/A,N/A,N/A,N/A,Confirmed,N/A,N/A,N/A,N/A,,,,,,,,INF,N/A,825264808.34,,
methionine-13C5-15N,6.5,Target Compound,20240709_QE2_HILIC_BCSCuAOXq2d_AYW1152,23,Processed,T1,8RB,Unknown,,B:C6,,,28012313,612063697,6.48,-0.02,[13]C5H11[15]NO2S,M+H,N/A,N/A,N/A,N/A,156.0721,156.0723,.9634 (ppm),0,0,N/A,Method,True,False,N/A,N/A,N/A,,,Pass,N/A,N/A,N/A,N/A,Confirmed,N/A,N/A,N/A,N/A,,,,,,,,INF,N/A,825264808.34,,
methionine-13C5-15N,6.5,Target Compound,20240709_QE2_HILIC_BCSCuAOXq2d_AYW1153,24,Processed,T1,8RB,Unknown,,B:C7,,,44214237,969795705,6.45,-0.05,[13]C5H11[15]NO2S,M+H,N/A,N/A,N/A,N/A,156.0721,156.0721,-.0142 (ppm),0,0,N/A,Method,True,False,N/A,N/A,N/A,,,Pass,N/A,N/A,N/A,N/A,Confirmed,N/A,N/A,N/A,N/A,,,,,,,,INF,N/A,825264808.34,,
methionine-13C5-15N,6.5,Target Compound,20240709_QE2_HILIC_BCSCuAOXq2d_AYW1154_pool1xa,25,Processed,T1,pool1x,Unknown,,B:C8,,,33971316,753899466,6.45,-0.05,[13]C5H11[15]NO2S,M+H,N/A,N/A,N/A,N/A,156.0721,156.0722,.6701 (ppm),0,0,N/A,Method,True,False,N/A,N/A,N/A,,,Pass,N/A,N/A,N/A,N/A,Confirmed,N/A,N/A,N/A,N/A,,,,,,,,INF,N/A,753446869.42,,
methionine-13C5-15N,6.5,Target Compound,20240709_QE2_HILIC_BCSCuAOXq2d_AYW1154_pool1xb,26,Processed,T1,pool1x,Unknown,,B:C8,,,42448612,892447444,6.47,-0.03,[13]C5H11[15]NO2S,M+H,N/A,N/A,N/A,N/A,156.0721,156.0721,.1813 (ppm),0,0,N/A,Method,True,False,N/A,N/A,N/A,,,Pass,N/A,N/A,N/A,N/A,Confirmed,N/A,N/A,N/A,N/A,,,,,,,,INF,N/A,753446869.42,,
methionine-13C5-15N,6.5,Target Compound,20240709_QE2_HILIC_BCSCuAOXq2d_AYW1154_pool1xc,27,Processed,T1,pool1x,Unknown,,B:C8,,,34918424,769920983,6.48,-0.02,[13]C5H11[15]NO2S,M+H,N/A,N/A,N/A,N/A,156.0721,156.0723,.9634 (ppm),0,0,N/A,Method,True,False,N/A,N/A,N/A,,,Pass,N/A,N/A,N/A,N/A,Confirmed,N/A,N/A,N/A,N/A,,,,,,,,INF,N/A,753446869.42,,
methionine-13C5-15N,6.5,Target Compound,20240709_QE2_HILIC_BCSCuAOXq2d_AYW1154_pool1xd,28,Processed,T1,pool1x,Unknown,,B:C8,,,26987359,597519586,6.43,-0.07,[13]C5H11[15]NO2S,M+H,N/A,N/A,N/A,N/A,156.0721,156.0722,.5724 (ppm),0,0,N/A,Method,True,False,N/A,N/A,N/A,,,Pass,N/A,N/A,N/A,N/A,Confirmed,N/A,N/A,N/A,N/A,,,,,,,,INF,N/A,753446869.42,,
methionine-13C5-15N,6.5,Target Compound,20240709_QE2_HILIC_BCSCuAOXq2d_AYW1155_pool033xa,29,Processed,T1,pool033x,Unknown,,B:C9,,,18436144,317889794,6.57,0.07,[13]C5H11[15]NO2S,M+H,N/A,N/A,N/A,N/A,156.0721,156.0723,.9634 (ppm),0,0,N/A,Method,True,False,N/A,N/A,N/A,,,Pass,N/A,N/A,N/A,N/A,Confirmed,N/A,N/A,N/A,N/A,,,,,,,,INF,N/A,290334126.54,,
methionine-13C5-15N,6.5,Target Compound,20240709_QE2_HILIC_BCSCuAOXq2d_AYW1155_pool033xb,30,Processed,T1,pool033x,Unknown,,B:C9,,,19888842,328311895,6.57,0.07,[13]C5H11[15]NO2S,M+H,N/A,N/A,N/A,N/A,156.0721,156.0721,.1813 (ppm),0,0,N/A,Method,True,False,N/A,N/A,N/A,,,Pass,N/A,N/A,N/A,N/A,Confirmed,N/A,N/A,N/A,N/A,,,,,,,,23631.04,N/A,290334126.54,,
methionine-13C5-15N,6.5,Target Compound,20240709_QE2_HILIC_BCSCuAOXq2d_AYW1155_pool033xc,31,Processed,T1,pool033x,Unknown,,B:C9,,,16842232,277696110,6.55,0.05,[13]C5H11[15]NO2S,M+H,N/A,N/A,N/A,N/A,156.0721,156.0723,1.0612 (ppm),0,0,N/A,Method,True,False,N/A,N/A,N/A,,,Pass,N/A,N/A,N/A,N/A,Confirmed,N/A,N/A,N/A,N/A,,,,,,,,INF,N/A,290334126.54,,
methionine-13C5-15N,6.5,Target Compound,20240709_QE2_HILIC_BCSCuAOXq2d_AYW1155_pool033xd,32,Processed,T1,pool033x,Unknown,,B:C9,,,14624985,237438707,6.55,0.05,[13]C5H11[15]NO2S,M+H,N/A,N/A,N/A,N/A,156.0721,156.0723,1.0612 (ppm),0,0,N/A,Method,True,False,N/A,N/A,N/A,,,Pass,N/A,N/A,N/A,N/A,Confirmed,N/A,N/A,N/A,N/A,,,,,,,,INF,N/A,290334126.54,,
methionine-13C5-15N,6.5,Target Compound,20240709_QE2_HILIC_BCSCuAOXq2d_AYW1156_pool01xa,33,Processed,T1,pool01x,Unknown,,B:D1,,,7530949,105164882,6.24,-0.26,[13]C5H11[15]NO2S,M+H,N/A,N/A,N/A,N/A,156.0721,156.0722,.7679 (ppm),0,0,N/A,Method,True,False,N/A,N/A,N/A,,,Pass,N/A,N/A,N/A,N/A,Confirmed,N/A,N/A,N/A,N/A,,,,,,,,INF,N/A,106465221.93,,
methionine-13C5-15N,6.5,Target Compound,20240709_QE2_HILIC_BCSCuAOXq2d_AYW1156_pool01xb,34,Processed,T1,pool01x,Unknown,,B:D1,,,9069075,129162112,6.28,-0.22,[13]C5H11[15]NO2S,M+H,N/A,N/A,N/A,N/A,156.0721,156.0721,.2791 (ppm),0,0,N/A,Method,True,False,N/A,N/A,N/A,,,Pass,N/A,N/A,N/A,N/A,Confirmed,N/A,N/A,N/A,N/A,,,,,,,,2277.81,N/A,106465221.93,,
methionine-13C5-15N,6.5,Target Compound,20240709_QE2_HILIC_BCSCuAOXq2d_AYW1156_pool01xc,35,Processed,T1,pool01x,Unknown,,B:D1,,,7257575,105685853,6.24,-0.26,[13]C5H11[15]NO2S,M+H,N/A,N/A,N/A,N/A,156.0721,156.0723,1.0612 (ppm),0,0,N/A,Method,True,False,N/A,N/A,N/A,,,Pass,N/A,N/A,N/A,N/A,Confirmed,N/A,N/A,N/A,N/A,,,,,,,,7216.12,N/A,106465221.93,,
methionine-13C5-15N,6.5,Target Compound,20240709_QE2_HILIC_BCSCuAOXq2d_AYW1156_pool01xd,36,Processed,T1,pool01x,Unknown,,B:D1,,,6154218,85848041,6.27,-0.23,[13]C5H11[15]NO2S,M+H,N/A,N/A,N/A,N/A,156.0721,156.0722,.6701 (ppm),0,0,N/A,Method,True,False,N/A,N/A,N/A,,,Pass,N/A,N/A,N/A,N/A,Confirmed,N/A,N/A,N/A,N/A,,,,,,,,INF,N/A,106465221.93,,
methionine-13C5-15N,6.5,Target Compound,20240709_QE2_HILIC_BCSCuAOXq2d_blank1,37,Processed,T1,,Unknown,,B:A1,,,N/F,N/F,N/F,N/F,[13]C5H11[15]NO2S,N/A,N/F,N/A,N/F,N/A,156.0721,N/F,N/F,N/F,0,N/A,Method,True,False,N/A,N/A,N/A,,,Fail,N/A,N/A,N/A,N/A,NotFound,N/A,N/A,N/A,N/A,,,,,,,,N/A,N/A,1.00,,
methionine-13C5-15N,6.5,Target Compound,20240709_QE2_HILIC_BCSCuAOXq2d_blank1_20240710111342,38,Processed,T1,,Unknown,,B:A1,,,N/F,N/F,N/F,N/F,[13]C5H11[15]NO2S,N/A,N/F,N/A,N/F,N/A,156.0721,N/F,N/F,N/F,0,N/A,Method,True,False,N/A,N/A,N/A,,,Fail,N/A,N/A,N/A,N/A,NotFound,N/A,N/A,N/A,N/A,,,,,,,,N/A,N/A,1.00,,
methionine-13C5-15N,6.5,Target Compound,20240709_QE2_HILIC_BCSCuAOXq2d_blank1_20240710231833,39,Processed,T1,,Unknown,,B:A1,,,N/F,N/F,N/F,N/F,[13]C5H11[15]NO2S,N/A,N/F,N/A,N/F,N/A,156.0721,N/F,N/F,N/F,0,N/A,Method,True,False,N/A,N/A,N/A,,,Fail,N/A,N/A,N/A,N/A,NotFound,N/A,N/A,N/A,N/A,,,,,,,,N/A,N/A,1.00,,
methionine-13C5-15N,6.5,Target Compound,20240709_QE2_HILIC_BCSCuAOXq2d_blank2,40,Processed,T1,,Unknown,,B:A1,,,N/F,N/F,N/F,N/F,[13]C5H11[15]NO2S,N/A,N/F,N/A,N/F,N/A,156.0721,N/F,N/F,N/F,0,N/A,Method,True,False,N/A,N/A,N/A,,,Fail,N/A,N/A,N/A,N/A,NotFound,N/A,N/A,N/A,N/A,,,,,,,,N/A,N/A,1.00,,
methionine-13C5-15N,6.5,Target Compound,20240709_QE2_HILIC_BCSCuAOXq2d_blank2_20240710115054,41,Processed,T1,,Unknown,,B:A1,,,N/F,N/F,N/F,N/F,[13]C5H11[15]NO2S,N/A,N/F,N/A,N/F,N/A,156.0721,N/F,N/F,N/F,0,N/A,Method,True,False,N/A,N/A,N/A,,,Fail,N/A,N/A,N/A,N/A,NotFound,N/A,N/A,N/A,N/A,,,,,,,,N/A,N/A,1.00,,
methionine-13C5-15N,6.5,Target Compound,20240709_QE2_HILIC_BCSCuAOXq2d_blank2_20240710235116,42,Processed,T1,,Unknown,,B:A1,,,N/F,N/F,N/F,N/F,[13]C5H11[15]NO2S,N/A,N/F,N/A,N/F,N/A,156.0721,N/F,N/F,N/F,0,N/A,Method,True,False,N/A,N/A,N/A,,,Fail,N/A,N/A,N/A,N/A,NotFound,N/A,N/A,N/A,N/A,,,,,,,,N/A,N/A,1.00,,
