﻿Compound,RT,Type,Filename,Batch Order,Status,Peak Label,Group,Sample Type,Level,Sample ID,Sample Name,Comments,Height,Area,Actual RT,RT Delta,Formula,Adduct,Calculated Amt,Theoretical Amt,Sample Amt,Std Add Amount,m/z (Expected),m/z (Apex),m/z (Delta),Response Ratio,ISTD Amt,ISTD Response,Integration Mode,Active,Excluded,%Diff,%RSD,% CV,Channel,Final Units,PK,IR,IP,LS,FI,Confirm,Isotopic Pattern Score (%),Num Isotopes Matched,Lib Match Name,Library Score (%),Library Match Rank,SI/Dot Product,RSI/Rev Dot,Modification,Protein Name,Peptide Sequence,Ion Type,S/N,Ion Ratio,Group Average,Relative RT,Flag Details
valine-13C5-15N,7.21,Target Compound,20240709_QE2_HILIC_BCSCuAOXq2d_AYW1130,1,Processed,T1,1V,Unknown,,B:A2,,,22836436,238841520,7.11,-0.10,[13]C5H11[15]NO2,M+H,N/A,N/A,N/A,N/A,124.1001,124.1002,.5344 (ppm),0,0,N/A,Method,True,False,N/A,N/A,N/A,,,Pass,N/A,N/A,N/A,N/A,Confirmed,N/A,N/A,N/A,N/A,,,,,,,,INF,N/A,218830833.95,,
valine-13C5-15N,7.21,Target Compound,20240709_QE2_HILIC_BCSCuAOXq2d_AYW1131,2,Processed,T1,1V,Unknown,,B:A3,,,23067498,223396994,7.12,-0.09,[13]C5H11[15]NO2,M+H,N/A,N/A,N/A,N/A,124.1001,124.1001,.0426 (ppm),0,0,N/A,Method,True,False,N/A,N/A,N/A,,,Pass,N/A,N/A,N/A,N/A,Confirmed,N/A,N/A,N/A,N/A,,,,,,,,INF,N/A,218830833.95,,
valine-13C5-15N,7.21,Target Compound,20240709_QE2_HILIC_BCSCuAOXq2d_AYW1132,3,Processed,T1,1V,Unknown,,B:A4,,,19287992,194253988,7.15,-0.06,[13]C5H11[15]NO2,M+H,N/A,N/A,N/A,N/A,124.1001,124.1001,-.0189 (ppm),0,0,N/A,Method,True,False,N/A,N/A,N/A,,,Pass,N/A,N/A,N/A,N/A,Confirmed,N/A,N/A,N/A,N/A,,,,,,,,INF,N/A,218830833.95,,
valine-13C5-15N,7.21,Target Compound,20240709_QE2_HILIC_BCSCuAOXq2d_AYW1133,4,Processed,T1,2B,Unknown,,B:A5,,,18700631,210489026,7.14,-0.07,[13]C5H11[15]NO2,M+H,N/A,N/A,N/A,N/A,124.1001,124.1001,.3500 (ppm),0,0,N/A,Method,True,False,N/A,N/A,N/A,,,Pass,N/A,N/A,N/A,N/A,Confirmed,N/A,N/A,N/A,N/A,,,,,,,,INF,N/A,229533793.29,,
valine-13C5-15N,7.21,Target Compound,20240709_QE2_HILIC_BCSCuAOXq2d_AYW1134,5,Processed,T1,2B,Unknown,,B:A6,,,23350112,233081716,7.16,-0.05,[13]C5H11[15]NO2,M+H,N/A,N/A,N/A,N/A,124.1001,124.1001,-.3263 (ppm),0,0,N/A,Method,True,False,N/A,N/A,N/A,,,Pass,N/A,N/A,N/A,N/A,Confirmed,N/A,N/A,N/A,N/A,,,,,,,,INF,N/A,229533793.29,,
valine-13C5-15N,7.21,Target Compound,20240709_QE2_HILIC_BCSCuAOXq2d_AYW1135,6,Processed,T1,2B,Unknown,,B:A7,,,25230564,245030637,7.14,-0.07,[13]C5H11[15]NO2,M+H,N/A,N/A,N/A,N/A,124.1001,124.1002,.4115 (ppm),0,0,N/A,Method,True,False,N/A,N/A,N/A,,,Pass,N/A,N/A,N/A,N/A,Confirmed,N/A,N/A,N/A,N/A,,,,,,,,INF,N/A,229533793.29,,
valine-13C5-15N,7.21,Target Compound,20240709_QE2_HILIC_BCSCuAOXq2d_AYW1136,7,Processed,T1,3C,Unknown,,B:A8,,,26375900,262634217,7.12,-0.09,[13]C5H11[15]NO2,M+H,N/A,N/A,N/A,N/A,124.1001,124.1001,.0426 (ppm),0,0,N/A,Method,True,False,N/A,N/A,N/A,,,Pass,N/A,N/A,N/A,N/A,Confirmed,N/A,N/A,N/A,N/A,,,,,,,,INF,N/A,237447880.11,,
valine-13C5-15N,7.21,Target Compound,20240709_QE2_HILIC_BCSCuAOXq2d_AYW1137,8,Processed,T1,3C,Unknown,,B:A9,,,26153178,252746533,7.16,-0.05,[13]C5H11[15]NO2,M+H,N/A,N/A,N/A,N/A,124.1001,124.1001,-.1418 (ppm),0,0,N/A,Method,True,False,N/A,N/A,N/A,,,Pass,N/A,N/A,N/A,N/A,Confirmed,N/A,N/A,N/A,N/A,,,,,,,,INF,N/A,237447880.11,,
valine-13C5-15N,7.21,Target Compound,20240709_QE2_HILIC_BCSCuAOXq2d_AYW1138,9,Processed,T1,3C,Unknown,,B:B1,,,17728841,196962891,7.11,-0.10,[13]C5H11[15]NO2,M+H,N/A,N/A,N/A,N/A,124.1001,124.1001,-.3263 (ppm),0,0,N/A,Method,True,False,N/A,N/A,N/A,,,Pass,N/A,N/A,N/A,N/A,Confirmed,N/A,N/A,N/A,N/A,,,,,,,,INF,N/A,237447880.11,,
valine-13C5-15N,7.21,Target Compound,20240709_QE2_HILIC_BCSCuAOXq2d_AYW1139,10,Processed,T1,4BC,Unknown,,B:B2,,,15612950,174742083,7.18,-0.03,[13]C5H11[15]NO2,M+H,N/A,N/A,N/A,N/A,124.1001,124.1001,-.3263 (ppm),0,0,N/A,Method,True,False,N/A,N/A,N/A,,,Pass,N/A,N/A,N/A,N/A,Confirmed,N/A,N/A,N/A,N/A,,,,,,,,INF,N/A,187763965.93,N/A,
valine-13C5-15N,7.21,Target Compound,20240709_QE2_HILIC_BCSCuAOXq2d_AYW1140,11,Processed,T1,4BC,Unknown,,B:B3,,,16204992,169535297,7.18,-0.03,[13]C5H11[15]NO2,M+H,N/A,N/A,N/A,N/A,124.1001,124.1,-.5722 (ppm),0,0,N/A,Method,True,False,N/A,N/A,N/A,,,Pass,N/A,N/A,N/A,N/A,Confirmed,N/A,N/A,N/A,N/A,,,,,,,,INF,N/A,187763965.93,,
valine-13C5-15N,7.21,Target Compound,20240709_QE2_HILIC_BCSCuAOXq2d_AYW1141,12,Processed,T1,4BC,Unknown,,B:B4,,,17492852,219014518,7.21,0.00,[13]C5H11[15]NO2,M+H,N/A,N/A,N/A,N/A,124.1001,124.1001,.1655 (ppm),0,0,N/A,Method,True,False,N/A,N/A,N/A,,,Pass,N/A,N/A,N/A,N/A,Confirmed,N/A,N/A,N/A,N/A,,,,,,,,INF,N/A,187763965.93,,
valine-13C5-15N,7.21,Target Compound,20240709_QE2_HILIC_BCSCuAOXq2d_AYW1142,13,Processed,T1,5RV,Unknown,,B:B5,,,10106471,143715721,7.25,0.04,[13]C5H11[15]NO2,M+H,N/A,N/A,N/A,N/A,124.1001,124.1001,.3500 (ppm),0,0,N/A,Method,True,False,N/A,N/A,N/A,,,Pass,N/A,N/A,N/A,N/A,Confirmed,N/A,N/A,N/A,N/A,,,,,,,,INF,N/A,159390734.02,N/A,
valine-13C5-15N,7.21,Target Compound,20240709_QE2_HILIC_BCSCuAOXq2d_AYW1143,14,Processed,T1,5RV,Unknown,,B:B6,,,17917549,196233076,7.19,-0.02,[13]C5H11[15]NO2,M+H,N/A,N/A,N/A,N/A,124.1001,124.1001,.0426 (ppm),0,0,N/A,Method,True,False,N/A,N/A,N/A,,,Pass,N/A,N/A,N/A,N/A,Confirmed,N/A,N/A,N/A,N/A,,,,,,,,INF,N/A,159390734.02,,
valine-13C5-15N,7.21,Target Compound,20240709_QE2_HILIC_BCSCuAOXq2d_AYW1144,15,Processed,T1,5RV,Unknown,,B:B7,,,8921848,138223404,7.21,0.00,[13]C5H11[15]NO2,M+H,N/A,N/A,N/A,N/A,124.1001,124.1002,.4115 (ppm),0,0,N/A,Method,True,False,N/A,N/A,N/A,,,Pass,N/A,N/A,N/A,N/A,Confirmed,N/A,N/A,N/A,N/A,,,,,,,,INF,N/A,159390734.02,,
valine-13C5-15N,7.21,Target Compound,20240709_QE2_HILIC_BCSCuAOXq2d_AYW1145,16,Processed,T1,6RB,Unknown,,B:B8,,,16514480,174286195,7.2,-0.01,[13]C5H11[15]NO2,M+H,N/A,N/A,N/A,N/A,124.1001,124.1001,.2270 (ppm),0,0,N/A,Method,True,False,N/A,N/A,N/A,,,Pass,N/A,N/A,N/A,N/A,Confirmed,N/A,N/A,N/A,N/A,,,,,,,,INF,N/A,148469490.91,,
valine-13C5-15N,7.21,Target Compound,20240709_QE2_HILIC_BCSCuAOXq2d_AYW1146,17,Processed,T1,6RB,Unknown,,B:B9,,,9030350,137870261,7.24,0.03,[13]C5H11[15]NO2,M+H,N/A,N/A,N/A,N/A,124.1001,124.1001,.2885 (ppm),0,0,N/A,Method,True,False,N/A,N/A,N/A,,,Pass,N/A,N/A,N/A,N/A,Confirmed,N/A,N/A,N/A,N/A,,,,,,,,INF,N/A,148469490.91,,
valine-13C5-15N,7.21,Target Compound,20240709_QE2_HILIC_BCSCuAOXq2d_AYW1147,18,Processed,T1,6RB,Unknown,,B:C1,,,11132233,133252017,7.22,0.01,[13]C5H11[15]NO2,M+H,N/A,N/A,N/A,N/A,124.1001,124.1001,-.0189 (ppm),0,0,N/A,Method,True,False,N/A,N/A,N/A,,,Pass,N/A,N/A,N/A,N/A,Confirmed,N/A,N/A,N/A,N/A,,,,,,,,INF,N/A,148469490.91,,
valine-13C5-15N,7.21,Target Compound,20240709_QE2_HILIC_BCSCuAOXq2d_AYW1148,19,Processed,T1,7RV,Unknown,,B:C2,,,12235547,135308553,7.2,-0.01,[13]C5H11[15]NO2,M+H,N/A,N/A,N/A,N/A,124.1001,124.1001,-.2033 (ppm),0,0,N/A,Method,True,False,N/A,N/A,N/A,,,Pass,N/A,N/A,N/A,N/A,Confirmed,N/A,N/A,N/A,N/A,,,,,,,,INF,N/A,179195535.75,,
valine-13C5-15N,7.21,Target Compound,20240709_QE2_HILIC_BCSCuAOXq2d_AYW1149,20,Processed,T1,7RV,Unknown,,B:C3,,,20423640,206433800,7.17,-0.04,[13]C5H11[15]NO2,M+H,N/A,N/A,N/A,N/A,124.1001,124.1001,-.2033 (ppm),0,0,N/A,Method,True,False,N/A,N/A,N/A,,,Pass,N/A,N/A,N/A,N/A,Confirmed,N/A,N/A,N/A,N/A,,,,,,,,INF,N/A,179195535.75,,
valine-13C5-15N,7.21,Target Compound,20240709_QE2_HILIC_BCSCuAOXq2d_AYW1150,21,Processed,T1,7RV,Unknown,,B:C4,,,19531400,195844254,7.17,-0.04,[13]C5H11[15]NO2,M+H,N/A,N/A,N/A,N/A,124.1001,124.1002,.4115 (ppm),0,0,N/A,Method,True,False,N/A,N/A,N/A,,,Pass,N/A,N/A,N/A,N/A,Confirmed,N/A,N/A,N/A,N/A,,,,,,,,INF,N/A,179195535.75,,
valine-13C5-15N,7.21,Target Compound,20240709_QE2_HILIC_BCSCuAOXq2d_AYW1151,22,Processed,T1,8RB,Unknown,,B:C5,,,13419449,176957315,7.2,-0.01,[13]C5H11[15]NO2,M+H,N/A,N/A,N/A,N/A,124.1001,124.1001,.2885 (ppm),0,0,N/A,Method,True,False,N/A,N/A,N/A,,,Pass,N/A,N/A,N/A,N/A,Confirmed,N/A,N/A,N/A,N/A,,,,,,,,INF,N/A,146618487.73,,
valine-13C5-15N,7.21,Target Compound,20240709_QE2_HILIC_BCSCuAOXq2d_AYW1152,23,Processed,T1,8RB,Unknown,,B:C6,,,7663686,103758296,7.25,0.04,[13]C5H11[15]NO2,M+H,N/A,N/A,N/A,N/A,124.1001,124.1001,-.0804 (ppm),0,0,N/A,Method,True,False,N/A,N/A,N/A,,,Pass,N/A,N/A,N/A,N/A,Confirmed,N/A,N/A,N/A,N/A,,,,,,,,INF,N/A,146618487.73,,
valine-13C5-15N,7.21,Target Compound,20240709_QE2_HILIC_BCSCuAOXq2d_AYW1153,24,Processed,T1,8RB,Unknown,,B:C7,,,11240066,159139852,7.24,0.03,[13]C5H11[15]NO2,M+H,N/A,N/A,N/A,N/A,124.1001,124.1001,-.3878 (ppm),0,0,N/A,Method,True,False,N/A,N/A,N/A,,,Pass,N/A,N/A,N/A,N/A,Confirmed,N/A,N/A,N/A,N/A,,,,,,,,INF,N/A,146618487.73,,
valine-13C5-15N,7.21,Target Compound,20240709_QE2_HILIC_BCSCuAOXq2d_AYW1154_pool1xa,25,Processed,T1,pool1x,Unknown,,B:C8,,,17382256,186614398,7.16,-0.05,[13]C5H11[15]NO2,M+H,N/A,N/A,N/A,N/A,124.1001,124.1002,.9033 (ppm),0,0,N/A,Method,True,False,N/A,N/A,N/A,,,Pass,N/A,N/A,N/A,N/A,Confirmed,N/A,N/A,N/A,N/A,,,,,,,,INF,N/A,181774010.25,,
valine-13C5-15N,7.21,Target Compound,20240709_QE2_HILIC_BCSCuAOXq2d_AYW1154_pool1xb,26,Processed,T1,pool1x,Unknown,,B:C8,,,20207070,220407041,7.2,-0.01,[13]C5H11[15]NO2,M+H,N/A,N/A,N/A,N/A,124.1001,124.1,-.8181 (ppm),0,0,N/A,Method,True,False,N/A,N/A,N/A,,,Pass,N/A,N/A,N/A,N/A,Confirmed,N/A,N/A,N/A,N/A,,,,,,,,INF,N/A,181774010.25,,
valine-13C5-15N,7.21,Target Compound,20240709_QE2_HILIC_BCSCuAOXq2d_AYW1154_pool1xc,27,Processed,T1,pool1x,Unknown,,B:C8,,,16705105,189303106,7.19,-0.02,[13]C5H11[15]NO2,M+H,N/A,N/A,N/A,N/A,124.1001,124.1001,-.0189 (ppm),0,0,N/A,Method,True,False,N/A,N/A,N/A,,,Pass,N/A,N/A,N/A,N/A,Confirmed,N/A,N/A,N/A,N/A,,,,,,,,INF,N/A,181774010.25,,
valine-13C5-15N,7.21,Target Compound,20240709_QE2_HILIC_BCSCuAOXq2d_AYW1154_pool1xd,28,Processed,T1,pool1x,Unknown,,B:C8,,,12216441,130771496,7.17,-0.04,[13]C5H11[15]NO2,M+H,N/A,N/A,N/A,N/A,124.1001,124.1001,-.2648 (ppm),0,0,N/A,Method,True,False,N/A,N/A,N/A,,,Pass,N/A,N/A,N/A,N/A,Confirmed,N/A,N/A,N/A,N/A,,,,,,,,INF,N/A,181774010.25,,
valine-13C5-15N,7.21,Target Compound,20240709_QE2_HILIC_BCSCuAOXq2d_AYW1155_pool033xa,29,Processed,T1,pool033x,Unknown,,B:C9,,,8255121,92920855,7.04,-0.17,[13]C5H11[15]NO2,M+H,N/A,N/A,N/A,N/A,124.1001,124.1001,.3500 (ppm),0,0,N/A,Method,True,False,N/A,N/A,N/A,,,Pass,N/A,N/A,N/A,N/A,Confirmed,N/A,N/A,N/A,N/A,,,,,,,,INF,N/A,85503297.56,,
valine-13C5-15N,7.21,Target Compound,20240709_QE2_HILIC_BCSCuAOXq2d_AYW1155_pool033xb,30,Processed,T1,pool033x,Unknown,,B:C9,,,8022318,95623581,7.07,-0.14,[13]C5H11[15]NO2,M+H,N/A,N/A,N/A,N/A,124.1001,124.1001,-.3263 (ppm),0,0,N/A,Method,True,False,N/A,N/A,N/A,,,Pass,N/A,N/A,N/A,N/A,Confirmed,N/A,N/A,N/A,N/A,,,,,,,,INF,N/A,85503297.56,,
valine-13C5-15N,7.21,Target Compound,20240709_QE2_HILIC_BCSCuAOXq2d_AYW1155_pool033xc,31,Processed,T1,pool033x,Unknown,,B:C9,,,7913398,88875817,7.05,-0.16,[13]C5H11[15]NO2,M+H,N/A,N/A,N/A,N/A,124.1001,124.1002,.8418 (ppm),0,0,N/A,Method,True,False,N/A,N/A,N/A,,,Pass,N/A,N/A,N/A,N/A,Confirmed,N/A,N/A,N/A,N/A,,,,,,,,INF,N/A,85503297.56,,
valine-13C5-15N,7.21,Target Compound,20240709_QE2_HILIC_BCSCuAOXq2d_AYW1155_pool033xd,32,Processed,T1,pool033x,Unknown,,B:C9,,,5365967,64592938,7.02,-0.19,[13]C5H11[15]NO2,M+H,N/A,N/A,N/A,N/A,124.1001,124.1002,.6574 (ppm),0,0,N/A,Method,True,False,N/A,N/A,N/A,,,Pass,N/A,N/A,N/A,N/A,Confirmed,N/A,N/A,N/A,N/A,,,,,,,,INF,N/A,85503297.56,,
valine-13C5-15N,7.21,Target Compound,20240709_QE2_HILIC_BCSCuAOXq2d_AYW1156_pool01xa,33,Processed,T1,pool01x,Unknown,,B:D1,,,2173000,31633691,7.01,-0.20,[13]C5H11[15]NO2,M+H,N/A,N/A,N/A,N/A,124.1001,124.1001,.1655 (ppm),0,0,N/A,Method,True,False,N/A,N/A,N/A,,,Pass,N/A,N/A,N/A,N/A,Confirmed,N/A,N/A,N/A,N/A,,,,,,,,INF,N/A,35173449.45,,
valine-13C5-15N,7.21,Target Compound,20240709_QE2_HILIC_BCSCuAOXq2d_AYW1156_pool01xb,34,Processed,T1,pool01x,Unknown,,B:D1,,,3532252,46212956,7.01,-0.20,[13]C5H11[15]NO2,M+H,N/A,N/A,N/A,N/A,124.1001,124.1,-.4492 (ppm),0,0,N/A,Method,True,False,N/A,N/A,N/A,,,Pass,N/A,N/A,N/A,N/A,Confirmed,N/A,N/A,N/A,N/A,,,,,,,,INF,N/A,35173449.45,,
valine-13C5-15N,7.21,Target Compound,20240709_QE2_HILIC_BCSCuAOXq2d_AYW1156_pool01xc,35,Processed,T1,pool01x,Unknown,,B:D1,,,2725034,36872229,7.02,-0.19,[13]C5H11[15]NO2,M+H,N/A,N/A,N/A,N/A,124.1001,124.1002,.8418 (ppm),0,0,N/A,Method,True,False,N/A,N/A,N/A,,,Pass,N/A,N/A,N/A,N/A,Confirmed,N/A,N/A,N/A,N/A,,,,,,,,INF,N/A,35173449.45,,
valine-13C5-15N,7.21,Target Compound,20240709_QE2_HILIC_BCSCuAOXq2d_AYW1156_pool01xd,36,Processed,T1,pool01x,Unknown,,B:D1,,,1940175,25974921,6.97,-0.24,[13]C5H11[15]NO2,M+H,N/A,N/A,N/A,N/A,124.1001,124.1001,-.3878 (ppm),0,0,N/A,Method,True,False,N/A,N/A,N/A,,,Pass,N/A,N/A,N/A,N/A,Confirmed,N/A,N/A,N/A,N/A,,,,,,,,INF,N/A,35173449.45,,
valine-13C5-15N,7.21,Target Compound,20240709_QE2_HILIC_BCSCuAOXq2d_blank1,37,Processed,T1,,Unknown,,B:A1,,,N/F,N/F,N/F,N/F,[13]C5H11[15]NO2,N/A,N/F,N/A,N/F,N/A,124.1001,N/F,N/F,N/F,0,N/A,Method,True,False,N/A,N/A,N/A,,,Fail,N/A,N/A,N/A,N/A,NotFound,N/A,N/A,N/A,N/A,,,,,,,,N/A,N/A,1.00,,
valine-13C5-15N,7.21,Target Compound,20240709_QE2_HILIC_BCSCuAOXq2d_blank1_20240710111342,38,Processed,T1,,Unknown,,B:A1,,,N/F,N/F,N/F,N/F,[13]C5H11[15]NO2,N/A,N/F,N/A,N/F,N/A,124.1001,N/F,N/F,N/F,0,N/A,Method,True,False,N/A,N/A,N/A,,,Fail,N/A,N/A,N/A,N/A,NotFound,N/A,N/A,N/A,N/A,,,,,,,,N/A,N/A,1.00,,
valine-13C5-15N,7.21,Target Compound,20240709_QE2_HILIC_BCSCuAOXq2d_blank1_20240710231833,39,Processed,T1,,Unknown,,B:A1,,,N/F,N/F,N/F,N/F,[13]C5H11[15]NO2,N/A,N/F,N/A,N/F,N/A,124.1001,N/F,N/F,N/F,0,N/A,Method,True,False,N/A,N/A,N/A,,,Fail,N/A,N/A,N/A,N/A,NotFound,N/A,N/A,N/A,N/A,,,,,,,,N/A,N/A,1.00,,
valine-13C5-15N,7.21,Target Compound,20240709_QE2_HILIC_BCSCuAOXq2d_blank2,40,Processed,T1,,Unknown,,B:A1,,,N/F,N/F,N/F,N/F,[13]C5H11[15]NO2,N/A,N/F,N/A,N/F,N/A,124.1001,N/F,N/F,N/F,0,N/A,Method,True,False,N/A,N/A,N/A,,,Fail,N/A,N/A,N/A,N/A,NotFound,N/A,N/A,N/A,N/A,,,,,,,,N/A,N/A,1.00,,
valine-13C5-15N,7.21,Target Compound,20240709_QE2_HILIC_BCSCuAOXq2d_blank2_20240710115054,41,Processed,T1,,Unknown,,B:A1,,,N/F,N/F,N/F,N/F,[13]C5H11[15]NO2,N/A,N/F,N/A,N/F,N/A,124.1001,N/F,N/F,N/F,0,N/A,Method,True,False,N/A,N/A,N/A,,,Fail,N/A,N/A,N/A,N/A,NotFound,N/A,N/A,N/A,N/A,,,,,,,,N/A,N/A,1.00,,
valine-13C5-15N,7.21,Target Compound,20240709_QE2_HILIC_BCSCuAOXq2d_blank2_20240710235116,42,Processed,T1,,Unknown,,B:A1,,,N/F,N/F,N/F,N/F,[13]C5H11[15]NO2,N/A,N/F,N/A,N/F,N/A,124.1001,N/F,N/F,N/F,0,N/A,Method,True,False,N/A,N/A,N/A,,,Fail,N/A,N/A,N/A,N/A,NotFound,N/A,N/A,N/A,N/A,,,,,,,,N/A,N/A,1.00,,
