﻿Compound,RT,Type,Filename,Batch Order,Status,Peak Label,Group,Sample Type,Level,Sample ID,Sample Name,Comments,Height,Area,Actual RT,RT Delta,Formula,Adduct,Calculated Amt,Theoretical Amt,Sample Amt,Std Add Amount,m/z (Expected),m/z (Apex),m/z (Delta),Response Ratio,ISTD Amt,ISTD Response,Integration Mode,Active,Excluded,%Diff,%RSD,% CV,Channel,Final Units,PK,IR,IP,LS,FI,Confirm,Isotopic Pattern Score (%),Num Isotopes Matched,Lib Match Name,Library Score (%),Library Match Rank,SI/Dot Product,RSI/Rev Dot,Modification,Protein Name,Peptide Sequence,Ion Type,S/N,Ion Ratio,Group Average,Relative RT,Flag Details
Butyrylcarnitine,3.54,Target Compound,20240709_QE2_HILIC_BCSCuAOXq2d_AYW1130,1,Processed,T1,1V,Unknown,,B:A2,,,7596238,179443124,3.74,0.20,C11H21NO4,M+H,N/A,N/A,N/A,N/A,232.1543,232.1543,-.0792 (ppm),0,0,N/A,Method,True,False,N/A,N/A,N/A,,,Pass,N/A,N/A,N/A,N/A,Confirmed,N/A,N/A,N/A,N/A,,,,,,,,306.44,N/A,179672704.24,,
Butyrylcarnitine,3.54,Target Compound,20240709_QE2_HILIC_BCSCuAOXq2d_AYW1131,2,Processed,T1,1V,Unknown,,B:A3,,,8113797,192230684,3.7,0.16,C11H21NO4,M+H,N/A,N/A,N/A,N/A,232.1543,232.1541,-.6707 (ppm),0,0,N/A,Method,True,False,N/A,N/A,N/A,,,Pass,N/A,N/A,N/A,N/A,Confirmed,N/A,N/A,N/A,N/A,,,,,,,,325.52,N/A,179672704.24,,
Butyrylcarnitine,3.54,Target Compound,20240709_QE2_HILIC_BCSCuAOXq2d_AYW1132,3,Processed,T1,1V,Unknown,,B:A4,,,7297204,167344304,3.68,0.14,C11H21NO4,M+H,N/A,N/A,N/A,N/A,232.1543,232.1541,-.6707 (ppm),0,0,N/A,Method,True,False,N/A,N/A,N/A,,,Pass,N/A,N/A,N/A,N/A,Confirmed,N/A,N/A,N/A,N/A,,,,,,,,436.60,N/A,179672704.24,,
Butyrylcarnitine,3.54,Target Compound,20240709_QE2_HILIC_BCSCuAOXq2d_AYW1133,4,Processed,T1,2B,Unknown,,B:A5,,,5825509,138544260,3.73,0.19,C11H21NO4,M+H,N/A,N/A,N/A,N/A,232.1543,232.1542,-.3421 (ppm),0,0,N/A,Method,True,False,N/A,N/A,N/A,,,Pass,N/A,N/A,N/A,N/A,Confirmed,N/A,N/A,N/A,N/A,,,,,,,,757.53,N/A,213137883.02,,
Butyrylcarnitine,3.54,Target Compound,20240709_QE2_HILIC_BCSCuAOXq2d_AYW1134,5,Processed,T1,2B,Unknown,,B:A6,,,11555767,276209407,3.72,0.18,C11H21NO4,M+H,N/A,N/A,N/A,N/A,232.1543,232.1542,-.4735 (ppm),0,0,N/A,Method,True,False,N/A,N/A,N/A,,,Pass,N/A,N/A,N/A,N/A,Confirmed,N/A,N/A,N/A,N/A,,,,,,,,565.68,N/A,213137883.02,,
Butyrylcarnitine,3.54,Target Compound,20240709_QE2_HILIC_BCSCuAOXq2d_AYW1135,6,Processed,T1,2B,Unknown,,B:A7,,,9652823,224659982,3.73,0.19,C11H21NO4,M+H,N/A,N/A,N/A,N/A,232.1543,232.1541,-.7365 (ppm),0,0,N/A,Method,True,False,N/A,N/A,N/A,,,Pass,N/A,N/A,N/A,N/A,Confirmed,N/A,N/A,N/A,N/A,,,,,,,,435.20,N/A,213137883.02,,
Butyrylcarnitine,3.54,Target Compound,20240709_QE2_HILIC_BCSCuAOXq2d_AYW1136,7,Processed,T1,3C,Unknown,,B:A8,,,9955559,237696032,3.73,0.19,C11H21NO4,M+H,N/A,N/A,N/A,N/A,232.1543,232.1543,-.1449 (ppm),0,0,N/A,Method,True,False,N/A,N/A,N/A,,,Pass,N/A,N/A,N/A,N/A,Confirmed,N/A,N/A,N/A,N/A,,,,,,,,465.68,N/A,193717595.88,,
Butyrylcarnitine,3.54,Target Compound,20240709_QE2_HILIC_BCSCuAOXq2d_AYW1137,8,Processed,T1,3C,Unknown,,B:A9,,,9926588,229760671,3.67,0.13,C11H21NO4,M+H,N/A,N/A,N/A,N/A,232.1543,232.1541,-.6707 (ppm),0,0,N/A,Method,True,False,N/A,N/A,N/A,,,Pass,N/A,N/A,N/A,N/A,Confirmed,N/A,N/A,N/A,N/A,,,,,,,,284.60,N/A,193717595.88,,
Butyrylcarnitine,3.54,Target Compound,20240709_QE2_HILIC_BCSCuAOXq2d_AYW1138,9,Processed,T1,3C,Unknown,,B:B1,,,4704203,113696085,3.71,0.17,C11H21NO4,M+H,N/A,N/A,N/A,N/A,232.1543,232.1543,-.1449 (ppm),0,0,N/A,Method,True,False,N/A,N/A,N/A,,,Pass,N/A,N/A,N/A,N/A,Confirmed,N/A,N/A,N/A,N/A,,,,,,,,511.39,N/A,193717595.88,,
Butyrylcarnitine,3.54,Target Compound,20240709_QE2_HILIC_BCSCuAOXq2d_AYW1139,10,Processed,T1,4BC,Unknown,,B:B2,,,9325007,224543074,3.76,0.22,C11H21NO4,M+H,N/A,N/A,N/A,N/A,232.1543,232.1541,-.7365 (ppm),0,0,N/A,Method,True,False,N/A,N/A,N/A,,,Pass,N/A,N/A,N/A,N/A,Confirmed,N/A,N/A,N/A,N/A,,,,,,,,635.13,N/A,214209805.43,N/A,
Butyrylcarnitine,3.54,Target Compound,20240709_QE2_HILIC_BCSCuAOXq2d_AYW1140,11,Processed,T1,4BC,Unknown,,B:B3,,,8520169,195711103,3.7,0.16,C11H21NO4,M+H,N/A,N/A,N/A,N/A,232.1543,232.1541,-.8679 (ppm),0,0,N/A,Method,True,False,N/A,N/A,N/A,,,Pass,N/A,N/A,N/A,N/A,Confirmed,N/A,N/A,N/A,N/A,,,,,,,,538.91,N/A,214209805.43,,
Butyrylcarnitine,3.54,Target Compound,20240709_QE2_HILIC_BCSCuAOXq2d_AYW1141,12,Processed,T1,4BC,Unknown,,B:B4,,,9513562,222375239,3.75,0.21,C11H21NO4,M+H,N/A,N/A,N/A,N/A,232.1543,232.1542,-.2764 (ppm),0,0,N/A,Method,True,False,N/A,N/A,N/A,,,Pass,N/A,N/A,N/A,N/A,Confirmed,N/A,N/A,N/A,N/A,,,,,,,,386.13,N/A,214209805.43,,
Butyrylcarnitine,3.54,Target Compound,20240709_QE2_HILIC_BCSCuAOXq2d_AYW1142,13,Processed,T1,5RV,Unknown,,B:B5,,,12559270,282331664,3.77,0.23,C11H21NO4,M+H,N/A,N/A,N/A,N/A,232.1543,232.1542,-.4078 (ppm),0,0,N/A,Method,True,False,N/A,N/A,N/A,,,Pass,N/A,N/A,N/A,N/A,Confirmed,N/A,N/A,N/A,N/A,,,,,,,,515.42,N/A,280862617.03,N/A,
Butyrylcarnitine,3.54,Target Compound,20240709_QE2_HILIC_BCSCuAOXq2d_AYW1143,14,Processed,T1,5RV,Unknown,,B:B6,,,13817945,317354599,3.7,0.16,C11H21NO4,M+H,N/A,N/A,N/A,N/A,232.1543,232.1542,-.4735 (ppm),0,0,N/A,Method,True,False,N/A,N/A,N/A,,,Pass,N/A,N/A,N/A,N/A,Confirmed,N/A,N/A,N/A,N/A,,,,,,,,397.15,N/A,280862617.03,,
Butyrylcarnitine,3.54,Target Compound,20240709_QE2_HILIC_BCSCuAOXq2d_AYW1144,15,Processed,T1,5RV,Unknown,,B:B7,,,10462788,242901588,3.73,0.19,C11H21NO4,M+H,N/A,N/A,N/A,N/A,232.1543,232.1542,-.6050 (ppm),0,0,N/A,Method,True,False,N/A,N/A,N/A,,,Pass,N/A,N/A,N/A,N/A,Confirmed,N/A,N/A,N/A,N/A,,,,,,,,728.68,N/A,280862617.03,,
Butyrylcarnitine,3.54,Target Compound,20240709_QE2_HILIC_BCSCuAOXq2d_AYW1145,16,Processed,T1,6RB,Unknown,,B:B8,,,10738512,241828149,3.73,0.19,C11H21NO4,M+H,N/A,N/A,N/A,N/A,232.1543,232.1542,-.3421 (ppm),0,0,N/A,Method,True,False,N/A,N/A,N/A,,,Pass,N/A,N/A,N/A,N/A,Confirmed,N/A,N/A,N/A,N/A,,,,,,,,680.20,N/A,192341478.12,,
Butyrylcarnitine,3.54,Target Compound,20240709_QE2_HILIC_BCSCuAOXq2d_AYW1146,17,Processed,T1,6RB,Unknown,,B:B9,,,7320976,170724842,3.71,0.17,C11H21NO4,M+H,N/A,N/A,N/A,N/A,232.1543,232.1543,-.0792 (ppm),0,0,N/A,Method,True,False,N/A,N/A,N/A,,,Pass,N/A,N/A,N/A,N/A,Confirmed,N/A,N/A,N/A,N/A,,,,,,,,642.94,N/A,192341478.12,,
Butyrylcarnitine,3.54,Target Compound,20240709_QE2_HILIC_BCSCuAOXq2d_AYW1147,18,Processed,T1,6RB,Unknown,,B:C1,,,7380012,164471443,3.71,0.17,C11H21NO4,M+H,N/A,N/A,N/A,N/A,232.1543,232.1542,-.5393 (ppm),0,0,N/A,Method,True,False,N/A,N/A,N/A,,,Pass,N/A,N/A,N/A,N/A,Confirmed,N/A,N/A,N/A,N/A,,,,,,,,586.03,N/A,192341478.12,,
Butyrylcarnitine,3.54,Target Compound,20240709_QE2_HILIC_BCSCuAOXq2d_AYW1148,19,Processed,T1,7RV,Unknown,,B:C2,,,9089059,218111029,3.69,0.15,C11H21NO4,M+H,N/A,N/A,N/A,N/A,232.1543,232.1542,-.3421 (ppm),0,0,N/A,Method,True,False,N/A,N/A,N/A,,,Pass,N/A,N/A,N/A,N/A,Confirmed,N/A,N/A,N/A,N/A,,,,,,,,744.03,N/A,248809865.63,,
Butyrylcarnitine,3.54,Target Compound,20240709_QE2_HILIC_BCSCuAOXq2d_AYW1149,20,Processed,T1,7RV,Unknown,,B:C3,,,12001441,282937787,3.68,0.14,C11H21NO4,M+H,N/A,N/A,N/A,N/A,232.1543,232.1542,-.6050 (ppm),0,0,N/A,Method,True,False,N/A,N/A,N/A,,,Pass,N/A,N/A,N/A,N/A,Confirmed,N/A,N/A,N/A,N/A,,,,,,,,339.51,N/A,248809865.63,,
Butyrylcarnitine,3.54,Target Compound,20240709_QE2_HILIC_BCSCuAOXq2d_AYW1150,21,Processed,T1,7RV,Unknown,,B:C4,,,10270706,245380780,3.78,0.24,C11H21NO4,M+H,N/A,N/A,N/A,N/A,232.1543,232.1542,-.4078 (ppm),0,0,N/A,Method,True,False,N/A,N/A,N/A,,,Pass,N/A,N/A,N/A,N/A,Confirmed,N/A,N/A,N/A,N/A,,,,,,,,330.31,N/A,248809865.63,,
Butyrylcarnitine,3.54,Target Compound,20240709_QE2_HILIC_BCSCuAOXq2d_AYW1151,22,Processed,T1,8RB,Unknown,,B:C5,,,9620510,232477074,3.73,0.19,C11H21NO4,M+H,N/A,N/A,N/A,N/A,232.1543,232.1542,-.3421 (ppm),0,0,N/A,Method,True,False,N/A,N/A,N/A,,,Pass,N/A,N/A,N/A,N/A,Confirmed,N/A,N/A,N/A,N/A,,,,,,,,437.47,N/A,230581217.29,,
Butyrylcarnitine,3.54,Target Compound,20240709_QE2_HILIC_BCSCuAOXq2d_AYW1152,23,Processed,T1,8RB,Unknown,,B:C6,,,8000050,174382117,3.68,0.14,C11H21NO4,M+H,N/A,N/A,N/A,N/A,232.1543,232.1542,-.4078 (ppm),0,0,N/A,Method,True,False,N/A,N/A,N/A,,,Pass,N/A,N/A,N/A,N/A,Confirmed,N/A,N/A,N/A,N/A,,,,,,,,918.76,N/A,230581217.29,,
Butyrylcarnitine,3.54,Target Compound,20240709_QE2_HILIC_BCSCuAOXq2d_AYW1153,24,Processed,T1,8RB,Unknown,,B:C7,,,12296553,284884461,3.7,0.16,C11H21NO4,M+H,N/A,N/A,N/A,N/A,232.1543,232.1542,-.6050 (ppm),0,0,N/A,Method,True,False,N/A,N/A,N/A,,,Pass,N/A,N/A,N/A,N/A,Confirmed,N/A,N/A,N/A,N/A,,,,,,,,420.11,N/A,230581217.29,,
Butyrylcarnitine,3.54,Target Compound,20240709_QE2_HILIC_BCSCuAOXq2d_AYW1154_pool1xa,25,Processed,T1,pool1x,Unknown,,B:C8,,,9784158,230010729,3.75,0.21,C11H21NO4,M+H,N/A,N/A,N/A,N/A,232.1543,232.1541,-.7365 (ppm),0,0,N/A,Method,True,False,N/A,N/A,N/A,,,Pass,N/A,N/A,N/A,N/A,Confirmed,N/A,N/A,N/A,N/A,,,,,,,,137.90,N/A,222034955.43,,
Butyrylcarnitine,3.54,Target Compound,20240709_QE2_HILIC_BCSCuAOXq2d_AYW1154_pool1xb,26,Processed,T1,pool1x,Unknown,,B:C8,,,9883277,240955084,3.69,0.15,C11H21NO4,M+H,N/A,N/A,N/A,N/A,232.1543,232.1541,-.9994 (ppm),0,0,N/A,Method,True,False,N/A,N/A,N/A,,,Pass,N/A,N/A,N/A,N/A,Confirmed,N/A,N/A,N/A,N/A,,,,,,,,514.88,N/A,222034955.43,,
Butyrylcarnitine,3.54,Target Compound,20240709_QE2_HILIC_BCSCuAOXq2d_AYW1154_pool1xc,27,Processed,T1,pool1x,Unknown,,B:C8,,,9543379,222403161,3.69,0.15,C11H21NO4,M+H,N/A,N/A,N/A,N/A,232.1543,232.1543,.0523 (ppm),0,0,N/A,Method,True,False,N/A,N/A,N/A,,,Pass,N/A,N/A,N/A,N/A,Confirmed,N/A,N/A,N/A,N/A,,,,,,,,805.14,N/A,222034955.43,,
Butyrylcarnitine,3.54,Target Compound,20240709_QE2_HILIC_BCSCuAOXq2d_AYW1154_pool1xd,28,Processed,T1,pool1x,Unknown,,B:C8,,,8067065,194770848,3.71,0.17,C11H21NO4,M+H,N/A,N/A,N/A,N/A,232.1543,232.1541,-.9994 (ppm),0,0,N/A,Method,True,False,N/A,N/A,N/A,,,Pass,N/A,N/A,N/A,N/A,Confirmed,N/A,N/A,N/A,N/A,,,,,,,,1112.34,N/A,222034955.43,,
Butyrylcarnitine,3.54,Target Compound,20240709_QE2_HILIC_BCSCuAOXq2d_AYW1155_pool033xa,29,Processed,T1,pool033x,Unknown,,B:C9,,,4003214,93740995,3.74,0.20,C11H21NO4,M+H,N/A,N/A,N/A,N/A,232.1543,232.1543,-.0792 (ppm),0,0,N/A,Method,True,False,N/A,N/A,N/A,,,Pass,N/A,N/A,N/A,N/A,Confirmed,N/A,N/A,N/A,N/A,,,,,,,,106.39,N/A,74642145.22,,
Butyrylcarnitine,3.54,Target Compound,20240709_QE2_HILIC_BCSCuAOXq2d_AYW1155_pool033xb,30,Processed,T1,pool033x,Unknown,,B:C9,,,3110136,76611725,3.7,0.16,C11H21NO4,M+H,N/A,N/A,N/A,N/A,232.1543,232.1541,-.7365 (ppm),0,0,N/A,Method,True,False,N/A,N/A,N/A,,,Pass,N/A,N/A,N/A,N/A,Confirmed,N/A,N/A,N/A,N/A,,,,,,,,158.49,N/A,74642145.22,,
Butyrylcarnitine,3.54,Target Compound,20240709_QE2_HILIC_BCSCuAOXq2d_AYW1155_pool033xc,31,Processed,T1,pool033x,Unknown,,B:C9,,,2842474,67770609,3.67,0.13,C11H21NO4,M+H,N/A,N/A,N/A,N/A,232.1543,232.1543,-.0135 (ppm),0,0,N/A,Method,True,False,N/A,N/A,N/A,,,Pass,N/A,N/A,N/A,N/A,Confirmed,N/A,N/A,N/A,N/A,,,,,,,,268.31,N/A,74642145.22,,
Butyrylcarnitine,3.54,Target Compound,20240709_QE2_HILIC_BCSCuAOXq2d_AYW1155_pool033xd,32,Processed,T1,pool033x,Unknown,,B:C9,,,2464604,60445251,3.7,0.16,C11H21NO4,M+H,N/A,N/A,N/A,N/A,232.1543,232.1542,-.3421 (ppm),0,0,N/A,Method,True,False,N/A,N/A,N/A,,,Pass,N/A,N/A,N/A,N/A,Confirmed,N/A,N/A,N/A,N/A,,,,,,,,INF,N/A,74642145.22,,
Butyrylcarnitine,3.54,Target Compound,20240709_QE2_HILIC_BCSCuAOXq2d_AYW1156_pool01xa,33,Processed,T1,pool01x,Unknown,,B:D1,,,1118341,24258239,3.7,0.16,C11H21NO4,M+H,N/A,N/A,N/A,N/A,232.1543,232.1542,-.6050 (ppm),0,0,N/A,Method,True,False,N/A,N/A,N/A,,,Pass,N/A,N/A,N/A,N/A,Confirmed,N/A,N/A,N/A,N/A,,,,,,,,39.11,N/A,21912445.53,,
Butyrylcarnitine,3.54,Target Compound,20240709_QE2_HILIC_BCSCuAOXq2d_AYW1156_pool01xb,34,Processed,T1,pool01x,Unknown,,B:D1,,,1088536,25019337,3.78,0.24,C11H21NO4,M+H,N/A,N/A,N/A,N/A,232.1543,232.1543,-.0792 (ppm),0,0,N/A,Method,True,False,N/A,N/A,N/A,,,Pass,N/A,N/A,N/A,N/A,Confirmed,N/A,N/A,N/A,N/A,,,,,,,,57.37,N/A,21912445.53,,
Butyrylcarnitine,3.54,Target Compound,20240709_QE2_HILIC_BCSCuAOXq2d_AYW1156_pool01xc,35,Processed,T1,pool01x,Unknown,,B:D1,,,838986,20421571,3.68,0.14,C11H21NO4,M+H,N/A,N/A,N/A,N/A,232.1543,232.1543,.1180 (ppm),0,0,N/A,Method,True,False,N/A,N/A,N/A,,,Pass,N/A,N/A,N/A,N/A,Confirmed,N/A,N/A,N/A,N/A,,,,,,,,58.76,N/A,21912445.53,,
Butyrylcarnitine,3.54,Target Compound,20240709_QE2_HILIC_BCSCuAOXq2d_AYW1156_pool01xd,36,Processed,T1,pool01x,Unknown,,B:D1,,,768386,17950635,3.74,0.20,C11H21NO4,M+H,N/A,N/A,N/A,N/A,232.1543,232.1541,-.7365 (ppm),0,0,N/A,Method,True,False,N/A,N/A,N/A,,,Pass,N/A,N/A,N/A,N/A,Confirmed,N/A,N/A,N/A,N/A,,,,,,,,89.77,N/A,21912445.53,,
Butyrylcarnitine,3.54,Target Compound,20240709_QE2_HILIC_BCSCuAOXq2d_blank1,37,Processed,T1,,Unknown,,B:A1,,,N/F,N/F,N/F,N/F,C11H21NO4,N/A,N/F,N/A,N/F,N/A,232.1543,N/F,N/F,N/F,0,N/A,Method,True,False,N/A,N/A,N/A,,,Fail,N/A,N/A,N/A,N/A,NotFound,N/A,N/A,N/A,N/A,,,,,,,,N/A,N/A,1.00,,
Butyrylcarnitine,3.54,Target Compound,20240709_QE2_HILIC_BCSCuAOXq2d_blank1_20240710111342,38,Processed,T1,,Unknown,,B:A1,,,N/F,N/F,N/F,N/F,C11H21NO4,N/A,N/F,N/A,N/F,N/A,232.1543,N/F,N/F,N/F,0,N/A,Method,True,False,N/A,N/A,N/A,,,Fail,N/A,N/A,N/A,N/A,NotFound,N/A,N/A,N/A,N/A,,,,,,,,N/A,N/A,1.00,,
Butyrylcarnitine,3.54,Target Compound,20240709_QE2_HILIC_BCSCuAOXq2d_blank1_20240710231833,39,Processed,T1,,Unknown,,B:A1,,,N/F,N/F,N/F,N/F,C11H21NO4,N/A,N/F,N/A,N/F,N/A,232.1543,N/F,N/F,N/F,0,N/A,Method,True,False,N/A,N/A,N/A,,,Fail,N/A,N/A,N/A,N/A,NotFound,N/A,N/A,N/A,N/A,,,,,,,,N/A,N/A,1.00,,
Butyrylcarnitine,3.54,Target Compound,20240709_QE2_HILIC_BCSCuAOXq2d_blank2,40,Processed,T1,,Unknown,,B:A1,,,N/F,N/F,N/F,N/F,C11H21NO4,N/A,N/F,N/A,N/F,N/A,232.1543,N/F,N/F,N/F,0,N/A,Method,True,False,N/A,N/A,N/A,,,Fail,N/A,N/A,N/A,N/A,NotFound,N/A,N/A,N/A,N/A,,,,,,,,N/A,N/A,1.00,,
Butyrylcarnitine,3.54,Target Compound,20240709_QE2_HILIC_BCSCuAOXq2d_blank2_20240710115054,41,Processed,T1,,Unknown,,B:A1,,,N/F,N/F,N/F,N/F,C11H21NO4,N/A,N/F,N/A,N/F,N/A,232.1543,N/F,N/F,N/F,0,N/A,Method,True,False,N/A,N/A,N/A,,,Fail,N/A,N/A,N/A,N/A,NotFound,N/A,N/A,N/A,N/A,,,,,,,,N/A,N/A,1.00,,
Butyrylcarnitine,3.54,Target Compound,20240709_QE2_HILIC_BCSCuAOXq2d_blank2_20240710235116,42,Processed,T1,,Unknown,,B:A1,,,N/F,N/F,N/F,N/F,C11H21NO4,N/A,N/F,N/A,N/F,N/A,232.1543,N/F,N/F,N/F,0,N/A,Method,True,False,N/A,N/A,N/A,,,Fail,N/A,N/A,N/A,N/A,NotFound,N/A,N/A,N/A,N/A,,,,,,,,N/A,N/A,1.00,,
