﻿Compound,RT,Type,Filename,Batch Order,Status,Peak Label,Group,Sample Type,Level,Sample ID,Sample Name,Comments,Height,Area,Actual RT,RT Delta,Formula,Adduct,Calculated Amt,Theoretical Amt,Sample Amt,Std Add Amount,m/z (Expected),m/z (Apex),m/z (Delta),Response Ratio,ISTD Amt,ISTD Response,Integration Mode,Active,Excluded,%Diff,%RSD,% CV,Channel,Final Units,PK,IR,IP,LS,FI,Confirm,Isotopic Pattern Score (%),Num Isotopes Matched,Lib Match Name,Library Score (%),Library Match Rank,SI/Dot Product,RSI/Rev Dot,Modification,Protein Name,Peptide Sequence,Ion Type,S/N,Ion Ratio,Group Average,Relative RT,Flag Details
alanine,9.02,Target Compound,20240709_QE2_HILIC_BCSCuAOXq2d_AYW1130,1,Processed,T1,1V,Unknown,,B:A2,,,11024064,125129462,8.9,-0.12,C3H7NO2,M+H,N/A,N/A,N/A,N/A,90.055,90.0549,-.9285 (ppm),0,0,N/A,Method,True,False,N/A,N/A,N/A,,,Pass,N/A,N/A,N/A,N/A,Confirmed,N/A,N/A,N/A,N/A,,,,,,,,789.79,N/A,117242888.99,,
alanine,9.02,Target Compound,20240709_QE2_HILIC_BCSCuAOXq2d_AYW1131,2,Processed,T1,1V,Unknown,,B:A3,,,9660752,113000338,8.84,-0.18,C3H7NO2,M+H,N/A,N/A,N/A,N/A,90.055,90.0549,-.9285 (ppm),0,0,N/A,Method,True,False,N/A,N/A,N/A,,,Pass,N/A,N/A,N/A,N/A,Confirmed,N/A,N/A,N/A,N/A,,,,,,,,152.33,N/A,117242888.99,,
alanine,9.02,Target Compound,20240709_QE2_HILIC_BCSCuAOXq2d_AYW1132,3,Processed,T1,1V,Unknown,,B:A4,,,9646602,113598866,8.88,-0.14,C3H7NO2,M+H,N/A,N/A,N/A,N/A,90.055,90.0549,-1.1827 (ppm),0,0,N/A,Method,True,False,N/A,N/A,N/A,,,Pass,N/A,N/A,N/A,N/A,Confirmed,N/A,N/A,N/A,N/A,,,,,,,,818.53,N/A,117242888.99,,
alanine,9.02,Target Compound,20240709_QE2_HILIC_BCSCuAOXq2d_AYW1133,4,Processed,T1,2B,Unknown,,B:A5,,,13696220,159766665,8.84,-0.18,C3H7NO2,M+H,N/A,N/A,N/A,N/A,90.055,90.0549,-1.5216 (ppm),0,0,N/A,Method,True,False,N/A,N/A,N/A,,,Pass,N/A,N/A,N/A,N/A,Confirmed,N/A,N/A,N/A,N/A,,,,,,,,1228.79,N/A,180971725.17,,
alanine,9.02,Target Compound,20240709_QE2_HILIC_BCSCuAOXq2d_AYW1134,5,Processed,T1,2B,Unknown,,B:A6,,,17600047,195202005,8.85,-0.17,C3H7NO2,M+H,N/A,N/A,N/A,N/A,90.055,90.0549,-1.6063 (ppm),0,0,N/A,Method,True,False,N/A,N/A,N/A,,,Pass,N/A,N/A,N/A,N/A,Confirmed,N/A,N/A,N/A,N/A,,,,,,,,1760.52,N/A,180971725.17,,
alanine,9.02,Target Compound,20240709_QE2_HILIC_BCSCuAOXq2d_AYW1135,6,Processed,T1,2B,Unknown,,B:A7,,,16236510,187946505,8.83,-0.19,C3H7NO2,M+H,N/A,N/A,N/A,N/A,90.055,90.0549,-1.1827 (ppm),0,0,N/A,Method,True,False,N/A,N/A,N/A,,,Pass,N/A,N/A,N/A,N/A,Confirmed,N/A,N/A,N/A,N/A,,,,,,,,541.43,N/A,180971725.17,,
alanine,9.02,Target Compound,20240709_QE2_HILIC_BCSCuAOXq2d_AYW1136,7,Processed,T1,3C,Unknown,,B:A8,,,13483692,147441357,8.84,-0.18,C3H7NO2,M+H,N/A,N/A,N/A,N/A,90.055,90.0549,-1.3521 (ppm),0,0,N/A,Method,True,False,N/A,N/A,N/A,,,Pass,N/A,N/A,N/A,N/A,Confirmed,N/A,N/A,N/A,N/A,,,,,,,,537.73,N/A,127594161.30,,
alanine,9.02,Target Compound,20240709_QE2_HILIC_BCSCuAOXq2d_AYW1137,8,Processed,T1,3C,Unknown,,B:A9,,,13382508,143278086,8.85,-0.17,C3H7NO2,M+H,N/A,N/A,N/A,N/A,90.055,90.0549,-1.6063 (ppm),0,0,N/A,Method,True,False,N/A,N/A,N/A,,,Pass,N/A,N/A,N/A,N/A,Confirmed,N/A,N/A,N/A,N/A,,,,,,,,157.68,N/A,127594161.30,,
alanine,9.02,Target Compound,20240709_QE2_HILIC_BCSCuAOXq2d_AYW1138,9,Processed,T1,3C,Unknown,,B:B1,,,7664678,92063041,8.87,-0.15,C3H7NO2,M+H,N/A,N/A,N/A,N/A,90.055,90.0549,-1.3521 (ppm),0,0,N/A,Method,True,False,N/A,N/A,N/A,,,Pass,N/A,N/A,N/A,N/A,Confirmed,N/A,N/A,N/A,N/A,,,,,,,,562.79,N/A,127594161.30,,
alanine,9.02,Target Compound,20240709_QE2_HILIC_BCSCuAOXq2d_AYW1139,10,Processed,T1,4BC,Unknown,,B:B2,,,13935832,156041813,8.88,-0.14,C3H7NO2,M+H,N/A,N/A,N/A,N/A,90.055,90.0549,-1.1827 (ppm),0,0,N/A,Method,True,False,N/A,N/A,N/A,,,Pass,N/A,N/A,N/A,N/A,Confirmed,N/A,N/A,N/A,N/A,,,,,,,,336.99,N/A,155225756.43,N/A,
alanine,9.02,Target Compound,20240709_QE2_HILIC_BCSCuAOXq2d_AYW1140,11,Processed,T1,4BC,Unknown,,B:B3,,,14134739,163586106,8.84,-0.18,C3H7NO2,M+H,N/A,N/A,N/A,N/A,90.055,90.0548,-1.7757 (ppm),0,0,N/A,Method,True,False,N/A,N/A,N/A,,,Pass,N/A,N/A,N/A,N/A,Confirmed,N/A,N/A,N/A,N/A,,,,,,,,1308.49,N/A,155225756.43,,
alanine,9.02,Target Compound,20240709_QE2_HILIC_BCSCuAOXq2d_AYW1141,12,Processed,T1,4BC,Unknown,,B:B4,,,12493949,146049350,8.86,-0.16,C3H7NO2,M+H,N/A,N/A,N/A,N/A,90.055,90.0549,-1.0132 (ppm),0,0,N/A,Method,True,False,N/A,N/A,N/A,,,Pass,N/A,N/A,N/A,N/A,Confirmed,N/A,N/A,N/A,N/A,,,,,,,,632.86,N/A,155225756.43,,
alanine,9.02,Target Compound,20240709_QE2_HILIC_BCSCuAOXq2d_AYW1142,13,Processed,T1,5RV,Unknown,,B:B5,,,18110033,207259313,8.88,-0.14,C3H7NO2,M+H,N/A,N/A,N/A,N/A,90.055,90.0549,-.7591 (ppm),0,0,N/A,Method,True,False,N/A,N/A,N/A,,,Pass,N/A,N/A,N/A,N/A,Confirmed,N/A,N/A,N/A,N/A,,,,,,,,1322.69,N/A,193825054.41,N/A,
alanine,9.02,Target Compound,20240709_QE2_HILIC_BCSCuAOXq2d_AYW1143,14,Processed,T1,5RV,Unknown,,B:B6,,,17880400,193802028,8.84,-0.18,C3H7NO2,M+H,N/A,N/A,N/A,N/A,90.055,90.0549,-.9285 (ppm),0,0,N/A,Method,True,False,N/A,N/A,N/A,,,Pass,N/A,N/A,N/A,N/A,Confirmed,N/A,N/A,N/A,N/A,,,,,,,,3963.06,N/A,193825054.41,,
alanine,9.02,Target Compound,20240709_QE2_HILIC_BCSCuAOXq2d_AYW1144,15,Processed,T1,5RV,Unknown,,B:B7,,,15526270,180413822,8.86,-0.16,C3H7NO2,M+H,N/A,N/A,N/A,N/A,90.055,90.0549,-1.0980 (ppm),0,0,N/A,Method,True,False,N/A,N/A,N/A,,,Pass,N/A,N/A,N/A,N/A,Confirmed,N/A,N/A,N/A,N/A,,,,,,,,1173.40,N/A,193825054.41,,
alanine,9.02,Target Compound,20240709_QE2_HILIC_BCSCuAOXq2d_AYW1145,16,Processed,T1,6RB,Unknown,,B:B8,,,16451034,193579764,8.85,-0.17,C3H7NO2,M+H,N/A,N/A,N/A,N/A,90.055,90.0549,-.7591 (ppm),0,0,N/A,Method,True,False,N/A,N/A,N/A,,,Pass,N/A,N/A,N/A,N/A,Confirmed,N/A,N/A,N/A,N/A,,,,,,,,1638.72,N/A,158473620.53,,
alanine,9.02,Target Compound,20240709_QE2_HILIC_BCSCuAOXq2d_AYW1146,17,Processed,T1,6RB,Unknown,,B:B9,,,12346275,141449909,8.85,-0.17,C3H7NO2,M+H,N/A,N/A,N/A,N/A,90.055,90.0549,-.8438 (ppm),0,0,N/A,Method,True,False,N/A,N/A,N/A,,,Pass,N/A,N/A,N/A,N/A,Confirmed,N/A,N/A,N/A,N/A,,,,,,,,879.86,N/A,158473620.53,,
alanine,9.02,Target Compound,20240709_QE2_HILIC_BCSCuAOXq2d_AYW1147,18,Processed,T1,6RB,Unknown,,B:C1,,,11993758,140391189,8.88,-0.14,C3H7NO2,M+H,N/A,N/A,N/A,N/A,90.055,90.0549,-1.0980 (ppm),0,0,N/A,Method,True,False,N/A,N/A,N/A,,,Pass,N/A,N/A,N/A,N/A,Confirmed,N/A,N/A,N/A,N/A,,,,,,,,1057.86,N/A,158473620.53,,
alanine,9.02,Target Compound,20240709_QE2_HILIC_BCSCuAOXq2d_AYW1148,19,Processed,T1,7RV,Unknown,,B:C2,,,10076159,110796709,8.85,-0.17,C3H7NO2,M+H,N/A,N/A,N/A,N/A,90.055,90.0549,-1.6063 (ppm),0,0,N/A,Method,True,False,N/A,N/A,N/A,,,Pass,N/A,N/A,N/A,N/A,Confirmed,N/A,N/A,N/A,N/A,,,,,,,,117.21,N/A,140309831.59,,
alanine,9.02,Target Compound,20240709_QE2_HILIC_BCSCuAOXq2d_AYW1149,20,Processed,T1,7RV,Unknown,,B:C3,,,13663722,154566942,8.84,-0.18,C3H7NO2,M+H,N/A,N/A,N/A,N/A,90.055,90.0549,-1.0980 (ppm),0,0,N/A,Method,True,False,N/A,N/A,N/A,,,Pass,N/A,N/A,N/A,N/A,Confirmed,N/A,N/A,N/A,N/A,,,,,,,,775.13,N/A,140309831.59,,
alanine,9.02,Target Compound,20240709_QE2_HILIC_BCSCuAOXq2d_AYW1150,21,Processed,T1,7RV,Unknown,,B:C4,,,15325122,155565843,8.84,-0.18,C3H7NO2,M+H,N/A,N/A,N/A,N/A,90.055,90.0549,-1.1827 (ppm),0,0,N/A,Method,True,False,N/A,N/A,N/A,,,Pass,N/A,N/A,N/A,N/A,Confirmed,N/A,N/A,N/A,N/A,,,,,,,,1091.49,N/A,140309831.59,,
alanine,9.02,Target Compound,20240709_QE2_HILIC_BCSCuAOXq2d_AYW1151,22,Processed,T1,8RB,Unknown,,B:C5,,,15030093,169110905,8.88,-0.14,C3H7NO2,M+H,N/A,N/A,N/A,N/A,90.055,90.0549,-.8438 (ppm),0,0,N/A,Method,True,False,N/A,N/A,N/A,,,Pass,N/A,N/A,N/A,N/A,Confirmed,N/A,N/A,N/A,N/A,,,,,,,,774.59,N/A,141484608.41,,
alanine,9.02,Target Compound,20240709_QE2_HILIC_BCSCuAOXq2d_AYW1152,23,Processed,T1,8RB,Unknown,,B:C6,,,7814466,88863224,8.85,-0.17,C3H7NO2,M+H,N/A,N/A,N/A,N/A,90.055,90.0549,-1.0980 (ppm),0,0,N/A,Method,True,False,N/A,N/A,N/A,,,Pass,N/A,N/A,N/A,N/A,Confirmed,N/A,N/A,N/A,N/A,,,,,,,,571.31,N/A,141484608.41,,
alanine,9.02,Target Compound,20240709_QE2_HILIC_BCSCuAOXq2d_AYW1153,24,Processed,T1,8RB,Unknown,,B:C7,,,14815090,166479696,8.83,-0.19,C3H7NO2,M+H,N/A,N/A,N/A,N/A,90.055,90.0548,-1.7757 (ppm),0,0,N/A,Method,True,False,N/A,N/A,N/A,,,Pass,N/A,N/A,N/A,N/A,Confirmed,N/A,N/A,N/A,N/A,,,,,,,,518.21,N/A,141484608.41,,
alanine,9.02,Target Compound,20240709_QE2_HILIC_BCSCuAOXq2d_AYW1154_pool1xa,25,Processed,T1,pool1x,Unknown,,B:C8,,,12953185,142720411,8.85,-0.17,C3H7NO2,M+H,N/A,N/A,N/A,N/A,90.055,90.0549,-1.1827 (ppm),0,0,N/A,Method,True,False,N/A,N/A,N/A,,,Pass,N/A,N/A,N/A,N/A,Confirmed,N/A,N/A,N/A,N/A,,,,,,,,568.37,N/A,140303799.61,,
alanine,9.02,Target Compound,20240709_QE2_HILIC_BCSCuAOXq2d_AYW1154_pool1xb,26,Processed,T1,pool1x,Unknown,,B:C8,,,13989572,157768553,8.85,-0.17,C3H7NO2,M+H,N/A,N/A,N/A,N/A,90.055,90.0548,-1.9452 (ppm),0,0,N/A,Method,True,False,N/A,N/A,N/A,,,Pass,N/A,N/A,N/A,N/A,Confirmed,N/A,N/A,N/A,N/A,,,,,,,,708.74,N/A,140303799.61,,
alanine,9.02,Target Compound,20240709_QE2_HILIC_BCSCuAOXq2d_AYW1154_pool1xc,27,Processed,T1,pool1x,Unknown,,B:C8,,,14196706,160137053,8.86,-0.16,C3H7NO2,M+H,N/A,N/A,N/A,N/A,90.055,90.0549,-.8438 (ppm),0,0,N/A,Method,True,False,N/A,N/A,N/A,,,Pass,N/A,N/A,N/A,N/A,Confirmed,N/A,N/A,N/A,N/A,,,,,,,,631.27,N/A,140303799.61,,
alanine,9.02,Target Compound,20240709_QE2_HILIC_BCSCuAOXq2d_AYW1154_pool1xd,28,Processed,T1,pool1x,Unknown,,B:C8,,,9793557,100589182,8.85,-0.17,C3H7NO2,M+H,N/A,N/A,N/A,N/A,90.055,90.0549,-1.6063 (ppm),0,0,N/A,Method,True,False,N/A,N/A,N/A,,,Pass,N/A,N/A,N/A,N/A,Confirmed,N/A,N/A,N/A,N/A,,,,,,,,240.87,N/A,140303799.61,,
alanine,9.02,Target Compound,20240709_QE2_HILIC_BCSCuAOXq2d_AYW1155_pool033xa,29,Processed,T1,pool033x,Unknown,,B:C9,,,6618359,69181489,8.82,-0.20,C3H7NO2,M+H,N/A,N/A,N/A,N/A,90.055,90.0549,-.9285 (ppm),0,0,N/A,Method,True,False,N/A,N/A,N/A,,,Pass,N/A,N/A,N/A,N/A,Confirmed,N/A,N/A,N/A,N/A,,,,,,,,437.43,N/A,62222151.42,,
alanine,9.02,Target Compound,20240709_QE2_HILIC_BCSCuAOXq2d_AYW1155_pool033xb,30,Processed,T1,pool033x,Unknown,,B:C9,,,6636662,74228814,8.84,-0.18,C3H7NO2,M+H,N/A,N/A,N/A,N/A,90.055,90.0549,-1.6063 (ppm),0,0,N/A,Method,True,False,N/A,N/A,N/A,,,Pass,N/A,N/A,N/A,N/A,Confirmed,N/A,N/A,N/A,N/A,,,,,,,,536.62,N/A,62222151.42,,
alanine,9.02,Target Compound,20240709_QE2_HILIC_BCSCuAOXq2d_AYW1155_pool033xc,31,Processed,T1,pool033x,Unknown,,B:C9,,,5374692,62096600,8.85,-0.17,C3H7NO2,M+H,N/A,N/A,N/A,N/A,90.055,90.0549,-.6744 (ppm),0,0,N/A,Method,True,False,N/A,N/A,N/A,,,Pass,N/A,N/A,N/A,N/A,Confirmed,N/A,N/A,N/A,N/A,,,,,,,,427.97,N/A,62222151.42,,
alanine,9.02,Target Compound,20240709_QE2_HILIC_BCSCuAOXq2d_AYW1155_pool033xd,32,Processed,T1,pool033x,Unknown,,B:C9,,,4083058,43381703,8.81,-0.21,C3H7NO2,M+H,N/A,N/A,N/A,N/A,90.055,90.0549,-.9285 (ppm),0,0,N/A,Method,True,False,N/A,N/A,N/A,,,Pass,N/A,N/A,N/A,N/A,Confirmed,N/A,N/A,N/A,N/A,,,,,,,,163.87,N/A,62222151.42,,
alanine,9.02,Target Compound,20240709_QE2_HILIC_BCSCuAOXq2d_AYW1156_pool01xa,33,Processed,T1,pool01x,Unknown,,B:D1,,,2191983,21689288,8.81,-0.21,C3H7NO2,M+H,N/A,N/A,N/A,N/A,90.055,90.0549,-1.1827 (ppm),0,0,N/A,Method,True,False,N/A,N/A,N/A,,,Pass,N/A,N/A,N/A,N/A,Confirmed,N/A,N/A,N/A,N/A,,,,,,,,120.20,N/A,22997065.34,,
alanine,9.02,Target Compound,20240709_QE2_HILIC_BCSCuAOXq2d_AYW1156_pool01xb,34,Processed,T1,pool01x,Unknown,,B:D1,,,3160875,30643620,8.82,-0.20,C3H7NO2,M+H,N/A,N/A,N/A,N/A,90.055,90.0549,-1.6063 (ppm),0,0,N/A,Method,True,False,N/A,N/A,N/A,,,Pass,N/A,N/A,N/A,N/A,Confirmed,N/A,N/A,N/A,N/A,,,,,,,,122.19,N/A,22997065.34,,
alanine,9.02,Target Compound,20240709_QE2_HILIC_BCSCuAOXq2d_AYW1156_pool01xc,35,Processed,T1,pool01x,Unknown,,B:D1,,,2034434,22139886,8.81,-0.21,C3H7NO2,M+H,N/A,N/A,N/A,N/A,90.055,90.055,-.3355 (ppm),0,0,N/A,Method,True,False,N/A,N/A,N/A,,,Pass,N/A,N/A,N/A,N/A,Confirmed,N/A,N/A,N/A,N/A,,,,,,,,256.14,N/A,22997065.34,,
alanine,9.02,Target Compound,20240709_QE2_HILIC_BCSCuAOXq2d_AYW1156_pool01xd,36,Processed,T1,pool01x,Unknown,,B:D1,,,1637339,17515467,8.81,-0.21,C3H7NO2,M+H,N/A,N/A,N/A,N/A,90.055,90.0549,-1.2674 (ppm),0,0,N/A,Method,True,False,N/A,N/A,N/A,,,Pass,N/A,N/A,N/A,N/A,Confirmed,N/A,N/A,N/A,N/A,,,,,,,,245.54,N/A,22997065.34,,
alanine,9.02,Target Compound,20240709_QE2_HILIC_BCSCuAOXq2d_blank1,37,Processed,T1,,Unknown,,B:A1,,,N/F,N/F,N/F,N/F,C3H7NO2,N/A,N/F,N/A,N/F,N/A,90.055,N/F,N/F,N/F,0,N/A,Method,True,False,N/A,N/A,N/A,,,Fail,N/A,N/A,N/A,N/A,NotFound,N/A,N/A,N/A,N/A,,,,,,,,N/A,N/A,693478.51,,
alanine,9.02,Target Compound,20240709_QE2_HILIC_BCSCuAOXq2d_blank1_20240710111342,38,Processed,T1,,Unknown,,B:A1,,,143269,1380787,9.11,0.09,C3H7NO2,M+H,N/A,N/A,N/A,N/A,90.055,90.0549,-.7591 (ppm),0,0,N/A,Method,True,False,N/A,N/A,N/A,,,Pass,N/A,N/A,N/A,N/A,Confirmed,N/A,N/A,N/A,N/A,,,,,,,,12.96,N/A,693478.51,,
alanine,9.02,Target Compound,20240709_QE2_HILIC_BCSCuAOXq2d_blank1_20240710231833,39,Processed,T1,,Unknown,,B:A1,,,N/F,N/F,N/F,N/F,C3H7NO2,N/A,N/F,N/A,N/F,N/A,90.055,N/F,N/F,N/F,0,N/A,Method,True,False,N/A,N/A,N/A,,,Fail,N/A,N/A,N/A,N/A,NotFound,N/A,N/A,N/A,N/A,,,,,,,,N/A,N/A,693478.51,,
alanine,9.02,Target Compound,20240709_QE2_HILIC_BCSCuAOXq2d_blank2,40,Processed,T1,,Unknown,,B:A1,,,366411,2780084,8.82,-0.20,C3H7NO2,M+H,N/A,N/A,N/A,N/A,90.055,90.0549,-.9285 (ppm),0,0,N/A,Method,True,False,N/A,N/A,N/A,,,Pass,N/A,N/A,N/A,N/A,Confirmed,N/A,N/A,N/A,N/A,,,,,,,,71.50,N/A,693478.51,,
alanine,9.02,Target Compound,20240709_QE2_HILIC_BCSCuAOXq2d_blank2_20240710115054,41,Processed,T1,,Unknown,,B:A1,,,N/F,N/F,N/F,N/F,C3H7NO2,N/A,N/F,N/A,N/F,N/A,90.055,N/F,N/F,N/F,0,N/A,Method,True,False,N/A,N/A,N/A,,,Fail,N/A,N/A,N/A,N/A,NotFound,N/A,N/A,N/A,N/A,,,,,,,,N/A,N/A,693478.51,,
alanine,9.02,Target Compound,20240709_QE2_HILIC_BCSCuAOXq2d_blank2_20240710235116,42,Processed,T1,,Unknown,,B:A1,,,N/F,N/F,N/F,N/F,C3H7NO2,N/A,N/F,N/A,N/F,N/A,90.055,N/F,N/F,N/F,0,N/A,Method,True,False,N/A,N/A,N/A,,,Fail,N/A,N/A,N/A,N/A,NotFound,N/A,N/A,N/A,N/A,,,,,,,,N/A,N/A,693478.51,,
