﻿Compound,RT,Type,Filename,Batch Order,Status,Peak Label,Group,Sample Type,Level,Sample ID,Sample Name,Comments,Height,Area,Actual RT,RT Delta,Formula,Adduct,Calculated Amt,Theoretical Amt,Sample Amt,Std Add Amount,m/z (Expected),m/z (Apex),m/z (Delta),Response Ratio,ISTD Amt,ISTD Response,Integration Mode,Active,Excluded,%Diff,%RSD,% CV,Channel,Final Units,PK,IR,IP,LS,FI,Confirm,Isotopic Pattern Score (%),Num Isotopes Matched,Lib Match Name,Library Score (%),Library Match Rank,SI/Dot Product,RSI/Rev Dot,Modification,Protein Name,Peptide Sequence,Ion Type,S/N,Ion Ratio,Group Average,Relative RT,Flag Details
creatine,9.08,Target Compound,20240709_QE2_HILIC_BCSCuAOXq2d_AYW1130,1,Processed,T1,1V,Unknown,,B:A2,,,55257678,666286256,8.83,-0.25,C4H9N3O2,M+H,N/A,N/A,N/A,N/A,132.0768,132.0763,-3.7160 (ppm),0,0,N/A,Method,True,False,N/A,N/A,N/A,,,Pass,N/A,N/A,N/A,N/A,Confirmed,N/A,N/A,N/A,N/A,,,,,,,,36374.42,N/A,588748877.96,,
creatine,9.08,Target Compound,20240709_QE2_HILIC_BCSCuAOXq2d_AYW1131,2,Processed,T1,1V,Unknown,,B:A3,,,51535812,625601454,8.81,-0.27,C4H9N3O2,M+H,N/A,N/A,N/A,N/A,132.0768,132.0762,-4.1781 (ppm),0,0,N/A,Method,True,False,N/A,N/A,N/A,,,Pass,N/A,N/A,N/A,N/A,Confirmed,N/A,N/A,N/A,N/A,,,,,,,,54653.06,N/A,588748877.96,,
creatine,9.08,Target Compound,20240709_QE2_HILIC_BCSCuAOXq2d_AYW1132,3,Processed,T1,1V,Unknown,,B:A4,,,40209179,474358924,8.83,-0.25,C4H9N3O2,M+H,N/A,N/A,N/A,N/A,132.0768,132.0763,-3.9470 (ppm),0,0,N/A,Method,True,False,N/A,N/A,N/A,,,Pass,N/A,N/A,N/A,N/A,Confirmed,N/A,N/A,N/A,N/A,,,,,,,,53021.30,N/A,588748877.96,,
creatine,9.08,Target Compound,20240709_QE2_HILIC_BCSCuAOXq2d_AYW1133,4,Processed,T1,2B,Unknown,,B:A5,,,48056675,612386641,8.84,-0.24,C4H9N3O2,M+H,N/A,N/A,N/A,N/A,132.0768,132.0764,-3.2539 (ppm),0,0,N/A,Method,True,False,N/A,N/A,N/A,,,Pass,N/A,N/A,N/A,N/A,Confirmed,N/A,N/A,N/A,N/A,,,,,,,,170631.68,N/A,895738691.95,,
creatine,9.08,Target Compound,20240709_QE2_HILIC_BCSCuAOXq2d_AYW1134,5,Processed,T1,2B,Unknown,,B:A6,,,87643184,1089026028,8.83,-0.25,C4H9N3O2,M+H,N/A,N/A,N/A,N/A,132.0768,132.0762,-4.4092 (ppm),0,0,N/A,Method,True,False,N/A,N/A,N/A,,,Pass,N/A,N/A,N/A,N/A,Confirmed,N/A,N/A,N/A,N/A,,,,,,,,39469.99,N/A,895738691.95,,
creatine,9.08,Target Compound,20240709_QE2_HILIC_BCSCuAOXq2d_AYW1135,6,Processed,T1,2B,Unknown,,B:A7,,,83654603,985803407,8.83,-0.25,C4H9N3O2,M+H,N/A,N/A,N/A,N/A,132.0768,132.0764,-3.3694 (ppm),0,0,N/A,Method,True,False,N/A,N/A,N/A,,,Pass,N/A,N/A,N/A,N/A,Confirmed,N/A,N/A,N/A,N/A,,,,,,,,245497.24,N/A,895738691.95,,
creatine,9.08,Target Compound,20240709_QE2_HILIC_BCSCuAOXq2d_AYW1136,7,Processed,T1,3C,Unknown,,B:A8,,,73873628,875292496,8.81,-0.27,C4H9N3O2,M+H,N/A,N/A,N/A,N/A,132.0768,132.0763,-4.0626 (ppm),0,0,N/A,Method,True,False,N/A,N/A,N/A,,,Pass,N/A,N/A,N/A,N/A,Confirmed,N/A,N/A,N/A,N/A,,,,,,,,347673.88,N/A,666430343.00,,
creatine,9.08,Target Compound,20240709_QE2_HILIC_BCSCuAOXq2d_AYW1137,8,Processed,T1,3C,Unknown,,B:A9,,,65076640,779074374,8.83,-0.25,C4H9N3O2,M+H,N/A,N/A,N/A,N/A,132.0768,132.0762,-4.4092 (ppm),0,0,N/A,Method,True,False,N/A,N/A,N/A,,,Pass,N/A,N/A,N/A,N/A,Confirmed,N/A,N/A,N/A,N/A,,,,,,,,INF,N/A,666430343.00,,
creatine,9.08,Target Compound,20240709_QE2_HILIC_BCSCuAOXq2d_AYW1138,9,Processed,T1,3C,Unknown,,B:B1,,,29324209,344924159,8.82,-0.26,C4H9N3O2,M+H,N/A,N/A,N/A,N/A,132.0768,132.0762,-4.1781 (ppm),0,0,N/A,Method,True,False,N/A,N/A,N/A,,,Pass,N/A,N/A,N/A,N/A,Confirmed,N/A,N/A,N/A,N/A,,,,,,,,60351.76,N/A,666430343.00,,
creatine,9.08,Target Compound,20240709_QE2_HILIC_BCSCuAOXq2d_AYW1139,10,Processed,T1,4BC,Unknown,,B:B2,,,49970507,616415393,8.83,-0.25,C4H9N3O2,M+H,N/A,N/A,N/A,N/A,132.0768,132.0763,-3.9470 (ppm),0,0,N/A,Method,True,False,N/A,N/A,N/A,,,Pass,N/A,N/A,N/A,N/A,Confirmed,N/A,N/A,N/A,N/A,,,,,,,,24275.56,N/A,550410284.49,N/A,
creatine,9.08,Target Compound,20240709_QE2_HILIC_BCSCuAOXq2d_AYW1140,11,Processed,T1,4BC,Unknown,,B:B3,,,48561665,509231861,8.81,-0.27,C4H9N3O2,M+H,N/A,N/A,N/A,N/A,132.0768,132.0759,-6.4887 (ppm),0,0,N/A,Method,True,False,N/A,N/A,N/A,,,Pass,N/A,N/A,N/A,N/A,Confirmed,N/A,N/A,N/A,N/A,,,,,,,,91257.93,N/A,550410284.49,,
creatine,9.08,Target Compound,20240709_QE2_HILIC_BCSCuAOXq2d_AYW1141,12,Processed,T1,4BC,Unknown,,B:B4,,,48261828,525583599,8.84,-0.24,C4H9N3O2,M+H,N/A,N/A,N/A,N/A,132.0768,132.0761,-5.2179 (ppm),0,0,N/A,Method,True,False,N/A,N/A,N/A,,,Pass,N/A,N/A,N/A,N/A,Confirmed,N/A,N/A,N/A,N/A,,,,,,,,22195.97,N/A,550410284.49,,
creatine,9.08,Target Compound,20240709_QE2_HILIC_BCSCuAOXq2d_AYW1142,13,Processed,T1,5RV,Unknown,,B:B5,,,61954615,681962929,8.8,-0.28,C4H9N3O2,M+H,N/A,N/A,N/A,N/A,132.0768,132.076,-6.1421 (ppm),0,0,N/A,Method,True,False,N/A,N/A,N/A,,,Pass,N/A,N/A,N/A,N/A,Confirmed,N/A,N/A,N/A,N/A,,,,,,,,47008.54,N/A,696113540.90,N/A,
creatine,9.08,Target Compound,20240709_QE2_HILIC_BCSCuAOXq2d_AYW1143,14,Processed,T1,5RV,Unknown,,B:B6,,,78538545,803418068,8.81,-0.27,C4H9N3O2,M+H,N/A,N/A,N/A,N/A,132.0768,132.0761,-5.4489 (ppm),0,0,N/A,Method,True,False,N/A,N/A,N/A,,,Pass,N/A,N/A,N/A,N/A,Confirmed,N/A,N/A,N/A,N/A,,,,,,,,430033.73,N/A,696113540.90,,
creatine,9.08,Target Compound,20240709_QE2_HILIC_BCSCuAOXq2d_AYW1144,15,Processed,T1,5RV,Unknown,,B:B7,,,55677001,602959626,8.83,-0.25,C4H9N3O2,M+H,N/A,N/A,N/A,N/A,132.0768,132.0762,-4.4092 (ppm),0,0,N/A,Method,True,False,N/A,N/A,N/A,,,Pass,N/A,N/A,N/A,N/A,Confirmed,N/A,N/A,N/A,N/A,,,,,,,,299356.88,N/A,696113540.90,,
creatine,9.08,Target Compound,20240709_QE2_HILIC_BCSCuAOXq2d_AYW1145,16,Processed,T1,6RB,Unknown,,B:B8,,,58906746,670793451,8.83,-0.25,C4H9N3O2,M+H,N/A,N/A,N/A,N/A,132.0768,132.0762,-4.4092 (ppm),0,0,N/A,Method,True,False,N/A,N/A,N/A,,,Pass,N/A,N/A,N/A,N/A,Confirmed,N/A,N/A,N/A,N/A,,,,,,,,71638.75,N/A,572422104.66,,
creatine,9.08,Target Compound,20240709_QE2_HILIC_BCSCuAOXq2d_AYW1146,17,Processed,T1,6RB,Unknown,,B:B9,,,38565062,470094191,8.8,-0.28,C4H9N3O2,M+H,N/A,N/A,N/A,N/A,132.0768,132.0761,-5.3334 (ppm),0,0,N/A,Method,True,False,N/A,N/A,N/A,,,Pass,N/A,N/A,N/A,N/A,Confirmed,N/A,N/A,N/A,N/A,,,,,,,,552757.71,N/A,572422104.66,,
creatine,9.08,Target Compound,20240709_QE2_HILIC_BCSCuAOXq2d_AYW1147,18,Processed,T1,6RB,Unknown,,B:C1,,,49545372,576378672,8.8,-0.28,C4H9N3O2,M+H,N/A,N/A,N/A,N/A,132.0768,132.076,-5.6800 (ppm),0,0,N/A,Method,True,False,N/A,N/A,N/A,,,Pass,N/A,N/A,N/A,N/A,Confirmed,N/A,N/A,N/A,N/A,,,,,,,,32252.10,N/A,572422104.66,,
creatine,9.08,Target Compound,20240709_QE2_HILIC_BCSCuAOXq2d_AYW1148,19,Processed,T1,7RV,Unknown,,B:C2,,,41701147,466820242,8.82,-0.26,C4H9N3O2,M+H,N/A,N/A,N/A,N/A,132.0768,132.0761,-4.9868 (ppm),0,0,N/A,Method,True,False,N/A,N/A,N/A,,,Pass,N/A,N/A,N/A,N/A,Confirmed,N/A,N/A,N/A,N/A,,,,,,,,INF,N/A,668035244.41,,
creatine,9.08,Target Compound,20240709_QE2_HILIC_BCSCuAOXq2d_AYW1149,20,Processed,T1,7RV,Unknown,,B:C3,,,64733014,736943921,8.82,-0.26,C4H9N3O2,M+H,N/A,N/A,N/A,N/A,132.0768,132.076,-5.6800 (ppm),0,0,N/A,Method,True,False,N/A,N/A,N/A,,,Pass,N/A,N/A,N/A,N/A,Confirmed,N/A,N/A,N/A,N/A,,,,,,,,INF,N/A,668035244.41,,
creatine,9.08,Target Compound,20240709_QE2_HILIC_BCSCuAOXq2d_AYW1150,21,Processed,T1,7RV,Unknown,,B:C4,,,64024216,800341570,8.81,-0.27,C4H9N3O2,M+H,N/A,N/A,N/A,N/A,132.0768,132.0762,-4.8713 (ppm),0,0,N/A,Method,True,False,N/A,N/A,N/A,,,Pass,N/A,N/A,N/A,N/A,Confirmed,N/A,N/A,N/A,N/A,,,,,,,,42266.61,N/A,668035244.41,,
creatine,9.08,Target Compound,20240709_QE2_HILIC_BCSCuAOXq2d_AYW1151,22,Processed,T1,8RB,Unknown,,B:C5,,,80982836,955154933,8.83,-0.25,C4H9N3O2,M+H,N/A,N/A,N/A,N/A,132.0768,132.0764,-3.3694 (ppm),0,0,N/A,Method,True,False,N/A,N/A,N/A,,,Pass,N/A,N/A,N/A,N/A,Confirmed,N/A,N/A,N/A,N/A,,,,,,,,187090.15,N/A,814083863.77,,
creatine,9.08,Target Compound,20240709_QE2_HILIC_BCSCuAOXq2d_AYW1152,23,Processed,T1,8RB,Unknown,,B:C6,,,43171032,524009457,8.8,-0.28,C4H9N3O2,M+H,N/A,N/A,N/A,N/A,132.0768,132.0761,-5.1023 (ppm),0,0,N/A,Method,True,False,N/A,N/A,N/A,,,Pass,N/A,N/A,N/A,N/A,Confirmed,N/A,N/A,N/A,N/A,,,,,,,,3313176.63,N/A,814083863.77,,
creatine,9.08,Target Compound,20240709_QE2_HILIC_BCSCuAOXq2d_AYW1153,24,Processed,T1,8RB,Unknown,,B:C7,,,86701756,963087201,8.81,-0.27,C4H9N3O2,M+H,N/A,N/A,N/A,N/A,132.0768,132.0761,-5.4489 (ppm),0,0,N/A,Method,True,False,N/A,N/A,N/A,,,Pass,N/A,N/A,N/A,N/A,Confirmed,N/A,N/A,N/A,N/A,,,,,,,,92178.81,N/A,814083863.77,,
creatine,9.08,Target Compound,20240709_QE2_HILIC_BCSCuAOXq2d_AYW1154_pool1xa,25,Processed,T1,pool1x,Unknown,,B:C8,,,62240861,722078566,8.83,-0.25,C4H9N3O2,M+H,N/A,N/A,N/A,N/A,132.0768,132.0763,-4.0626 (ppm),0,0,N/A,Method,True,False,N/A,N/A,N/A,,,Pass,N/A,N/A,N/A,N/A,Confirmed,N/A,N/A,N/A,N/A,,,,,,,,30959.25,N/A,646804149.09,,
creatine,9.08,Target Compound,20240709_QE2_HILIC_BCSCuAOXq2d_AYW1154_pool1xb,26,Processed,T1,pool1x,Unknown,,B:C8,,,60030764,698797124,8.82,-0.26,C4H9N3O2,M+H,N/A,N/A,N/A,N/A,132.0768,132.0759,-6.4887 (ppm),0,0,N/A,Method,True,False,N/A,N/A,N/A,,,Pass,N/A,N/A,N/A,N/A,Confirmed,N/A,N/A,N/A,N/A,,,,,,,,44943.00,N/A,646804149.09,,
creatine,9.08,Target Compound,20240709_QE2_HILIC_BCSCuAOXq2d_AYW1154_pool1xc,27,Processed,T1,pool1x,Unknown,,B:C8,,,60446613,686375208,8.82,-0.26,C4H9N3O2,M+H,N/A,N/A,N/A,N/A,132.0768,132.0762,-4.5247 (ppm),0,0,N/A,Method,True,False,N/A,N/A,N/A,,,Pass,N/A,N/A,N/A,N/A,Confirmed,N/A,N/A,N/A,N/A,,,,,,,,71893.58,N/A,646804149.09,,
creatine,9.08,Target Compound,20240709_QE2_HILIC_BCSCuAOXq2d_AYW1154_pool1xd,28,Processed,T1,pool1x,Unknown,,B:C8,,,41929862,479965698,8.8,-0.28,C4H9N3O2,M+H,N/A,N/A,N/A,N/A,132.0768,132.0761,-4.9868 (ppm),0,0,N/A,Method,True,False,N/A,N/A,N/A,,,Pass,N/A,N/A,N/A,N/A,Confirmed,N/A,N/A,N/A,N/A,,,,,,,,796623.92,N/A,646804149.09,,
creatine,9.08,Target Compound,20240709_QE2_HILIC_BCSCuAOXq2d_AYW1155_pool033xa,29,Processed,T1,pool033x,Unknown,,B:C9,,,31396895,365847441,8.82,-0.26,C4H9N3O2,M+H,N/A,N/A,N/A,N/A,132.0768,132.0763,-3.6005 (ppm),0,0,N/A,Method,True,False,N/A,N/A,N/A,,,Pass,N/A,N/A,N/A,N/A,Confirmed,N/A,N/A,N/A,N/A,,,,,,,,11571.20,N/A,273797889.87,,
creatine,9.08,Target Compound,20240709_QE2_HILIC_BCSCuAOXq2d_AYW1155_pool033xb,30,Processed,T1,pool033x,Unknown,,B:C9,,,27661867,310489006,8.81,-0.27,C4H9N3O2,M+H,N/A,N/A,N/A,N/A,132.0768,132.0761,-5.1023 (ppm),0,0,N/A,Method,True,False,N/A,N/A,N/A,,,Pass,N/A,N/A,N/A,N/A,Confirmed,N/A,N/A,N/A,N/A,,,,,,,,12805.18,N/A,273797889.87,,
creatine,9.08,Target Compound,20240709_QE2_HILIC_BCSCuAOXq2d_AYW1155_pool033xc,31,Processed,T1,pool033x,Unknown,,B:C9,,,20502354,237622877,8.82,-0.26,C4H9N3O2,M+H,N/A,N/A,N/A,N/A,132.0768,132.0763,-3.7160 (ppm),0,0,N/A,Method,True,False,N/A,N/A,N/A,,,Pass,N/A,N/A,N/A,N/A,Confirmed,N/A,N/A,N/A,N/A,,,,,,,,55005.18,N/A,273797889.87,,
creatine,9.08,Target Compound,20240709_QE2_HILIC_BCSCuAOXq2d_AYW1155_pool033xd,32,Processed,T1,pool033x,Unknown,,B:C9,,,15285767,181232235,8.81,-0.27,C4H9N3O2,M+H,N/A,N/A,N/A,N/A,132.0768,132.0764,-2.6762 (ppm),0,0,N/A,Method,True,False,N/A,N/A,N/A,,,Pass,N/A,N/A,N/A,N/A,Confirmed,N/A,N/A,N/A,N/A,,,,,,,,34075.86,N/A,273797889.87,,
creatine,9.08,Target Compound,20240709_QE2_HILIC_BCSCuAOXq2d_AYW1156_pool01xa,33,Processed,T1,pool01x,Unknown,,B:D1,,,9635709,115339658,8.78,-0.30,C4H9N3O2,M+H,N/A,N/A,N/A,N/A,132.0768,132.0765,-2.2141 (ppm),0,0,N/A,Method,True,False,N/A,N/A,N/A,,,Pass,N/A,N/A,N/A,N/A,Confirmed,N/A,N/A,N/A,N/A,,,,,,,,9519.15,N/A,90252405.58,,
creatine,9.08,Target Compound,20240709_QE2_HILIC_BCSCuAOXq2d_AYW1156_pool01xb,34,Processed,T1,pool01x,Unknown,,B:D1,,,9426915,109737655,8.82,-0.26,C4H9N3O2,M+H,N/A,N/A,N/A,N/A,132.0768,132.0764,-3.1383 (ppm),0,0,N/A,Method,True,False,N/A,N/A,N/A,,,Pass,N/A,N/A,N/A,N/A,Confirmed,N/A,N/A,N/A,N/A,,,,,,,,3192.45,N/A,90252405.58,,
creatine,9.08,Target Compound,20240709_QE2_HILIC_BCSCuAOXq2d_AYW1156_pool01xc,35,Processed,T1,pool01x,Unknown,,B:D1,,,7083074,80119815,8.81,-0.27,C4H9N3O2,M+H,N/A,N/A,N/A,N/A,132.0768,132.0766,-1.4054 (ppm),0,0,N/A,Method,True,False,N/A,N/A,N/A,,,Pass,N/A,N/A,N/A,N/A,Confirmed,N/A,N/A,N/A,N/A,,,,,,,,5472.06,N/A,90252405.58,,
creatine,9.08,Target Compound,20240709_QE2_HILIC_BCSCuAOXq2d_AYW1156_pool01xd,36,Processed,T1,pool01x,Unknown,,B:D1,,,4673821,55812494,8.81,-0.27,C4H9N3O2,M+H,N/A,N/A,N/A,N/A,132.0768,132.0765,-1.9830 (ppm),0,0,N/A,Method,True,False,N/A,N/A,N/A,,,Pass,N/A,N/A,N/A,N/A,Confirmed,N/A,N/A,N/A,N/A,,,,,,,,4703.49,N/A,90252405.58,,
creatine,9.08,Target Compound,20240709_QE2_HILIC_BCSCuAOXq2d_blank1,37,Processed,T1,,Unknown,,B:A1,,,2168979,21061549,9.06,-0.02,C4H9N3O2,M+H,N/A,N/A,N/A,N/A,132.0768,132.0768,.2120 (ppm),0,0,N/A,Method,True,False,N/A,N/A,N/A,,,Pass,N/A,N/A,N/A,N/A,Confirmed,N/A,N/A,N/A,N/A,,,,,,,,217.13,N/A,50716539.80,,
creatine,9.08,Target Compound,20240709_QE2_HILIC_BCSCuAOXq2d_blank1_20240710111342,38,Processed,T1,,Unknown,,B:A1,,,7414824,73964945,9.13,0.05,C4H9N3O2,M+H,N/A,N/A,N/A,N/A,132.0768,132.0769,.4431 (ppm),0,0,N/A,Method,True,False,N/A,N/A,N/A,,,Pass,N/A,N/A,N/A,N/A,Confirmed,N/A,N/A,N/A,N/A,,,,,,,,1863.06,N/A,50716539.80,,
creatine,9.08,Target Compound,20240709_QE2_HILIC_BCSCuAOXq2d_blank1_20240710231833,39,Processed,T1,,Unknown,,B:A1,,,3031149,33258511,8.8,-0.28,C4H9N3O2,M+H,N/A,N/A,N/A,N/A,132.0768,132.0768,-.3656 (ppm),0,0,N/A,Method,True,False,N/A,N/A,N/A,,,Pass,N/A,N/A,N/A,N/A,Confirmed,N/A,N/A,N/A,N/A,,,,,,,,3867.37,N/A,50716539.80,,
creatine,9.08,Target Compound,20240709_QE2_HILIC_BCSCuAOXq2d_blank2,40,Processed,T1,,Unknown,,B:A1,,,7436670,80426777,8.82,-0.26,C4H9N3O2,M+H,N/A,N/A,N/A,N/A,132.0768,132.0768,.2120 (ppm),0,0,N/A,Method,True,False,N/A,N/A,N/A,,,Pass,N/A,N/A,N/A,N/A,Confirmed,N/A,N/A,N/A,N/A,,,,,,,,5142.23,N/A,50716539.80,,
creatine,9.08,Target Compound,20240709_QE2_HILIC_BCSCuAOXq2d_blank2_20240710115054,41,Processed,T1,,Unknown,,B:A1,,,5932159,61673835,8.83,-0.25,C4H9N3O2,M+H,N/A,N/A,N/A,N/A,132.0768,132.0769,.4431 (ppm),0,0,N/A,Method,True,False,N/A,N/A,N/A,,,Pass,N/A,N/A,N/A,N/A,Confirmed,N/A,N/A,N/A,N/A,,,,,,,,1840.68,N/A,50716539.80,,
creatine,9.08,Target Compound,20240709_QE2_HILIC_BCSCuAOXq2d_blank2_20240710235116,42,Processed,T1,,Unknown,,B:A1,,,3127092,33913622,8.83,-0.25,C4H9N3O2,M+H,N/A,N/A,N/A,N/A,132.0768,132.0768,-.3656 (ppm),0,0,N/A,Method,True,False,N/A,N/A,N/A,,,Pass,N/A,N/A,N/A,N/A,Confirmed,N/A,N/A,N/A,N/A,,,,,,,,3359.01,N/A,50716539.80,,
