﻿Compound,RT,Type,Filename,Batch Order,Status,Peak Label,Group,Sample Type,Level,Sample ID,Sample Name,Comments,Height,Area,Actual RT,RT Delta,Formula,Adduct,Calculated Amt,Theoretical Amt,Sample Amt,Std Add Amount,m/z (Expected),m/z (Apex),m/z (Delta),Response Ratio,ISTD Amt,ISTD Response,Integration Mode,Active,Excluded,%Diff,%RSD,% CV,Channel,Final Units,PK,IR,IP,LS,FI,Confirm,Isotopic Pattern Score (%),Num Isotopes Matched,Lib Match Name,Library Score (%),Library Match Rank,SI/Dot Product,RSI/Rev Dot,Modification,Protein Name,Peptide Sequence,Ion Type,S/N,Ion Ratio,Group Average,Relative RT,Flag Details
proline,7.33,Target Compound,20240709_QE2_HILIC_BCSCuAOXq2d_AYW1130,1,Processed,T1,1V,Unknown,,B:A2,,,267357669,4297527438,7.33,0.00,C5H9NO2,M+H,N/A,N/A,N/A,N/A,116.0706,116.0706,.2837 (ppm),0,0,N/A,Method,True,False,N/A,N/A,N/A,,,Pass,N/A,N/A,N/A,N/A,Confirmed,N/A,N/A,N/A,N/A,,,,,,,,15266.69,N/A,3628865445.56,,
proline,7.33,Target Compound,20240709_QE2_HILIC_BCSCuAOXq2d_AYW1131,2,Processed,T1,1V,Unknown,,B:A3,,,205152730,3362887723,7.29,-0.04,C5H9NO2,M+H,N/A,N/A,N/A,N/A,116.0706,116.0706,-.1106 (ppm),0,0,N/A,Method,True,False,N/A,N/A,N/A,,,Pass,N/A,N/A,N/A,N/A,Confirmed,N/A,N/A,N/A,N/A,,,,,,,,14809.81,N/A,3628865445.56,,
proline,7.33,Target Compound,20240709_QE2_HILIC_BCSCuAOXq2d_AYW1132,3,Processed,T1,1V,Unknown,,B:A4,,,192896241,3226181176,7.32,-0.01,C5H9NO2,M+H,N/A,N/A,N/A,N/A,116.0706,116.0706,.0866 (ppm),0,0,N/A,Method,True,False,N/A,N/A,N/A,,,Pass,N/A,N/A,N/A,N/A,Confirmed,N/A,N/A,N/A,N/A,,,,,,,,11287.45,N/A,3628865445.56,,
proline,7.33,Target Compound,20240709_QE2_HILIC_BCSCuAOXq2d_AYW1133,4,Processed,T1,2B,Unknown,,B:A5,,,234961678,4073569454,7.29,-0.04,C5H9NO2,M+H,N/A,N/A,N/A,N/A,116.0706,116.0706,.0208 (ppm),0,0,N/A,Method,True,False,N/A,N/A,N/A,,,Pass,N/A,N/A,N/A,N/A,Confirmed,N/A,N/A,N/A,N/A,,,,,,,,16574.49,N/A,5610326767.75,,
proline,7.33,Target Compound,20240709_QE2_HILIC_BCSCuAOXq2d_AYW1134,5,Processed,T1,2B,Unknown,,B:A6,,,399766952,6636703779,7.31,-0.02,C5H9NO2,M+H,N/A,N/A,N/A,N/A,116.0706,116.0705,-.5708 (ppm),0,0,N/A,Method,True,False,N/A,N/A,N/A,,,Pass,N/A,N/A,N/A,N/A,Confirmed,N/A,N/A,N/A,N/A,,,,,,,,30775.70,N/A,5610326767.75,,
proline,7.33,Target Compound,20240709_QE2_HILIC_BCSCuAOXq2d_AYW1135,6,Processed,T1,2B,Unknown,,B:A7,,,371689415,6120707071,7.31,-0.02,C5H9NO2,M+H,N/A,N/A,N/A,N/A,116.0706,116.0706,-.2421 (ppm),0,0,N/A,Method,True,False,N/A,N/A,N/A,,,Pass,N/A,N/A,N/A,N/A,Confirmed,N/A,N/A,N/A,N/A,,,,,,,,21117.69,N/A,5610326767.75,,
proline,7.33,Target Compound,20240709_QE2_HILIC_BCSCuAOXq2d_AYW1136,7,Processed,T1,3C,Unknown,,B:A8,,,297259285,4769796189,7.29,-0.04,C5H9NO2,M+H,N/A,N/A,N/A,N/A,116.0706,116.0706,.0208 (ppm),0,0,N/A,Method,True,False,N/A,N/A,N/A,,,Pass,N/A,N/A,N/A,N/A,Confirmed,N/A,N/A,N/A,N/A,,,,,,,,16484.01,N/A,3795668744.82,,
proline,7.33,Target Compound,20240709_QE2_HILIC_BCSCuAOXq2d_AYW1137,8,Processed,T1,3C,Unknown,,B:A9,,,257180769,4333989489,7.31,-0.02,C5H9NO2,M+H,N/A,N/A,N/A,N/A,116.0706,116.0705,-.5708 (ppm),0,0,N/A,Method,True,False,N/A,N/A,N/A,,,Pass,N/A,N/A,N/A,N/A,Confirmed,N/A,N/A,N/A,N/A,,,,,,,,22601.18,N/A,3795668744.82,,
proline,7.33,Target Compound,20240709_QE2_HILIC_BCSCuAOXq2d_AYW1138,9,Processed,T1,3C,Unknown,,B:B1,,,146496057,2283220557,7.33,0.00,C5H9NO2,M+H,N/A,N/A,N/A,N/A,116.0706,116.0706,.1523 (ppm),0,0,N/A,Method,True,False,N/A,N/A,N/A,,,Pass,N/A,N/A,N/A,N/A,Confirmed,N/A,N/A,N/A,N/A,,,,,,,,12032.32,N/A,3795668744.82,,
proline,7.33,Target Compound,20240709_QE2_HILIC_BCSCuAOXq2d_AYW1139,10,Processed,T1,4BC,Unknown,,B:B2,,,247919189,3853209813,7.28,-0.05,C5H9NO2,M+H,N/A,N/A,N/A,N/A,116.0706,116.0706,-.3078 (ppm),0,0,N/A,Method,True,False,N/A,N/A,N/A,,,Pass,N/A,N/A,N/A,N/A,Confirmed,N/A,N/A,N/A,N/A,,,,,,,,20077.65,N/A,4175001228.93,N/A,
proline,7.33,Target Compound,20240709_QE2_HILIC_BCSCuAOXq2d_AYW1140,11,Processed,T1,4BC,Unknown,,B:B3,,,248918059,4078314755,7.33,0.00,C5H9NO2,M+H,N/A,N/A,N/A,N/A,116.0706,116.0705,-.5050 (ppm),0,0,N/A,Method,True,False,N/A,N/A,N/A,,,Pass,N/A,N/A,N/A,N/A,Confirmed,N/A,N/A,N/A,N/A,,,,,,,,20538.43,N/A,4175001228.93,,
proline,7.33,Target Compound,20240709_QE2_HILIC_BCSCuAOXq2d_AYW1141,12,Processed,T1,4BC,Unknown,,B:B4,,,278727594,4593479119,7.31,-0.02,C5H9NO2,M+H,N/A,N/A,N/A,N/A,116.0706,116.0706,.0866 (ppm),0,0,N/A,Method,True,False,N/A,N/A,N/A,,,Pass,N/A,N/A,N/A,N/A,Confirmed,N/A,N/A,N/A,N/A,,,,,,,,15547.22,N/A,4175001228.93,,
proline,7.33,Target Compound,20240709_QE2_HILIC_BCSCuAOXq2d_AYW1142,13,Processed,T1,5RV,Unknown,,B:B5,,,244861581,3884826852,7.3,-0.03,C5H9NO2,M+H,N/A,N/A,N/A,N/A,116.0706,116.0706,.3495 (ppm),0,0,N/A,Method,True,False,N/A,N/A,N/A,,,Pass,N/A,N/A,N/A,N/A,Confirmed,N/A,N/A,N/A,N/A,,,,,,,,26091.64,N/A,4050256604.65,N/A,
proline,7.33,Target Compound,20240709_QE2_HILIC_BCSCuAOXq2d_AYW1143,14,Processed,T1,5RV,Unknown,,B:B6,,,295278368,4696518925,7.27,-0.06,C5H9NO2,M+H,N/A,N/A,N/A,N/A,116.0706,116.0706,.2837 (ppm),0,0,N/A,Method,True,False,N/A,N/A,N/A,,,Pass,N/A,N/A,N/A,N/A,Confirmed,N/A,N/A,N/A,N/A,,,,,,,,26792.84,N/A,4050256604.65,,
proline,7.33,Target Compound,20240709_QE2_HILIC_BCSCuAOXq2d_AYW1144,15,Processed,T1,5RV,Unknown,,B:B7,,,228280224,3569424037,7.35,0.02,C5H9NO2,M+H,N/A,N/A,N/A,N/A,116.0706,116.0706,.2837 (ppm),0,0,N/A,Method,True,False,N/A,N/A,N/A,,,Pass,N/A,N/A,N/A,N/A,Confirmed,N/A,N/A,N/A,N/A,,,,,,,,16123.87,N/A,4050256604.65,,
proline,7.33,Target Compound,20240709_QE2_HILIC_BCSCuAOXq2d_AYW1145,16,Processed,T1,6RB,Unknown,,B:B8,,,319093327,5416942162,7.28,-0.05,C5H9NO2,M+H,N/A,N/A,N/A,N/A,116.0706,116.0706,.0208 (ppm),0,0,N/A,Method,True,False,N/A,N/A,N/A,,,Pass,N/A,N/A,N/A,N/A,Confirmed,N/A,N/A,N/A,N/A,,,,,,,,42975.02,N/A,4184797224.78,,
proline,7.33,Target Compound,20240709_QE2_HILIC_BCSCuAOXq2d_AYW1146,17,Processed,T1,6RB,Unknown,,B:B9,,,211409536,3295564517,7.32,-0.01,C5H9NO2,M+H,N/A,N/A,N/A,N/A,116.0706,116.0706,-.2421 (ppm),0,0,N/A,Method,True,False,N/A,N/A,N/A,,,Pass,N/A,N/A,N/A,N/A,Confirmed,N/A,N/A,N/A,N/A,,,,,,,,22553.87,N/A,4184797224.78,,
proline,7.33,Target Compound,20240709_QE2_HILIC_BCSCuAOXq2d_AYW1147,18,Processed,T1,6RB,Unknown,,B:C1,,,235962070,3841884995,7.29,-0.04,C5H9NO2,M+H,N/A,N/A,N/A,N/A,116.0706,116.0706,-.3078 (ppm),0,0,N/A,Method,True,False,N/A,N/A,N/A,,,Pass,N/A,N/A,N/A,N/A,Confirmed,N/A,N/A,N/A,N/A,,,,,,,,19641.62,N/A,4184797224.78,,
proline,7.33,Target Compound,20240709_QE2_HILIC_BCSCuAOXq2d_AYW1148,19,Processed,T1,7RV,Unknown,,B:C2,,,217417317,3589894663,7.32,-0.01,C5H9NO2,M+H,N/A,N/A,N/A,N/A,116.0706,116.0706,-.3078 (ppm),0,0,N/A,Method,True,False,N/A,N/A,N/A,,,Pass,N/A,N/A,N/A,N/A,Confirmed,N/A,N/A,N/A,N/A,,,,,,,,14902.32,N/A,4361946464.83,,
proline,7.33,Target Compound,20240709_QE2_HILIC_BCSCuAOXq2d_AYW1149,20,Processed,T1,7RV,Unknown,,B:C3,,,291782073,4942122780,7.32,-0.01,C5H9NO2,M+H,N/A,N/A,N/A,N/A,116.0706,116.0705,-.4393 (ppm),0,0,N/A,Method,True,False,N/A,N/A,N/A,,,Pass,N/A,N/A,N/A,N/A,Confirmed,N/A,N/A,N/A,N/A,,,,,,,,25656.56,N/A,4361946464.83,,
proline,7.33,Target Compound,20240709_QE2_HILIC_BCSCuAOXq2d_AYW1150,21,Processed,T1,7RV,Unknown,,B:C4,,,276302170,4553821952,7.27,-0.06,C5H9NO2,M+H,N/A,N/A,N/A,N/A,116.0706,116.0706,-.0449 (ppm),0,0,N/A,Method,True,False,N/A,N/A,N/A,,,Pass,N/A,N/A,N/A,N/A,Confirmed,N/A,N/A,N/A,N/A,,,,,,,,21394.10,N/A,4361946464.83,,
proline,7.33,Target Compound,20240709_QE2_HILIC_BCSCuAOXq2d_AYW1151,22,Processed,T1,8RB,Unknown,,B:C5,,,333056018,5463781988,7.33,0.00,C5H9NO2,M+H,N/A,N/A,N/A,N/A,116.0706,116.0706,-.0449 (ppm),0,0,N/A,Method,True,False,N/A,N/A,N/A,,,Pass,N/A,N/A,N/A,N/A,Confirmed,N/A,N/A,N/A,N/A,,,,,,,,21013.16,N/A,5132296718.68,,
proline,7.33,Target Compound,20240709_QE2_HILIC_BCSCuAOXq2d_AYW1152,23,Processed,T1,8RB,Unknown,,B:C6,,,237557506,3726471242,7.3,-0.03,C5H9NO2,M+H,N/A,N/A,N/A,N/A,116.0706,116.0706,-.3078 (ppm),0,0,N/A,Method,True,False,N/A,N/A,N/A,,,Pass,N/A,N/A,N/A,N/A,Confirmed,N/A,N/A,N/A,N/A,,,,,,,,11044.34,N/A,5132296718.68,,
proline,7.33,Target Compound,20240709_QE2_HILIC_BCSCuAOXq2d_AYW1153,24,Processed,T1,8RB,Unknown,,B:C7,,,386844934,6206636926,7.31,-0.02,C5H9NO2,M+H,N/A,N/A,N/A,N/A,116.0706,116.0706,-.1764 (ppm),0,0,N/A,Method,True,False,N/A,N/A,N/A,,,Pass,N/A,N/A,N/A,N/A,Confirmed,N/A,N/A,N/A,N/A,,,,,,,,25244.13,N/A,5132296718.68,,
proline,7.33,Target Compound,20240709_QE2_HILIC_BCSCuAOXq2d_AYW1154_pool1xa,25,Processed,T1,pool1x,Unknown,,B:C8,,,306390157,5008450193,7.28,-0.05,C5H9NO2,M+H,N/A,N/A,N/A,N/A,116.0706,116.0706,.0208 (ppm),0,0,N/A,Method,True,False,N/A,N/A,N/A,,,Pass,N/A,N/A,N/A,N/A,Confirmed,N/A,N/A,N/A,N/A,,,,,,,,16485.84,N/A,4577117439.52,,
proline,7.33,Target Compound,20240709_QE2_HILIC_BCSCuAOXq2d_AYW1154_pool1xb,26,Processed,T1,pool1x,Unknown,,B:C8,,,327260572,5325649799,7.28,-0.05,C5H9NO2,M+H,N/A,N/A,N/A,N/A,116.0706,116.0705,-.7679 (ppm),0,0,N/A,Method,True,False,N/A,N/A,N/A,,,Pass,N/A,N/A,N/A,N/A,Confirmed,N/A,N/A,N/A,N/A,,,,,,,,28432.22,N/A,4577117439.52,,
proline,7.33,Target Compound,20240709_QE2_HILIC_BCSCuAOXq2d_AYW1154_pool1xc,27,Processed,T1,pool1x,Unknown,,B:C8,,,267650204,4453149732,7.29,-0.04,C5H9NO2,M+H,N/A,N/A,N/A,N/A,116.0706,116.0706,.2180 (ppm),0,0,N/A,Method,True,False,N/A,N/A,N/A,,,Pass,N/A,N/A,N/A,N/A,Confirmed,N/A,N/A,N/A,N/A,,,,,,,,29023.87,N/A,4577117439.52,,
proline,7.33,Target Compound,20240709_QE2_HILIC_BCSCuAOXq2d_AYW1154_pool1xd,28,Processed,T1,pool1x,Unknown,,B:C8,,,218534483,3521220035,7.32,-0.01,C5H9NO2,M+H,N/A,N/A,N/A,N/A,116.0706,116.0706,-.0449 (ppm),0,0,N/A,Method,True,False,N/A,N/A,N/A,,,Pass,N/A,N/A,N/A,N/A,Confirmed,N/A,N/A,N/A,N/A,,,,,,,,16573.85,N/A,4577117439.52,,
proline,7.33,Target Compound,20240709_QE2_HILIC_BCSCuAOXq2d_AYW1155_pool033xa,29,Processed,T1,pool033x,Unknown,,B:C9,,,167674208,2461230490,7.28,-0.05,C5H9NO2,M+H,N/A,N/A,N/A,N/A,116.0706,116.0706,.1523 (ppm),0,0,N/A,Method,True,False,N/A,N/A,N/A,,,Pass,N/A,N/A,N/A,N/A,Confirmed,N/A,N/A,N/A,N/A,,,,,,,,10785.43,N/A,1900781412.83,,
proline,7.33,Target Compound,20240709_QE2_HILIC_BCSCuAOXq2d_AYW1155_pool033xb,30,Processed,T1,pool033x,Unknown,,B:C9,,,126974772,2012373470,7.27,-0.06,C5H9NO2,M+H,N/A,N/A,N/A,N/A,116.0706,116.0705,-.7022 (ppm),0,0,N/A,Method,True,False,N/A,N/A,N/A,,,Pass,N/A,N/A,N/A,N/A,Confirmed,N/A,N/A,N/A,N/A,,,,,,,,10714.99,N/A,1900781412.83,,
proline,7.33,Target Compound,20240709_QE2_HILIC_BCSCuAOXq2d_AYW1155_pool033xc,31,Processed,T1,pool033x,Unknown,,B:C9,,,114276669,1657504574,7.3,-0.03,C5H9NO2,M+H,N/A,N/A,N/A,N/A,116.0706,116.0707,.5467 (ppm),0,0,N/A,Method,True,False,N/A,N/A,N/A,,,Pass,N/A,N/A,N/A,N/A,Confirmed,N/A,N/A,N/A,N/A,,,,,,,,12868.24,N/A,1900781412.83,,
proline,7.33,Target Compound,20240709_QE2_HILIC_BCSCuAOXq2d_AYW1155_pool033xd,32,Processed,T1,pool033x,Unknown,,B:C9,,,103997101,1472017117,7.27,-0.06,C5H9NO2,M+H,N/A,N/A,N/A,N/A,116.0706,116.0706,.1523 (ppm),0,0,N/A,Method,True,False,N/A,N/A,N/A,,,Pass,N/A,N/A,N/A,N/A,Confirmed,N/A,N/A,N/A,N/A,,,,,,,,12160.09,N/A,1900781412.83,,
proline,7.33,Target Compound,20240709_QE2_HILIC_BCSCuAOXq2d_AYW1156_pool01xa,33,Processed,T1,pool01x,Unknown,,B:D1,,,56375807,761862130,7.29,-0.04,C5H9NO2,M+H,N/A,N/A,N/A,N/A,116.0706,116.0706,.2837 (ppm),0,0,N/A,Method,True,False,N/A,N/A,N/A,,,Pass,N/A,N/A,N/A,N/A,Confirmed,N/A,N/A,N/A,N/A,,,,,,,,7301.83,N/A,707512485.81,,
proline,7.33,Target Compound,20240709_QE2_HILIC_BCSCuAOXq2d_AYW1156_pool01xb,34,Processed,T1,pool01x,Unknown,,B:D1,,,58168846,867347503,7.26,-0.07,C5H9NO2,M+H,N/A,N/A,N/A,N/A,116.0706,116.0705,-.6365 (ppm),0,0,N/A,Method,True,False,N/A,N/A,N/A,,,Pass,N/A,N/A,N/A,N/A,Confirmed,N/A,N/A,N/A,N/A,,,,,,,,6815.83,N/A,707512485.81,,
proline,7.33,Target Compound,20240709_QE2_HILIC_BCSCuAOXq2d_AYW1156_pool01xc,35,Processed,T1,pool01x,Unknown,,B:D1,,,44393932,671054283,7.27,-0.06,C5H9NO2,M+H,N/A,N/A,N/A,N/A,116.0706,116.0707,.6781 (ppm),0,0,N/A,Method,True,False,N/A,N/A,N/A,,,Pass,N/A,N/A,N/A,N/A,Confirmed,N/A,N/A,N/A,N/A,,,,,,,,4225.10,N/A,707512485.81,,
proline,7.33,Target Compound,20240709_QE2_HILIC_BCSCuAOXq2d_AYW1156_pool01xd,36,Processed,T1,pool01x,Unknown,,B:D1,,,36382535,529786028,7.25,-0.08,C5H9NO2,M+H,N/A,N/A,N/A,N/A,116.0706,116.0706,-.0449 (ppm),0,0,N/A,Method,True,False,N/A,N/A,N/A,,,Pass,N/A,N/A,N/A,N/A,Confirmed,N/A,N/A,N/A,N/A,,,,,,,,6122.61,N/A,707512485.81,,
proline,7.33,Target Compound,20240709_QE2_HILIC_BCSCuAOXq2d_blank1,37,Processed,T1,,Unknown,,B:A1,,,555361,4539459,7.52,0.19,C5H9NO2,M+H,N/A,N/A,N/A,N/A,116.0706,116.0707,.8096 (ppm),0,0,N/A,Method,True,False,N/A,N/A,N/A,,,Pass,N/A,N/A,N/A,N/A,Confirmed,N/A,N/A,N/A,N/A,,,,,,,,20.26,N/A,5139201.56,,
proline,7.33,Target Compound,20240709_QE2_HILIC_BCSCuAOXq2d_blank1_20240710111342,38,Processed,T1,,Unknown,,B:A1,,,454614,3364674,7.55,0.22,C5H9NO2,M+H,N/A,N/A,N/A,N/A,116.0706,116.0707,.6781 (ppm),0,0,N/A,Method,True,False,N/A,N/A,N/A,,,Pass,N/A,N/A,N/A,N/A,Confirmed,N/A,N/A,N/A,N/A,,,,,,,,16.01,N/A,5139201.56,,
proline,7.33,Target Compound,20240709_QE2_HILIC_BCSCuAOXq2d_blank1_20240710231833,39,Processed,T1,,Unknown,,B:A1,,,N/F,N/F,N/F,N/F,C5H9NO2,N/A,N/F,N/A,N/F,N/A,116.0706,N/F,N/F,N/F,0,N/A,Method,True,False,N/A,N/A,N/A,,,Fail,N/A,N/A,N/A,N/A,NotFound,N/A,N/A,N/A,N/A,,,,,,,,N/A,N/A,5139201.56,,
proline,7.33,Target Compound,20240709_QE2_HILIC_BCSCuAOXq2d_blank2,40,Processed,T1,,Unknown,,B:A1,,,1835914,18924998,7.27,-0.06,C5H9NO2,M+H,N/A,N/A,N/A,N/A,116.0706,116.0706,.2837 (ppm),0,0,N/A,Method,True,False,N/A,N/A,N/A,,,Pass,N/A,N/A,N/A,N/A,Confirmed,N/A,N/A,N/A,N/A,,,,,,,,115.98,N/A,5139201.56,,
proline,7.33,Target Compound,20240709_QE2_HILIC_BCSCuAOXq2d_blank2_20240710115054,41,Processed,T1,,Unknown,,B:A1,,,210853,2101342,7.26,-0.07,C5H9NO2,M+H,N/A,N/A,N/A,N/A,116.0706,116.0707,.6781 (ppm),0,0,N/A,Method,True,False,N/A,N/A,N/A,,,Pass,N/A,N/A,N/A,N/A,Confirmed,N/A,N/A,N/A,N/A,,,,,,,,21.77,N/A,5139201.56,,
proline,7.33,Target Compound,20240709_QE2_HILIC_BCSCuAOXq2d_blank2_20240710235116,42,Processed,T1,,Unknown,,B:A1,,,197792,1904735,7.25,-0.08,C5H9NO2,M+H,N/A,N/A,N/A,N/A,116.0706,116.0707,.4809 (ppm),0,0,N/A,Method,True,False,N/A,N/A,N/A,,,Pass,N/A,N/A,N/A,N/A,Confirmed,N/A,N/A,N/A,N/A,,,,,,,,17.25,N/A,5139201.56,,
