﻿Compound,RT,Type,Filename,Batch Order,Status,Peak Label,Group,Sample Type,Level,Sample ID,Sample Name,Comments,Height,Area,Actual RT,RT Delta,Formula,Adduct,Calculated Amt,Theoretical Amt,Sample Amt,Std Add Amount,m/z (Expected),m/z (Apex),m/z (Delta),Response Ratio,ISTD Amt,ISTD Response,Integration Mode,Active,Excluded,%Diff,%RSD,% CV,Channel,Final Units,PK,IR,IP,LS,FI,Confirm,Isotopic Pattern Score (%),Num Isotopes Matched,Lib Match Name,Library Score (%),Library Match Rank,SI/Dot Product,RSI/Rev Dot,Modification,Protein Name,Peptide Sequence,Ion Type,S/N,Ion Ratio,Group Average,Relative RT,Flag Details
GSSG,11.95,Target Compound,20240709_QE2_HILIC_BCSCuAOXq2d_AYW1130,1,Processed,T1,1V,Unknown,,B:A2,,,288275,3504316,11.93,-0.02,C20H32N6O12S2,M+H,N/A,N/A,N/A,N/A,613.1592,613.1546,-7.4988 (ppm),0,0,N/A,Method,True,False,N/A,N/A,N/A,,,Pass,N/A,N/A,N/A,N/A,Confirmed,N/A,N/A,N/A,N/A,,,,,,,,INF,N/A,2810710.89,,
GSSG,11.95,Target Compound,20240709_QE2_HILIC_BCSCuAOXq2d_AYW1131,2,Processed,T1,1V,Unknown,,B:A3,,,212377,2573210,11.94,-0.01,C20H32N6O12S2,M+H,N/A,N/A,N/A,N/A,613.1592,613.1541,-8.2951 (ppm),0,0,N/A,Method,True,False,N/A,N/A,N/A,,,Pass,N/A,N/A,N/A,N/A,Confirmed,N/A,N/A,N/A,N/A,,,,,,,,INF,N/A,2810710.89,,
GSSG,11.95,Target Compound,20240709_QE2_HILIC_BCSCuAOXq2d_AYW1132,3,Processed,T1,1V,Unknown,,B:A4,,,218449,2354606,11.93,-0.02,C20H32N6O12S2,M+H,N/A,N/A,N/A,N/A,613.1592,613.1541,-8.2951 (ppm),0,0,N/A,Method,True,False,N/A,N/A,N/A,,,Pass,N/A,N/A,N/A,N/A,Confirmed,N/A,N/A,N/A,N/A,,,,,,,,INF,N/A,2810710.89,,
GSSG,11.95,Target Compound,20240709_QE2_HILIC_BCSCuAOXq2d_AYW1133,4,Processed,T1,2B,Unknown,,B:A5,,,398394,4945639,11.91,-0.04,C20H32N6O12S2,M+H,N/A,N/A,N/A,N/A,613.1592,613.1544,-7.7974 (ppm),0,0,N/A,Method,True,False,N/A,N/A,N/A,,,Pass,N/A,N/A,N/A,N/A,Confirmed,N/A,N/A,N/A,N/A,,,,,,,,INF,N/A,6122467.75,,
GSSG,11.95,Target Compound,20240709_QE2_HILIC_BCSCuAOXq2d_AYW1134,5,Processed,T1,2B,Unknown,,B:A6,,,614914,7901677,11.89,-0.06,C20H32N6O12S2,M+H,N/A,N/A,N/A,N/A,613.1592,613.1543,-7.9965 (ppm),0,0,N/A,Method,True,False,N/A,N/A,N/A,,,Pass,N/A,N/A,N/A,N/A,Confirmed,N/A,N/A,N/A,N/A,,,,,,,,INF,N/A,6122467.75,,
GSSG,11.95,Target Compound,20240709_QE2_HILIC_BCSCuAOXq2d_AYW1135,6,Processed,T1,2B,Unknown,,B:A7,,,424869,5520087,11.94,-0.01,C20H32N6O12S2,M+H,N/A,N/A,N/A,N/A,613.1592,613.1543,-7.9965 (ppm),0,0,N/A,Method,True,False,N/A,N/A,N/A,,,Pass,N/A,N/A,N/A,N/A,Confirmed,N/A,N/A,N/A,N/A,,,,,,,,INF,N/A,6122467.75,,
GSSG,11.95,Target Compound,20240709_QE2_HILIC_BCSCuAOXq2d_AYW1136,7,Processed,T1,3C,Unknown,,B:A8,,,574437,7089522,11.91,-0.04,C20H32N6O12S2,M+H,N/A,N/A,N/A,N/A,613.1592,613.1545,-7.5983 (ppm),0,0,N/A,Method,True,False,N/A,N/A,N/A,,,Pass,N/A,N/A,N/A,N/A,Confirmed,N/A,N/A,N/A,N/A,,,,,,,,INF,N/A,4525029.47,,
GSSG,11.95,Target Compound,20240709_QE2_HILIC_BCSCuAOXq2d_AYW1137,8,Processed,T1,3C,Unknown,,B:A9,,,423743,4648504,11.92,-0.03,C20H32N6O12S2,M+H,N/A,N/A,N/A,N/A,613.1592,613.1545,-7.6979 (ppm),0,0,N/A,Method,True,False,N/A,N/A,N/A,,,Pass,N/A,N/A,N/A,N/A,Confirmed,N/A,N/A,N/A,N/A,,,,,,,,INF,N/A,4525029.47,,
GSSG,11.95,Target Compound,20240709_QE2_HILIC_BCSCuAOXq2d_AYW1138,9,Processed,T1,3C,Unknown,,B:B1,,,152623,1837063,11.92,-0.03,C20H32N6O12S2,M+H,N/A,N/A,N/A,N/A,613.1592,613.1537,-8.9919 (ppm),0,0,N/A,Method,True,False,N/A,N/A,N/A,,,Pass,N/A,N/A,N/A,N/A,Confirmed,N/A,N/A,N/A,N/A,,,,,,,,INF,N/A,4525029.47,,
GSSG,11.95,Target Compound,20240709_QE2_HILIC_BCSCuAOXq2d_AYW1139,10,Processed,T1,4BC,Unknown,,B:B2,,,229977,2517464,11.94,-0.01,C20H32N6O12S2,M+H,N/A,N/A,N/A,N/A,613.1592,613.1542,-8.0960 (ppm),0,0,N/A,Method,True,False,N/A,N/A,N/A,,,Pass,N/A,N/A,N/A,N/A,Confirmed,N/A,N/A,N/A,N/A,,,,,,,,INF,N/A,2190512.30,N/A,
GSSG,11.95,Target Compound,20240709_QE2_HILIC_BCSCuAOXq2d_AYW1140,11,Processed,T1,4BC,Unknown,,B:B3,,,194813,2295666,11.9,-0.05,C20H32N6O12S2,M+H,N/A,N/A,N/A,N/A,613.1592,613.1542,-8.0960 (ppm),0,0,N/A,Method,True,False,N/A,N/A,N/A,,,Pass,N/A,N/A,N/A,N/A,Confirmed,N/A,N/A,N/A,N/A,,,,,,,,INF,N/A,2190512.30,,
GSSG,11.95,Target Compound,20240709_QE2_HILIC_BCSCuAOXq2d_AYW1141,12,Processed,T1,4BC,Unknown,,B:B4,,,194548,1758406,11.91,-0.04,C20H32N6O12S2,M+H,N/A,N/A,N/A,N/A,613.1592,613.155,-6.8020 (ppm),0,0,N/A,Method,True,False,N/A,N/A,N/A,,,Pass,N/A,N/A,N/A,N/A,Confirmed,N/A,N/A,N/A,N/A,,,,,,,,INF,N/A,2190512.30,,
GSSG,11.95,Target Compound,20240709_QE2_HILIC_BCSCuAOXq2d_AYW1142,13,Processed,T1,5RV,Unknown,,B:B5,,,359767,4247090,11.94,-0.01,C20H32N6O12S2,M+H,N/A,N/A,N/A,N/A,613.1592,613.1545,-7.5983 (ppm),0,0,N/A,Method,True,False,N/A,N/A,N/A,,,Pass,N/A,N/A,N/A,N/A,Confirmed,N/A,N/A,N/A,N/A,,,,,,,,INF,N/A,3164004.47,N/A,
GSSG,11.95,Target Compound,20240709_QE2_HILIC_BCSCuAOXq2d_AYW1143,14,Processed,T1,5RV,Unknown,,B:B6,,,307635,3393312,11.96,0.01,C20H32N6O12S2,M+H,N/A,N/A,N/A,N/A,613.1592,613.1541,-8.2951 (ppm),0,0,N/A,Method,True,False,N/A,N/A,N/A,,,Pass,N/A,N/A,N/A,N/A,Confirmed,N/A,N/A,N/A,N/A,,,,,,,,INF,N/A,3164004.47,,
GSSG,11.95,Target Compound,20240709_QE2_HILIC_BCSCuAOXq2d_AYW1144,15,Processed,T1,5RV,Unknown,,B:B7,,,161612,1851612,11.89,-0.06,C20H32N6O12S2,M+H,N/A,N/A,N/A,N/A,613.1592,613.1543,-7.9965 (ppm),0,0,N/A,Method,True,False,N/A,N/A,N/A,,,Pass,N/A,N/A,N/A,N/A,Confirmed,N/A,N/A,N/A,N/A,,,,,,,,INF,N/A,3164004.47,,
GSSG,11.95,Target Compound,20240709_QE2_HILIC_BCSCuAOXq2d_AYW1145,16,Processed,T1,6RB,Unknown,,B:B8,,,288551,3511029,11.92,-0.03,C20H32N6O12S2,M+H,N/A,N/A,N/A,N/A,613.1592,613.1544,-7.8970 (ppm),0,0,N/A,Method,True,False,N/A,N/A,N/A,,,Pass,N/A,N/A,N/A,N/A,Confirmed,N/A,N/A,N/A,N/A,,,,,,,,INF,N/A,2158639.62,,
GSSG,11.95,Target Compound,20240709_QE2_HILIC_BCSCuAOXq2d_AYW1146,17,Processed,T1,6RB,Unknown,,B:B9,,,167508,2009477,11.9,-0.05,C20H32N6O12S2,M+H,N/A,N/A,N/A,N/A,613.1592,613.1543,-7.9965 (ppm),0,0,N/A,Method,True,False,N/A,N/A,N/A,,,Pass,N/A,N/A,N/A,N/A,Confirmed,N/A,N/A,N/A,N/A,,,,,,,,INF,N/A,2158639.62,,
GSSG,11.95,Target Compound,20240709_QE2_HILIC_BCSCuAOXq2d_AYW1147,18,Processed,T1,6RB,Unknown,,B:C1,,,91697,955413,11.9,-0.05,C20H32N6O12S2,M+H,N/A,N/A,N/A,N/A,613.1592,613.1541,-8.2951 (ppm),0,0,N/A,Method,True,False,N/A,N/A,N/A,,,Pass,N/A,N/A,N/A,N/A,Confirmed,N/A,N/A,N/A,N/A,,,,,,,,INF,N/A,2158639.62,,
GSSG,11.95,Target Compound,20240709_QE2_HILIC_BCSCuAOXq2d_AYW1148,19,Processed,T1,7RV,Unknown,,B:C2,,,392106,4386733,11.92,-0.03,C20H32N6O12S2,M+H,N/A,N/A,N/A,N/A,613.1592,613.1541,-8.3947 (ppm),0,0,N/A,Method,True,False,N/A,N/A,N/A,,,Pass,N/A,N/A,N/A,N/A,Confirmed,N/A,N/A,N/A,N/A,,,,,,,,INF,N/A,2933106.88,,
GSSG,11.95,Target Compound,20240709_QE2_HILIC_BCSCuAOXq2d_AYW1149,20,Processed,T1,7RV,Unknown,,B:C3,,,277608,2902386,11.89,-0.06,C20H32N6O12S2,M+H,N/A,N/A,N/A,N/A,613.1592,613.1542,-8.1956 (ppm),0,0,N/A,Method,True,False,N/A,N/A,N/A,,,Pass,N/A,N/A,N/A,N/A,Confirmed,N/A,N/A,N/A,N/A,,,,,,,,INF,N/A,2933106.88,,
GSSG,11.95,Target Compound,20240709_QE2_HILIC_BCSCuAOXq2d_AYW1150,21,Processed,T1,7RV,Unknown,,B:C4,,,118046,1510202,11.96,0.01,C20H32N6O12S2,M+H,N/A,N/A,N/A,N/A,613.1592,613.1541,-8.2951 (ppm),0,0,N/A,Method,True,False,N/A,N/A,N/A,,,Pass,N/A,N/A,N/A,N/A,Confirmed,N/A,N/A,N/A,N/A,,,,,,,,INF,N/A,2933106.88,,
GSSG,11.95,Target Compound,20240709_QE2_HILIC_BCSCuAOXq2d_AYW1151,22,Processed,T1,8RB,Unknown,,B:C5,,,324545,4148229,11.9,-0.05,C20H32N6O12S2,M+H,N/A,N/A,N/A,N/A,613.1592,613.1542,-8.1956 (ppm),0,0,N/A,Method,True,False,N/A,N/A,N/A,,,Pass,N/A,N/A,N/A,N/A,Confirmed,N/A,N/A,N/A,N/A,,,,,,,,INF,N/A,2683640.41,,
GSSG,11.95,Target Compound,20240709_QE2_HILIC_BCSCuAOXq2d_AYW1152,23,Processed,T1,8RB,Unknown,,B:C6,,,99076,1221034,11.9,-0.05,C20H32N6O12S2,M+H,N/A,N/A,N/A,N/A,613.1592,613.1545,-7.6979 (ppm),0,0,N/A,Method,True,False,N/A,N/A,N/A,,,Pass,N/A,N/A,N/A,N/A,Confirmed,N/A,N/A,N/A,N/A,,,,,,,,INF,N/A,2683640.41,,
GSSG,11.95,Target Compound,20240709_QE2_HILIC_BCSCuAOXq2d_AYW1153,24,Processed,T1,8RB,Unknown,,B:C7,,,209619,2681658,11.92,-0.03,C20H32N6O12S2,M+H,N/A,N/A,N/A,N/A,613.1592,613.1543,-7.9965 (ppm),0,0,N/A,Method,True,False,N/A,N/A,N/A,,,Pass,N/A,N/A,N/A,N/A,Confirmed,N/A,N/A,N/A,N/A,,,,,,,,INF,N/A,2683640.41,,
GSSG,11.95,Target Compound,20240709_QE2_HILIC_BCSCuAOXq2d_AYW1154_pool1xa,25,Processed,T1,pool1x,Unknown,,B:C8,,,394467,4071570,11.92,-0.03,C20H32N6O12S2,M+H,N/A,N/A,N/A,N/A,613.1592,613.1543,-7.9965 (ppm),0,0,N/A,Method,True,False,N/A,N/A,N/A,,,Pass,N/A,N/A,N/A,N/A,Confirmed,N/A,N/A,N/A,N/A,,,,,,,,INF,N/A,3401134.46,,
GSSG,11.95,Target Compound,20240709_QE2_HILIC_BCSCuAOXq2d_AYW1154_pool1xb,26,Processed,T1,pool1x,Unknown,,B:C8,,,348503,3518278,11.95,0.00,C20H32N6O12S2,M+H,N/A,N/A,N/A,N/A,613.1592,613.1541,-8.2951 (ppm),0,0,N/A,Method,True,False,N/A,N/A,N/A,,,Pass,N/A,N/A,N/A,N/A,Confirmed,N/A,N/A,N/A,N/A,,,,,,,,INF,N/A,3401134.46,,
GSSG,11.95,Target Compound,20240709_QE2_HILIC_BCSCuAOXq2d_AYW1154_pool1xc,27,Processed,T1,pool1x,Unknown,,B:C8,,,219039,2830915,11.87,-0.08,C20H32N6O12S2,M+H,N/A,N/A,N/A,N/A,613.1592,613.1548,-7.1006 (ppm),0,0,N/A,Method,True,False,N/A,N/A,N/A,,,Pass,N/A,N/A,N/A,N/A,Confirmed,N/A,N/A,N/A,N/A,,,,,,,,INF,N/A,3401134.46,,
GSSG,11.95,Target Compound,20240709_QE2_HILIC_BCSCuAOXq2d_AYW1154_pool1xd,28,Processed,T1,pool1x,Unknown,,B:C8,,,258094,3183775,11.88,-0.07,C20H32N6O12S2,M+H,N/A,N/A,N/A,N/A,613.1592,613.154,-8.4942 (ppm),0,0,N/A,Method,True,False,N/A,N/A,N/A,,,Pass,N/A,N/A,N/A,N/A,Confirmed,N/A,N/A,N/A,N/A,,,,,,,,INF,N/A,3401134.46,,
GSSG,11.95,Target Compound,20240709_QE2_HILIC_BCSCuAOXq2d_AYW1155_pool033xa,29,Processed,T1,pool033x,Unknown,,B:C9,,,109006,1203241,11.88,-0.07,C20H32N6O12S2,M+H,N/A,N/A,N/A,N/A,613.1592,613.1542,-8.1956 (ppm),0,0,N/A,Method,True,False,N/A,N/A,N/A,,,Pass,N/A,N/A,N/A,N/A,Confirmed,N/A,N/A,N/A,N/A,,,,,,,,INF,N/A,889577.26,,
GSSG,11.95,Target Compound,20240709_QE2_HILIC_BCSCuAOXq2d_AYW1155_pool033xb,30,Processed,T1,pool033x,Unknown,,B:C9,,,104232,615952,11.94,-0.01,C20H32N6O12S2,M+H,N/A,N/A,N/A,N/A,613.1592,613.1535,-9.2905 (ppm),0,0,N/A,Method,True,False,N/A,N/A,N/A,,,Pass,N/A,N/A,N/A,N/A,Confirmed,N/A,N/A,N/A,N/A,,,,,,,,INF,N/A,889577.26,,
GSSG,11.95,Target Compound,20240709_QE2_HILIC_BCSCuAOXq2d_AYW1155_pool033xc,31,Processed,T1,pool033x,Unknown,,B:C9,,,73338,777224,11.92,-0.03,C20H32N6O12S2,M+H,N/A,N/A,N/A,N/A,613.1592,613.1546,-7.4988 (ppm),0,0,N/A,Method,True,False,N/A,N/A,N/A,,,Pass,N/A,N/A,N/A,N/A,Confirmed,N/A,N/A,N/A,N/A,,,,,,,,INF,N/A,889577.26,,
GSSG,11.95,Target Compound,20240709_QE2_HILIC_BCSCuAOXq2d_AYW1155_pool033xd,32,Processed,T1,pool033x,Unknown,,B:C9,,,83068,961892,11.88,-0.07,C20H32N6O12S2,M+H,N/A,N/A,N/A,N/A,613.1592,613.154,-8.4942 (ppm),0,0,N/A,Method,True,False,N/A,N/A,N/A,,,Pass,N/A,N/A,N/A,N/A,Confirmed,N/A,N/A,N/A,N/A,,,,,,,,INF,N/A,889577.26,,
GSSG,11.95,Target Compound,20240709_QE2_HILIC_BCSCuAOXq2d_AYW1156_pool01xa,33,Processed,T1,pool01x,Unknown,,B:D1,,,38005,414604,11.95,0.00,C20H32N6O12S2,M+H,N/A,N/A,N/A,N/A,613.1592,613.1541,-8.3947 (ppm),0,0,N/A,Method,True,False,N/A,N/A,N/A,,,Pass,N/A,N/A,N/A,N/A,Confirmed,N/A,N/A,N/A,N/A,,,,,,,,INF,N/A,284401.03,,
GSSG,11.95,Target Compound,20240709_QE2_HILIC_BCSCuAOXq2d_AYW1156_pool01xb,34,Processed,T1,pool01x,Unknown,,B:D1,,,26866,209155,11.91,-0.04,C20H32N6O12S2,M+H,N/A,N/A,N/A,N/A,613.1592,613.1536,-9.0915 (ppm),0,0,N/A,Manual,True,False,N/A,N/A,N/A,,,Pass,N/A,N/A,N/A,N/A,Confirmed,N/A,N/A,N/A,N/A,,,,,,,,INF,N/A,284401.03,,
GSSG,11.95,Target Compound,20240709_QE2_HILIC_BCSCuAOXq2d_AYW1156_pool01xc,35,Processed,T1,pool01x,Unknown,,B:D1,,,26707,279002,11.9,-0.05,C20H32N6O12S2,M+H,N/A,N/A,N/A,N/A,613.1592,613.1546,-7.4988 (ppm),0,0,N/A,Method,True,False,N/A,N/A,N/A,,,Pass,N/A,N/A,N/A,N/A,Confirmed,N/A,N/A,N/A,N/A,,,,,,,,INF,N/A,284401.03,,
GSSG,11.95,Target Compound,20240709_QE2_HILIC_BCSCuAOXq2d_AYW1156_pool01xd,36,Processed,T1,pool01x,Unknown,,B:D1,,,27860,234843,11.95,0.00,C20H32N6O12S2,M+H,N/A,N/A,N/A,N/A,613.1592,613.1544,-7.7974 (ppm),0,0,N/A,Manual,True,False,N/A,N/A,N/A,,,Pass,N/A,N/A,N/A,N/A,Confirmed,N/A,N/A,N/A,N/A,,,,,,,,INF,N/A,284401.03,,
GSSG,11.95,Target Compound,20240709_QE2_HILIC_BCSCuAOXq2d_blank1,37,Processed,T1,,Unknown,,B:A1,,,N/F,N/F,N/F,N/F,C20H32N6O12S2,N/A,N/F,N/A,N/F,N/A,613.1592,N/F,N/F,N/F,0,N/A,Method,True,False,N/A,N/A,N/A,,,Fail,N/A,N/A,N/A,N/A,NotFound,N/A,N/A,N/A,N/A,,,,,,,,N/A,N/A,83424.18,,
GSSG,11.95,Target Compound,20240709_QE2_HILIC_BCSCuAOXq2d_blank1_20240710111342,38,Processed,T1,,Unknown,,B:A1,,,44191,311591,12.07,0.12,C20H32N6O12S2,M+H,N/A,N/A,N/A,N/A,613.1592,613.1541,-8.2951 (ppm),0,0,N/A,Method,True,False,N/A,N/A,N/A,,,Pass,N/A,N/A,N/A,N/A,Confirmed,N/A,N/A,N/A,N/A,,,,,,,,INF,N/A,83424.18,,
GSSG,11.95,Target Compound,20240709_QE2_HILIC_BCSCuAOXq2d_blank1_20240710231833,39,Processed,T1,,Unknown,,B:A1,,,N/F,N/F,N/F,N/F,C20H32N6O12S2,N/A,N/F,N/A,N/F,N/A,613.1592,N/F,N/F,N/F,0,N/A,Method,True,False,N/A,N/A,N/A,,,Fail,N/A,N/A,N/A,N/A,NotFound,N/A,N/A,N/A,N/A,,,,,,,,N/A,N/A,83424.18,,
GSSG,11.95,Target Compound,20240709_QE2_HILIC_BCSCuAOXq2d_blank2,40,Processed,T1,,Unknown,,B:A1,,,28368,188954,11.88,-0.07,C20H32N6O12S2,M+H,N/A,N/A,N/A,N/A,613.1592,613.1553,-6.4038 (ppm),0,0,N/A,Method,True,False,N/A,N/A,N/A,,,Pass,N/A,N/A,N/A,N/A,Confirmed,N/A,N/A,N/A,N/A,,,,,,,,INF,N/A,83424.18,,
GSSG,11.95,Target Compound,20240709_QE2_HILIC_BCSCuAOXq2d_blank2_20240710115054,41,Processed,T1,,Unknown,,B:A1,,,N/F,N/F,N/F,N/F,C20H32N6O12S2,N/A,N/F,N/A,N/F,N/A,613.1592,N/F,N/F,N/F,0,N/A,Method,True,False,N/A,N/A,N/A,,,Fail,N/A,N/A,N/A,N/A,NotFound,N/A,N/A,N/A,N/A,,,,,,,,N/A,N/A,83424.18,,
GSSG,11.95,Target Compound,20240709_QE2_HILIC_BCSCuAOXq2d_blank2_20240710235116,42,Processed,T1,,Unknown,,B:A1,,,N/F,N/F,N/F,N/F,C20H32N6O12S2,N/A,N/F,N/A,N/F,N/A,613.1592,N/F,N/F,N/F,0,N/A,Method,True,False,N/A,N/A,N/A,,,Fail,N/A,N/A,N/A,N/A,NotFound,N/A,N/A,N/A,N/A,,,,,,,,N/A,N/A,83424.18,,
