﻿Compound,RT,Type,Filename,Batch Order,Status,Peak Label,Group,Sample Type,Level,Sample ID,Sample Name,Comments,Height,Area,Actual RT,RT Delta,Formula,Adduct,Calculated Amt,Theoretical Amt,Sample Amt,Std Add Amount,m/z (Expected),m/z (Apex),m/z (Delta),Response Ratio,ISTD Amt,ISTD Response,Integration Mode,Active,Excluded,%Diff,%RSD,% CV,Channel,Final Units,PK,IR,IP,LS,FI,Confirm,Isotopic Pattern Score (%),Num Isotopes Matched,Lib Match Name,Library Score (%),Library Match Rank,SI/Dot Product,RSI/Rev Dot,Modification,Protein Name,Peptide Sequence,Ion Type,S/N,Ion Ratio,Group Average,Relative RT,Flag Details
2-hydroxyglutarate,10.2,Target Compound,20240709_QE2_HILIC_BCSCuAOXq2d_AYW1130,1,Processed,T1,1V,Unknown,,B:A2,,,34921675,473634270,10.2,0.00,C5H8O5,M-H,N/A,N/A,N/A,N/A,147.0299,147.03,.7756 (ppm),0,0,N/A,Method,True,False,N/A,N/A,N/A,,,Pass,N/A,N/A,N/A,N/A,Confirmed,N/A,N/A,N/A,N/A,,,,,,,,293.59,N/A,476971777.88,,
2-hydroxyglutarate,10.2,Target Compound,20240709_QE2_HILIC_BCSCuAOXq2d_AYW1131,2,Processed,T1,1V,Unknown,,B:A3,,,29614405,489022461,10.18,-0.02,C5H8O5,M-H,N/A,N/A,N/A,N/A,147.0299,147.03,.7756 (ppm),0,0,N/A,Method,True,False,N/A,N/A,N/A,,,Pass,N/A,N/A,N/A,N/A,Confirmed,N/A,N/A,N/A,N/A,,,,,,,,206.50,N/A,476971777.88,,
2-hydroxyglutarate,10.2,Target Compound,20240709_QE2_HILIC_BCSCuAOXq2d_AYW1132,3,Processed,T1,1V,Unknown,,B:A4,,,25406468,468258603,10.21,0.01,C5H8O5,M-H,N/A,N/A,N/A,N/A,147.0299,147.0301,1.0870 (ppm),0,0,N/A,Method,True,False,N/A,N/A,N/A,,,Pass,N/A,N/A,N/A,N/A,Confirmed,N/A,N/A,N/A,N/A,,,,,,,,202.73,N/A,476971777.88,,
2-hydroxyglutarate,10.2,Target Compound,20240709_QE2_HILIC_BCSCuAOXq2d_AYW1133,4,Processed,T1,2B,Unknown,,B:A5,,,73807896,922909990,10.19,-0.01,C5H8O5,M-H,N/A,N/A,N/A,N/A,147.0299,147.0301,1.2945 (ppm),0,0,N/A,Method,True,False,N/A,N/A,N/A,,,Pass,N/A,N/A,N/A,N/A,Confirmed,N/A,N/A,N/A,N/A,,,,,,,,360.69,N/A,1325101244.34,,
2-hydroxyglutarate,10.2,Target Compound,20240709_QE2_HILIC_BCSCuAOXq2d_AYW1134,5,Processed,T1,2B,Unknown,,B:A6,,,125622488,1550056061,10.22,0.02,C5H8O5,M-H,N/A,N/A,N/A,N/A,147.0299,147.03,.8794 (ppm),0,0,N/A,Method,True,False,N/A,N/A,N/A,,,Pass,N/A,N/A,N/A,N/A,Confirmed,N/A,N/A,N/A,N/A,,,,,,,,1284.68,N/A,1325101244.34,,
2-hydroxyglutarate,10.2,Target Compound,20240709_QE2_HILIC_BCSCuAOXq2d_AYW1135,6,Processed,T1,2B,Unknown,,B:A7,,,128905218,1502337682,10.19,-0.01,C5H8O5,M-H,N/A,N/A,N/A,N/A,147.0299,147.03,.9832 (ppm),0,0,N/A,Method,True,False,N/A,N/A,N/A,,,Pass,N/A,N/A,N/A,N/A,Confirmed,N/A,N/A,N/A,N/A,,,,,,,,604.69,N/A,1325101244.34,,
2-hydroxyglutarate,10.2,Target Compound,20240709_QE2_HILIC_BCSCuAOXq2d_AYW1136,7,Processed,T1,3C,Unknown,,B:A8,,,32804414,595970173,10.18,-0.02,C5H8O5,M-H,N/A,N/A,N/A,N/A,147.0299,147.03,.9832 (ppm),0,0,N/A,Method,True,False,N/A,N/A,N/A,,,Pass,N/A,N/A,N/A,N/A,Confirmed,N/A,N/A,N/A,N/A,,,,,,,,135.64,N/A,496601275.24,,
2-hydroxyglutarate,10.2,Target Compound,20240709_QE2_HILIC_BCSCuAOXq2d_AYW1137,8,Processed,T1,3C,Unknown,,B:A9,,,29433531,503541438,10.22,0.02,C5H8O5,M-H,N/A,N/A,N/A,N/A,147.0299,147.03,.8794 (ppm),0,0,N/A,Method,True,False,N/A,N/A,N/A,,,Pass,N/A,N/A,N/A,N/A,Confirmed,N/A,N/A,N/A,N/A,,,,,,,,125.92,N/A,496601275.24,,
2-hydroxyglutarate,10.2,Target Compound,20240709_QE2_HILIC_BCSCuAOXq2d_AYW1138,9,Processed,T1,3C,Unknown,,B:B1,,,19788919,390292215,10.2,0.00,C5H8O5,M-H,N/A,N/A,N/A,N/A,147.0299,147.03,.9832 (ppm),0,0,N/A,Method,True,False,N/A,N/A,N/A,,,Pass,N/A,N/A,N/A,N/A,Confirmed,N/A,N/A,N/A,N/A,,,,,,,,133.69,N/A,496601275.24,,
2-hydroxyglutarate,10.2,Target Compound,20240709_QE2_HILIC_BCSCuAOXq2d_AYW1139,10,Processed,T1,4BC,Unknown,,B:B2,,,30549499,544984746,10.18,-0.02,C5H8O5,M-H,N/A,N/A,N/A,N/A,147.0299,147.0301,1.0870 (ppm),0,0,N/A,Method,True,False,N/A,N/A,N/A,,,Pass,N/A,N/A,N/A,N/A,Confirmed,N/A,N/A,N/A,N/A,,,,,,,,235.78,N/A,639880970.13,N/A,
2-hydroxyglutarate,10.2,Target Compound,20240709_QE2_HILIC_BCSCuAOXq2d_AYW1140,11,Processed,T1,4BC,Unknown,,B:B3,,,30487733,528647515,10.21,0.01,C5H8O5,M-H,N/A,N/A,N/A,N/A,147.0299,147.03,.5681 (ppm),0,0,N/A,Method,True,False,N/A,N/A,N/A,,,Pass,N/A,N/A,N/A,N/A,Confirmed,N/A,N/A,N/A,N/A,,,,,,,,225.87,N/A,639880970.13,,
2-hydroxyglutarate,10.2,Target Compound,20240709_QE2_HILIC_BCSCuAOXq2d_AYW1141,12,Processed,T1,4BC,Unknown,,B:B4,,,45474131,846010650,10.18,-0.02,C5H8O5,M-H,N/A,N/A,N/A,N/A,147.0299,147.03,.7756 (ppm),0,0,N/A,Method,True,False,N/A,N/A,N/A,,,Pass,N/A,N/A,N/A,N/A,Confirmed,N/A,N/A,N/A,N/A,,,,,,,,136.23,N/A,639880970.13,,
2-hydroxyglutarate,10.2,Target Compound,20240709_QE2_HILIC_BCSCuAOXq2d_AYW1142,13,Processed,T1,5RV,Unknown,,B:B5,,,46021321,865183242,10.15,-0.05,C5H8O5,M-H,N/A,N/A,N/A,N/A,147.0299,147.0301,1.0870 (ppm),0,0,N/A,Method,True,False,N/A,N/A,N/A,,,Pass,N/A,N/A,N/A,N/A,Confirmed,N/A,N/A,N/A,N/A,,,,,,,,352.35,N/A,739059176.85,N/A,
2-hydroxyglutarate,10.2,Target Compound,20240709_QE2_HILIC_BCSCuAOXq2d_AYW1143,14,Processed,T1,5RV,Unknown,,B:B6,,,38099928,625545746,10.16,-0.04,C5H8O5,M-H,N/A,N/A,N/A,N/A,147.0299,147.03,.9832 (ppm),0,0,N/A,Method,True,False,N/A,N/A,N/A,,,Pass,N/A,N/A,N/A,N/A,Confirmed,N/A,N/A,N/A,N/A,,,,,,,,214.65,N/A,739059176.85,,
2-hydroxyglutarate,10.2,Target Compound,20240709_QE2_HILIC_BCSCuAOXq2d_AYW1144,15,Processed,T1,5RV,Unknown,,B:B7,,,40846807,726448542,10.18,-0.02,C5H8O5,M-H,N/A,N/A,N/A,N/A,147.0299,147.0301,1.3983 (ppm),0,0,N/A,Method,True,False,N/A,N/A,N/A,,,Pass,N/A,N/A,N/A,N/A,Confirmed,N/A,N/A,N/A,N/A,,,,,,,,182.91,N/A,739059176.85,,
2-hydroxyglutarate,10.2,Target Compound,20240709_QE2_HILIC_BCSCuAOXq2d_AYW1145,16,Processed,T1,6RB,Unknown,,B:B8,,,103050102,1361101664,10.2,0.00,C5H8O5,M-H,N/A,N/A,N/A,N/A,147.0299,147.03,.9832 (ppm),0,0,N/A,Method,True,False,N/A,N/A,N/A,,,Pass,N/A,N/A,N/A,N/A,Confirmed,N/A,N/A,N/A,N/A,,,,,,,,934.08,N/A,1198924376.13,,
2-hydroxyglutarate,10.2,Target Compound,20240709_QE2_HILIC_BCSCuAOXq2d_AYW1146,17,Processed,T1,6RB,Unknown,,B:B9,,,90680052,1193229180,10.2,0.00,C5H8O5,M-H,N/A,N/A,N/A,N/A,147.0299,147.03,.8794 (ppm),0,0,N/A,Method,True,False,N/A,N/A,N/A,,,Pass,N/A,N/A,N/A,N/A,Confirmed,N/A,N/A,N/A,N/A,,,,,,,,390.90,N/A,1198924376.13,,
2-hydroxyglutarate,10.2,Target Compound,20240709_QE2_HILIC_BCSCuAOXq2d_AYW1147,18,Processed,T1,6RB,Unknown,,B:C1,,,75536828,1042442284,10.2,0.00,C5H8O5,M-H,N/A,N/A,N/A,N/A,147.0299,147.03,.9832 (ppm),0,0,N/A,Method,True,False,N/A,N/A,N/A,,,Pass,N/A,N/A,N/A,N/A,Confirmed,N/A,N/A,N/A,N/A,,,,,,,,725.27,N/A,1198924376.13,,
2-hydroxyglutarate,10.2,Target Compound,20240709_QE2_HILIC_BCSCuAOXq2d_AYW1148,19,Processed,T1,7RV,Unknown,,B:C2,,,28766730,547024504,10.19,-0.01,C5H8O5,M-H,N/A,N/A,N/A,N/A,147.0299,147.0301,1.2945 (ppm),0,0,N/A,Method,True,False,N/A,N/A,N/A,,,Pass,N/A,N/A,N/A,N/A,Confirmed,N/A,N/A,N/A,N/A,,,,,,,,862.17,N/A,703979119.79,,
2-hydroxyglutarate,10.2,Target Compound,20240709_QE2_HILIC_BCSCuAOXq2d_AYW1149,20,Processed,T1,7RV,Unknown,,B:C3,,,36537415,580212472,10.19,-0.01,C5H8O5,M-H,N/A,N/A,N/A,N/A,147.0299,147.03,.9832 (ppm),0,0,N/A,Method,True,False,N/A,N/A,N/A,,,Pass,N/A,N/A,N/A,N/A,Confirmed,N/A,N/A,N/A,N/A,,,,,,,,328.84,N/A,703979119.79,,
2-hydroxyglutarate,10.2,Target Compound,20240709_QE2_HILIC_BCSCuAOXq2d_AYW1150,21,Processed,T1,7RV,Unknown,,B:C4,,,47799570,984700383,10.21,0.01,C5H8O5,M-H,N/A,N/A,N/A,N/A,147.0299,147.03,.9832 (ppm),0,0,N/A,Method,True,False,N/A,N/A,N/A,,,Pass,N/A,N/A,N/A,N/A,Confirmed,N/A,N/A,N/A,N/A,,,,,,,,191.42,N/A,703979119.79,,
2-hydroxyglutarate,10.2,Target Compound,20240709_QE2_HILIC_BCSCuAOXq2d_AYW1151,22,Processed,T1,8RB,Unknown,,B:C5,,,70344721,1196102025,10.17,-0.03,C5H8O5,M-H,N/A,N/A,N/A,N/A,147.0299,147.03,.9832 (ppm),0,0,N/A,Method,True,False,N/A,N/A,N/A,,,Pass,N/A,N/A,N/A,N/A,Confirmed,N/A,N/A,N/A,N/A,,,,,,,,1000.46,N/A,1109314386.65,,
2-hydroxyglutarate,10.2,Target Compound,20240709_QE2_HILIC_BCSCuAOXq2d_AYW1152,23,Processed,T1,8RB,Unknown,,B:C6,,,42703870,689940850,10.17,-0.03,C5H8O5,M-H,N/A,N/A,N/A,N/A,147.0299,147.0301,1.2945 (ppm),0,0,N/A,Method,True,False,N/A,N/A,N/A,,,Pass,N/A,N/A,N/A,N/A,Confirmed,N/A,N/A,N/A,N/A,,,,,,,,321.37,N/A,1109314386.65,,
2-hydroxyglutarate,10.2,Target Compound,20240709_QE2_HILIC_BCSCuAOXq2d_AYW1153,24,Processed,T1,8RB,Unknown,,B:C7,,,95973431,1441900285,10.2,0.00,C5H8O5,M-H,N/A,N/A,N/A,N/A,147.0299,147.03,.7756 (ppm),0,0,N/A,Method,True,False,N/A,N/A,N/A,,,Pass,N/A,N/A,N/A,N/A,Confirmed,N/A,N/A,N/A,N/A,,,,,,,,424.88,N/A,1109314386.65,,
2-hydroxyglutarate,10.2,Target Compound,20240709_QE2_HILIC_BCSCuAOXq2d_AYW1154_pool1xa,25,Processed,T1,pool1x,Unknown,,B:C8,,,59443623,922465370,10.2,0.00,C5H8O5,M-H,N/A,N/A,N/A,N/A,147.0299,147.03,.3605 (ppm),0,0,N/A,Method,True,False,N/A,N/A,N/A,,,Pass,N/A,N/A,N/A,N/A,Confirmed,N/A,N/A,N/A,N/A,,,,,,,,791.57,N/A,801287181.58,,
2-hydroxyglutarate,10.2,Target Compound,20240709_QE2_HILIC_BCSCuAOXq2d_AYW1154_pool1xb,26,Processed,T1,pool1x,Unknown,,B:C8,,,56132539,832138951,10.19,-0.01,C5H8O5,M-H,N/A,N/A,N/A,N/A,147.0299,147.03,.5681 (ppm),0,0,N/A,Method,True,False,N/A,N/A,N/A,,,Pass,N/A,N/A,N/A,N/A,Confirmed,N/A,N/A,N/A,N/A,,,,,,,,180.04,N/A,801287181.58,,
2-hydroxyglutarate,10.2,Target Compound,20240709_QE2_HILIC_BCSCuAOXq2d_AYW1154_pool1xc,27,Processed,T1,pool1x,Unknown,,B:C8,,,61087306,890522001,10.21,0.01,C5H8O5,M-H,N/A,N/A,N/A,N/A,147.0299,147.0301,1.3983 (ppm),0,0,N/A,Method,True,False,N/A,N/A,N/A,,,Pass,N/A,N/A,N/A,N/A,Confirmed,N/A,N/A,N/A,N/A,,,,,,,,149.11,N/A,801287181.58,,
2-hydroxyglutarate,10.2,Target Compound,20240709_QE2_HILIC_BCSCuAOXq2d_AYW1154_pool1xd,28,Processed,T1,pool1x,Unknown,,B:C8,,,35553494,560022405,10.17,-0.03,C5H8O5,M-H,N/A,N/A,N/A,N/A,147.0299,147.0301,1.0870 (ppm),0,0,N/A,Method,True,False,N/A,N/A,N/A,,,Pass,N/A,N/A,N/A,N/A,Confirmed,N/A,N/A,N/A,N/A,,,,,,,,358.77,N/A,801287181.58,,
2-hydroxyglutarate,10.2,Target Compound,20240709_QE2_HILIC_BCSCuAOXq2d_AYW1155_pool033xa,29,Processed,T1,pool033x,Unknown,,B:C9,,,30015370,535270315,10.22,0.02,C5H8O5,M-H,N/A,N/A,N/A,N/A,147.0299,147.03,.8794 (ppm),0,0,N/A,Method,True,False,N/A,N/A,N/A,,,Pass,N/A,N/A,N/A,N/A,Confirmed,N/A,N/A,N/A,N/A,,,,,,,,368.81,N/A,445539115.61,,
2-hydroxyglutarate,10.2,Target Compound,20240709_QE2_HILIC_BCSCuAOXq2d_AYW1155_pool033xb,30,Processed,T1,pool033x,Unknown,,B:C9,,,31331977,498506770,10.19,-0.01,C5H8O5,M-H,N/A,N/A,N/A,N/A,147.0299,147.03,.7756 (ppm),0,0,N/A,Method,True,False,N/A,N/A,N/A,,,Pass,N/A,N/A,N/A,N/A,Confirmed,N/A,N/A,N/A,N/A,,,,,,,,260.47,N/A,445539115.61,,
2-hydroxyglutarate,10.2,Target Compound,20240709_QE2_HILIC_BCSCuAOXq2d_AYW1155_pool033xc,31,Processed,T1,pool033x,Unknown,,B:C9,,,25065821,439451552,10.18,-0.02,C5H8O5,M-H,N/A,N/A,N/A,N/A,147.0299,147.0301,1.3983 (ppm),0,0,N/A,Method,True,False,N/A,N/A,N/A,,,Pass,N/A,N/A,N/A,N/A,Confirmed,N/A,N/A,N/A,N/A,,,,,,,,424.63,N/A,445539115.61,,
2-hydroxyglutarate,10.2,Target Compound,20240709_QE2_HILIC_BCSCuAOXq2d_AYW1155_pool033xd,32,Processed,T1,pool033x,Unknown,,B:C9,,,17081960,308927825,10.17,-0.03,C5H8O5,M-H,N/A,N/A,N/A,N/A,147.0299,147.0301,1.3983 (ppm),0,0,N/A,Method,True,False,N/A,N/A,N/A,,,Pass,N/A,N/A,N/A,N/A,Confirmed,N/A,N/A,N/A,N/A,,,,,,,,390.02,N/A,445539115.61,,
2-hydroxyglutarate,10.2,Target Compound,20240709_QE2_HILIC_BCSCuAOXq2d_AYW1156_pool01xa,33,Processed,T1,pool01x,Unknown,,B:D1,,,13960241,234168841,10.17,-0.03,C5H8O5,M-H,N/A,N/A,N/A,N/A,147.0299,147.03,.9832 (ppm),0,0,N/A,Method,True,False,N/A,N/A,N/A,,,Pass,N/A,N/A,N/A,N/A,Confirmed,N/A,N/A,N/A,N/A,,,,,,,,136.64,N/A,214429202.59,,
2-hydroxyglutarate,10.2,Target Compound,20240709_QE2_HILIC_BCSCuAOXq2d_AYW1156_pool01xb,34,Processed,T1,pool01x,Unknown,,B:D1,,,14583759,259479617,10.18,-0.02,C5H8O5,M-H,N/A,N/A,N/A,N/A,147.0299,147.03,.9832 (ppm),0,0,N/A,Method,True,False,N/A,N/A,N/A,,,Pass,N/A,N/A,N/A,N/A,Confirmed,N/A,N/A,N/A,N/A,,,,,,,,230.28,N/A,214429202.59,,
2-hydroxyglutarate,10.2,Target Compound,20240709_QE2_HILIC_BCSCuAOXq2d_AYW1156_pool01xc,35,Processed,T1,pool01x,Unknown,,B:D1,,,11862560,212385892,10.18,-0.02,C5H8O5,M-H,N/A,N/A,N/A,N/A,147.0299,147.0302,1.7096 (ppm),0,0,N/A,Method,True,False,N/A,N/A,N/A,,,Pass,N/A,N/A,N/A,N/A,Confirmed,N/A,N/A,N/A,N/A,,,,,,,,355.05,N/A,214429202.59,,
2-hydroxyglutarate,10.2,Target Compound,20240709_QE2_HILIC_BCSCuAOXq2d_AYW1156_pool01xd,36,Processed,T1,pool01x,Unknown,,B:D1,,,8330208,151682460,10.16,-0.04,C5H8O5,M-H,N/A,N/A,N/A,N/A,147.0299,147.03,.9832 (ppm),0,0,N/A,Method,True,False,N/A,N/A,N/A,,,Pass,N/A,N/A,N/A,N/A,Confirmed,N/A,N/A,N/A,N/A,,,,,,,,156.41,N/A,214429202.59,,
2-hydroxyglutarate,10.2,Target Compound,20240709_QE2_HILIC_BCSCuAOXq2d_blank1,37,Processed,T1,,Unknown,,B:A1,,,N/F,N/F,N/F,N/F,C5H8O5,N/A,N/F,N/A,N/F,N/A,147.0299,N/F,N/F,N/F,0,N/A,Method,True,False,N/A,N/A,N/A,,,Fail,N/A,N/A,N/A,N/A,NotFound,N/A,N/A,N/A,N/A,,,,,,,,N/A,N/A,1236260.37,,
2-hydroxyglutarate,10.2,Target Compound,20240709_QE2_HILIC_BCSCuAOXq2d_blank1_20240710111342,38,Processed,T1,,Unknown,,B:A1,,,N/F,N/F,N/F,N/F,C5H8O5,N/A,N/F,N/A,N/F,N/A,147.0299,N/F,N/F,N/F,0,N/A,Method,True,False,N/A,N/A,N/A,,,Fail,N/A,N/A,N/A,N/A,NotFound,N/A,N/A,N/A,N/A,,,,,,,,N/A,N/A,1236260.37,,
2-hydroxyglutarate,10.2,Target Compound,20240709_QE2_HILIC_BCSCuAOXq2d_blank1_20240710231833,39,Processed,T1,,Unknown,,B:A1,,,157126,1851003,10.19,-0.01,C5H8O5,M-H,N/A,N/A,N/A,N/A,147.0299,147.03,.8794 (ppm),0,0,N/A,Method,True,False,N/A,N/A,N/A,,,Pass,N/A,N/A,N/A,N/A,Confirmed,N/A,N/A,N/A,N/A,,,,,,,,16.14,N/A,1236260.37,,
2-hydroxyglutarate,10.2,Target Compound,20240709_QE2_HILIC_BCSCuAOXq2d_blank2,40,Processed,T1,,Unknown,,B:A1,,,N/F,N/F,N/F,N/F,C5H8O5,N/A,N/F,N/A,N/F,N/A,147.0299,N/F,N/F,N/F,0,N/A,Method,True,False,N/A,N/A,N/A,,,Fail,N/A,N/A,N/A,N/A,NotFound,N/A,N/A,N/A,N/A,,,,,,,,N/A,N/A,1236260.37,,
2-hydroxyglutarate,10.2,Target Compound,20240709_QE2_HILIC_BCSCuAOXq2d_blank2_20240710115054,41,Processed,T1,,Unknown,,B:A1,,,233861,3527199,10.16,-0.04,C5H8O5,M-H,N/A,N/A,N/A,N/A,147.0299,147.0302,2.1248 (ppm),0,0,N/A,Method,True,False,N/A,N/A,N/A,,,Pass,N/A,N/A,N/A,N/A,Confirmed,N/A,N/A,N/A,N/A,,,,,,,,19.87,N/A,1236260.37,,
2-hydroxyglutarate,10.2,Target Compound,20240709_QE2_HILIC_BCSCuAOXq2d_blank2_20240710235116,42,Processed,T1,,Unknown,,B:A1,,,141668,2039360,10.24,0.04,C5H8O5,M-H,N/A,N/A,N/A,N/A,147.0299,147.0301,1.0870 (ppm),0,0,N/A,Method,True,False,N/A,N/A,N/A,,,Pass,N/A,N/A,N/A,N/A,Confirmed,N/A,N/A,N/A,N/A,,,,,,,,17.33,N/A,1236260.37,,
