﻿Compound,RT,Type,Filename,Batch Order,Status,Peak Label,Group,Sample Type,Level,Sample ID,Sample Name,Comments,Height,Area,Actual RT,RT Delta,Formula,Adduct,Calculated Amt,Theoretical Amt,Sample Amt,Std Add Amount,m/z (Expected),m/z (Apex),m/z (Delta),Response Ratio,ISTD Amt,ISTD Response,Integration Mode,Active,Excluded,%Diff,%RSD,% CV,Channel,Final Units,PK,IR,IP,LS,FI,Confirm,Isotopic Pattern Score (%),Num Isotopes Matched,Lib Match Name,Library Score (%),Library Match Rank,SI/Dot Product,RSI/Rev Dot,Modification,Protein Name,Peptide Sequence,Ion Type,S/N,Ion Ratio,Group Average,Relative RT,Flag Details
glycine,9.84,Target Compound,20240709_QE2_HILIC_BCSCuAOXq2d_AYW1130,1,Processed,T1,1V,Unknown,,B:A2,,,2178118,32105198,9.54,-0.30,C2H5NO2,M+H,N/A,N/A,N/A,N/A,76.0393,76.0392,-.8157 (ppm),0,0,N/A,Method,True,False,N/A,N/A,N/A,,,Pass,N/A,N/A,N/A,N/A,Confirmed,N/A,N/A,N/A,N/A,,,,,,,,INF,N/A,31349152.44,,
glycine,9.84,Target Compound,20240709_QE2_HILIC_BCSCuAOXq2d_AYW1131,2,Processed,T1,1V,Unknown,,B:A3,,,2405549,26672323,9.55,-0.29,C2H5NO2,M+H,N/A,N/A,N/A,N/A,76.0393,76.0392,-1.0164 (ppm),0,0,N/A,Method,True,False,N/A,N/A,N/A,,,Pass,N/A,N/A,N/A,N/A,Confirmed,N/A,N/A,N/A,N/A,,,,,,,,587.45,N/A,31349152.44,,
glycine,9.84,Target Compound,20240709_QE2_HILIC_BCSCuAOXq2d_AYW1132,3,Processed,T1,1V,Unknown,,B:A4,,,2729797,35269936,9.55,-0.29,C2H5NO2,M+H,N/A,N/A,N/A,N/A,76.0393,76.0392,-1.3174 (ppm),0,0,N/A,Method,True,False,N/A,N/A,N/A,,,Pass,N/A,N/A,N/A,N/A,Confirmed,N/A,N/A,N/A,N/A,,,,,,,,19444.43,N/A,31349152.44,,
glycine,9.84,Target Compound,20240709_QE2_HILIC_BCSCuAOXq2d_AYW1133,4,Processed,T1,2B,Unknown,,B:A5,,,3895679,47988007,9.56,-0.28,C2H5NO2,M+H,N/A,N/A,N/A,N/A,76.0393,76.0392,-1.1167 (ppm),0,0,N/A,Method,True,False,N/A,N/A,N/A,,,Pass,N/A,N/A,N/A,N/A,Confirmed,N/A,N/A,N/A,N/A,,,,,,,,1075.12,N/A,42832363.97,,
glycine,9.84,Target Compound,20240709_QE2_HILIC_BCSCuAOXq2d_AYW1134,5,Processed,T1,2B,Unknown,,B:A6,,,3273986,42596346,9.59,-0.25,C2H5NO2,M+H,N/A,N/A,N/A,N/A,76.0393,76.0392,-1.4177 (ppm),0,0,N/A,Method,True,False,N/A,N/A,N/A,,,Pass,N/A,N/A,N/A,N/A,Confirmed,N/A,N/A,N/A,N/A,,,,,,,,INF,N/A,42832363.97,,
glycine,9.84,Target Compound,20240709_QE2_HILIC_BCSCuAOXq2d_AYW1135,6,Processed,T1,2B,Unknown,,B:A7,,,3021726,37912739,9.54,-0.30,C2H5NO2,M+H,N/A,N/A,N/A,N/A,76.0393,76.0392,-.9160 (ppm),0,0,N/A,Method,True,False,N/A,N/A,N/A,,,Pass,N/A,N/A,N/A,N/A,Confirmed,N/A,N/A,N/A,N/A,,,,,,,,INF,N/A,42832363.97,,
glycine,9.84,Target Compound,20240709_QE2_HILIC_BCSCuAOXq2d_AYW1136,7,Processed,T1,3C,Unknown,,B:A8,,,2701682,36474764,9.53,-0.31,C2H5NO2,M+H,N/A,N/A,N/A,N/A,76.0393,76.0392,-.7153 (ppm),0,0,N/A,Method,True,False,N/A,N/A,N/A,,,Pass,N/A,N/A,N/A,N/A,Confirmed,N/A,N/A,N/A,N/A,,,,,,,,INF,N/A,33591548.03,,
glycine,9.84,Target Compound,20240709_QE2_HILIC_BCSCuAOXq2d_AYW1137,8,Processed,T1,3C,Unknown,,B:A9,,,2532074,33647815,9.59,-0.25,C2H5NO2,M+H,N/A,N/A,N/A,N/A,76.0393,76.0392,-1.1167 (ppm),0,0,N/A,Method,True,False,N/A,N/A,N/A,,,Pass,N/A,N/A,N/A,N/A,Confirmed,N/A,N/A,N/A,N/A,,,,,,,,INF,N/A,33591548.03,,
glycine,9.84,Target Compound,20240709_QE2_HILIC_BCSCuAOXq2d_AYW1138,9,Processed,T1,3C,Unknown,,B:B1,,,2471967,30652066,9.54,-0.30,C2H5NO2,M+H,N/A,N/A,N/A,N/A,76.0393,76.0392,-.9160 (ppm),0,0,N/A,Method,True,False,N/A,N/A,N/A,,,Pass,N/A,N/A,N/A,N/A,Confirmed,N/A,N/A,N/A,N/A,,,,,,,,1324.73,N/A,33591548.03,,
glycine,9.84,Target Compound,20240709_QE2_HILIC_BCSCuAOXq2d_AYW1139,10,Processed,T1,4BC,Unknown,,B:B2,,,2633156,31161790,9.57,-0.27,C2H5NO2,M+H,N/A,N/A,N/A,N/A,76.0393,76.0392,-.9160 (ppm),0,0,N/A,Method,True,False,N/A,N/A,N/A,,,Pass,N/A,N/A,N/A,N/A,Confirmed,N/A,N/A,N/A,N/A,,,,,,,,298.50,N/A,36295357.04,N/A,
glycine,9.84,Target Compound,20240709_QE2_HILIC_BCSCuAOXq2d_AYW1140,11,Processed,T1,4BC,Unknown,,B:B3,,,3859578,49161900,9.55,-0.29,C2H5NO2,M+H,N/A,N/A,N/A,N/A,76.0393,76.0392,-1.6184 (ppm),0,0,N/A,Method,True,False,N/A,N/A,N/A,,,Pass,N/A,N/A,N/A,N/A,Confirmed,N/A,N/A,N/A,N/A,,,,,,,,4516.64,N/A,36295357.04,,
glycine,9.84,Target Compound,20240709_QE2_HILIC_BCSCuAOXq2d_AYW1141,12,Processed,T1,4BC,Unknown,,B:B4,,,2071348,28562381,9.6,-0.24,C2H5NO2,M+H,N/A,N/A,N/A,N/A,76.0393,76.0393,-.6150 (ppm),0,0,N/A,Method,True,False,N/A,N/A,N/A,,,Pass,N/A,N/A,N/A,N/A,Confirmed,N/A,N/A,N/A,N/A,,,,,,,,4065.25,N/A,36295357.04,,
glycine,9.84,Target Compound,20240709_QE2_HILIC_BCSCuAOXq2d_AYW1142,13,Processed,T1,5RV,Unknown,,B:B5,,,3741717,52720181,9.57,-0.27,C2H5NO2,M+H,N/A,N/A,N/A,N/A,76.0393,76.0392,-.8157 (ppm),0,0,N/A,Method,True,False,N/A,N/A,N/A,,,Pass,N/A,N/A,N/A,N/A,Confirmed,N/A,N/A,N/A,N/A,,,,,,,,10338.30,N/A,43020071.53,N/A,
glycine,9.84,Target Compound,20240709_QE2_HILIC_BCSCuAOXq2d_AYW1143,14,Processed,T1,5RV,Unknown,,B:B6,,,2850509,37879063,9.55,-0.29,C2H5NO2,M+H,N/A,N/A,N/A,N/A,76.0393,76.0392,-.7153 (ppm),0,0,N/A,Method,True,False,N/A,N/A,N/A,,,Pass,N/A,N/A,N/A,N/A,Confirmed,N/A,N/A,N/A,N/A,,,,,,,,INF,N/A,43020071.53,,
glycine,9.84,Target Compound,20240709_QE2_HILIC_BCSCuAOXq2d_AYW1144,15,Processed,T1,5RV,Unknown,,B:B7,,,3012886,38460970,9.57,-0.27,C2H5NO2,M+H,N/A,N/A,N/A,N/A,76.0393,76.0392,-.8157 (ppm),0,0,N/A,Method,True,False,N/A,N/A,N/A,,,Pass,N/A,N/A,N/A,N/A,Confirmed,N/A,N/A,N/A,N/A,,,,,,,,387.52,N/A,43020071.53,,
glycine,9.84,Target Compound,20240709_QE2_HILIC_BCSCuAOXq2d_AYW1145,16,Processed,T1,6RB,Unknown,,B:B8,,,3080895,43108399,9.55,-0.29,C2H5NO2,M+H,N/A,N/A,N/A,N/A,76.0393,76.0392,-.9160 (ppm),0,0,N/A,Method,True,False,N/A,N/A,N/A,,,Pass,N/A,N/A,N/A,N/A,Confirmed,N/A,N/A,N/A,N/A,,,,,,,,4631.85,N/A,37642188.53,,
glycine,9.84,Target Compound,20240709_QE2_HILIC_BCSCuAOXq2d_AYW1146,17,Processed,T1,6RB,Unknown,,B:B9,,,3038439,37390854,9.57,-0.27,C2H5NO2,M+H,N/A,N/A,N/A,N/A,76.0393,76.0392,-.9160 (ppm),0,0,N/A,Method,True,False,N/A,N/A,N/A,,,Pass,N/A,N/A,N/A,N/A,Confirmed,N/A,N/A,N/A,N/A,,,,,,,,2514.14,N/A,37642188.53,,
glycine,9.84,Target Compound,20240709_QE2_HILIC_BCSCuAOXq2d_AYW1147,18,Processed,T1,6RB,Unknown,,B:C1,,,2484951,32427312,9.59,-0.25,C2H5NO2,M+H,N/A,N/A,N/A,N/A,76.0393,76.0393,-.6150 (ppm),0,0,N/A,Method,True,False,N/A,N/A,N/A,,,Pass,N/A,N/A,N/A,N/A,Confirmed,N/A,N/A,N/A,N/A,,,,,,,,602.70,N/A,37642188.53,,
glycine,9.84,Target Compound,20240709_QE2_HILIC_BCSCuAOXq2d_AYW1148,19,Processed,T1,7RV,Unknown,,B:C2,,,1604578,17821615,9.56,-0.28,C2H5NO2,M+H,N/A,N/A,N/A,N/A,76.0393,76.0392,-.8157 (ppm),0,0,N/A,Method,True,False,N/A,N/A,N/A,,,Pass,N/A,N/A,N/A,N/A,Confirmed,N/A,N/A,N/A,N/A,,,,,,,,INF,N/A,26607198.50,,
glycine,9.84,Target Compound,20240709_QE2_HILIC_BCSCuAOXq2d_AYW1149,20,Processed,T1,7RV,Unknown,,B:C3,,,2394166,32044601,9.53,-0.31,C2H5NO2,M+H,N/A,N/A,N/A,N/A,76.0393,76.0392,-1.0164 (ppm),0,0,N/A,Method,True,False,N/A,N/A,N/A,,,Pass,N/A,N/A,N/A,N/A,Confirmed,N/A,N/A,N/A,N/A,,,,,,,,962.43,N/A,26607198.50,,
glycine,9.84,Target Compound,20240709_QE2_HILIC_BCSCuAOXq2d_AYW1150,21,Processed,T1,7RV,Unknown,,B:C4,,,2566511,29955380,9.55,-0.29,C2H5NO2,M+H,N/A,N/A,N/A,N/A,76.0393,76.0392,-1.0164 (ppm),0,0,N/A,Method,True,False,N/A,N/A,N/A,,,Pass,N/A,N/A,N/A,N/A,Confirmed,N/A,N/A,N/A,N/A,,,,,,,,INF,N/A,26607198.50,,
glycine,9.84,Target Compound,20240709_QE2_HILIC_BCSCuAOXq2d_AYW1151,22,Processed,T1,8RB,Unknown,,B:C5,,,2811068,35550411,9.57,-0.27,C2H5NO2,M+H,N/A,N/A,N/A,N/A,76.0393,76.0393,-.4143 (ppm),0,0,N/A,Method,True,False,N/A,N/A,N/A,,,Pass,N/A,N/A,N/A,N/A,Confirmed,N/A,N/A,N/A,N/A,,,,,,,,3444.63,N/A,30348051.20,,
glycine,9.84,Target Compound,20240709_QE2_HILIC_BCSCuAOXq2d_AYW1152,23,Processed,T1,8RB,Unknown,,B:C6,,,1442283,17527274,9.54,-0.30,C2H5NO2,M+H,N/A,N/A,N/A,N/A,76.0393,76.0392,-.9160 (ppm),0,0,N/A,Method,True,False,N/A,N/A,N/A,,,Pass,N/A,N/A,N/A,N/A,Confirmed,N/A,N/A,N/A,N/A,,,,,,,,405.84,N/A,30348051.20,,
glycine,9.84,Target Compound,20240709_QE2_HILIC_BCSCuAOXq2d_AYW1153,24,Processed,T1,8RB,Unknown,,B:C7,,,2924209,37966468,9.57,-0.27,C2H5NO2,M+H,N/A,N/A,N/A,N/A,76.0393,76.0392,-1.1167 (ppm),0,0,N/A,Method,True,False,N/A,N/A,N/A,,,Pass,N/A,N/A,N/A,N/A,Confirmed,N/A,N/A,N/A,N/A,,,,,,,,8838.48,N/A,30348051.20,,
glycine,9.84,Target Compound,20240709_QE2_HILIC_BCSCuAOXq2d_AYW1154_pool1xa,25,Processed,T1,pool1x,Unknown,,B:C8,,,1916470,25400964,9.57,-0.27,C2H5NO2,M+H,N/A,N/A,N/A,N/A,76.0393,76.0392,-1.4177 (ppm),0,0,N/A,Method,True,False,N/A,N/A,N/A,,,Pass,N/A,N/A,N/A,N/A,Confirmed,N/A,N/A,N/A,N/A,,,,,,,,INF,N/A,30268782.48,,
glycine,9.84,Target Compound,20240709_QE2_HILIC_BCSCuAOXq2d_AYW1154_pool1xb,26,Processed,T1,pool1x,Unknown,,B:C8,,,2809971,37038043,9.56,-0.28,C2H5NO2,M+H,N/A,N/A,N/A,N/A,76.0393,76.0391,-2.0197 (ppm),0,0,N/A,Method,True,False,N/A,N/A,N/A,,,Pass,N/A,N/A,N/A,N/A,Confirmed,N/A,N/A,N/A,N/A,,,,,,,,8441.61,N/A,30268782.48,,
glycine,9.84,Target Compound,20240709_QE2_HILIC_BCSCuAOXq2d_AYW1154_pool1xc,27,Processed,T1,pool1x,Unknown,,B:C8,,,3031782,41288712,9.56,-0.28,C2H5NO2,M+H,N/A,N/A,N/A,N/A,76.0393,76.0392,-1.0164 (ppm),0,0,N/A,Method,True,False,N/A,N/A,N/A,,,Pass,N/A,N/A,N/A,N/A,Confirmed,N/A,N/A,N/A,N/A,,,,,,,,INF,N/A,30268782.48,,
glycine,9.84,Target Compound,20240709_QE2_HILIC_BCSCuAOXq2d_AYW1154_pool1xd,28,Processed,T1,pool1x,Unknown,,B:C8,,,1748564,17347411,9.54,-0.30,C2H5NO2,M+H,N/A,N/A,N/A,N/A,76.0393,76.0392,-1.0164 (ppm),0,0,N/A,Method,True,False,N/A,N/A,N/A,,,Pass,N/A,N/A,N/A,N/A,Confirmed,N/A,N/A,N/A,N/A,,,,,,,,735.70,N/A,30268782.48,,
glycine,9.84,Target Compound,20240709_QE2_HILIC_BCSCuAOXq2d_AYW1155_pool033xa,29,Processed,T1,pool033x,Unknown,,B:C9,,,881951,12192588,9.59,-0.25,C2H5NO2,M+H,N/A,N/A,N/A,N/A,76.0393,76.0392,-.7153 (ppm),0,0,N/A,Method,True,False,N/A,N/A,N/A,,,Pass,N/A,N/A,N/A,N/A,Confirmed,N/A,N/A,N/A,N/A,,,,,,,,811.21,N/A,11887936.84,,
glycine,9.84,Target Compound,20240709_QE2_HILIC_BCSCuAOXq2d_AYW1155_pool033xb,30,Processed,T1,pool033x,Unknown,,B:C9,,,1049965,15118691,9.56,-0.28,C2H5NO2,M+H,N/A,N/A,N/A,N/A,76.0393,76.0392,-1.0164 (ppm),0,0,N/A,Method,True,False,N/A,N/A,N/A,,,Pass,N/A,N/A,N/A,N/A,Confirmed,N/A,N/A,N/A,N/A,,,,,,,,642.29,N/A,11887936.84,,
glycine,9.84,Target Compound,20240709_QE2_HILIC_BCSCuAOXq2d_AYW1155_pool033xc,31,Processed,T1,pool033x,Unknown,,B:C9,,,1021709,13674526,9.55,-0.29,C2H5NO2,M+H,N/A,N/A,N/A,N/A,76.0393,76.0392,-.7153 (ppm),0,0,N/A,Method,True,False,N/A,N/A,N/A,,,Pass,N/A,N/A,N/A,N/A,Confirmed,N/A,N/A,N/A,N/A,,,,,,,,253.50,N/A,11887936.84,,
glycine,9.84,Target Compound,20240709_QE2_HILIC_BCSCuAOXq2d_AYW1155_pool033xd,32,Processed,T1,pool033x,Unknown,,B:C9,,,571764,6565942,9.51,-0.33,C2H5NO2,M+H,N/A,N/A,N/A,N/A,76.0393,76.0393,-.6150 (ppm),0,0,N/A,Method,True,False,N/A,N/A,N/A,,,Pass,N/A,N/A,N/A,N/A,Confirmed,N/A,N/A,N/A,N/A,,,,,,,,736.41,N/A,11887936.84,,
glycine,9.84,Target Compound,20240709_QE2_HILIC_BCSCuAOXq2d_AYW1156_pool01xa,33,Processed,T1,pool01x,Unknown,,B:D1,,,268923,4052108,9.53,-0.31,C2H5NO2,M+H,N/A,N/A,N/A,N/A,76.0393,76.0392,-1.2170 (ppm),0,0,N/A,Method,True,False,N/A,N/A,N/A,,,Pass,N/A,N/A,N/A,N/A,Confirmed,N/A,N/A,N/A,N/A,,,,,,,,146.29,N/A,4041921.32,,
glycine,9.84,Target Compound,20240709_QE2_HILIC_BCSCuAOXq2d_AYW1156_pool01xb,34,Processed,T1,pool01x,Unknown,,B:D1,,,387334,4902112,9.54,-0.30,C2H5NO2,M+H,N/A,N/A,N/A,N/A,76.0393,76.0392,-1.1167 (ppm),0,0,N/A,Method,True,False,N/A,N/A,N/A,,,Pass,N/A,N/A,N/A,N/A,Confirmed,N/A,N/A,N/A,N/A,,,,,,,,114.31,N/A,4041921.32,,
glycine,9.84,Target Compound,20240709_QE2_HILIC_BCSCuAOXq2d_AYW1156_pool01xc,35,Processed,T1,pool01x,Unknown,,B:D1,,,323010,4470341,9.54,-0.30,C2H5NO2,M+H,N/A,N/A,N/A,N/A,76.0393,76.0393,-.5147 (ppm),0,0,N/A,Method,True,False,N/A,N/A,N/A,,,Pass,N/A,N/A,N/A,N/A,Confirmed,N/A,N/A,N/A,N/A,,,,,,,,612.77,N/A,4041921.32,,
glycine,9.84,Target Compound,20240709_QE2_HILIC_BCSCuAOXq2d_AYW1156_pool01xd,36,Processed,T1,pool01x,Unknown,,B:D1,,,189047,2743124,9.57,-0.27,C2H5NO2,M+H,N/A,N/A,N/A,N/A,76.0393,76.0393,-.6150 (ppm),0,0,N/A,Method,True,False,N/A,N/A,N/A,,,Pass,N/A,N/A,N/A,N/A,Confirmed,N/A,N/A,N/A,N/A,,,,,,,,103.29,N/A,4041921.32,,
glycine,9.84,Target Compound,20240709_QE2_HILIC_BCSCuAOXq2d_blank1,37,Processed,T1,,Unknown,,B:A1,,,N/F,N/F,N/F,N/F,C2H5NO2,N/A,N/F,N/A,N/F,N/A,76.0393,N/F,N/F,N/F,0,N/A,Method,True,False,N/A,N/A,N/A,,,Fail,N/A,N/A,N/A,N/A,NotFound,N/A,N/A,N/A,N/A,,,,,,,,N/A,N/A,1.00,,
glycine,9.84,Target Compound,20240709_QE2_HILIC_BCSCuAOXq2d_blank1_20240710111342,38,Processed,T1,,Unknown,,B:A1,,,N/F,N/F,N/F,N/F,C2H5NO2,N/A,N/F,N/A,N/F,N/A,76.0393,N/F,N/F,N/F,0,N/A,Method,True,False,N/A,N/A,N/A,,,Fail,N/A,N/A,N/A,N/A,NotFound,N/A,N/A,N/A,N/A,,,,,,,,N/A,N/A,1.00,,
glycine,9.84,Target Compound,20240709_QE2_HILIC_BCSCuAOXq2d_blank1_20240710231833,39,Processed,T1,,Unknown,,B:A1,,,N/F,N/F,N/F,N/F,C2H5NO2,N/A,N/F,N/A,N/F,N/A,76.0393,N/F,N/F,N/F,0,N/A,Method,True,False,N/A,N/A,N/A,,,Fail,N/A,N/A,N/A,N/A,NotFound,N/A,N/A,N/A,N/A,,,,,,,,N/A,N/A,1.00,,
glycine,9.84,Target Compound,20240709_QE2_HILIC_BCSCuAOXq2d_blank2,40,Processed,T1,,Unknown,,B:A1,,,N/F,N/F,N/F,N/F,C2H5NO2,N/A,N/F,N/A,N/F,N/A,76.0393,N/F,N/F,N/F,0,N/A,Method,True,False,N/A,N/A,N/A,,,Fail,N/A,N/A,N/A,N/A,NotFound,N/A,N/A,N/A,N/A,,,,,,,,N/A,N/A,1.00,,
glycine,9.84,Target Compound,20240709_QE2_HILIC_BCSCuAOXq2d_blank2_20240710115054,41,Processed,T1,,Unknown,,B:A1,,,N/F,N/F,N/F,N/F,C2H5NO2,N/A,N/F,N/A,N/F,N/A,76.0393,N/F,N/F,N/F,0,N/A,Method,True,False,N/A,N/A,N/A,,,Fail,N/A,N/A,N/A,N/A,NotFound,N/A,N/A,N/A,N/A,,,,,,,,N/A,N/A,1.00,,
glycine,9.84,Target Compound,20240709_QE2_HILIC_BCSCuAOXq2d_blank2_20240710235116,42,Processed,T1,,Unknown,,B:A1,,,N/F,N/F,N/F,N/F,C2H5NO2,N/A,N/F,N/A,N/F,N/A,76.0393,N/F,N/F,N/F,0,N/A,Method,True,False,N/A,N/A,N/A,,,Fail,N/A,N/A,N/A,N/A,NotFound,N/A,N/A,N/A,N/A,,,,,,,,N/A,N/A,1.00,,
