﻿Compound,RT,Type,Filename,Batch Order,Status,Peak Label,Group,Sample Type,Level,Sample ID,Sample Name,Comments,Height,Area,Actual RT,RT Delta,Formula,Adduct,Calculated Amt,Theoretical Amt,Sample Amt,Std Add Amount,m/z (Expected),m/z (Apex),m/z (Delta),Response Ratio,ISTD Amt,ISTD Response,Integration Mode,Active,Excluded,%Diff,%RSD,% CV,Channel,Final Units,PK,IR,IP,LS,FI,Confirm,Isotopic Pattern Score (%),Num Isotopes Matched,Lib Match Name,Library Score (%),Library Match Rank,SI/Dot Product,RSI/Rev Dot,Modification,Protein Name,Peptide Sequence,Ion Type,S/N,Ion Ratio,Group Average,Relative RT,Flag Details
3-phosphoglycerate,11.6,Target Compound,20240709_QE2_HILIC_BCSCuAOXq2d_AYW1130,1,Processed,T1,1V,Unknown,,B:A2,,,267738,6349984,11.54,-0.06,C3H7O7P,M-H,N/A,N/A,N/A,N/A,184.9857,184.9859,1.3334 (ppm),0,0,N/A,Method,True,False,N/A,N/A,N/A,,,Pass,N/A,N/A,N/A,N/A,Confirmed,N/A,N/A,N/A,N/A,,,,,,,,INF,N/A,4949119.90,,
3-phosphoglycerate,11.6,Target Compound,20240709_QE2_HILIC_BCSCuAOXq2d_AYW1131,2,Processed,T1,1V,Unknown,,B:A3,,,178022,4098085,11.53,-0.07,C3H7O7P,M-H,N/A,N/A,N/A,N/A,184.9857,184.986,1.4159 (ppm),0,0,N/A,Method,True,False,N/A,N/A,N/A,,,Pass,N/A,N/A,N/A,N/A,Confirmed,N/A,N/A,N/A,N/A,,,,,,,,INF,N/A,4949119.90,,
3-phosphoglycerate,11.6,Target Compound,20240709_QE2_HILIC_BCSCuAOXq2d_AYW1132,3,Processed,T1,1V,Unknown,,B:A4,,,164734,4399291,11.51,-0.09,C3H7O7P,M-H,N/A,N/A,N/A,N/A,184.9857,184.986,1.6633 (ppm),0,0,N/A,Method,True,False,N/A,N/A,N/A,,,Pass,N/A,N/A,N/A,N/A,Confirmed,N/A,N/A,N/A,N/A,,,,,,,,INF,N/A,4949119.90,,
3-phosphoglycerate,11.6,Target Compound,20240709_QE2_HILIC_BCSCuAOXq2d_AYW1133,4,Processed,T1,2B,Unknown,,B:A5,,,328385,7809568,11.55,-0.05,C3H7O7P,M-H,N/A,N/A,N/A,N/A,184.9857,184.9859,1.3334 (ppm),0,0,N/A,Method,True,False,N/A,N/A,N/A,,,Pass,N/A,N/A,N/A,N/A,Confirmed,N/A,N/A,N/A,N/A,,,,,,,,INF,N/A,11859792.46,,
3-phosphoglycerate,11.6,Target Compound,20240709_QE2_HILIC_BCSCuAOXq2d_AYW1134,5,Processed,T1,2B,Unknown,,B:A6,,,530044,13342766,11.53,-0.07,C3H7O7P,M-H,N/A,N/A,N/A,N/A,184.9857,184.9858,.7560 (ppm),0,0,N/A,Method,True,False,N/A,N/A,N/A,,,Pass,N/A,N/A,N/A,N/A,Confirmed,N/A,N/A,N/A,N/A,,,,,,,,INF,N/A,11859792.46,,
3-phosphoglycerate,11.6,Target Compound,20240709_QE2_HILIC_BCSCuAOXq2d_AYW1135,6,Processed,T1,2B,Unknown,,B:A7,,,545494,14427043,11.53,-0.07,C3H7O7P,M-H,N/A,N/A,N/A,N/A,184.9857,184.9859,.9209 (ppm),0,0,N/A,Method,True,False,N/A,N/A,N/A,,,Pass,N/A,N/A,N/A,N/A,Confirmed,N/A,N/A,N/A,N/A,,,,,,,,INF,N/A,11859792.46,,
3-phosphoglycerate,11.6,Target Compound,20240709_QE2_HILIC_BCSCuAOXq2d_AYW1136,7,Processed,T1,3C,Unknown,,B:A8,,,427091,11081335,11.54,-0.06,C3H7O7P,M-H,N/A,N/A,N/A,N/A,184.9857,184.9858,.7560 (ppm),0,0,N/A,Method,True,False,N/A,N/A,N/A,,,Pass,N/A,N/A,N/A,N/A,Confirmed,N/A,N/A,N/A,N/A,,,,,,,,INF,N/A,8448920.96,,
3-phosphoglycerate,11.6,Target Compound,20240709_QE2_HILIC_BCSCuAOXq2d_AYW1137,8,Processed,T1,3C,Unknown,,B:A9,,,413331,9573503,11.53,-0.07,C3H7O7P,M-H,N/A,N/A,N/A,N/A,184.9857,184.9859,.8385 (ppm),0,0,N/A,Method,True,False,N/A,N/A,N/A,,,Pass,N/A,N/A,N/A,N/A,Confirmed,N/A,N/A,N/A,N/A,,,,,,,,INF,N/A,8448920.96,,
3-phosphoglycerate,11.6,Target Compound,20240709_QE2_HILIC_BCSCuAOXq2d_AYW1138,9,Processed,T1,3C,Unknown,,B:B1,,,189250,4691925,11.48,-0.12,C3H7O7P,M-H,N/A,N/A,N/A,N/A,184.9857,184.9859,1.2509 (ppm),0,0,N/A,Method,True,False,N/A,N/A,N/A,,,Pass,N/A,N/A,N/A,N/A,Confirmed,N/A,N/A,N/A,N/A,,,,,,,,INF,N/A,8448920.96,,
3-phosphoglycerate,11.6,Target Compound,20240709_QE2_HILIC_BCSCuAOXq2d_AYW1139,10,Processed,T1,4BC,Unknown,,B:B2,,,421133,10174335,11.52,-0.08,C3H7O7P,M-H,N/A,N/A,N/A,N/A,184.9857,184.9858,.5910 (ppm),0,0,N/A,Method,True,False,N/A,N/A,N/A,,,Pass,N/A,N/A,N/A,N/A,Confirmed,N/A,N/A,N/A,N/A,,,,,,,,INF,N/A,10071199.28,N/A,
3-phosphoglycerate,11.6,Target Compound,20240709_QE2_HILIC_BCSCuAOXq2d_AYW1140,11,Processed,T1,4BC,Unknown,,B:B3,,,427128,10650830,11.51,-0.09,C3H7O7P,M-H,N/A,N/A,N/A,N/A,184.9857,184.9859,1.3334 (ppm),0,0,N/A,Method,True,False,N/A,N/A,N/A,,,Pass,N/A,N/A,N/A,N/A,Confirmed,N/A,N/A,N/A,N/A,,,,,,,,INF,N/A,10071199.28,,
3-phosphoglycerate,11.6,Target Compound,20240709_QE2_HILIC_BCSCuAOXq2d_AYW1141,12,Processed,T1,4BC,Unknown,,B:B4,,,355947,9388433,11.55,-0.05,C3H7O7P,M-H,N/A,N/A,N/A,N/A,184.9857,184.9859,.8385 (ppm),0,0,N/A,Method,True,False,N/A,N/A,N/A,,,Pass,N/A,N/A,N/A,N/A,Confirmed,N/A,N/A,N/A,N/A,,,,,,,,INF,N/A,10071199.28,,
3-phosphoglycerate,11.6,Target Compound,20240709_QE2_HILIC_BCSCuAOXq2d_AYW1142,13,Processed,T1,5RV,Unknown,,B:B5,,,404490,9937154,11.55,-0.05,C3H7O7P,M-H,N/A,N/A,N/A,N/A,184.9857,184.9859,1.0034 (ppm),0,0,N/A,Method,True,False,N/A,N/A,N/A,,,Pass,N/A,N/A,N/A,N/A,Confirmed,N/A,N/A,N/A,N/A,,,,,,,,INF,N/A,10386555.67,N/A,
3-phosphoglycerate,11.6,Target Compound,20240709_QE2_HILIC_BCSCuAOXq2d_AYW1143,14,Processed,T1,5RV,Unknown,,B:B6,,,452266,11681161,11.55,-0.05,C3H7O7P,M-H,N/A,N/A,N/A,N/A,184.9857,184.9859,.9209 (ppm),0,0,N/A,Method,True,False,N/A,N/A,N/A,,,Pass,N/A,N/A,N/A,N/A,Confirmed,N/A,N/A,N/A,N/A,,,,,,,,INF,N/A,10386555.67,,
3-phosphoglycerate,11.6,Target Compound,20240709_QE2_HILIC_BCSCuAOXq2d_AYW1144,15,Processed,T1,5RV,Unknown,,B:B7,,,453573,9541352,11.53,-0.07,C3H7O7P,M-H,N/A,N/A,N/A,N/A,184.9857,184.9859,1.3334 (ppm),0,0,N/A,Method,True,False,N/A,N/A,N/A,,,Pass,N/A,N/A,N/A,N/A,Confirmed,N/A,N/A,N/A,N/A,,,,,,,,INF,N/A,10386555.67,,
3-phosphoglycerate,11.6,Target Compound,20240709_QE2_HILIC_BCSCuAOXq2d_AYW1145,16,Processed,T1,6RB,Unknown,,B:B8,,,465465,11449006,11.51,-0.09,C3H7O7P,M-H,N/A,N/A,N/A,N/A,184.9857,184.9859,1.0034 (ppm),0,0,N/A,Method,True,False,N/A,N/A,N/A,,,Pass,N/A,N/A,N/A,N/A,Confirmed,N/A,N/A,N/A,N/A,,,,,,,,INF,N/A,8570973.71,,
3-phosphoglycerate,11.6,Target Compound,20240709_QE2_HILIC_BCSCuAOXq2d_AYW1146,17,Processed,T1,6RB,Unknown,,B:B9,,,341983,7464181,11.53,-0.07,C3H7O7P,M-H,N/A,N/A,N/A,N/A,184.9857,184.9859,1.3334 (ppm),0,0,N/A,Method,True,False,N/A,N/A,N/A,,,Pass,N/A,N/A,N/A,N/A,Confirmed,N/A,N/A,N/A,N/A,,,,,,,,INF,N/A,8570973.71,,
3-phosphoglycerate,11.6,Target Compound,20240709_QE2_HILIC_BCSCuAOXq2d_AYW1147,18,Processed,T1,6RB,Unknown,,B:C1,,,294066,6799734,11.53,-0.07,C3H7O7P,M-H,N/A,N/A,N/A,N/A,184.9857,184.9859,1.3334 (ppm),0,0,N/A,Method,True,False,N/A,N/A,N/A,,,Pass,N/A,N/A,N/A,N/A,Confirmed,N/A,N/A,N/A,N/A,,,,,,,,INF,N/A,8570973.71,,
3-phosphoglycerate,11.6,Target Compound,20240709_QE2_HILIC_BCSCuAOXq2d_AYW1148,19,Processed,T1,7RV,Unknown,,B:C2,,,480733,10068922,11.56,-0.04,C3H7O7P,M-H,N/A,N/A,N/A,N/A,184.9857,184.9859,1.3334 (ppm),0,0,N/A,Method,True,False,N/A,N/A,N/A,,,Pass,N/A,N/A,N/A,N/A,Confirmed,N/A,N/A,N/A,N/A,,,,,,,,INF,N/A,9462457.50,,
3-phosphoglycerate,11.6,Target Compound,20240709_QE2_HILIC_BCSCuAOXq2d_AYW1149,20,Processed,T1,7RV,Unknown,,B:C3,,,439105,10684908,11.56,-0.04,C3H7O7P,M-H,N/A,N/A,N/A,N/A,184.9857,184.9858,.5910 (ppm),0,0,N/A,Method,True,False,N/A,N/A,N/A,,,Pass,N/A,N/A,N/A,N/A,Confirmed,N/A,N/A,N/A,N/A,,,,,,,,INF,N/A,9462457.50,,
3-phosphoglycerate,11.6,Target Compound,20240709_QE2_HILIC_BCSCuAOXq2d_AYW1150,21,Processed,T1,7RV,Unknown,,B:C4,,,294990,7633542,11.53,-0.07,C3H7O7P,M-H,N/A,N/A,N/A,N/A,184.9857,184.9859,.9209 (ppm),0,0,N/A,Method,True,False,N/A,N/A,N/A,,,Pass,N/A,N/A,N/A,N/A,Confirmed,N/A,N/A,N/A,N/A,,,,,,,,INF,N/A,9462457.50,,
3-phosphoglycerate,11.6,Target Compound,20240709_QE2_HILIC_BCSCuAOXq2d_AYW1151,22,Processed,T1,8RB,Unknown,,B:C5,,,701906,15406741,11.54,-0.06,C3H7O7P,M-H,N/A,N/A,N/A,N/A,184.9857,184.9859,1.1684 (ppm),0,0,N/A,Method,True,False,N/A,N/A,N/A,,,Pass,N/A,N/A,N/A,N/A,Confirmed,N/A,N/A,N/A,N/A,,,,,,,,INF,N/A,14732103.75,,
3-phosphoglycerate,11.6,Target Compound,20240709_QE2_HILIC_BCSCuAOXq2d_AYW1152,23,Processed,T1,8RB,Unknown,,B:C6,,,483458,11064440,11.52,-0.08,C3H7O7P,M-H,N/A,N/A,N/A,N/A,184.9857,184.986,1.4159 (ppm),0,0,N/A,Method,True,False,N/A,N/A,N/A,,,Pass,N/A,N/A,N/A,N/A,Confirmed,N/A,N/A,N/A,N/A,,,,,,,,INF,N/A,14732103.75,,
3-phosphoglycerate,11.6,Target Compound,20240709_QE2_HILIC_BCSCuAOXq2d_AYW1153,24,Processed,T1,8RB,Unknown,,B:C7,,,695264,17725130,11.53,-0.07,C3H7O7P,M-H,N/A,N/A,N/A,N/A,184.9857,184.9859,.9209 (ppm),0,0,N/A,Method,True,False,N/A,N/A,N/A,,,Pass,N/A,N/A,N/A,N/A,Confirmed,N/A,N/A,N/A,N/A,,,,,,,,INF,N/A,14732103.75,,
3-phosphoglycerate,11.6,Target Compound,20240709_QE2_HILIC_BCSCuAOXq2d_AYW1154_pool1xa,25,Processed,T1,pool1x,Unknown,,B:C8,,,432600,10698571,11.54,-0.06,C3H7O7P,M-H,N/A,N/A,N/A,N/A,184.9857,184.986,1.4159 (ppm),0,0,N/A,Method,True,False,N/A,N/A,N/A,,,Pass,N/A,N/A,N/A,N/A,Confirmed,N/A,N/A,N/A,N/A,,,,,,,,INF,N/A,10241001.39,,
3-phosphoglycerate,11.6,Target Compound,20240709_QE2_HILIC_BCSCuAOXq2d_AYW1154_pool1xb,26,Processed,T1,pool1x,Unknown,,B:C8,,,459139,11620607,11.51,-0.09,C3H7O7P,M-H,N/A,N/A,N/A,N/A,184.9857,184.9857,.2611 (ppm),0,0,N/A,Method,True,False,N/A,N/A,N/A,,,Pass,N/A,N/A,N/A,N/A,Confirmed,N/A,N/A,N/A,N/A,,,,,,,,INF,N/A,10241001.39,,
3-phosphoglycerate,11.6,Target Compound,20240709_QE2_HILIC_BCSCuAOXq2d_AYW1154_pool1xc,27,Processed,T1,pool1x,Unknown,,B:C8,,,389563,9696128,11.53,-0.07,C3H7O7P,M-H,N/A,N/A,N/A,N/A,184.9857,184.9859,1.0034 (ppm),0,0,N/A,Method,True,False,N/A,N/A,N/A,,,Pass,N/A,N/A,N/A,N/A,Confirmed,N/A,N/A,N/A,N/A,,,,,,,,INF,N/A,10241001.39,,
3-phosphoglycerate,11.6,Target Compound,20240709_QE2_HILIC_BCSCuAOXq2d_AYW1154_pool1xd,28,Processed,T1,pool1x,Unknown,,B:C8,,,380033,8948699,11.54,-0.06,C3H7O7P,M-H,N/A,N/A,N/A,N/A,184.9857,184.9859,1.1684 (ppm),0,0,N/A,Method,True,False,N/A,N/A,N/A,,,Pass,N/A,N/A,N/A,N/A,Confirmed,N/A,N/A,N/A,N/A,,,,,,,,INF,N/A,10241001.39,,
3-phosphoglycerate,11.6,Target Compound,20240709_QE2_HILIC_BCSCuAOXq2d_AYW1155_pool033xa,29,Processed,T1,pool033x,Unknown,,B:C9,,,82930,2247568,11.52,-0.08,C3H7O7P,M-H,N/A,N/A,N/A,N/A,184.9857,184.9857,.1786 (ppm),0,0,N/A,Method,True,False,N/A,N/A,N/A,,,Pass,N/A,N/A,N/A,N/A,Confirmed,N/A,N/A,N/A,N/A,,,,,,,,INF,N/A,2028367.90,,
3-phosphoglycerate,11.6,Target Compound,20240709_QE2_HILIC_BCSCuAOXq2d_AYW1155_pool033xb,30,Processed,T1,pool033x,Unknown,,B:C9,,,89472,2448097,11.55,-0.05,C3H7O7P,M-H,N/A,N/A,N/A,N/A,184.9857,184.986,1.7458 (ppm),0,0,N/A,Method,True,False,N/A,N/A,N/A,,,Pass,N/A,N/A,N/A,N/A,Confirmed,N/A,N/A,N/A,N/A,,,,,,,,INF,N/A,2028367.90,,
3-phosphoglycerate,11.6,Target Compound,20240709_QE2_HILIC_BCSCuAOXq2d_AYW1155_pool033xc,31,Processed,T1,pool033x,Unknown,,B:C9,,,70711,1681364,11.55,-0.05,C3H7O7P,M-H,N/A,N/A,N/A,N/A,184.9857,184.986,1.6633 (ppm),0,0,N/A,Method,True,False,N/A,N/A,N/A,,,Pass,N/A,N/A,N/A,N/A,Confirmed,N/A,N/A,N/A,N/A,,,,,,,,INF,N/A,2028367.90,,
3-phosphoglycerate,11.6,Target Compound,20240709_QE2_HILIC_BCSCuAOXq2d_AYW1155_pool033xd,32,Processed,T1,pool033x,Unknown,,B:C9,,,71402,1736443,11.54,-0.06,C3H7O7P,M-H,N/A,N/A,N/A,N/A,184.9857,184.9862,2.6532 (ppm),0,0,N/A,Method,True,False,N/A,N/A,N/A,,,Pass,N/A,N/A,N/A,N/A,Confirmed,N/A,N/A,N/A,N/A,,,,,,,,INF,N/A,2028367.90,,
3-phosphoglycerate,11.6,Target Compound,20240709_QE2_HILIC_BCSCuAOXq2d_AYW1156_pool01xa,33,Processed,T1,pool01x,Unknown,,B:D1,,,16730,317824,11.69,0.09,C3H7O7P,M-H,N/A,N/A,N/A,N/A,184.9857,184.9859,1.0859 (ppm),0,0,N/A,Method,True,False,N/A,N/A,N/A,,,Pass,N/A,N/A,N/A,N/A,Confirmed,N/A,N/A,N/A,N/A,,,,,,,,INF,N/A,197052.41,,
3-phosphoglycerate,11.6,Target Compound,20240709_QE2_HILIC_BCSCuAOXq2d_AYW1156_pool01xb,34,Processed,T1,pool01x,Unknown,,B:D1,,,19686,214221,11.5,-0.10,C3H7O7P,M-H,N/A,N/A,N/A,N/A,184.9857,184.9862,2.9006 (ppm),0,0,N/A,Method,True,False,N/A,N/A,N/A,,,Pass,N/A,N/A,N/A,N/A,Confirmed,N/A,N/A,N/A,N/A,,,,,,,,INF,N/A,197052.41,,
3-phosphoglycerate,11.6,Target Compound,20240709_QE2_HILIC_BCSCuAOXq2d_AYW1156_pool01xc,35,Processed,T1,pool01x,Unknown,,B:D1,,,14235,188655,11.63,0.03,C3H7O7P,M-H,N/A,N/A,N/A,N/A,184.9857,184.986,1.4983 (ppm),0,0,N/A,Method,True,False,N/A,N/A,N/A,,,Pass,N/A,N/A,N/A,N/A,Confirmed,N/A,N/A,N/A,N/A,,,,,,,,INF,N/A,197052.41,,
3-phosphoglycerate,11.6,Target Compound,20240709_QE2_HILIC_BCSCuAOXq2d_AYW1156_pool01xd,36,Processed,T1,pool01x,Unknown,,B:D1,,,13571,67509,11.58,-0.02,C3H7O7P,M-H,N/A,N/A,N/A,N/A,184.9857,184.9856,-.4813 (ppm),0,0,N/A,Method,True,False,N/A,N/A,N/A,,,Pass,N/A,N/A,N/A,N/A,Confirmed,N/A,N/A,N/A,N/A,,,,,,,,INF,N/A,197052.41,,
3-phosphoglycerate,11.6,Target Compound,20240709_QE2_HILIC_BCSCuAOXq2d_blank1,37,Processed,T1,,Unknown,,B:A1,,,N/F,N/F,N/F,N/F,C3H7O7P,N/A,N/F,N/A,N/F,N/A,184.9857,N/F,N/F,N/F,0,N/A,Method,True,False,N/A,N/A,N/A,,,Fail,N/A,N/A,N/A,N/A,NotFound,N/A,N/A,N/A,N/A,,,,,,,,N/A,N/A,1.00,,
3-phosphoglycerate,11.6,Target Compound,20240709_QE2_HILIC_BCSCuAOXq2d_blank1_20240710111342,38,Processed,T1,,Unknown,,B:A1,,,N/F,N/F,N/F,N/F,C3H7O7P,N/A,N/F,N/A,N/F,N/A,184.9857,N/F,N/F,N/F,0,N/A,Method,True,False,N/A,N/A,N/A,,,Fail,N/A,N/A,N/A,N/A,NotFound,N/A,N/A,N/A,N/A,,,,,,,,N/A,N/A,1.00,,
3-phosphoglycerate,11.6,Target Compound,20240709_QE2_HILIC_BCSCuAOXq2d_blank1_20240710231833,39,Processed,T1,,Unknown,,B:A1,,,N/F,N/F,N/F,N/F,C3H7O7P,N/A,N/F,N/A,N/F,N/A,184.9857,N/F,N/F,N/F,0,N/A,Method,True,False,N/A,N/A,N/A,,,Fail,N/A,N/A,N/A,N/A,NotFound,N/A,N/A,N/A,N/A,,,,,,,,N/A,N/A,1.00,,
3-phosphoglycerate,11.6,Target Compound,20240709_QE2_HILIC_BCSCuAOXq2d_blank2,40,Processed,T1,,Unknown,,B:A1,,,N/F,N/F,N/F,N/F,C3H7O7P,N/A,N/F,N/A,N/F,N/A,184.9857,N/F,N/F,N/F,0,N/A,Method,True,False,N/A,N/A,N/A,,,Fail,N/A,N/A,N/A,N/A,NotFound,N/A,N/A,N/A,N/A,,,,,,,,N/A,N/A,1.00,,
3-phosphoglycerate,11.6,Target Compound,20240709_QE2_HILIC_BCSCuAOXq2d_blank2_20240710115054,41,Processed,T1,,Unknown,,B:A1,,,N/F,N/F,N/F,N/F,C3H7O7P,N/A,N/F,N/A,N/F,N/A,184.9857,N/F,N/F,N/F,0,N/A,Method,True,False,N/A,N/A,N/A,,,Fail,N/A,N/A,N/A,N/A,NotFound,N/A,N/A,N/A,N/A,,,,,,,,N/A,N/A,1.00,,
3-phosphoglycerate,11.6,Target Compound,20240709_QE2_HILIC_BCSCuAOXq2d_blank2_20240710235116,42,Processed,T1,,Unknown,,B:A1,,,N/F,N/F,N/F,N/F,C3H7O7P,N/A,N/F,N/A,N/F,N/A,184.9857,N/F,N/F,N/F,0,N/A,Method,True,False,N/A,N/A,N/A,,,Fail,N/A,N/A,N/A,N/A,NotFound,N/A,N/A,N/A,N/A,,,,,,,,N/A,N/A,1.00,,
