﻿Compound,RT,Type,Filename,Batch Order,Status,Peak Label,Group,Sample Type,Level,Sample ID,Sample Name,Comments,Height,Area,Actual RT,RT Delta,Formula,Adduct,Calculated Amt,Theoretical Amt,Sample Amt,Std Add Amount,m/z (Expected),m/z (Apex),m/z (Delta),Response Ratio,ISTD Amt,ISTD Response,Integration Mode,Active,Excluded,%Diff,%RSD,% CV,Channel,Final Units,PK,IR,IP,LS,FI,Confirm,Isotopic Pattern Score (%),Num Isotopes Matched,Lib Match Name,Library Score (%),Library Match Rank,SI/Dot Product,RSI/Rev Dot,Modification,Protein Name,Peptide Sequence,Ion Type,S/N,Ion Ratio,Group Average,Relative RT,Flag Details
isoleucine,6.18,Target Compound,20240709_QE2_HILIC_BCSCuAOXq2d_AYW1130,1,Processed,T1,1V,Unknown,,B:A2,,,38110467,692953566,6.08,-0.10,C6H13NO2,M+H,N/A,N/A,N/A,N/A,132.1019,132.102,.6794 (ppm),0,0,N/A,Method,True,False,N/A,N/A,N/A,,,Pass,N/A,N/A,N/A,N/A,Confirmed,N/A,N/A,N/A,N/A,,,,,,,,3340.94,N/A,735968883.57,,
isoleucine,6.18,Target Compound,20240709_QE2_HILIC_BCSCuAOXq2d_AYW1131,2,Processed,T1,1V,Unknown,,B:A3,,,39565742,791531312,6.06,-0.12,C6H13NO2,M+H,N/A,N/A,N/A,N/A,132.1019,132.102,.6794 (ppm),0,0,N/A,Method,True,False,N/A,N/A,N/A,,,Pass,N/A,N/A,N/A,N/A,Confirmed,N/A,N/A,N/A,N/A,,,,,,,,2517.83,N/A,735968883.57,,
isoleucine,6.18,Target Compound,20240709_QE2_HILIC_BCSCuAOXq2d_AYW1132,3,Processed,T1,1V,Unknown,,B:A4,,,35610768,723421773,6.04,-0.14,C6H13NO2,M+H,N/A,N/A,N/A,N/A,132.1019,132.102,.5639 (ppm),0,0,N/A,Method,True,False,N/A,N/A,N/A,,,Pass,N/A,N/A,N/A,N/A,Confirmed,N/A,N/A,N/A,N/A,,,,,,,,2784.09,N/A,735968883.57,,
isoleucine,6.18,Target Compound,20240709_QE2_HILIC_BCSCuAOXq2d_AYW1133,4,Processed,T1,2B,Unknown,,B:A5,,,45132863,855444139,6.06,-0.12,C6H13NO2,M+H,N/A,N/A,N/A,N/A,132.1019,132.102,.5639 (ppm),0,0,N/A,Method,True,False,N/A,N/A,N/A,,,Pass,N/A,N/A,N/A,N/A,Confirmed,N/A,N/A,N/A,N/A,,,,,,,,3785.88,N/A,1052085321.99,,
isoleucine,6.18,Target Compound,20240709_QE2_HILIC_BCSCuAOXq2d_AYW1134,5,Processed,T1,2B,Unknown,,B:A6,,,68177446,1257939907,6.06,-0.12,C6H13NO2,M+H,N/A,N/A,N/A,N/A,132.1019,132.1019,-.1292 (ppm),0,0,N/A,Method,True,False,N/A,N/A,N/A,,,Pass,N/A,N/A,N/A,N/A,Confirmed,N/A,N/A,N/A,N/A,,,,,,,,3084.77,N/A,1052085321.99,,
isoleucine,6.18,Target Compound,20240709_QE2_HILIC_BCSCuAOXq2d_AYW1135,6,Processed,T1,2B,Unknown,,B:A7,,,57873349,1042871920,6.06,-0.12,C6H13NO2,M+H,N/A,N/A,N/A,N/A,132.1019,132.1019,.3328 (ppm),0,0,N/A,Method,True,False,N/A,N/A,N/A,,,Pass,N/A,N/A,N/A,N/A,Confirmed,N/A,N/A,N/A,N/A,,,,,,,,3779.38,N/A,1052085321.99,,
isoleucine,6.18,Target Compound,20240709_QE2_HILIC_BCSCuAOXq2d_AYW1136,7,Processed,T1,3C,Unknown,,B:A8,,,59483243,999437241,6.07,-0.11,C6H13NO2,M+H,N/A,N/A,N/A,N/A,132.1019,132.1019,.3328 (ppm),0,0,N/A,Method,True,False,N/A,N/A,N/A,,,Pass,N/A,N/A,N/A,N/A,Confirmed,N/A,N/A,N/A,N/A,,,,,,,,4905.35,N/A,824719490.56,,
isoleucine,6.18,Target Compound,20240709_QE2_HILIC_BCSCuAOXq2d_AYW1137,8,Processed,T1,3C,Unknown,,B:A9,,,54560810,973541211,6.08,-0.10,C6H13NO2,M+H,N/A,N/A,N/A,N/A,132.1019,132.1019,.2173 (ppm),0,0,N/A,Method,True,False,N/A,N/A,N/A,,,Pass,N/A,N/A,N/A,N/A,Confirmed,N/A,N/A,N/A,N/A,,,,,,,,2382.93,N/A,824719490.56,,
isoleucine,6.18,Target Compound,20240709_QE2_HILIC_BCSCuAOXq2d_AYW1138,9,Processed,T1,3C,Unknown,,B:B1,,,26503274,501180020,6.05,-0.13,C6H13NO2,M+H,N/A,N/A,N/A,N/A,132.1019,132.1019,-.0137 (ppm),0,0,N/A,Method,True,False,N/A,N/A,N/A,,,Pass,N/A,N/A,N/A,N/A,Confirmed,N/A,N/A,N/A,N/A,,,,,,,,3619.22,N/A,824719490.56,,
isoleucine,6.18,Target Compound,20240709_QE2_HILIC_BCSCuAOXq2d_AYW1139,10,Processed,T1,4BC,Unknown,,B:B2,,,43152262,798600189,6.08,-0.10,C6H13NO2,M+H,N/A,N/A,N/A,N/A,132.1019,132.102,.5639 (ppm),0,0,N/A,Method,True,False,N/A,N/A,N/A,,,Pass,N/A,N/A,N/A,N/A,Confirmed,N/A,N/A,N/A,N/A,,,,,,,,3852.68,N/A,855500552.93,N/A,
isoleucine,6.18,Target Compound,20240709_QE2_HILIC_BCSCuAOXq2d_AYW1140,11,Processed,T1,4BC,Unknown,,B:B3,,,42705565,779783091,6.07,-0.11,C6H13NO2,M+H,N/A,N/A,N/A,N/A,132.1019,132.1019,-.1292 (ppm),0,0,N/A,Method,True,False,N/A,N/A,N/A,,,Pass,N/A,N/A,N/A,N/A,Confirmed,N/A,N/A,N/A,N/A,,,,,,,,5201.97,N/A,855500552.93,,
isoleucine,6.18,Target Compound,20240709_QE2_HILIC_BCSCuAOXq2d_AYW1141,12,Processed,T1,4BC,Unknown,,B:B4,,,52842685,988118379,6.11,-0.07,C6H13NO2,M+H,N/A,N/A,N/A,N/A,132.1019,132.102,.4484 (ppm),0,0,N/A,Method,True,False,N/A,N/A,N/A,,,Pass,N/A,N/A,N/A,N/A,Confirmed,N/A,N/A,N/A,N/A,,,,,,,,3852.20,N/A,855500552.93,,
isoleucine,6.18,Target Compound,20240709_QE2_HILIC_BCSCuAOXq2d_AYW1142,13,Processed,T1,5RV,Unknown,,B:B5,,,51838306,898507142,6.07,-0.11,C6H13NO2,M+H,N/A,N/A,N/A,N/A,132.1019,132.102,.6794 (ppm),0,0,N/A,Method,True,False,N/A,N/A,N/A,,,Pass,N/A,N/A,N/A,N/A,Confirmed,N/A,N/A,N/A,N/A,,,,,,,,6131.21,N/A,887419399.21,N/A,
isoleucine,6.18,Target Compound,20240709_QE2_HILIC_BCSCuAOXq2d_AYW1143,14,Processed,T1,5RV,Unknown,,B:B6,,,54425050,943184028,6.09,-0.09,C6H13NO2,M+H,N/A,N/A,N/A,N/A,132.1019,132.102,.5639 (ppm),0,0,N/A,Method,True,False,N/A,N/A,N/A,,,Pass,N/A,N/A,N/A,N/A,Confirmed,N/A,N/A,N/A,N/A,,,,,,,,3089.68,N/A,887419399.21,,
isoleucine,6.18,Target Compound,20240709_QE2_HILIC_BCSCuAOXq2d_AYW1144,15,Processed,T1,5RV,Unknown,,B:B7,,,40817065,820567028,6.07,-0.11,C6H13NO2,M+H,N/A,N/A,N/A,N/A,132.1019,132.1019,.3328 (ppm),0,0,N/A,Method,True,False,N/A,N/A,N/A,,,Pass,N/A,N/A,N/A,N/A,Confirmed,N/A,N/A,N/A,N/A,,,,,,,,3602.80,N/A,887419399.21,,
isoleucine,6.18,Target Compound,20240709_QE2_HILIC_BCSCuAOXq2d_AYW1145,16,Processed,T1,6RB,Unknown,,B:B8,,,49019307,915854469,6.09,-0.09,C6H13NO2,M+H,N/A,N/A,N/A,N/A,132.1019,132.1019,.3328 (ppm),0,0,N/A,Method,True,False,N/A,N/A,N/A,,,Pass,N/A,N/A,N/A,N/A,Confirmed,N/A,N/A,N/A,N/A,,,,,,,,3191.85,N/A,812131347.30,,
isoleucine,6.18,Target Compound,20240709_QE2_HILIC_BCSCuAOXq2d_AYW1146,17,Processed,T1,6RB,Unknown,,B:B9,,,32622304,633849493,6.08,-0.10,C6H13NO2,M+H,N/A,N/A,N/A,N/A,132.1019,132.102,.4484 (ppm),0,0,N/A,Method,True,False,N/A,N/A,N/A,,,Pass,N/A,N/A,N/A,N/A,Confirmed,N/A,N/A,N/A,N/A,,,,,,,,2400.28,N/A,812131347.30,,
isoleucine,6.18,Target Compound,20240709_QE2_HILIC_BCSCuAOXq2d_AYW1147,18,Processed,T1,6RB,Unknown,,B:C1,,,39110725,886690080,6.06,-0.12,C6H13NO2,M+H,N/A,N/A,N/A,N/A,132.1019,132.1019,-.0137 (ppm),0,0,N/A,Method,True,False,N/A,N/A,N/A,,,Pass,N/A,N/A,N/A,N/A,Confirmed,N/A,N/A,N/A,N/A,,,,,,,,2732.79,N/A,812131347.30,,
isoleucine,6.18,Target Compound,20240709_QE2_HILIC_BCSCuAOXq2d_AYW1148,19,Processed,T1,7RV,Unknown,,B:C2,,,34792328,598098048,6.04,-0.14,C6H13NO2,M+H,N/A,N/A,N/A,N/A,132.1019,132.1019,.1018 (ppm),0,0,N/A,Method,True,False,N/A,N/A,N/A,,,Pass,N/A,N/A,N/A,N/A,Confirmed,N/A,N/A,N/A,N/A,,,,,,,,1210.97,N/A,906864564.01,,
isoleucine,6.18,Target Compound,20240709_QE2_HILIC_BCSCuAOXq2d_AYW1149,20,Processed,T1,7RV,Unknown,,B:C3,,,50295461,890296714,6.09,-0.09,C6H13NO2,M+H,N/A,N/A,N/A,N/A,132.1019,132.1019,.1018 (ppm),0,0,N/A,Method,True,False,N/A,N/A,N/A,,,Pass,N/A,N/A,N/A,N/A,Confirmed,N/A,N/A,N/A,N/A,,,,,,,,3758.47,N/A,906864564.01,,
isoleucine,6.18,Target Compound,20240709_QE2_HILIC_BCSCuAOXq2d_AYW1150,21,Processed,T1,7RV,Unknown,,B:C4,,,56480628,1232198930,6.04,-0.14,C6H13NO2,M+H,N/A,N/A,N/A,N/A,132.1019,132.1019,.1018 (ppm),0,0,N/A,Method,True,False,N/A,N/A,N/A,,,Pass,N/A,N/A,N/A,N/A,Confirmed,N/A,N/A,N/A,N/A,,,,,,,,3672.52,N/A,906864564.01,,
isoleucine,6.18,Target Compound,20240709_QE2_HILIC_BCSCuAOXq2d_AYW1151,22,Processed,T1,8RB,Unknown,,B:C5,,,64807017,1249319436,6.05,-0.13,C6H13NO2,M+H,N/A,N/A,N/A,N/A,132.1019,132.102,.4484 (ppm),0,0,N/A,Method,True,False,N/A,N/A,N/A,,,Pass,N/A,N/A,N/A,N/A,Confirmed,N/A,N/A,N/A,N/A,,,,,,,,7716.71,N/A,1031062314.78,,
isoleucine,6.18,Target Compound,20240709_QE2_HILIC_BCSCuAOXq2d_AYW1152,23,Processed,T1,8RB,Unknown,,B:C6,,,32912119,685211754,6.07,-0.11,C6H13NO2,M+H,N/A,N/A,N/A,N/A,132.1019,132.102,.4484 (ppm),0,0,N/A,Method,True,False,N/A,N/A,N/A,,,Pass,N/A,N/A,N/A,N/A,Confirmed,N/A,N/A,N/A,N/A,,,,,,,,1921.32,N/A,1031062314.78,,
isoleucine,6.18,Target Compound,20240709_QE2_HILIC_BCSCuAOXq2d_AYW1153,24,Processed,T1,8RB,Unknown,,B:C7,,,61447985,1158655754,6.06,-0.12,C6H13NO2,M+H,N/A,N/A,N/A,N/A,132.1019,132.1019,.1018 (ppm),0,0,N/A,Method,True,False,N/A,N/A,N/A,,,Pass,N/A,N/A,N/A,N/A,Confirmed,N/A,N/A,N/A,N/A,,,,,,,,3671.74,N/A,1031062314.78,,
isoleucine,6.18,Target Compound,20240709_QE2_HILIC_BCSCuAOXq2d_AYW1154_pool1xa,25,Processed,T1,pool1x,Unknown,,B:C8,,,55524884,980979045,6.04,-0.14,C6H13NO2,M+H,N/A,N/A,N/A,N/A,132.1019,132.1019,.3328 (ppm),0,0,N/A,Method,True,False,N/A,N/A,N/A,,,Pass,N/A,N/A,N/A,N/A,Confirmed,N/A,N/A,N/A,N/A,,,,,,,,2906.17,N/A,886516882.77,,
isoleucine,6.18,Target Compound,20240709_QE2_HILIC_BCSCuAOXq2d_AYW1154_pool1xb,26,Processed,T1,pool1x,Unknown,,B:C8,,,55470279,984775047,6.1,-0.08,C6H13NO2,M+H,N/A,N/A,N/A,N/A,132.1019,132.1018,-.4757 (ppm),0,0,N/A,Method,True,False,N/A,N/A,N/A,,,Pass,N/A,N/A,N/A,N/A,Confirmed,N/A,N/A,N/A,N/A,,,,,,,,3450.98,N/A,886516882.77,,
isoleucine,6.18,Target Compound,20240709_QE2_HILIC_BCSCuAOXq2d_AYW1154_pool1xc,27,Processed,T1,pool1x,Unknown,,B:C8,,,49114835,915853637,6.11,-0.07,C6H13NO2,M+H,N/A,N/A,N/A,N/A,132.1019,132.102,.5639 (ppm),0,0,N/A,Method,True,False,N/A,N/A,N/A,,,Pass,N/A,N/A,N/A,N/A,Confirmed,N/A,N/A,N/A,N/A,,,,,,,,3936.90,N/A,886516882.77,,
isoleucine,6.18,Target Compound,20240709_QE2_HILIC_BCSCuAOXq2d_AYW1154_pool1xd,28,Processed,T1,pool1x,Unknown,,B:C8,,,35440122,664459801,6.09,-0.09,C6H13NO2,M+H,N/A,N/A,N/A,N/A,132.1019,132.1019,.1018 (ppm),0,0,N/A,Method,True,False,N/A,N/A,N/A,,,Pass,N/A,N/A,N/A,N/A,Confirmed,N/A,N/A,N/A,N/A,,,,,,,,1811.27,N/A,886516882.77,,
isoleucine,6.18,Target Compound,20240709_QE2_HILIC_BCSCuAOXq2d_AYW1155_pool033xa,29,Processed,T1,pool033x,Unknown,,B:C9,,,15950379,308208417,6.03,-0.15,C6H13NO2,M+H,N/A,N/A,N/A,N/A,132.1019,132.102,.4484 (ppm),0,0,N/A,Method,True,False,N/A,N/A,N/A,,,Pass,N/A,N/A,N/A,N/A,Confirmed,N/A,N/A,N/A,N/A,,,,,,,,1183.52,N/A,278024703.75,,
isoleucine,6.18,Target Compound,20240709_QE2_HILIC_BCSCuAOXq2d_AYW1155_pool033xb,30,Processed,T1,pool033x,Unknown,,B:C9,,,15522972,302196850,6.03,-0.15,C6H13NO2,M+H,N/A,N/A,N/A,N/A,132.1019,132.1019,-.1292 (ppm),0,0,N/A,Method,True,False,N/A,N/A,N/A,,,Pass,N/A,N/A,N/A,N/A,Confirmed,N/A,N/A,N/A,N/A,,,,,,,,1259.31,N/A,278024703.75,,
isoleucine,6.18,Target Compound,20240709_QE2_HILIC_BCSCuAOXq2d_AYW1155_pool033xc,31,Processed,T1,pool033x,Unknown,,B:C9,,,13491777,288731207,6.05,-0.13,C6H13NO2,M+H,N/A,N/A,N/A,N/A,132.1019,132.1021,1.1414 (ppm),0,0,N/A,Method,True,False,N/A,N/A,N/A,,,Pass,N/A,N/A,N/A,N/A,Confirmed,N/A,N/A,N/A,N/A,,,,,,,,1281.34,N/A,278024703.75,,
isoleucine,6.18,Target Compound,20240709_QE2_HILIC_BCSCuAOXq2d_AYW1155_pool033xd,32,Processed,T1,pool033x,Unknown,,B:C9,,,10821617,212962341,6,-0.18,C6H13NO2,M+H,N/A,N/A,N/A,N/A,132.1019,132.102,.6794 (ppm),0,0,N/A,Method,True,False,N/A,N/A,N/A,,,Pass,N/A,N/A,N/A,N/A,Confirmed,N/A,N/A,N/A,N/A,,,,,,,,614.89,N/A,278024703.75,,
isoleucine,6.18,Target Compound,20240709_QE2_HILIC_BCSCuAOXq2d_AYW1156_pool01xa,33,Processed,T1,pool01x,Unknown,,B:D1,,,7072107,100665401,6.06,-0.12,C6H13NO2,M+H,N/A,N/A,N/A,N/A,132.1019,132.102,.9104 (ppm),0,0,N/A,Method,True,False,N/A,N/A,N/A,,,Pass,N/A,N/A,N/A,N/A,Confirmed,N/A,N/A,N/A,N/A,,,,,,,,1052.24,N/A,92672782.27,,
isoleucine,6.18,Target Compound,20240709_QE2_HILIC_BCSCuAOXq2d_AYW1156_pool01xb,34,Processed,T1,pool01x,Unknown,,B:D1,,,7704437,107470559,6.08,-0.10,C6H13NO2,M+H,N/A,N/A,N/A,N/A,132.1019,132.1019,-.0137 (ppm),0,0,N/A,Method,True,False,N/A,N/A,N/A,,,Pass,N/A,N/A,N/A,N/A,Confirmed,N/A,N/A,N/A,N/A,,,,,,,,563.13,N/A,92672782.27,,
isoleucine,6.18,Target Compound,20240709_QE2_HILIC_BCSCuAOXq2d_AYW1156_pool01xc,35,Processed,T1,pool01x,Unknown,,B:D1,,,6864136,90541583,6.06,-0.12,C6H13NO2,M+H,N/A,N/A,N/A,N/A,132.1019,132.102,.9104 (ppm),0,0,N/A,Method,True,False,N/A,N/A,N/A,,,Pass,N/A,N/A,N/A,N/A,Confirmed,N/A,N/A,N/A,N/A,,,,,,,,934.24,N/A,92672782.27,,
isoleucine,6.18,Target Compound,20240709_QE2_HILIC_BCSCuAOXq2d_AYW1156_pool01xd,36,Processed,T1,pool01x,Unknown,,B:D1,,,4860415,72013586,6.04,-0.14,C6H13NO2,M+H,N/A,N/A,N/A,N/A,132.1019,132.102,.4484 (ppm),0,0,N/A,Method,True,False,N/A,N/A,N/A,,,Pass,N/A,N/A,N/A,N/A,Confirmed,N/A,N/A,N/A,N/A,,,,,,,,515.02,N/A,92672782.27,,
isoleucine,6.18,Target Compound,20240709_QE2_HILIC_BCSCuAOXq2d_blank1,37,Processed,T1,,Unknown,,B:A1,,,N/F,N/F,N/F,N/F,C6H13NO2,N/A,N/F,N/A,N/F,N/A,132.1019,N/F,N/F,N/F,0,N/A,Method,True,False,N/A,N/A,N/A,,,Fail,N/A,N/A,N/A,N/A,NotFound,N/A,N/A,N/A,N/A,,,,,,,,N/A,N/A,1.00,,
isoleucine,6.18,Target Compound,20240709_QE2_HILIC_BCSCuAOXq2d_blank1_20240710111342,38,Processed,T1,,Unknown,,B:A1,,,N/F,N/F,N/F,N/F,C6H13NO2,N/A,N/F,N/A,N/F,N/A,132.1019,N/F,N/F,N/F,0,N/A,Method,True,False,N/A,N/A,N/A,,,Fail,N/A,N/A,N/A,N/A,NotFound,N/A,N/A,N/A,N/A,,,,,,,,N/A,N/A,1.00,,
isoleucine,6.18,Target Compound,20240709_QE2_HILIC_BCSCuAOXq2d_blank1_20240710231833,39,Processed,T1,,Unknown,,B:A1,,,N/F,N/F,N/F,N/F,C6H13NO2,N/A,N/F,N/A,N/F,N/A,132.1019,N/F,N/F,N/F,0,N/A,Method,True,False,N/A,N/A,N/A,,,Fail,N/A,N/A,N/A,N/A,NotFound,N/A,N/A,N/A,N/A,,,,,,,,N/A,N/A,1.00,,
isoleucine,6.18,Target Compound,20240709_QE2_HILIC_BCSCuAOXq2d_blank2,40,Processed,T1,,Unknown,,B:A1,,,N/F,N/F,N/F,N/F,C6H13NO2,N/A,N/F,N/A,N/F,N/A,132.1019,N/F,N/F,N/F,0,N/A,Method,True,False,N/A,N/A,N/A,,,Fail,N/A,N/A,N/A,N/A,NotFound,N/A,N/A,N/A,N/A,,,,,,,,N/A,N/A,1.00,,
isoleucine,6.18,Target Compound,20240709_QE2_HILIC_BCSCuAOXq2d_blank2_20240710115054,41,Processed,T1,,Unknown,,B:A1,,,N/F,N/F,N/F,N/F,C6H13NO2,N/A,N/F,N/A,N/F,N/A,132.1019,N/F,N/F,N/F,0,N/A,Method,True,False,N/A,N/A,N/A,,,Fail,N/A,N/A,N/A,N/A,NotFound,N/A,N/A,N/A,N/A,,,,,,,,N/A,N/A,1.00,,
isoleucine,6.18,Target Compound,20240709_QE2_HILIC_BCSCuAOXq2d_blank2_20240710235116,42,Processed,T1,,Unknown,,B:A1,,,N/F,N/F,N/F,N/F,C6H13NO2,N/A,N/F,N/A,N/F,N/A,132.1019,N/F,N/F,N/F,0,N/A,Method,True,False,N/A,N/A,N/A,,,Fail,N/A,N/A,N/A,N/A,NotFound,N/A,N/A,N/A,N/A,,,,,,,,N/A,N/A,1.00,,
