﻿Compound,RT,Type,Filename,Batch Order,Status,Peak Label,Group,Sample Type,Level,Sample ID,Sample Name,Comments,Height,Area,Actual RT,RT Delta,Formula,Adduct,Calculated Amt,Theoretical Amt,Sample Amt,Std Add Amount,m/z (Expected),m/z (Apex),m/z (Delta),Response Ratio,ISTD Amt,ISTD Response,Integration Mode,Active,Excluded,%Diff,%RSD,% CV,Channel,Final Units,PK,IR,IP,LS,FI,Confirm,Isotopic Pattern Score (%),Num Isotopes Matched,Lib Match Name,Library Score (%),Library Match Rank,SI/Dot Product,RSI/Rev Dot,Modification,Protein Name,Peptide Sequence,Ion Type,S/N,Ion Ratio,Group Average,Relative RT,Flag Details
N-acetylglutamate,9.53,Target Compound,20240709_QE2_HILIC_BCSCuAOXq2d_AYW1130,1,Processed,T1,1V,Unknown,,B:A2,,,569037,5323169,9.49,-0.04,C7H11NO5,M+H,N/A,N/A,N/A,N/A,190.071,190.0711,.4772 (ppm),0,0,N/A,Method,True,False,N/A,N/A,N/A,,,Pass,N/A,N/A,N/A,N/A,Confirmed,N/A,N/A,N/A,N/A,,,,,,,,INF,N/A,4517721.83,,
N-acetylglutamate,9.53,Target Compound,20240709_QE2_HILIC_BCSCuAOXq2d_AYW1131,2,Processed,T1,1V,Unknown,,B:A3,,,639351,5427566,9.43,-0.10,C7H11NO5,M+H,N/A,N/A,N/A,N/A,190.071,190.0711,.6377 (ppm),0,0,N/A,Method,True,False,N/A,N/A,N/A,,,Pass,N/A,N/A,N/A,N/A,Confirmed,N/A,N/A,N/A,N/A,,,,,,,,45.93,N/A,4517721.83,,
N-acetylglutamate,9.53,Target Compound,20240709_QE2_HILIC_BCSCuAOXq2d_AYW1132,3,Processed,T1,1V,Unknown,,B:A4,,,335706,2802431,9.45,-0.08,C7H11NO5,M+H,N/A,N/A,N/A,N/A,190.071,190.0712,.8786 (ppm),0,0,N/A,Manual,True,False,N/A,N/A,N/A,,,Pass,N/A,N/A,N/A,N/A,Confirmed,N/A,N/A,N/A,N/A,,,,,,,,75.18,N/A,4517721.83,,
N-acetylglutamate,9.53,Target Compound,20240709_QE2_HILIC_BCSCuAOXq2d_AYW1133,4,Processed,T1,2B,Unknown,,B:A5,,,538755,3897767,9.46,-0.07,C7H11NO5,M+H,N/A,N/A,N/A,N/A,190.071,190.0711,.4772 (ppm),0,0,N/A,Method,True,False,N/A,N/A,N/A,,,Pass,N/A,N/A,N/A,N/A,Confirmed,N/A,N/A,N/A,N/A,,,,,,,,16.36,N/A,7995375.69,,
N-acetylglutamate,9.53,Target Compound,20240709_QE2_HILIC_BCSCuAOXq2d_AYW1134,5,Processed,T1,2B,Unknown,,B:A6,,,995966,7691492,9.44,-0.09,C7H11NO5,M+H,N/A,N/A,N/A,N/A,190.071,190.0711,.5575 (ppm),0,0,N/A,Method,True,False,N/A,N/A,N/A,,,Pass,N/A,N/A,N/A,N/A,Confirmed,N/A,N/A,N/A,N/A,,,,,,,,41.61,N/A,7995375.69,,
N-acetylglutamate,9.53,Target Compound,20240709_QE2_HILIC_BCSCuAOXq2d_AYW1135,6,Processed,T1,2B,Unknown,,B:A7,,,1349130,12396869,9.44,-0.09,C7H11NO5,M+H,N/A,N/A,N/A,N/A,190.071,190.0711,.3166 (ppm),0,0,N/A,Method,True,False,N/A,N/A,N/A,,,Pass,N/A,N/A,N/A,N/A,Confirmed,N/A,N/A,N/A,N/A,,,,,,,,81.34,N/A,7995375.69,,
N-acetylglutamate,9.53,Target Compound,20240709_QE2_HILIC_BCSCuAOXq2d_AYW1136,7,Processed,T1,3C,Unknown,,B:A8,,,706060,6401713,9.45,-0.08,C7H11NO5,M+H,N/A,N/A,N/A,N/A,190.071,190.071,.1561 (ppm),0,0,N/A,Method,True,False,N/A,N/A,N/A,,,Pass,N/A,N/A,N/A,N/A,Confirmed,N/A,N/A,N/A,N/A,,,,,,,,332.76,N/A,5887626.33,,
N-acetylglutamate,9.53,Target Compound,20240709_QE2_HILIC_BCSCuAOXq2d_AYW1137,8,Processed,T1,3C,Unknown,,B:A9,,,856783,7798969,9.46,-0.07,C7H11NO5,M+H,N/A,N/A,N/A,N/A,190.071,190.071,.2363 (ppm),0,0,N/A,Method,True,False,N/A,N/A,N/A,,,Pass,N/A,N/A,N/A,N/A,Confirmed,N/A,N/A,N/A,N/A,,,,,,,,251.81,N/A,5887626.33,,
N-acetylglutamate,9.53,Target Compound,20240709_QE2_HILIC_BCSCuAOXq2d_AYW1138,9,Processed,T1,3C,Unknown,,B:B1,,,306219,3462198,9.47,-0.06,C7H11NO5,M+H,N/A,N/A,N/A,N/A,190.071,190.0711,.4772 (ppm),0,0,N/A,Method,True,False,N/A,N/A,N/A,,,Pass,N/A,N/A,N/A,N/A,Confirmed,N/A,N/A,N/A,N/A,,,,,,,,29.14,N/A,5887626.33,,
N-acetylglutamate,9.53,Target Compound,20240709_QE2_HILIC_BCSCuAOXq2d_AYW1139,10,Processed,T1,4BC,Unknown,,B:B2,,,498039,4771968,9.47,-0.06,C7H11NO5,M+H,N/A,N/A,N/A,N/A,190.071,190.0712,.9589 (ppm),0,0,N/A,Method,True,False,N/A,N/A,N/A,,,Pass,N/A,N/A,N/A,N/A,Confirmed,N/A,N/A,N/A,N/A,,,,,,,,INF,N/A,4928401.88,N/A,
N-acetylglutamate,9.53,Target Compound,20240709_QE2_HILIC_BCSCuAOXq2d_AYW1140,11,Processed,T1,4BC,Unknown,,B:B3,,,581484,5649467,9.48,-0.05,C7H11NO5,M+H,N/A,N/A,N/A,N/A,190.071,190.071,-.0045 (ppm),0,0,N/A,Method,True,False,N/A,N/A,N/A,,,Pass,N/A,N/A,N/A,N/A,Confirmed,N/A,N/A,N/A,N/A,,,,,,,,140.00,N/A,4928401.88,,
N-acetylglutamate,9.53,Target Compound,20240709_QE2_HILIC_BCSCuAOXq2d_AYW1141,12,Processed,T1,4BC,Unknown,,B:B4,,,445604,4363771,9.43,-0.10,C7H11NO5,M+H,N/A,N/A,N/A,N/A,190.071,190.071,.1561 (ppm),0,0,N/A,Method,True,False,N/A,N/A,N/A,,,Pass,N/A,N/A,N/A,N/A,Confirmed,N/A,N/A,N/A,N/A,,,,,,,,65.38,N/A,4928401.88,,
N-acetylglutamate,9.53,Target Compound,20240709_QE2_HILIC_BCSCuAOXq2d_AYW1142,13,Processed,T1,5RV,Unknown,,B:B5,,,683288,6653977,9.44,-0.09,C7H11NO5,M+H,N/A,N/A,N/A,N/A,190.071,190.0712,1.1194 (ppm),0,0,N/A,Method,True,False,N/A,N/A,N/A,,,Pass,N/A,N/A,N/A,N/A,Confirmed,N/A,N/A,N/A,N/A,,,,,,,,51.87,N/A,7011327.04,N/A,
N-acetylglutamate,9.53,Target Compound,20240709_QE2_HILIC_BCSCuAOXq2d_AYW1143,14,Processed,T1,5RV,Unknown,,B:B6,,,860169,8305422,9.45,-0.08,C7H11NO5,M+H,N/A,N/A,N/A,N/A,190.071,190.0712,.7983 (ppm),0,0,N/A,Method,True,False,N/A,N/A,N/A,,,Pass,N/A,N/A,N/A,N/A,Confirmed,N/A,N/A,N/A,N/A,,,,,,,,221.38,N/A,7011327.04,,
N-acetylglutamate,9.53,Target Compound,20240709_QE2_HILIC_BCSCuAOXq2d_AYW1144,15,Processed,T1,5RV,Unknown,,B:B7,,,782506,6074582,9.45,-0.08,C7H11NO5,M+H,N/A,N/A,N/A,N/A,190.071,190.0712,1.2800 (ppm),0,0,N/A,Method,True,False,N/A,N/A,N/A,,,Pass,N/A,N/A,N/A,N/A,Confirmed,N/A,N/A,N/A,N/A,,,,,,,,53.77,N/A,7011327.04,,
N-acetylglutamate,9.53,Target Compound,20240709_QE2_HILIC_BCSCuAOXq2d_AYW1145,16,Processed,T1,6RB,Unknown,,B:B8,,,1061438,8919460,9.45,-0.08,C7H11NO5,M+H,N/A,N/A,N/A,N/A,190.071,190.0712,.7983 (ppm),0,0,N/A,Method,True,False,N/A,N/A,N/A,,,Pass,N/A,N/A,N/A,N/A,Confirmed,N/A,N/A,N/A,N/A,,,,,,,,54.24,N/A,8458628.45,,
N-acetylglutamate,9.53,Target Compound,20240709_QE2_HILIC_BCSCuAOXq2d_AYW1146,17,Processed,T1,6RB,Unknown,,B:B9,,,850349,8664408,9.42,-0.11,C7H11NO5,M+H,N/A,N/A,N/A,N/A,190.071,190.0711,.7180 (ppm),0,0,N/A,Method,True,False,N/A,N/A,N/A,,,Pass,N/A,N/A,N/A,N/A,Confirmed,N/A,N/A,N/A,N/A,,,,,,,,INF,N/A,8458628.45,,
N-acetylglutamate,9.53,Target Compound,20240709_QE2_HILIC_BCSCuAOXq2d_AYW1147,18,Processed,T1,6RB,Unknown,,B:C1,,,870087,7792017,9.47,-0.06,C7H11NO5,M+H,N/A,N/A,N/A,N/A,190.071,190.0712,.8786 (ppm),0,0,N/A,Method,True,False,N/A,N/A,N/A,,,Pass,N/A,N/A,N/A,N/A,Confirmed,N/A,N/A,N/A,N/A,,,,,,,,46.14,N/A,8458628.45,,
N-acetylglutamate,9.53,Target Compound,20240709_QE2_HILIC_BCSCuAOXq2d_AYW1148,19,Processed,T1,7RV,Unknown,,B:C2,,,1150373,10160855,9.46,-0.07,C7H11NO5,M+H,N/A,N/A,N/A,N/A,190.071,190.0711,.7180 (ppm),0,0,N/A,Method,True,False,N/A,N/A,N/A,,,Pass,N/A,N/A,N/A,N/A,Confirmed,N/A,N/A,N/A,N/A,,,,,,,,170.56,N/A,7949872.37,,
N-acetylglutamate,9.53,Target Compound,20240709_QE2_HILIC_BCSCuAOXq2d_AYW1149,20,Processed,T1,7RV,Unknown,,B:C3,,,923818,6762768,9.46,-0.07,C7H11NO5,M+H,N/A,N/A,N/A,N/A,190.071,190.0711,.7180 (ppm),0,0,N/A,Method,True,False,N/A,N/A,N/A,,,Pass,N/A,N/A,N/A,N/A,Confirmed,N/A,N/A,N/A,N/A,,,,,,,,45.72,N/A,7949872.37,,
N-acetylglutamate,9.53,Target Compound,20240709_QE2_HILIC_BCSCuAOXq2d_AYW1150,21,Processed,T1,7RV,Unknown,,B:C4,,,771882,6925994,9.45,-0.08,C7H11NO5,M+H,N/A,N/A,N/A,N/A,190.071,190.0711,.5575 (ppm),0,0,N/A,Method,True,False,N/A,N/A,N/A,,,Pass,N/A,N/A,N/A,N/A,Confirmed,N/A,N/A,N/A,N/A,,,,,,,,71.92,N/A,7949872.37,,
N-acetylglutamate,9.53,Target Compound,20240709_QE2_HILIC_BCSCuAOXq2d_AYW1151,22,Processed,T1,8RB,Unknown,,B:C5,,,1746129,14571334,9.44,-0.09,C7H11NO5,M+H,N/A,N/A,N/A,N/A,190.071,190.0712,.9589 (ppm),0,0,N/A,Method,True,False,N/A,N/A,N/A,,,Pass,N/A,N/A,N/A,N/A,Confirmed,N/A,N/A,N/A,N/A,,,,,,,,65.47,N/A,14981920.15,,
N-acetylglutamate,9.53,Target Compound,20240709_QE2_HILIC_BCSCuAOXq2d_AYW1152,23,Processed,T1,8RB,Unknown,,B:C6,,,1493692,13221256,9.44,-0.09,C7H11NO5,M+H,N/A,N/A,N/A,N/A,190.071,190.0712,.7983 (ppm),0,0,N/A,Method,True,False,N/A,N/A,N/A,,,Pass,N/A,N/A,N/A,N/A,Confirmed,N/A,N/A,N/A,N/A,,,,,,,,196.28,N/A,14981920.15,,
N-acetylglutamate,9.53,Target Compound,20240709_QE2_HILIC_BCSCuAOXq2d_AYW1153,24,Processed,T1,8RB,Unknown,,B:C7,,,2029835,17153170,9.44,-0.09,C7H11NO5,M+H,N/A,N/A,N/A,N/A,190.071,190.0712,.7983 (ppm),0,0,N/A,Method,True,False,N/A,N/A,N/A,,,Pass,N/A,N/A,N/A,N/A,Confirmed,N/A,N/A,N/A,N/A,,,,,,,,83.80,N/A,14981920.15,,
N-acetylglutamate,9.53,Target Compound,20240709_QE2_HILIC_BCSCuAOXq2d_AYW1154_pool1xa,25,Processed,T1,pool1x,Unknown,,B:C8,,,1336811,11962904,9.42,-0.11,C7H11NO5,M+H,N/A,N/A,N/A,N/A,190.071,190.071,-.0045 (ppm),0,0,N/A,Method,True,False,N/A,N/A,N/A,,,Pass,N/A,N/A,N/A,N/A,Confirmed,N/A,N/A,N/A,N/A,,,,,,,,120.19,N/A,8944328.30,,
N-acetylglutamate,9.53,Target Compound,20240709_QE2_HILIC_BCSCuAOXq2d_AYW1154_pool1xb,26,Processed,T1,pool1x,Unknown,,B:C8,,,845085,7412646,9.46,-0.07,C7H11NO5,M+H,N/A,N/A,N/A,N/A,190.071,190.071,-.1651 (ppm),0,0,N/A,Method,True,False,N/A,N/A,N/A,,,Pass,N/A,N/A,N/A,N/A,Confirmed,N/A,N/A,N/A,N/A,,,,,,,,49930.46,N/A,8944328.30,,
N-acetylglutamate,9.53,Target Compound,20240709_QE2_HILIC_BCSCuAOXq2d_AYW1154_pool1xc,27,Processed,T1,pool1x,Unknown,,B:C8,,,879050,7080891,9.46,-0.07,C7H11NO5,M+H,N/A,N/A,N/A,N/A,190.071,190.0712,.8786 (ppm),0,0,N/A,Method,True,False,N/A,N/A,N/A,,,Pass,N/A,N/A,N/A,N/A,Confirmed,N/A,N/A,N/A,N/A,,,,,,,,123.12,N/A,8944328.30,,
N-acetylglutamate,9.53,Target Compound,20240709_QE2_HILIC_BCSCuAOXq2d_AYW1154_pool1xd,28,Processed,T1,pool1x,Unknown,,B:C8,,,993013,9320872,9.47,-0.06,C7H11NO5,M+H,N/A,N/A,N/A,N/A,190.071,190.071,-.0045 (ppm),0,0,N/A,Method,True,False,N/A,N/A,N/A,,,Pass,N/A,N/A,N/A,N/A,Confirmed,N/A,N/A,N/A,N/A,,,,,,,,465.89,N/A,8944328.30,,
N-acetylglutamate,9.53,Target Compound,20240709_QE2_HILIC_BCSCuAOXq2d_AYW1155_pool033xa,29,Processed,T1,pool033x,Unknown,,B:C9,,,555810,4629801,9.46,-0.07,C7H11NO5,M+H,N/A,N/A,N/A,N/A,190.071,190.0711,.5575 (ppm),0,0,N/A,Method,True,False,N/A,N/A,N/A,,,Pass,N/A,N/A,N/A,N/A,Confirmed,N/A,N/A,N/A,N/A,,,,,,,,39.53,N/A,3332305.23,,
N-acetylglutamate,9.53,Target Compound,20240709_QE2_HILIC_BCSCuAOXq2d_AYW1155_pool033xb,30,Processed,T1,pool033x,Unknown,,B:C9,,,424596,3699291,9.43,-0.10,C7H11NO5,M+H,N/A,N/A,N/A,N/A,190.071,190.071,-.0848 (ppm),0,0,N/A,Method,True,False,N/A,N/A,N/A,,,Pass,N/A,N/A,N/A,N/A,Confirmed,N/A,N/A,N/A,N/A,,,,,,,,384.31,N/A,3332305.23,,
N-acetylglutamate,9.53,Target Compound,20240709_QE2_HILIC_BCSCuAOXq2d_AYW1155_pool033xc,31,Processed,T1,pool033x,Unknown,,B:C9,,,205419,1775088,9.5,-0.03,C7H11NO5,M+H,N/A,N/A,N/A,N/A,190.071,190.0712,1.2800 (ppm),0,0,N/A,Method,True,False,N/A,N/A,N/A,,,Pass,N/A,N/A,N/A,N/A,Confirmed,N/A,N/A,N/A,N/A,,,,,,,,41.36,N/A,3332305.23,,
N-acetylglutamate,9.53,Target Compound,20240709_QE2_HILIC_BCSCuAOXq2d_AYW1155_pool033xd,32,Processed,T1,pool033x,Unknown,,B:C9,,,393053,3225040,9.41,-0.12,C7H11NO5,M+H,N/A,N/A,N/A,N/A,190.071,190.0711,.6377 (ppm),0,0,N/A,Method,True,False,N/A,N/A,N/A,,,Pass,N/A,N/A,N/A,N/A,Confirmed,N/A,N/A,N/A,N/A,,,,,,,,51.81,N/A,3332305.23,,
N-acetylglutamate,9.53,Target Compound,20240709_QE2_HILIC_BCSCuAOXq2d_AYW1156_pool01xa,33,Processed,T1,pool01x,Unknown,,B:D1,,,131656,1188442,9.41,-0.12,C7H11NO5,M+H,N/A,N/A,N/A,N/A,190.071,190.071,-.2453 (ppm),0,0,N/A,Method,True,False,N/A,N/A,N/A,,,Pass,N/A,N/A,N/A,N/A,Confirmed,N/A,N/A,N/A,N/A,,,,,,,,26.25,N/A,1009716.28,,
N-acetylglutamate,9.53,Target Compound,20240709_QE2_HILIC_BCSCuAOXq2d_AYW1156_pool01xb,34,Processed,T1,pool01x,Unknown,,B:D1,,,151856,1270043,9.44,-0.09,C7H11NO5,M+H,N/A,N/A,N/A,N/A,190.071,190.071,.0758 (ppm),0,0,N/A,Method,True,False,N/A,N/A,N/A,,,Pass,N/A,N/A,N/A,N/A,Confirmed,N/A,N/A,N/A,N/A,,,,,,,,28.72,N/A,1009716.28,,
N-acetylglutamate,9.53,Target Compound,20240709_QE2_HILIC_BCSCuAOXq2d_AYW1156_pool01xc,35,Processed,T1,pool01x,Unknown,,B:D1,,,62279,580986,9.44,-0.09,C7H11NO5,M+H,N/A,N/A,N/A,N/A,190.071,190.0713,1.6814 (ppm),0,0,N/A,Method,True,False,N/A,N/A,N/A,,,Pass,N/A,N/A,N/A,N/A,Confirmed,N/A,N/A,N/A,N/A,,,,,,,,14.76,N/A,1009716.28,,
N-acetylglutamate,9.53,Target Compound,20240709_QE2_HILIC_BCSCuAOXq2d_AYW1156_pool01xd,36,Processed,T1,pool01x,Unknown,,B:D1,,,122031,999395,9.42,-0.11,C7H11NO5,M+H,N/A,N/A,N/A,N/A,190.071,190.0711,.3166 (ppm),0,0,N/A,Method,True,False,N/A,N/A,N/A,,,Pass,N/A,N/A,N/A,N/A,Confirmed,N/A,N/A,N/A,N/A,,,,,,,,46.20,N/A,1009716.28,,
N-acetylglutamate,9.53,Target Compound,20240709_QE2_HILIC_BCSCuAOXq2d_blank1,37,Processed,T1,,Unknown,,B:A1,,,N/F,N/F,N/F,N/F,C7H11NO5,N/A,N/F,N/A,N/F,N/A,190.071,N/F,N/F,N/F,0,N/A,Method,True,False,N/A,N/A,N/A,,,Fail,N/A,N/A,N/A,N/A,NotFound,N/A,N/A,N/A,N/A,,,,,,,,N/A,N/A,58421.77,,
N-acetylglutamate,9.53,Target Compound,20240709_QE2_HILIC_BCSCuAOXq2d_blank1_20240710111342,38,Processed,T1,,Unknown,,B:A1,,,N/F,N/F,N/F,N/F,C7H11NO5,N/A,N/F,N/A,N/F,N/A,190.071,N/F,N/F,N/F,0,N/A,Method,True,False,N/A,N/A,N/A,,,Fail,N/A,N/A,N/A,N/A,NotFound,N/A,N/A,N/A,N/A,,,,,,,,N/A,N/A,58421.77,,
N-acetylglutamate,9.53,Target Compound,20240709_QE2_HILIC_BCSCuAOXq2d_blank1_20240710231833,39,Processed,T1,,Unknown,,B:A1,,,N/F,N/F,N/F,N/F,C7H11NO5,N/A,N/F,N/A,N/F,N/A,190.071,N/F,N/F,N/F,0,N/A,Method,True,False,N/A,N/A,N/A,,,Fail,N/A,N/A,N/A,N/A,NotFound,N/A,N/A,N/A,N/A,,,,,,,,N/A,N/A,58421.77,,
N-acetylglutamate,9.53,Target Compound,20240709_QE2_HILIC_BCSCuAOXq2d_blank2,40,Processed,T1,,Unknown,,B:A1,,,46281,350531,9.45,-0.08,C7H11NO5,M+H,N/A,N/A,N/A,N/A,190.071,190.0712,1.1194 (ppm),0,0,N/A,Method,True,False,N/A,N/A,N/A,,,Pass,N/A,N/A,N/A,N/A,Confirmed,N/A,N/A,N/A,N/A,,,,,,,,INF,N/A,58421.77,,
N-acetylglutamate,9.53,Target Compound,20240709_QE2_HILIC_BCSCuAOXq2d_blank2_20240710115054,41,Processed,T1,,Unknown,,B:A1,,,N/F,N/F,N/F,N/F,C7H11NO5,N/A,N/F,N/A,N/F,N/A,190.071,N/F,N/F,N/F,0,N/A,Method,True,False,N/A,N/A,N/A,,,Fail,N/A,N/A,N/A,N/A,NotFound,N/A,N/A,N/A,N/A,,,,,,,,N/A,N/A,58421.77,,
N-acetylglutamate,9.53,Target Compound,20240709_QE2_HILIC_BCSCuAOXq2d_blank2_20240710235116,42,Processed,T1,,Unknown,,B:A1,,,N/F,N/F,N/F,N/F,C7H11NO5,N/A,N/F,N/A,N/F,N/A,190.071,N/F,N/F,N/F,0,N/A,Method,True,False,N/A,N/A,N/A,,,Fail,N/A,N/A,N/A,N/A,NotFound,N/A,N/A,N/A,N/A,,,,,,,,N/A,N/A,58421.77,,
