﻿Compound,RT,Type,Filename,Batch Order,Status,Peak Label,Group,Sample Type,Level,Sample ID,Sample Name,Comments,Height,Area,Actual RT,RT Delta,Formula,Adduct,Calculated Amt,Theoretical Amt,Sample Amt,Std Add Amount,m/z (Expected),m/z (Apex),m/z (Delta),Response Ratio,ISTD Amt,ISTD Response,Integration Mode,Active,Excluded,%Diff,%RSD,% CV,Channel,Final Units,PK,IR,IP,LS,FI,Confirm,Isotopic Pattern Score (%),Num Isotopes Matched,Lib Match Name,Library Score (%),Library Match Rank,SI/Dot Product,RSI/Rev Dot,Modification,Protein Name,Peptide Sequence,Ion Type,S/N,Ion Ratio,Group Average,Relative RT,Flag Details
glycine_13C2-15N,9.84,Target Compound,20240709_QE2_HILIC_BCSCuAOXq2d_AYW1130,1,Processed,T1,1V,Unknown,,B:A2,,,353433,3556770,9.59,-0.25,[13]C2H5[15]NO2,M+H,N/A,N/A,N/A,N/A,79.043,79.0429,-.6849 (ppm),0,0,N/A,Method,True,False,N/A,N/A,N/A,,,Pass,N/A,N/A,N/A,N/A,Confirmed,N/A,N/A,N/A,N/A,,,,,,,,INF,N/A,4154837.71,,
glycine_13C2-15N,9.84,Target Compound,20240709_QE2_HILIC_BCSCuAOXq2d_AYW1131,2,Processed,T1,1V,Unknown,,B:A3,,,323405,3703669,9.55,-0.29,[13]C2H5[15]NO2,M+H,N/A,N/A,N/A,N/A,79.043,79.043,-.4919 (ppm),0,0,N/A,Method,True,False,N/A,N/A,N/A,,,Pass,N/A,N/A,N/A,N/A,Confirmed,N/A,N/A,N/A,N/A,,,,,,,,INF,N/A,4154837.71,,
glycine_13C2-15N,9.84,Target Compound,20240709_QE2_HILIC_BCSCuAOXq2d_AYW1132,3,Processed,T1,1V,Unknown,,B:A4,,,347440,5204074,9.58,-0.26,[13]C2H5[15]NO2,M+H,N/A,N/A,N/A,N/A,79.043,79.0429,-1.0710 (ppm),0,0,N/A,Method,True,False,N/A,N/A,N/A,,,Pass,N/A,N/A,N/A,N/A,Confirmed,N/A,N/A,N/A,N/A,,,,,,,,INF,N/A,4154837.71,,
glycine_13C2-15N,9.84,Target Compound,20240709_QE2_HILIC_BCSCuAOXq2d_AYW1133,4,Processed,T1,2B,Unknown,,B:A5,,,548147,7250109,9.56,-0.28,[13]C2H5[15]NO2,M+H,N/A,N/A,N/A,N/A,79.043,79.0429,-.8780 (ppm),0,0,N/A,Method,True,False,N/A,N/A,N/A,,,Pass,N/A,N/A,N/A,N/A,Confirmed,N/A,N/A,N/A,N/A,,,,,,,,INF,N/A,5123357.78,,
glycine_13C2-15N,9.84,Target Compound,20240709_QE2_HILIC_BCSCuAOXq2d_AYW1134,5,Processed,T1,2B,Unknown,,B:A6,,,389759,3957752,9.56,-0.28,[13]C2H5[15]NO2,M+H,N/A,N/A,N/A,N/A,79.043,79.0429,-1.4571 (ppm),0,0,N/A,Method,True,False,N/A,N/A,N/A,,,Pass,N/A,N/A,N/A,N/A,Confirmed,N/A,N/A,N/A,N/A,,,,,,,,INF,N/A,5123357.78,,
glycine_13C2-15N,9.84,Target Compound,20240709_QE2_HILIC_BCSCuAOXq2d_AYW1135,6,Processed,T1,2B,Unknown,,B:A7,,,366079,4162212,9.56,-0.28,[13]C2H5[15]NO2,M+H,N/A,N/A,N/A,N/A,79.043,79.043,-.3954 (ppm),0,0,N/A,Method,True,False,N/A,N/A,N/A,,,Pass,N/A,N/A,N/A,N/A,Confirmed,N/A,N/A,N/A,N/A,,,,,,,,INF,N/A,5123357.78,,
glycine_13C2-15N,9.84,Target Compound,20240709_QE2_HILIC_BCSCuAOXq2d_AYW1136,7,Processed,T1,3C,Unknown,,B:A8,,,404772,4500780,9.55,-0.29,[13]C2H5[15]NO2,M+H,N/A,N/A,N/A,N/A,79.043,79.043,-.4919 (ppm),0,0,N/A,Method,True,False,N/A,N/A,N/A,,,Pass,N/A,N/A,N/A,N/A,Confirmed,N/A,N/A,N/A,N/A,,,,,,,,INF,N/A,5049489.41,,
glycine_13C2-15N,9.84,Target Compound,20240709_QE2_HILIC_BCSCuAOXq2d_AYW1137,8,Processed,T1,3C,Unknown,,B:A9,,,464756,4992488,9.59,-0.25,[13]C2H5[15]NO2,M+H,N/A,N/A,N/A,N/A,79.043,79.0429,-.9745 (ppm),0,0,N/A,Method,True,False,N/A,N/A,N/A,,,Pass,N/A,N/A,N/A,N/A,Confirmed,N/A,N/A,N/A,N/A,,,,,,,,INF,N/A,5049489.41,,
glycine_13C2-15N,9.84,Target Compound,20240709_QE2_HILIC_BCSCuAOXq2d_AYW1138,9,Processed,T1,3C,Unknown,,B:B1,,,411946,5655200,9.59,-0.25,[13]C2H5[15]NO2,M+H,N/A,N/A,N/A,N/A,79.043,79.0429,-.8780 (ppm),0,0,N/A,Method,True,False,N/A,N/A,N/A,,,Pass,N/A,N/A,N/A,N/A,Confirmed,N/A,N/A,N/A,N/A,,,,,,,,INF,N/A,5049489.41,,
glycine_13C2-15N,9.84,Target Compound,20240709_QE2_HILIC_BCSCuAOXq2d_AYW1139,10,Processed,T1,4BC,Unknown,,B:B2,,,472279,4687709,9.57,-0.27,[13]C2H5[15]NO2,M+H,N/A,N/A,N/A,N/A,79.043,79.0429,-1.0710 (ppm),0,0,N/A,Method,True,False,N/A,N/A,N/A,,,Pass,N/A,N/A,N/A,N/A,Confirmed,N/A,N/A,N/A,N/A,,,,,,,,INF,N/A,4908443.67,N/A,
glycine_13C2-15N,9.84,Target Compound,20240709_QE2_HILIC_BCSCuAOXq2d_AYW1140,11,Processed,T1,4BC,Unknown,,B:B3,,,484511,6037247,9.55,-0.29,[13]C2H5[15]NO2,M+H,N/A,N/A,N/A,N/A,79.043,79.0429,-.9745 (ppm),0,0,N/A,Method,True,False,N/A,N/A,N/A,,,Pass,N/A,N/A,N/A,N/A,Confirmed,N/A,N/A,N/A,N/A,,,,,,,,INF,N/A,4908443.67,,
glycine_13C2-15N,9.84,Target Compound,20240709_QE2_HILIC_BCSCuAOXq2d_AYW1141,12,Processed,T1,4BC,Unknown,,B:B4,,,411797,4000374,9.6,-0.24,[13]C2H5[15]NO2,M+H,N/A,N/A,N/A,N/A,79.043,79.043,-.3954 (ppm),0,0,N/A,Method,True,False,N/A,N/A,N/A,,,Pass,N/A,N/A,N/A,N/A,Confirmed,N/A,N/A,N/A,N/A,,,,,,,,INF,N/A,4908443.67,,
glycine_13C2-15N,9.84,Target Compound,20240709_QE2_HILIC_BCSCuAOXq2d_AYW1142,13,Processed,T1,5RV,Unknown,,B:B5,,,435150,4815315,9.57,-0.27,[13]C2H5[15]NO2,M+H,N/A,N/A,N/A,N/A,79.043,79.043,-.4919 (ppm),0,0,N/A,Method,True,False,N/A,N/A,N/A,,,Pass,N/A,N/A,N/A,N/A,Confirmed,N/A,N/A,N/A,N/A,,,,,,,,INF,N/A,4773076.12,N/A,
glycine_13C2-15N,9.84,Target Compound,20240709_QE2_HILIC_BCSCuAOXq2d_AYW1143,14,Processed,T1,5RV,Unknown,,B:B6,,,347155,4352594,9.55,-0.29,[13]C2H5[15]NO2,M+H,N/A,N/A,N/A,N/A,79.043,79.043,-.2988 (ppm),0,0,N/A,Method,True,False,N/A,N/A,N/A,,,Pass,N/A,N/A,N/A,N/A,Confirmed,N/A,N/A,N/A,N/A,,,,,,,,INF,N/A,4773076.12,,
glycine_13C2-15N,9.84,Target Compound,20240709_QE2_HILIC_BCSCuAOXq2d_AYW1144,15,Processed,T1,5RV,Unknown,,B:B7,,,434583,5151319,9.6,-0.24,[13]C2H5[15]NO2,M+H,N/A,N/A,N/A,N/A,79.043,79.043,-.4919 (ppm),0,0,N/A,Method,True,False,N/A,N/A,N/A,,,Pass,N/A,N/A,N/A,N/A,Confirmed,N/A,N/A,N/A,N/A,,,,,,,,INF,N/A,4773076.12,,
glycine_13C2-15N,9.84,Target Compound,20240709_QE2_HILIC_BCSCuAOXq2d_AYW1145,16,Processed,T1,6RB,Unknown,,B:B8,,,449377,5986302,9.6,-0.24,[13]C2H5[15]NO2,M+H,N/A,N/A,N/A,N/A,79.043,79.043,-.2023 (ppm),0,0,N/A,Method,True,False,N/A,N/A,N/A,,,Pass,N/A,N/A,N/A,N/A,Confirmed,N/A,N/A,N/A,N/A,,,,,,,,INF,N/A,5960043.71,,
glycine_13C2-15N,9.84,Target Compound,20240709_QE2_HILIC_BCSCuAOXq2d_AYW1146,17,Processed,T1,6RB,Unknown,,B:B9,,,530763,7268888,9.57,-0.27,[13]C2H5[15]NO2,M+H,N/A,N/A,N/A,N/A,79.043,79.0429,-.6849 (ppm),0,0,N/A,Method,True,False,N/A,N/A,N/A,,,Pass,N/A,N/A,N/A,N/A,Confirmed,N/A,N/A,N/A,N/A,,,,,,,,INF,N/A,5960043.71,,
glycine_13C2-15N,9.84,Target Compound,20240709_QE2_HILIC_BCSCuAOXq2d_AYW1147,18,Processed,T1,6RB,Unknown,,B:C1,,,424737,4624942,9.57,-0.27,[13]C2H5[15]NO2,M+H,N/A,N/A,N/A,N/A,79.043,79.0429,-.7814 (ppm),0,0,N/A,Method,True,False,N/A,N/A,N/A,,,Pass,N/A,N/A,N/A,N/A,Confirmed,N/A,N/A,N/A,N/A,,,,,,,,INF,N/A,5960043.71,,
glycine_13C2-15N,9.84,Target Compound,20240709_QE2_HILIC_BCSCuAOXq2d_AYW1148,19,Processed,T1,7RV,Unknown,,B:C2,,,262659,2275054,9.56,-0.28,[13]C2H5[15]NO2,M+H,N/A,N/A,N/A,N/A,79.043,79.043,-.3954 (ppm),0,0,N/A,Method,True,False,N/A,N/A,N/A,,,Pass,N/A,N/A,N/A,N/A,Confirmed,N/A,N/A,N/A,N/A,,,,,,,,INF,N/A,3616148.97,,
glycine_13C2-15N,9.84,Target Compound,20240709_QE2_HILIC_BCSCuAOXq2d_AYW1149,20,Processed,T1,7RV,Unknown,,B:C3,,,395359,4349097,9.56,-0.28,[13]C2H5[15]NO2,M+H,N/A,N/A,N/A,N/A,79.043,79.043,-.3954 (ppm),0,0,N/A,Method,True,False,N/A,N/A,N/A,,,Pass,N/A,N/A,N/A,N/A,Confirmed,N/A,N/A,N/A,N/A,,,,,,,,INF,N/A,3616148.97,,
glycine_13C2-15N,9.84,Target Compound,20240709_QE2_HILIC_BCSCuAOXq2d_AYW1150,21,Processed,T1,7RV,Unknown,,B:C4,,,424171,4224295,9.55,-0.29,[13]C2H5[15]NO2,M+H,N/A,N/A,N/A,N/A,79.043,79.043,-.5884 (ppm),0,0,N/A,Method,True,False,N/A,N/A,N/A,,,Pass,N/A,N/A,N/A,N/A,Confirmed,N/A,N/A,N/A,N/A,,,,,,,,INF,N/A,3616148.97,,
glycine_13C2-15N,9.84,Target Compound,20240709_QE2_HILIC_BCSCuAOXq2d_AYW1151,22,Processed,T1,8RB,Unknown,,B:C5,,,324549,3733244,9.59,-0.25,[13]C2H5[15]NO2,M+H,N/A,N/A,N/A,N/A,79.043,79.043,-.1058 (ppm),0,0,N/A,Method,True,False,N/A,N/A,N/A,,,Pass,N/A,N/A,N/A,N/A,Confirmed,N/A,N/A,N/A,N/A,,,,,,,,INF,N/A,3472195.46,,
glycine_13C2-15N,9.84,Target Compound,20240709_QE2_HILIC_BCSCuAOXq2d_AYW1152,23,Processed,T1,8RB,Unknown,,B:C6,,,236734,2174810,9.52,-0.32,[13]C2H5[15]NO2,M+H,N/A,N/A,N/A,N/A,79.043,79.043,-.1058 (ppm),0,0,N/A,Method,True,False,N/A,N/A,N/A,,,Pass,N/A,N/A,N/A,N/A,Confirmed,N/A,N/A,N/A,N/A,,,,,,,,INF,N/A,3472195.46,,
glycine_13C2-15N,9.84,Target Compound,20240709_QE2_HILIC_BCSCuAOXq2d_AYW1153,24,Processed,T1,8RB,Unknown,,B:C7,,,381694,4508532,9.57,-0.27,[13]C2H5[15]NO2,M+H,N/A,N/A,N/A,N/A,79.043,79.0429,-.6849 (ppm),0,0,N/A,Method,True,False,N/A,N/A,N/A,,,Pass,N/A,N/A,N/A,N/A,Confirmed,N/A,N/A,N/A,N/A,,,,,,,,INF,N/A,3472195.46,,
glycine_13C2-15N,9.84,Target Compound,20240709_QE2_HILIC_BCSCuAOXq2d_AYW1154_pool1xa,25,Processed,T1,pool1x,Unknown,,B:C8,,,269005,3252487,9.57,-0.27,[13]C2H5[15]NO2,M+H,N/A,N/A,N/A,N/A,79.043,79.0429,-.7814 (ppm),0,0,N/A,Method,True,False,N/A,N/A,N/A,,,Pass,N/A,N/A,N/A,N/A,Confirmed,N/A,N/A,N/A,N/A,,,,,,,,INF,N/A,3853110.07,,
glycine_13C2-15N,9.84,Target Compound,20240709_QE2_HILIC_BCSCuAOXq2d_AYW1154_pool1xb,26,Processed,T1,pool1x,Unknown,,B:C8,,,365511,5002939,9.56,-0.28,[13]C2H5[15]NO2,M+H,N/A,N/A,N/A,N/A,79.043,79.0429,-1.5536 (ppm),0,0,N/A,Method,True,False,N/A,N/A,N/A,,,Pass,N/A,N/A,N/A,N/A,Confirmed,N/A,N/A,N/A,N/A,,,,,,,,INF,N/A,3853110.07,,
glycine_13C2-15N,9.84,Target Compound,20240709_QE2_HILIC_BCSCuAOXq2d_AYW1154_pool1xc,27,Processed,T1,pool1x,Unknown,,B:C8,,,402234,4907370,9.58,-0.26,[13]C2H5[15]NO2,M+H,N/A,N/A,N/A,N/A,79.043,79.043,-.3954 (ppm),0,0,N/A,Method,True,False,N/A,N/A,N/A,,,Pass,N/A,N/A,N/A,N/A,Confirmed,N/A,N/A,N/A,N/A,,,,,,,,INF,N/A,3853110.07,,
glycine_13C2-15N,9.84,Target Compound,20240709_QE2_HILIC_BCSCuAOXq2d_AYW1154_pool1xd,28,Processed,T1,pool1x,Unknown,,B:C8,,,245689,2249645,9.54,-0.30,[13]C2H5[15]NO2,M+H,N/A,N/A,N/A,N/A,79.043,79.0429,-.8780 (ppm),0,0,N/A,Method,True,False,N/A,N/A,N/A,,,Pass,N/A,N/A,N/A,N/A,Confirmed,N/A,N/A,N/A,N/A,,,,,,,,INF,N/A,3853110.07,,
glycine_13C2-15N,9.84,Target Compound,20240709_QE2_HILIC_BCSCuAOXq2d_AYW1155_pool033xa,29,Processed,T1,pool033x,Unknown,,B:C9,,,152504,1405155,9.56,-0.28,[13]C2H5[15]NO2,M+H,N/A,N/A,N/A,N/A,79.043,79.043,-.2988 (ppm),0,0,N/A,Method,True,False,N/A,N/A,N/A,,,Pass,N/A,N/A,N/A,N/A,Confirmed,N/A,N/A,N/A,N/A,,,,,,,,INF,N/A,1602203.44,,
glycine_13C2-15N,9.84,Target Compound,20240709_QE2_HILIC_BCSCuAOXq2d_AYW1155_pool033xb,30,Processed,T1,pool033x,Unknown,,B:C9,,,166781,2038800,9.53,-0.31,[13]C2H5[15]NO2,M+H,N/A,N/A,N/A,N/A,79.043,79.0429,-.7814 (ppm),0,0,N/A,Method,True,False,N/A,N/A,N/A,,,Pass,N/A,N/A,N/A,N/A,Confirmed,N/A,N/A,N/A,N/A,,,,,,,,INF,N/A,1602203.44,,
glycine_13C2-15N,9.84,Target Compound,20240709_QE2_HILIC_BCSCuAOXq2d_AYW1155_pool033xc,31,Processed,T1,pool033x,Unknown,,B:C9,,,148071,2073870,9.57,-0.27,[13]C2H5[15]NO2,M+H,N/A,N/A,N/A,N/A,79.043,79.043,-.3954 (ppm),0,0,N/A,Method,True,False,N/A,N/A,N/A,,,Pass,N/A,N/A,N/A,N/A,Confirmed,N/A,N/A,N/A,N/A,,,,,,,,INF,N/A,1602203.44,,
glycine_13C2-15N,9.84,Target Compound,20240709_QE2_HILIC_BCSCuAOXq2d_AYW1155_pool033xd,32,Processed,T1,pool033x,Unknown,,B:C9,,,92269,890988,9.51,-0.33,[13]C2H5[15]NO2,M+H,N/A,N/A,N/A,N/A,79.043,79.043,-.1058 (ppm),0,0,N/A,Method,True,False,N/A,N/A,N/A,,,Pass,N/A,N/A,N/A,N/A,Confirmed,N/A,N/A,N/A,N/A,,,,,,,,INF,N/A,1602203.44,,
glycine_13C2-15N,9.84,Target Compound,20240709_QE2_HILIC_BCSCuAOXq2d_AYW1156_pool01xa,33,Processed,T1,pool01x,Unknown,,B:D1,,,54351,432157,9.56,-0.28,[13]C2H5[15]NO2,M+H,N/A,N/A,N/A,N/A,79.043,79.043,-.2023 (ppm),0,0,N/A,Method,True,False,N/A,N/A,N/A,,,Pass,N/A,N/A,N/A,N/A,Confirmed,N/A,N/A,N/A,N/A,,,,,,,,INF,N/A,485579.71,,
glycine_13C2-15N,9.84,Target Compound,20240709_QE2_HILIC_BCSCuAOXq2d_AYW1156_pool01xb,34,Processed,T1,pool01x,Unknown,,B:D1,,,51606,566813,9.59,-0.25,[13]C2H5[15]NO2,M+H,N/A,N/A,N/A,N/A,79.043,79.0428,-2.1328 (ppm),0,0,N/A,Method,True,False,N/A,N/A,N/A,,,Pass,N/A,N/A,N/A,N/A,Confirmed,N/A,N/A,N/A,N/A,,,,,,,,INF,N/A,485579.71,,
glycine_13C2-15N,9.84,Target Compound,20240709_QE2_HILIC_BCSCuAOXq2d_AYW1156_pool01xc,35,Processed,T1,pool01x,Unknown,,B:D1,,,45033,598645,9.56,-0.28,[13]C2H5[15]NO2,M+H,N/A,N/A,N/A,N/A,79.043,79.043,.5699 (ppm),0,0,N/A,Method,True,False,N/A,N/A,N/A,,,Pass,N/A,N/A,N/A,N/A,Confirmed,N/A,N/A,N/A,N/A,,,,,,,,INF,N/A,485579.71,,
glycine_13C2-15N,9.84,Target Compound,20240709_QE2_HILIC_BCSCuAOXq2d_AYW1156_pool01xd,36,Processed,T1,pool01x,Unknown,,B:D1,,,41905,344704,9.57,-0.27,[13]C2H5[15]NO2,M+H,N/A,N/A,N/A,N/A,79.043,79.043,-.5884 (ppm),0,0,N/A,Method,True,False,N/A,N/A,N/A,,,Pass,N/A,N/A,N/A,N/A,Confirmed,N/A,N/A,N/A,N/A,,,,,,,,INF,N/A,485579.71,,
glycine_13C2-15N,9.84,Target Compound,20240709_QE2_HILIC_BCSCuAOXq2d_blank1,37,Processed,T1,,Unknown,,B:A1,,,N/F,N/F,N/F,N/F,[13]C2H5[15]NO2,N/A,N/F,N/A,N/F,N/A,79.043,N/F,N/F,N/F,0,N/A,Method,True,False,N/A,N/A,N/A,,,Fail,N/A,N/A,N/A,N/A,NotFound,N/A,N/A,N/A,N/A,,,,,,,,N/A,N/A,1.00,,
glycine_13C2-15N,9.84,Target Compound,20240709_QE2_HILIC_BCSCuAOXq2d_blank1_20240710111342,38,Processed,T1,,Unknown,,B:A1,,,N/F,N/F,N/F,N/F,[13]C2H5[15]NO2,N/A,N/F,N/A,N/F,N/A,79.043,N/F,N/F,N/F,0,N/A,Method,True,False,N/A,N/A,N/A,,,Fail,N/A,N/A,N/A,N/A,NotFound,N/A,N/A,N/A,N/A,,,,,,,,N/A,N/A,1.00,,
glycine_13C2-15N,9.84,Target Compound,20240709_QE2_HILIC_BCSCuAOXq2d_blank1_20240710231833,39,Processed,T1,,Unknown,,B:A1,,,N/F,N/F,N/F,N/F,[13]C2H5[15]NO2,N/A,N/F,N/A,N/F,N/A,79.043,N/F,N/F,N/F,0,N/A,Method,True,False,N/A,N/A,N/A,,,Fail,N/A,N/A,N/A,N/A,NotFound,N/A,N/A,N/A,N/A,,,,,,,,N/A,N/A,1.00,,
glycine_13C2-15N,9.84,Target Compound,20240709_QE2_HILIC_BCSCuAOXq2d_blank2,40,Processed,T1,,Unknown,,B:A1,,,N/F,N/F,N/F,N/F,[13]C2H5[15]NO2,N/A,N/F,N/A,N/F,N/A,79.043,N/F,N/F,N/F,0,N/A,Method,True,False,N/A,N/A,N/A,,,Fail,N/A,N/A,N/A,N/A,NotFound,N/A,N/A,N/A,N/A,,,,,,,,N/A,N/A,1.00,,
glycine_13C2-15N,9.84,Target Compound,20240709_QE2_HILIC_BCSCuAOXq2d_blank2_20240710115054,41,Processed,T1,,Unknown,,B:A1,,,N/F,N/F,N/F,N/F,[13]C2H5[15]NO2,N/A,N/F,N/A,N/F,N/A,79.043,N/F,N/F,N/F,0,N/A,Method,True,False,N/A,N/A,N/A,,,Fail,N/A,N/A,N/A,N/A,NotFound,N/A,N/A,N/A,N/A,,,,,,,,N/A,N/A,1.00,,
glycine_13C2-15N,9.84,Target Compound,20240709_QE2_HILIC_BCSCuAOXq2d_blank2_20240710235116,42,Processed,T1,,Unknown,,B:A1,,,N/F,N/F,N/F,N/F,[13]C2H5[15]NO2,N/A,N/F,N/A,N/F,N/A,79.043,N/F,N/F,N/F,0,N/A,Method,True,False,N/A,N/A,N/A,,,Fail,N/A,N/A,N/A,N/A,NotFound,N/A,N/A,N/A,N/A,,,,,,,,N/A,N/A,1.00,,
