﻿Compound,RT,Type,Filename,Batch Order,Status,Peak Label,Group,Sample Type,Level,Sample ID,Sample Name,Comments,Height,Area,Actual RT,RT Delta,Formula,Adduct,Calculated Amt,Theoretical Amt,Sample Amt,Std Add Amount,m/z (Expected),m/z (Apex),m/z (Delta),Response Ratio,ISTD Amt,ISTD Response,Integration Mode,Active,Excluded,%Diff,%RSD,% CV,Channel,Final Units,PK,IR,IP,LS,FI,Confirm,Isotopic Pattern Score (%),Num Isotopes Matched,Lib Match Name,Library Score (%),Library Match Rank,SI/Dot Product,RSI/Rev Dot,Modification,Protein Name,Peptide Sequence,Ion Type,S/N,Ion Ratio,Group Average,Relative RT,Flag Details
threonine-13C4-15N,8.81,Target Compound,20240709_QE2_HILIC_BCSCuAOXq2d_AYW1130,1,Processed,T1,1V,Unknown,,B:A2,,,13342404,147313502,8.71,-0.10,[13]C4H9[15]NO3,M+H,N/A,N/A,N/A,N/A,125.076,125.076,.0932 (ppm),0,0,N/A,Method,True,False,N/A,N/A,N/A,,,Pass,N/A,N/A,N/A,N/A,Confirmed,N/A,N/A,N/A,N/A,,,,,,,,INF,N/A,146808370.75,,
threonine-13C4-15N,8.81,Target Compound,20240709_QE2_HILIC_BCSCuAOXq2d_AYW1131,2,Processed,T1,1V,Unknown,,B:A3,,,14321017,156512505,8.72,-0.09,[13]C4H9[15]NO3,M+H,N/A,N/A,N/A,N/A,125.076,125.076,.1542 (ppm),0,0,N/A,Method,True,False,N/A,N/A,N/A,,,Pass,N/A,N/A,N/A,N/A,Confirmed,N/A,N/A,N/A,N/A,,,,,,,,INF,N/A,146808370.75,,
threonine-13C4-15N,8.81,Target Compound,20240709_QE2_HILIC_BCSCuAOXq2d_AYW1132,3,Processed,T1,1V,Unknown,,B:A4,,,13570093,136599105,8.71,-0.10,[13]C4H9[15]NO3,M+H,N/A,N/A,N/A,N/A,125.076,125.076,.0932 (ppm),0,0,N/A,Method,True,False,N/A,N/A,N/A,,,Pass,N/A,N/A,N/A,N/A,Confirmed,N/A,N/A,N/A,N/A,,,,,,,,INF,N/A,146808370.75,,
threonine-13C4-15N,8.81,Target Compound,20240709_QE2_HILIC_BCSCuAOXq2d_AYW1133,4,Processed,T1,2B,Unknown,,B:A5,,,13238181,142463487,8.7,-0.11,[13]C4H9[15]NO3,M+H,N/A,N/A,N/A,N/A,125.076,125.076,-.0288 (ppm),0,0,N/A,Method,True,False,N/A,N/A,N/A,,,Pass,N/A,N/A,N/A,N/A,Confirmed,N/A,N/A,N/A,N/A,,,,,,,,INF,N/A,162294440.25,,
threonine-13C4-15N,8.81,Target Compound,20240709_QE2_HILIC_BCSCuAOXq2d_AYW1134,5,Processed,T1,2B,Unknown,,B:A6,,,14959880,157217811,8.7,-0.11,[13]C4H9[15]NO3,M+H,N/A,N/A,N/A,N/A,125.076,125.076,-.2728 (ppm),0,0,N/A,Method,True,False,N/A,N/A,N/A,,,Pass,N/A,N/A,N/A,N/A,Confirmed,N/A,N/A,N/A,N/A,,,,,,,,INF,N/A,162294440.25,,
threonine-13C4-15N,8.81,Target Compound,20240709_QE2_HILIC_BCSCuAOXq2d_AYW1135,6,Processed,T1,2B,Unknown,,B:A7,,,18288042,187202023,8.71,-0.10,[13]C4H9[15]NO3,M+H,N/A,N/A,N/A,N/A,125.076,125.076,.0322 (ppm),0,0,N/A,Method,True,False,N/A,N/A,N/A,,,Pass,N/A,N/A,N/A,N/A,Confirmed,N/A,N/A,N/A,N/A,,,,,,,,INF,N/A,162294440.25,,
threonine-13C4-15N,8.81,Target Compound,20240709_QE2_HILIC_BCSCuAOXq2d_AYW1136,7,Processed,T1,3C,Unknown,,B:A8,,,15507569,157325214,8.69,-0.12,[13]C4H9[15]NO3,M+H,N/A,N/A,N/A,N/A,125.076,125.076,.1542 (ppm),0,0,N/A,Method,True,False,N/A,N/A,N/A,,,Pass,N/A,N/A,N/A,N/A,Confirmed,N/A,N/A,N/A,N/A,,,,,,,,INF,N/A,165763831.19,,
threonine-13C4-15N,8.81,Target Compound,20240709_QE2_HILIC_BCSCuAOXq2d_AYW1137,8,Processed,T1,3C,Unknown,,B:A9,,,18296806,189481325,8.7,-0.11,[13]C4H9[15]NO3,M+H,N/A,N/A,N/A,N/A,125.076,125.0759,-.4558 (ppm),0,0,N/A,Method,True,False,N/A,N/A,N/A,,,Pass,N/A,N/A,N/A,N/A,Confirmed,N/A,N/A,N/A,N/A,,,,,,,,INF,N/A,165763831.19,,
threonine-13C4-15N,8.81,Target Compound,20240709_QE2_HILIC_BCSCuAOXq2d_AYW1138,9,Processed,T1,3C,Unknown,,B:B1,,,14025182,150484954,8.67,-0.14,[13]C4H9[15]NO3,M+H,N/A,N/A,N/A,N/A,125.076,125.076,-.0288 (ppm),0,0,N/A,Method,True,False,N/A,N/A,N/A,,,Pass,N/A,N/A,N/A,N/A,Confirmed,N/A,N/A,N/A,N/A,,,,,,,,INF,N/A,165763831.19,,
threonine-13C4-15N,8.81,Target Compound,20240709_QE2_HILIC_BCSCuAOXq2d_AYW1139,10,Processed,T1,4BC,Unknown,,B:B2,,,13259009,154530101,8.69,-0.12,[13]C4H9[15]NO3,M+H,N/A,N/A,N/A,N/A,125.076,125.076,.0322 (ppm),0,0,N/A,Method,True,False,N/A,N/A,N/A,,,Pass,N/A,N/A,N/A,N/A,Confirmed,N/A,N/A,N/A,N/A,,,,,,,,INF,N/A,154954248.57,N/A,
threonine-13C4-15N,8.81,Target Compound,20240709_QE2_HILIC_BCSCuAOXq2d_AYW1140,11,Processed,T1,4BC,Unknown,,B:B3,,,12365439,142222398,8.67,-0.14,[13]C4H9[15]NO3,M+H,N/A,N/A,N/A,N/A,125.076,125.076,-.1508 (ppm),0,0,N/A,Method,True,False,N/A,N/A,N/A,,,Pass,N/A,N/A,N/A,N/A,Confirmed,N/A,N/A,N/A,N/A,,,,,,,,INF,N/A,154954248.57,,
threonine-13C4-15N,8.81,Target Compound,20240709_QE2_HILIC_BCSCuAOXq2d_AYW1141,12,Processed,T1,4BC,Unknown,,B:B4,,,15689853,168110246,8.69,-0.12,[13]C4H9[15]NO3,M+H,N/A,N/A,N/A,N/A,125.076,125.0761,.4592 (ppm),0,0,N/A,Method,True,False,N/A,N/A,N/A,,,Pass,N/A,N/A,N/A,N/A,Confirmed,N/A,N/A,N/A,N/A,,,,,,,,INF,N/A,154954248.57,,
threonine-13C4-15N,8.81,Target Compound,20240709_QE2_HILIC_BCSCuAOXq2d_AYW1142,13,Processed,T1,5RV,Unknown,,B:B5,,,12842512,139678157,8.68,-0.13,[13]C4H9[15]NO3,M+H,N/A,N/A,N/A,N/A,125.076,125.076,.2762 (ppm),0,0,N/A,Method,True,False,N/A,N/A,N/A,,,Pass,N/A,N/A,N/A,N/A,Confirmed,N/A,N/A,N/A,N/A,,,,,,,,INF,N/A,148690839.01,N/A,
threonine-13C4-15N,8.81,Target Compound,20240709_QE2_HILIC_BCSCuAOXq2d_AYW1143,14,Processed,T1,5RV,Unknown,,B:B6,,,16150487,177843314,8.69,-0.12,[13]C4H9[15]NO3,M+H,N/A,N/A,N/A,N/A,125.076,125.076,.3982 (ppm),0,0,N/A,Method,True,False,N/A,N/A,N/A,,,Pass,N/A,N/A,N/A,N/A,Confirmed,N/A,N/A,N/A,N/A,,,,,,,,INF,N/A,148690839.01,,
threonine-13C4-15N,8.81,Target Compound,20240709_QE2_HILIC_BCSCuAOXq2d_AYW1144,15,Processed,T1,5RV,Unknown,,B:B7,,,11101424,128551046,8.71,-0.10,[13]C4H9[15]NO3,M+H,N/A,N/A,N/A,N/A,125.076,125.076,-.0288 (ppm),0,0,N/A,Method,True,False,N/A,N/A,N/A,,,Pass,N/A,N/A,N/A,N/A,Confirmed,N/A,N/A,N/A,N/A,,,,,,,,INF,N/A,148690839.01,,
threonine-13C4-15N,8.81,Target Compound,20240709_QE2_HILIC_BCSCuAOXq2d_AYW1145,16,Processed,T1,6RB,Unknown,,B:B8,,,14067074,148136588,8.68,-0.13,[13]C4H9[15]NO3,M+H,N/A,N/A,N/A,N/A,125.076,125.076,.2762 (ppm),0,0,N/A,Method,True,False,N/A,N/A,N/A,,,Pass,N/A,N/A,N/A,N/A,Confirmed,N/A,N/A,N/A,N/A,,,,,,,,INF,N/A,143858341.97,,
threonine-13C4-15N,8.81,Target Compound,20240709_QE2_HILIC_BCSCuAOXq2d_AYW1146,17,Processed,T1,6RB,Unknown,,B:B9,,,14364418,154443125,8.68,-0.13,[13]C4H9[15]NO3,M+H,N/A,N/A,N/A,N/A,125.076,125.0761,.4592 (ppm),0,0,N/A,Method,True,False,N/A,N/A,N/A,,,Pass,N/A,N/A,N/A,N/A,Confirmed,N/A,N/A,N/A,N/A,,,,,,,,16921.71,N/A,143858341.97,,
threonine-13C4-15N,8.81,Target Compound,20240709_QE2_HILIC_BCSCuAOXq2d_AYW1147,18,Processed,T1,6RB,Unknown,,B:C1,,,11639332,128995313,8.68,-0.13,[13]C4H9[15]NO3,M+H,N/A,N/A,N/A,N/A,125.076,125.076,-.0288 (ppm),0,0,N/A,Method,True,False,N/A,N/A,N/A,,,Pass,N/A,N/A,N/A,N/A,Confirmed,N/A,N/A,N/A,N/A,,,,,,,,INF,N/A,143858341.97,,
threonine-13C4-15N,8.81,Target Compound,20240709_QE2_HILIC_BCSCuAOXq2d_AYW1148,19,Processed,T1,7RV,Unknown,,B:C2,,,11843578,114672662,8.7,-0.11,[13]C4H9[15]NO3,M+H,N/A,N/A,N/A,N/A,125.076,125.076,-.0898 (ppm),0,0,N/A,Method,True,False,N/A,N/A,N/A,,,Pass,N/A,N/A,N/A,N/A,Confirmed,N/A,N/A,N/A,N/A,,,,,,,,INF,N/A,132432856.86,,
threonine-13C4-15N,8.81,Target Compound,20240709_QE2_HILIC_BCSCuAOXq2d_AYW1149,20,Processed,T1,7RV,Unknown,,B:C3,,,12384426,140081209,8.69,-0.12,[13]C4H9[15]NO3,M+H,N/A,N/A,N/A,N/A,125.076,125.076,-.0898 (ppm),0,0,N/A,Method,True,False,N/A,N/A,N/A,,,Pass,N/A,N/A,N/A,N/A,Confirmed,N/A,N/A,N/A,N/A,,,,,,,,INF,N/A,132432856.86,,
threonine-13C4-15N,8.81,Target Compound,20240709_QE2_HILIC_BCSCuAOXq2d_AYW1150,21,Processed,T1,7RV,Unknown,,B:C4,,,13386060,142544700,8.69,-0.12,[13]C4H9[15]NO3,M+H,N/A,N/A,N/A,N/A,125.076,125.076,.3982 (ppm),0,0,N/A,Method,True,False,N/A,N/A,N/A,,,Pass,N/A,N/A,N/A,N/A,Confirmed,N/A,N/A,N/A,N/A,,,,,,,,INF,N/A,132432856.86,,
threonine-13C4-15N,8.81,Target Compound,20240709_QE2_HILIC_BCSCuAOXq2d_AYW1151,22,Processed,T1,8RB,Unknown,,B:C5,,,16186519,179274578,8.73,-0.08,[13]C4H9[15]NO3,M+H,N/A,N/A,N/A,N/A,125.076,125.0761,.4592 (ppm),0,0,N/A,Method,True,False,N/A,N/A,N/A,,,Pass,N/A,N/A,N/A,N/A,Confirmed,N/A,N/A,N/A,N/A,,,,,,,,INF,N/A,158248360.01,,
threonine-13C4-15N,8.81,Target Compound,20240709_QE2_HILIC_BCSCuAOXq2d_AYW1152,23,Processed,T1,8RB,Unknown,,B:C6,,,10783123,107703699,8.68,-0.13,[13]C4H9[15]NO3,M+H,N/A,N/A,N/A,N/A,125.076,125.076,.2152 (ppm),0,0,N/A,Method,True,False,N/A,N/A,N/A,,,Pass,N/A,N/A,N/A,N/A,Confirmed,N/A,N/A,N/A,N/A,,,,,,,,8375.09,N/A,158248360.01,,
threonine-13C4-15N,8.81,Target Compound,20240709_QE2_HILIC_BCSCuAOXq2d_AYW1153,24,Processed,T1,8RB,Unknown,,B:C7,,,17260216,187766804,8.69,-0.12,[13]C4H9[15]NO3,M+H,N/A,N/A,N/A,N/A,125.076,125.076,-.2728 (ppm),0,0,N/A,Method,True,False,N/A,N/A,N/A,,,Pass,N/A,N/A,N/A,N/A,Confirmed,N/A,N/A,N/A,N/A,,,,,,,,INF,N/A,158248360.01,,
threonine-13C4-15N,8.81,Target Compound,20240709_QE2_HILIC_BCSCuAOXq2d_AYW1154_pool1xa,25,Processed,T1,pool1x,Unknown,,B:C8,,,13735826,144663348,8.71,-0.10,[13]C4H9[15]NO3,M+H,N/A,N/A,N/A,N/A,125.076,125.076,.0932 (ppm),0,0,N/A,Method,True,False,N/A,N/A,N/A,,,Pass,N/A,N/A,N/A,N/A,Confirmed,N/A,N/A,N/A,N/A,,,,,,,,INF,N/A,139259977.91,,
threonine-13C4-15N,8.81,Target Compound,20240709_QE2_HILIC_BCSCuAOXq2d_AYW1154_pool1xb,26,Processed,T1,pool1x,Unknown,,B:C8,,,12727080,152147167,8.7,-0.11,[13]C4H9[15]NO3,M+H,N/A,N/A,N/A,N/A,125.076,125.076,-.2728 (ppm),0,0,N/A,Method,True,False,N/A,N/A,N/A,,,Pass,N/A,N/A,N/A,N/A,Confirmed,N/A,N/A,N/A,N/A,,,,,,,,INF,N/A,139259977.91,,
threonine-13C4-15N,8.81,Target Compound,20240709_QE2_HILIC_BCSCuAOXq2d_AYW1154_pool1xc,27,Processed,T1,pool1x,Unknown,,B:C8,,,13942153,151959701,8.69,-0.12,[13]C4H9[15]NO3,M+H,N/A,N/A,N/A,N/A,125.076,125.0761,.5202 (ppm),0,0,N/A,Method,True,False,N/A,N/A,N/A,,,Pass,N/A,N/A,N/A,N/A,Confirmed,N/A,N/A,N/A,N/A,,,,,,,,INF,N/A,139259977.91,,
threonine-13C4-15N,8.81,Target Compound,20240709_QE2_HILIC_BCSCuAOXq2d_AYW1154_pool1xd,28,Processed,T1,pool1x,Unknown,,B:C8,,,10450039,108269696,8.7,-0.11,[13]C4H9[15]NO3,M+H,N/A,N/A,N/A,N/A,125.076,125.076,-.2728 (ppm),0,0,N/A,Method,True,False,N/A,N/A,N/A,,,Pass,N/A,N/A,N/A,N/A,Confirmed,N/A,N/A,N/A,N/A,,,,,,,,INF,N/A,139259977.91,,
threonine-13C4-15N,8.81,Target Compound,20240709_QE2_HILIC_BCSCuAOXq2d_AYW1155_pool033xa,29,Processed,T1,pool033x,Unknown,,B:C9,,,7066939,68374146,8.64,-0.17,[13]C4H9[15]NO3,M+H,N/A,N/A,N/A,N/A,125.076,125.076,-.0288 (ppm),0,0,N/A,Method,True,False,N/A,N/A,N/A,,,Pass,N/A,N/A,N/A,N/A,Confirmed,N/A,N/A,N/A,N/A,,,,,,,,INF,N/A,66949563.86,,
threonine-13C4-15N,8.81,Target Compound,20240709_QE2_HILIC_BCSCuAOXq2d_AYW1155_pool033xb,30,Processed,T1,pool033x,Unknown,,B:C9,,,8582638,83018408,8.64,-0.17,[13]C4H9[15]NO3,M+H,N/A,N/A,N/A,N/A,125.076,125.076,-.1508 (ppm),0,0,N/A,Method,True,False,N/A,N/A,N/A,,,Pass,N/A,N/A,N/A,N/A,Confirmed,N/A,N/A,N/A,N/A,,,,,,,,24674.93,N/A,66949563.86,,
threonine-13C4-15N,8.81,Target Compound,20240709_QE2_HILIC_BCSCuAOXq2d_AYW1155_pool033xc,31,Processed,T1,pool033x,Unknown,,B:C9,,,6630382,65553008,8.65,-0.16,[13]C4H9[15]NO3,M+H,N/A,N/A,N/A,N/A,125.076,125.0761,1.0692 (ppm),0,0,N/A,Method,True,False,N/A,N/A,N/A,,,Pass,N/A,N/A,N/A,N/A,Confirmed,N/A,N/A,N/A,N/A,,,,,,,,INF,N/A,66949563.86,,
threonine-13C4-15N,8.81,Target Compound,20240709_QE2_HILIC_BCSCuAOXq2d_AYW1155_pool033xd,32,Processed,T1,pool033x,Unknown,,B:C9,,,5422064,50852694,8.62,-0.19,[13]C4H9[15]NO3,M+H,N/A,N/A,N/A,N/A,125.076,125.076,.2152 (ppm),0,0,N/A,Method,True,False,N/A,N/A,N/A,,,Pass,N/A,N/A,N/A,N/A,Confirmed,N/A,N/A,N/A,N/A,,,,,,,,6364.87,N/A,66949563.86,,
threonine-13C4-15N,8.81,Target Compound,20240709_QE2_HILIC_BCSCuAOXq2d_AYW1156_pool01xa,33,Processed,T1,pool01x,Unknown,,B:D1,,,2106057,19927984,8.58,-0.23,[13]C4H9[15]NO3,M+H,N/A,N/A,N/A,N/A,125.076,125.0761,.5202 (ppm),0,0,N/A,Method,True,False,N/A,N/A,N/A,,,Pass,N/A,N/A,N/A,N/A,Confirmed,N/A,N/A,N/A,N/A,,,,,,,,INF,N/A,22673750.55,,
threonine-13C4-15N,8.81,Target Compound,20240709_QE2_HILIC_BCSCuAOXq2d_AYW1156_pool01xb,34,Processed,T1,pool01x,Unknown,,B:D1,,,3074275,32622395,8.62,-0.19,[13]C4H9[15]NO3,M+H,N/A,N/A,N/A,N/A,125.076,125.076,-.3338 (ppm),0,0,N/A,Method,True,False,N/A,N/A,N/A,,,Pass,N/A,N/A,N/A,N/A,Confirmed,N/A,N/A,N/A,N/A,,,,,,,,1404.78,N/A,22673750.55,,
threonine-13C4-15N,8.81,Target Compound,20240709_QE2_HILIC_BCSCuAOXq2d_AYW1156_pool01xc,35,Processed,T1,pool01x,Unknown,,B:D1,,,2029869,20906711,8.61,-0.20,[13]C4H9[15]NO3,M+H,N/A,N/A,N/A,N/A,125.076,125.0761,.8252 (ppm),0,0,N/A,Method,True,False,N/A,N/A,N/A,,,Pass,N/A,N/A,N/A,N/A,Confirmed,N/A,N/A,N/A,N/A,,,,,,,,INF,N/A,22673750.55,,
threonine-13C4-15N,8.81,Target Compound,20240709_QE2_HILIC_BCSCuAOXq2d_AYW1156_pool01xd,36,Processed,T1,pool01x,Unknown,,B:D1,,,1824825,17237912,8.59,-0.22,[13]C4H9[15]NO3,M+H,N/A,N/A,N/A,N/A,125.076,125.076,.0932 (ppm),0,0,N/A,Method,True,False,N/A,N/A,N/A,,,Pass,N/A,N/A,N/A,N/A,Confirmed,N/A,N/A,N/A,N/A,,,,,,,,7186.90,N/A,22673750.55,,
threonine-13C4-15N,8.81,Target Compound,20240709_QE2_HILIC_BCSCuAOXq2d_blank1,37,Processed,T1,,Unknown,,B:A1,,,N/F,N/F,N/F,N/F,[13]C4H9[15]NO3,N/A,N/F,N/A,N/F,N/A,125.076,N/F,N/F,N/F,0,N/A,Method,True,False,N/A,N/A,N/A,,,Fail,N/A,N/A,N/A,N/A,NotFound,N/A,N/A,N/A,N/A,,,,,,,,N/A,N/A,1.00,,
threonine-13C4-15N,8.81,Target Compound,20240709_QE2_HILIC_BCSCuAOXq2d_blank1_20240710111342,38,Processed,T1,,Unknown,,B:A1,,,N/F,N/F,N/F,N/F,[13]C4H9[15]NO3,N/A,N/F,N/A,N/F,N/A,125.076,N/F,N/F,N/F,0,N/A,Method,True,False,N/A,N/A,N/A,,,Fail,N/A,N/A,N/A,N/A,NotFound,N/A,N/A,N/A,N/A,,,,,,,,N/A,N/A,1.00,,
threonine-13C4-15N,8.81,Target Compound,20240709_QE2_HILIC_BCSCuAOXq2d_blank1_20240710231833,39,Processed,T1,,Unknown,,B:A1,,,N/F,N/F,N/F,N/F,[13]C4H9[15]NO3,N/A,N/F,N/A,N/F,N/A,125.076,N/F,N/F,N/F,0,N/A,Method,True,False,N/A,N/A,N/A,,,Fail,N/A,N/A,N/A,N/A,NotFound,N/A,N/A,N/A,N/A,,,,,,,,N/A,N/A,1.00,,
threonine-13C4-15N,8.81,Target Compound,20240709_QE2_HILIC_BCSCuAOXq2d_blank2,40,Processed,T1,,Unknown,,B:A1,,,N/F,N/F,N/F,N/F,[13]C4H9[15]NO3,N/A,N/F,N/A,N/F,N/A,125.076,N/F,N/F,N/F,0,N/A,Method,True,False,N/A,N/A,N/A,,,Fail,N/A,N/A,N/A,N/A,NotFound,N/A,N/A,N/A,N/A,,,,,,,,N/A,N/A,1.00,,
threonine-13C4-15N,8.81,Target Compound,20240709_QE2_HILIC_BCSCuAOXq2d_blank2_20240710115054,41,Processed,T1,,Unknown,,B:A1,,,N/F,N/F,N/F,N/F,[13]C4H9[15]NO3,N/A,N/F,N/A,N/F,N/A,125.076,N/F,N/F,N/F,0,N/A,Method,True,False,N/A,N/A,N/A,,,Fail,N/A,N/A,N/A,N/A,NotFound,N/A,N/A,N/A,N/A,,,,,,,,N/A,N/A,1.00,,
threonine-13C4-15N,8.81,Target Compound,20240709_QE2_HILIC_BCSCuAOXq2d_blank2_20240710235116,42,Processed,T1,,Unknown,,B:A1,,,N/F,N/F,N/F,N/F,[13]C4H9[15]NO3,N/A,N/F,N/A,N/F,N/A,125.076,N/F,N/F,N/F,0,N/A,Method,True,False,N/A,N/A,N/A,,,Fail,N/A,N/A,N/A,N/A,NotFound,N/A,N/A,N/A,N/A,,,,,,,,N/A,N/A,1.00,,
