﻿Compound,RT,Type,Filename,Batch Order,Status,Peak Label,Group,Sample Type,Level,Sample ID,Sample Name,Comments,Height,Area,Actual RT,RT Delta,Formula,Adduct,Calculated Amt,Theoretical Amt,Sample Amt,Std Add Amount,m/z (Expected),m/z (Apex),m/z (Delta),Response Ratio,ISTD Amt,ISTD Response,Integration Mode,Active,Excluded,%Diff,%RSD,% CV,Channel,Final Units,PK,IR,IP,LS,FI,Confirm,Isotopic Pattern Score (%),Num Isotopes Matched,Lib Match Name,Library Score (%),Library Match Rank,SI/Dot Product,RSI/Rev Dot,Modification,Protein Name,Peptide Sequence,Ion Type,S/N,Ion Ratio,Group Average,Relative RT,Flag Details
asymmetric dimethylarginine,11.75,Target Compound,20240709_QE2_HILIC_BCSCuAOXq2d_AYW1130,1,Processed,T1,1V,Unknown,,B:A2,,,989891,16005443,11.88,0.13,C8H18N4O2,M+H,N/A,N/A,N/A,N/A,203.151,203.1504,-3.0747 (ppm),0,0,N/A,Method,True,False,N/A,N/A,N/A,,,Pass,N/A,N/A,N/A,N/A,Confirmed,N/A,N/A,N/A,N/A,,,,,,,,INF,N/A,12140087.96,,
asymmetric dimethylarginine,11.75,Target Compound,20240709_QE2_HILIC_BCSCuAOXq2d_AYW1131,2,Processed,T1,1V,Unknown,,B:A3,,,591039,11468014,11.82,0.07,C8H18N4O2,M+H,N/A,N/A,N/A,N/A,203.151,203.1504,-2.7743 (ppm),0,0,N/A,Method,True,False,N/A,N/A,N/A,,,Pass,N/A,N/A,N/A,N/A,Confirmed,N/A,N/A,N/A,N/A,,,,,,,,INF,N/A,12140087.96,,
asymmetric dimethylarginine,11.75,Target Compound,20240709_QE2_HILIC_BCSCuAOXq2d_AYW1132,3,Processed,T1,1V,Unknown,,B:A4,,,484658,8946807,11.85,0.10,C8H18N4O2,M+H,N/A,N/A,N/A,N/A,203.151,203.1504,-2.9245 (ppm),0,0,N/A,Method,True,False,N/A,N/A,N/A,,,Pass,N/A,N/A,N/A,N/A,Confirmed,N/A,N/A,N/A,N/A,,,,,,,,INF,N/A,12140087.96,,
asymmetric dimethylarginine,11.75,Target Compound,20240709_QE2_HILIC_BCSCuAOXq2d_AYW1133,4,Processed,T1,2B,Unknown,,B:A5,,,503255,10514648,11.88,0.13,C8H18N4O2,M+H,N/A,N/A,N/A,N/A,203.151,203.1503,-3.3752 (ppm),0,0,N/A,Method,True,False,N/A,N/A,N/A,,,Pass,N/A,N/A,N/A,N/A,Confirmed,N/A,N/A,N/A,N/A,,,,,,,,INF,N/A,18824975.89,,
asymmetric dimethylarginine,11.75,Target Compound,20240709_QE2_HILIC_BCSCuAOXq2d_AYW1134,5,Processed,T1,2B,Unknown,,B:A6,,,1221924,24248592,11.82,0.07,C8H18N4O2,M+H,N/A,N/A,N/A,N/A,203.151,203.1503,-3.6756 (ppm),0,0,N/A,Method,True,False,N/A,N/A,N/A,,,Pass,N/A,N/A,N/A,N/A,Confirmed,N/A,N/A,N/A,N/A,,,,,,,,INF,N/A,18824975.89,,
asymmetric dimethylarginine,11.75,Target Compound,20240709_QE2_HILIC_BCSCuAOXq2d_AYW1135,6,Processed,T1,2B,Unknown,,B:A7,,,1101854,21711688,11.81,0.06,C8H18N4O2,M+H,N/A,N/A,N/A,N/A,203.151,203.1503,-3.3001 (ppm),0,0,N/A,Method,True,False,N/A,N/A,N/A,,,Pass,N/A,N/A,N/A,N/A,Confirmed,N/A,N/A,N/A,N/A,,,,,,,,INF,N/A,18824975.89,,
asymmetric dimethylarginine,11.75,Target Compound,20240709_QE2_HILIC_BCSCuAOXq2d_AYW1136,7,Processed,T1,3C,Unknown,,B:A8,,,940617,18444442,11.88,0.13,C8H18N4O2,M+H,N/A,N/A,N/A,N/A,203.151,203.1504,-3.0747 (ppm),0,0,N/A,Method,True,False,N/A,N/A,N/A,,,Pass,N/A,N/A,N/A,N/A,Confirmed,N/A,N/A,N/A,N/A,,,,,,,,INF,N/A,14950249.95,,
asymmetric dimethylarginine,11.75,Target Compound,20240709_QE2_HILIC_BCSCuAOXq2d_AYW1137,8,Processed,T1,3C,Unknown,,B:A9,,,954351,18818286,11.82,0.07,C8H18N4O2,M+H,N/A,N/A,N/A,N/A,203.151,203.1503,-3.4503 (ppm),0,0,N/A,Method,True,False,N/A,N/A,N/A,,,Pass,N/A,N/A,N/A,N/A,Confirmed,N/A,N/A,N/A,N/A,,,,,,,,INF,N/A,14950249.95,,
asymmetric dimethylarginine,11.75,Target Compound,20240709_QE2_HILIC_BCSCuAOXq2d_AYW1138,9,Processed,T1,3C,Unknown,,B:B1,,,412699,7588022,11.82,0.07,C8H18N4O2,M+H,N/A,N/A,N/A,N/A,203.151,203.1503,-3.6005 (ppm),0,0,N/A,Method,True,False,N/A,N/A,N/A,,,Pass,N/A,N/A,N/A,N/A,Confirmed,N/A,N/A,N/A,N/A,,,,,,,,INF,N/A,14950249.95,,
asymmetric dimethylarginine,11.75,Target Compound,20240709_QE2_HILIC_BCSCuAOXq2d_AYW1139,10,Processed,T1,4BC,Unknown,,B:B2,,,939138,16181623,11.84,0.09,C8H18N4O2,M+H,N/A,N/A,N/A,N/A,203.151,203.1504,-3.1498 (ppm),0,0,N/A,Method,True,False,N/A,N/A,N/A,,,Pass,N/A,N/A,N/A,N/A,Confirmed,N/A,N/A,N/A,N/A,,,,,,,,INF,N/A,15526054.54,N/A,
asymmetric dimethylarginine,11.75,Target Compound,20240709_QE2_HILIC_BCSCuAOXq2d_AYW1140,11,Processed,T1,4BC,Unknown,,B:B3,,,813886,15725982,11.85,0.10,C8H18N4O2,M+H,N/A,N/A,N/A,N/A,203.151,203.1503,-3.2249 (ppm),0,0,N/A,Method,True,False,N/A,N/A,N/A,,,Pass,N/A,N/A,N/A,N/A,Confirmed,N/A,N/A,N/A,N/A,,,,,,,,INF,N/A,15526054.54,,
asymmetric dimethylarginine,11.75,Target Compound,20240709_QE2_HILIC_BCSCuAOXq2d_AYW1141,12,Processed,T1,4BC,Unknown,,B:B4,,,767760,14670558,11.83,0.08,C8H18N4O2,M+H,N/A,N/A,N/A,N/A,203.151,203.1503,-3.3752 (ppm),0,0,N/A,Method,True,False,N/A,N/A,N/A,,,Pass,N/A,N/A,N/A,N/A,Confirmed,N/A,N/A,N/A,N/A,,,,,,,,INF,N/A,15526054.54,,
asymmetric dimethylarginine,11.75,Target Compound,20240709_QE2_HILIC_BCSCuAOXq2d_AYW1142,13,Processed,T1,5RV,Unknown,,B:B5,,,702546,13943282,11.89,0.14,C8H18N4O2,M+H,N/A,N/A,N/A,N/A,203.151,203.1504,-2.7743 (ppm),0,0,N/A,Method,True,False,N/A,N/A,N/A,,,Pass,N/A,N/A,N/A,N/A,Confirmed,N/A,N/A,N/A,N/A,,,,,,,,INF,N/A,15782050.97,N/A,
asymmetric dimethylarginine,11.75,Target Compound,20240709_QE2_HILIC_BCSCuAOXq2d_AYW1143,14,Processed,T1,5RV,Unknown,,B:B6,,,920600,19096388,11.83,0.08,C8H18N4O2,M+H,N/A,N/A,N/A,N/A,203.151,203.1504,-3.0747 (ppm),0,0,N/A,Method,True,False,N/A,N/A,N/A,,,Pass,N/A,N/A,N/A,N/A,Confirmed,N/A,N/A,N/A,N/A,,,,,,,,INF,N/A,15782050.97,,
asymmetric dimethylarginine,11.75,Target Compound,20240709_QE2_HILIC_BCSCuAOXq2d_AYW1144,15,Processed,T1,5RV,Unknown,,B:B7,,,759590,14306483,11.87,0.12,C8H18N4O2,M+H,N/A,N/A,N/A,N/A,203.151,203.1504,-2.9245 (ppm),0,0,N/A,Method,True,False,N/A,N/A,N/A,,,Pass,N/A,N/A,N/A,N/A,Confirmed,N/A,N/A,N/A,N/A,,,,,,,,INF,N/A,15782050.97,,
asymmetric dimethylarginine,11.75,Target Compound,20240709_QE2_HILIC_BCSCuAOXq2d_AYW1145,16,Processed,T1,6RB,Unknown,,B:B8,,,642520,12154785,11.84,0.09,C8H18N4O2,M+H,N/A,N/A,N/A,N/A,203.151,203.1505,-2.5490 (ppm),0,0,N/A,Method,True,False,N/A,N/A,N/A,,,Pass,N/A,N/A,N/A,N/A,Confirmed,N/A,N/A,N/A,N/A,,,,,,,,INF,N/A,10414766.67,,
asymmetric dimethylarginine,11.75,Target Compound,20240709_QE2_HILIC_BCSCuAOXq2d_AYW1146,17,Processed,T1,6RB,Unknown,,B:B9,,,469255,8053481,11.9,0.15,C8H18N4O2,M+H,N/A,N/A,N/A,N/A,203.151,203.1504,-3.0747 (ppm),0,0,N/A,Method,True,False,N/A,N/A,N/A,,,Pass,N/A,N/A,N/A,N/A,Confirmed,N/A,N/A,N/A,N/A,,,,,,,,INF,N/A,10414766.67,,
asymmetric dimethylarginine,11.75,Target Compound,20240709_QE2_HILIC_BCSCuAOXq2d_AYW1147,18,Processed,T1,6RB,Unknown,,B:C1,,,554654,11036035,11.9,0.15,C8H18N4O2,M+H,N/A,N/A,N/A,N/A,203.151,203.1504,-3.1498 (ppm),0,0,N/A,Method,True,False,N/A,N/A,N/A,,,Pass,N/A,N/A,N/A,N/A,Confirmed,N/A,N/A,N/A,N/A,,,,,,,,INF,N/A,10414766.67,,
asymmetric dimethylarginine,11.75,Target Compound,20240709_QE2_HILIC_BCSCuAOXq2d_AYW1148,19,Processed,T1,7RV,Unknown,,B:C2,,,658883,12664336,11.82,0.07,C8H18N4O2,M+H,N/A,N/A,N/A,N/A,203.151,203.1503,-3.3001 (ppm),0,0,N/A,Method,True,False,N/A,N/A,N/A,,,Pass,N/A,N/A,N/A,N/A,Confirmed,N/A,N/A,N/A,N/A,,,,,,,,INF,N/A,13880353.82,,
asymmetric dimethylarginine,11.75,Target Compound,20240709_QE2_HILIC_BCSCuAOXq2d_AYW1149,20,Processed,T1,7RV,Unknown,,B:C3,,,714675,13945800,11.84,0.09,C8H18N4O2,M+H,N/A,N/A,N/A,N/A,203.151,203.1503,-3.5254 (ppm),0,0,N/A,Method,True,False,N/A,N/A,N/A,,,Pass,N/A,N/A,N/A,N/A,Confirmed,N/A,N/A,N/A,N/A,,,,,,,,INF,N/A,13880353.82,,
asymmetric dimethylarginine,11.75,Target Compound,20240709_QE2_HILIC_BCSCuAOXq2d_AYW1150,21,Processed,T1,7RV,Unknown,,B:C4,,,759422,15030926,11.84,0.09,C8H18N4O2,M+H,N/A,N/A,N/A,N/A,203.151,203.1503,-3.2249 (ppm),0,0,N/A,Method,True,False,N/A,N/A,N/A,,,Pass,N/A,N/A,N/A,N/A,Confirmed,N/A,N/A,N/A,N/A,,,,,,,,INF,N/A,13880353.82,,
asymmetric dimethylarginine,11.75,Target Compound,20240709_QE2_HILIC_BCSCuAOXq2d_AYW1151,22,Processed,T1,8RB,Unknown,,B:C5,,,886679,17272346,11.82,0.07,C8H18N4O2,M+H,N/A,N/A,N/A,N/A,203.151,203.1504,-2.9245 (ppm),0,0,N/A,Method,True,False,N/A,N/A,N/A,,,Pass,N/A,N/A,N/A,N/A,Confirmed,N/A,N/A,N/A,N/A,,,,,,,,INF,N/A,15300011.20,,
asymmetric dimethylarginine,11.75,Target Compound,20240709_QE2_HILIC_BCSCuAOXq2d_AYW1152,23,Processed,T1,8RB,Unknown,,B:C6,,,569354,10996637,11.85,0.10,C8H18N4O2,M+H,N/A,N/A,N/A,N/A,203.151,203.1504,-2.9996 (ppm),0,0,N/A,Method,True,False,N/A,N/A,N/A,,,Pass,N/A,N/A,N/A,N/A,Confirmed,N/A,N/A,N/A,N/A,,,,,,,,INF,N/A,15300011.20,,
asymmetric dimethylarginine,11.75,Target Compound,20240709_QE2_HILIC_BCSCuAOXq2d_AYW1153,24,Processed,T1,8RB,Unknown,,B:C7,,,854973,17631051,11.87,0.12,C8H18N4O2,M+H,N/A,N/A,N/A,N/A,203.151,203.1503,-3.5254 (ppm),0,0,N/A,Method,True,False,N/A,N/A,N/A,,,Pass,N/A,N/A,N/A,N/A,Confirmed,N/A,N/A,N/A,N/A,,,,,,,,INF,N/A,15300011.20,,
asymmetric dimethylarginine,11.75,Target Compound,20240709_QE2_HILIC_BCSCuAOXq2d_AYW1154_pool1xa,25,Processed,T1,pool1x,Unknown,,B:C8,,,880220,16647588,11.85,0.10,C8H18N4O2,M+H,N/A,N/A,N/A,N/A,203.151,203.1503,-3.3001 (ppm),0,0,N/A,Method,True,False,N/A,N/A,N/A,,,Pass,N/A,N/A,N/A,N/A,Confirmed,N/A,N/A,N/A,N/A,,,,,,,,INF,N/A,14400747.87,,
asymmetric dimethylarginine,11.75,Target Compound,20240709_QE2_HILIC_BCSCuAOXq2d_AYW1154_pool1xb,26,Processed,T1,pool1x,Unknown,,B:C8,,,764426,15275729,11.82,0.07,C8H18N4O2,M+H,N/A,N/A,N/A,N/A,203.151,203.1503,-3.6756 (ppm),0,0,N/A,Method,True,False,N/A,N/A,N/A,,,Pass,N/A,N/A,N/A,N/A,Confirmed,N/A,N/A,N/A,N/A,,,,,,,,INF,N/A,14400747.87,,
asymmetric dimethylarginine,11.75,Target Compound,20240709_QE2_HILIC_BCSCuAOXq2d_AYW1154_pool1xc,27,Processed,T1,pool1x,Unknown,,B:C8,,,669976,13376894,11.84,0.09,C8H18N4O2,M+H,N/A,N/A,N/A,N/A,203.151,203.1503,-3.2249 (ppm),0,0,N/A,Method,True,False,N/A,N/A,N/A,,,Pass,N/A,N/A,N/A,N/A,Confirmed,N/A,N/A,N/A,N/A,,,,,,,,INF,N/A,14400747.87,,
asymmetric dimethylarginine,11.75,Target Compound,20240709_QE2_HILIC_BCSCuAOXq2d_AYW1154_pool1xd,28,Processed,T1,pool1x,Unknown,,B:C8,,,658195,12302780,11.85,0.10,C8H18N4O2,M+H,N/A,N/A,N/A,N/A,203.151,203.1503,-3.6756 (ppm),0,0,N/A,Method,True,False,N/A,N/A,N/A,,,Pass,N/A,N/A,N/A,N/A,Confirmed,N/A,N/A,N/A,N/A,,,,,,,,INF,N/A,14400747.87,,
asymmetric dimethylarginine,11.75,Target Compound,20240709_QE2_HILIC_BCSCuAOXq2d_AYW1155_pool033xa,29,Processed,T1,pool033x,Unknown,,B:C9,,,399457,6856757,11.88,0.13,C8H18N4O2,M+H,N/A,N/A,N/A,N/A,203.151,203.1504,-2.9996 (ppm),0,0,N/A,Method,True,False,N/A,N/A,N/A,,,Pass,N/A,N/A,N/A,N/A,Confirmed,N/A,N/A,N/A,N/A,,,,,,,,INF,N/A,5574426.22,,
asymmetric dimethylarginine,11.75,Target Compound,20240709_QE2_HILIC_BCSCuAOXq2d_AYW1155_pool033xb,30,Processed,T1,pool033x,Unknown,,B:C9,,,346650,6548657,11.89,0.14,C8H18N4O2,M+H,N/A,N/A,N/A,N/A,203.151,203.1502,-3.8258 (ppm),0,0,N/A,Method,True,False,N/A,N/A,N/A,,,Pass,N/A,N/A,N/A,N/A,Confirmed,N/A,N/A,N/A,N/A,,,,,,,,INF,N/A,5574426.22,,
asymmetric dimethylarginine,11.75,Target Compound,20240709_QE2_HILIC_BCSCuAOXq2d_AYW1155_pool033xc,31,Processed,T1,pool033x,Unknown,,B:C9,,,237361,4405911,11.89,0.14,C8H18N4O2,M+H,N/A,N/A,N/A,N/A,203.151,203.1504,-3.0747 (ppm),0,0,N/A,Method,True,False,N/A,N/A,N/A,,,Pass,N/A,N/A,N/A,N/A,Confirmed,N/A,N/A,N/A,N/A,,,,,,,,INF,N/A,5574426.22,,
asymmetric dimethylarginine,11.75,Target Compound,20240709_QE2_HILIC_BCSCuAOXq2d_AYW1155_pool033xd,32,Processed,T1,pool033x,Unknown,,B:C9,,,245021,4486379,11.88,0.13,C8H18N4O2,M+H,N/A,N/A,N/A,N/A,203.151,203.1503,-3.3001 (ppm),0,0,N/A,Method,True,False,N/A,N/A,N/A,,,Pass,N/A,N/A,N/A,N/A,Confirmed,N/A,N/A,N/A,N/A,,,,,,,,INF,N/A,5574426.22,,
asymmetric dimethylarginine,11.75,Target Compound,20240709_QE2_HILIC_BCSCuAOXq2d_AYW1156_pool01xa,33,Processed,T1,pool01x,Unknown,,B:D1,,,131142,2145282,11.92,0.17,C8H18N4O2,M+H,N/A,N/A,N/A,N/A,203.151,203.1504,-3.1498 (ppm),0,0,N/A,Method,True,False,N/A,N/A,N/A,,,Pass,N/A,N/A,N/A,N/A,Confirmed,N/A,N/A,N/A,N/A,,,,,,,,INF,N/A,1750435.44,,
asymmetric dimethylarginine,11.75,Target Compound,20240709_QE2_HILIC_BCSCuAOXq2d_AYW1156_pool01xb,34,Processed,T1,pool01x,Unknown,,B:D1,,,112748,2026529,11.99,0.24,C8H18N4O2,M+H,N/A,N/A,N/A,N/A,203.151,203.1502,-4.1263 (ppm),0,0,N/A,Method,True,False,N/A,N/A,N/A,,,Pass,N/A,N/A,N/A,N/A,Confirmed,N/A,N/A,N/A,N/A,,,,,,,,INF,N/A,1750435.44,,
asymmetric dimethylarginine,11.75,Target Compound,20240709_QE2_HILIC_BCSCuAOXq2d_AYW1156_pool01xc,35,Processed,T1,pool01x,Unknown,,B:D1,,,89374,1552193,11.87,0.12,C8H18N4O2,M+H,N/A,N/A,N/A,N/A,203.151,203.1505,-2.3987 (ppm),0,0,N/A,Method,True,False,N/A,N/A,N/A,,,Pass,N/A,N/A,N/A,N/A,Confirmed,N/A,N/A,N/A,N/A,,,,,,,,INF,N/A,1750435.44,,
asymmetric dimethylarginine,11.75,Target Compound,20240709_QE2_HILIC_BCSCuAOXq2d_AYW1156_pool01xd,36,Processed,T1,pool01x,Unknown,,B:D1,,,83225,1277737,11.92,0.17,C8H18N4O2,M+H,N/A,N/A,N/A,N/A,203.151,203.1503,-3.3752 (ppm),0,0,N/A,Method,True,False,N/A,N/A,N/A,,,Pass,N/A,N/A,N/A,N/A,Confirmed,N/A,N/A,N/A,N/A,,,,,,,,INF,N/A,1750435.44,,
asymmetric dimethylarginine,11.75,Target Compound,20240709_QE2_HILIC_BCSCuAOXq2d_blank1,37,Processed,T1,,Unknown,,B:A1,,,N/F,N/F,N/F,N/F,C8H18N4O2,N/A,N/F,N/A,N/F,N/A,203.151,N/F,N/F,N/F,0,N/A,Method,True,False,N/A,N/A,N/A,,,Fail,N/A,N/A,N/A,N/A,NotFound,N/A,N/A,N/A,N/A,,,,,,,,N/A,N/A,1.00,,
asymmetric dimethylarginine,11.75,Target Compound,20240709_QE2_HILIC_BCSCuAOXq2d_blank1_20240710111342,38,Processed,T1,,Unknown,,B:A1,,,N/F,N/F,N/F,N/F,C8H18N4O2,N/A,N/F,N/A,N/F,N/A,203.151,N/F,N/F,N/F,0,N/A,Method,True,False,N/A,N/A,N/A,,,Fail,N/A,N/A,N/A,N/A,NotFound,N/A,N/A,N/A,N/A,,,,,,,,N/A,N/A,1.00,,
asymmetric dimethylarginine,11.75,Target Compound,20240709_QE2_HILIC_BCSCuAOXq2d_blank1_20240710231833,39,Processed,T1,,Unknown,,B:A1,,,N/F,N/F,N/F,N/F,C8H18N4O2,N/A,N/F,N/A,N/F,N/A,203.151,N/F,N/F,N/F,0,N/A,Method,True,False,N/A,N/A,N/A,,,Fail,N/A,N/A,N/A,N/A,NotFound,N/A,N/A,N/A,N/A,,,,,,,,N/A,N/A,1.00,,
asymmetric dimethylarginine,11.75,Target Compound,20240709_QE2_HILIC_BCSCuAOXq2d_blank2,40,Processed,T1,,Unknown,,B:A1,,,N/F,N/F,N/F,N/F,C8H18N4O2,N/A,N/F,N/A,N/F,N/A,203.151,N/F,N/F,N/F,0,N/A,Method,True,False,N/A,N/A,N/A,,,Fail,N/A,N/A,N/A,N/A,NotFound,N/A,N/A,N/A,N/A,,,,,,,,N/A,N/A,1.00,,
asymmetric dimethylarginine,11.75,Target Compound,20240709_QE2_HILIC_BCSCuAOXq2d_blank2_20240710115054,41,Processed,T1,,Unknown,,B:A1,,,N/F,N/F,N/F,N/F,C8H18N4O2,N/A,N/F,N/A,N/F,N/A,203.151,N/F,N/F,N/F,0,N/A,Method,True,False,N/A,N/A,N/A,,,Fail,N/A,N/A,N/A,N/A,NotFound,N/A,N/A,N/A,N/A,,,,,,,,N/A,N/A,1.00,,
asymmetric dimethylarginine,11.75,Target Compound,20240709_QE2_HILIC_BCSCuAOXq2d_blank2_20240710235116,42,Processed,T1,,Unknown,,B:A1,,,N/F,N/F,N/F,N/F,C8H18N4O2,N/A,N/F,N/A,N/F,N/A,203.151,N/F,N/F,N/F,0,N/A,Method,True,False,N/A,N/A,N/A,,,Fail,N/A,N/A,N/A,N/A,NotFound,N/A,N/A,N/A,N/A,,,,,,,,N/A,N/A,1.00,,
