﻿Compound,RT,Type,Filename,Batch Order,Status,Peak Label,Group,Sample Type,Level,Sample ID,Sample Name,Comments,Height,Area,Actual RT,RT Delta,Formula,Adduct,Calculated Amt,Theoretical Amt,Sample Amt,Std Add Amount,m/z (Expected),m/z (Apex),m/z (Delta),Response Ratio,ISTD Amt,ISTD Response,Integration Mode,Active,Excluded,%Diff,%RSD,% CV,Channel,Final Units,PK,IR,IP,LS,FI,Confirm,Isotopic Pattern Score (%),Num Isotopes Matched,Lib Match Name,Library Score (%),Library Match Rank,SI/Dot Product,RSI/Rev Dot,Modification,Protein Name,Peptide Sequence,Ion Type,S/N,Ion Ratio,Group Average,Relative RT,Flag Details
CTP,12.31,Target Compound,20240709_QE2_HILIC_BCSCuAOXq2d_AYW1130,1,Processed,T1,1V,Unknown,,B:A2,,,1103626,20173449,12.5,0.19,C9H16N3O14P3,M-H,N/A,N/A,N/A,N/A,481.9772,481.9773,.2603 (ppm),0,0,N/A,Method,True,False,N/A,N/A,N/A,,,Pass,N/A,N/A,N/A,N/A,Confirmed,N/A,N/A,N/A,N/A,,,,,,,,INF,N/A,19595696.62,,
CTP,12.31,Target Compound,20240709_QE2_HILIC_BCSCuAOXq2d_AYW1131,2,Processed,T1,1V,Unknown,,B:A3,,,981631,18810579,12.49,0.18,C9H16N3O14P3,M-H,N/A,N/A,N/A,N/A,481.9772,481.9773,.1336 (ppm),0,0,N/A,Method,True,False,N/A,N/A,N/A,,,Pass,N/A,N/A,N/A,N/A,Confirmed,N/A,N/A,N/A,N/A,,,,,,,,INF,N/A,19595696.62,,
CTP,12.31,Target Compound,20240709_QE2_HILIC_BCSCuAOXq2d_AYW1132,3,Processed,T1,1V,Unknown,,B:A4,,,1009439,19803062,12.5,0.19,C9H16N3O14P3,M-H,N/A,N/A,N/A,N/A,481.9772,481.9775,.6402 (ppm),0,0,N/A,Method,True,False,N/A,N/A,N/A,,,Pass,N/A,N/A,N/A,N/A,Confirmed,N/A,N/A,N/A,N/A,,,,,,,,INF,N/A,19595696.62,,
CTP,12.31,Target Compound,20240709_QE2_HILIC_BCSCuAOXq2d_AYW1133,4,Processed,T1,2B,Unknown,,B:A5,,,975250,18718113,12.51,0.20,C9H16N3O14P3,M-H,N/A,N/A,N/A,N/A,481.9772,481.9774,.4502 (ppm),0,0,N/A,Method,True,False,N/A,N/A,N/A,,,Pass,N/A,N/A,N/A,N/A,Confirmed,N/A,N/A,N/A,N/A,,,,,,,,INF,N/A,22856390.92,,
CTP,12.31,Target Compound,20240709_QE2_HILIC_BCSCuAOXq2d_AYW1134,5,Processed,T1,2B,Unknown,,B:A6,,,1263867,24787744,12.51,0.20,C9H16N3O14P3,M-H,N/A,N/A,N/A,N/A,481.9772,481.9772,-.0563 (ppm),0,0,N/A,Method,True,False,N/A,N/A,N/A,,,Pass,N/A,N/A,N/A,N/A,Confirmed,N/A,N/A,N/A,N/A,,,,,,,,INF,N/A,22856390.92,,
CTP,12.31,Target Compound,20240709_QE2_HILIC_BCSCuAOXq2d_AYW1135,6,Processed,T1,2B,Unknown,,B:A7,,,1320138,25063316,12.5,0.19,C9H16N3O14P3,M-H,N/A,N/A,N/A,N/A,481.9772,481.9772,.0070 (ppm),0,0,N/A,Method,True,False,N/A,N/A,N/A,,,Pass,N/A,N/A,N/A,N/A,Confirmed,N/A,N/A,N/A,N/A,,,,,,,,INF,N/A,22856390.92,,
CTP,12.31,Target Compound,20240709_QE2_HILIC_BCSCuAOXq2d_AYW1136,7,Processed,T1,3C,Unknown,,B:A8,,,2036620,35286729,12.47,0.16,C9H16N3O14P3,M-H,N/A,N/A,N/A,N/A,481.9772,481.9774,.5135 (ppm),0,0,N/A,Method,True,False,N/A,N/A,N/A,,,Pass,N/A,N/A,N/A,N/A,Confirmed,N/A,N/A,N/A,N/A,,,,,,,,INF,N/A,26841208.31,,
CTP,12.31,Target Compound,20240709_QE2_HILIC_BCSCuAOXq2d_AYW1137,8,Processed,T1,3C,Unknown,,B:A9,,,1668936,29920481,12.48,0.17,C9H16N3O14P3,M-H,N/A,N/A,N/A,N/A,481.9772,481.9772,.0070 (ppm),0,0,N/A,Method,True,False,N/A,N/A,N/A,,,Pass,N/A,N/A,N/A,N/A,Confirmed,N/A,N/A,N/A,N/A,,,,,,,,INF,N/A,26841208.31,,
CTP,12.31,Target Compound,20240709_QE2_HILIC_BCSCuAOXq2d_AYW1138,9,Processed,T1,3C,Unknown,,B:B1,,,761312,15316415,12.5,0.19,C9H16N3O14P3,M-H,N/A,N/A,N/A,N/A,481.9772,481.9774,.5135 (ppm),0,0,N/A,Method,True,False,N/A,N/A,N/A,,,Pass,N/A,N/A,N/A,N/A,Confirmed,N/A,N/A,N/A,N/A,,,,,,,,INF,N/A,26841208.31,,
CTP,12.31,Target Compound,20240709_QE2_HILIC_BCSCuAOXq2d_AYW1139,10,Processed,T1,4BC,Unknown,,B:B2,,,1436366,26825790,12.48,0.17,C9H16N3O14P3,M-H,N/A,N/A,N/A,N/A,481.9772,481.9774,.5135 (ppm),0,0,N/A,Method,True,False,N/A,N/A,N/A,,,Pass,N/A,N/A,N/A,N/A,Confirmed,N/A,N/A,N/A,N/A,,,,,,,,INF,N/A,27571552.65,N/A,
CTP,12.31,Target Compound,20240709_QE2_HILIC_BCSCuAOXq2d_AYW1140,11,Processed,T1,4BC,Unknown,,B:B3,,,1488528,28066165,12.48,0.17,C9H16N3O14P3,M-H,N/A,N/A,N/A,N/A,481.9772,481.9775,.5768 (ppm),0,0,N/A,Method,True,False,N/A,N/A,N/A,,,Pass,N/A,N/A,N/A,N/A,Confirmed,N/A,N/A,N/A,N/A,,,,,,,,INF,N/A,27571552.65,,
CTP,12.31,Target Compound,20240709_QE2_HILIC_BCSCuAOXq2d_AYW1141,12,Processed,T1,4BC,Unknown,,B:B4,,,1508420,27822703,12.5,0.19,C9H16N3O14P3,M-H,N/A,N/A,N/A,N/A,481.9772,481.9774,.3236 (ppm),0,0,N/A,Method,True,False,N/A,N/A,N/A,,,Pass,N/A,N/A,N/A,N/A,Confirmed,N/A,N/A,N/A,N/A,,,,,,,,INF,N/A,27571552.65,,
CTP,12.31,Target Compound,20240709_QE2_HILIC_BCSCuAOXq2d_AYW1142,13,Processed,T1,5RV,Unknown,,B:B5,,,1399694,25100789,12.48,0.17,C9H16N3O14P3,M-H,N/A,N/A,N/A,N/A,481.9772,481.9775,.5768 (ppm),0,0,N/A,Method,True,False,N/A,N/A,N/A,,,Pass,N/A,N/A,N/A,N/A,Confirmed,N/A,N/A,N/A,N/A,,,,,,,,INF,N/A,26645010.28,N/A,
CTP,12.31,Target Compound,20240709_QE2_HILIC_BCSCuAOXq2d_AYW1143,14,Processed,T1,5RV,Unknown,,B:B6,,,1741636,31439780,12.5,0.19,C9H16N3O14P3,M-H,N/A,N/A,N/A,N/A,481.9772,481.9773,.1336 (ppm),0,0,N/A,Method,True,False,N/A,N/A,N/A,,,Pass,N/A,N/A,N/A,N/A,Confirmed,N/A,N/A,N/A,N/A,,,,,,,,INF,N/A,26645010.28,,
CTP,12.31,Target Compound,20240709_QE2_HILIC_BCSCuAOXq2d_AYW1144,15,Processed,T1,5RV,Unknown,,B:B7,,,1458993,23394461,12.49,0.18,C9H16N3O14P3,M-H,N/A,N/A,N/A,N/A,481.9772,481.9776,.8301 (ppm),0,0,N/A,Method,True,False,N/A,N/A,N/A,,,Pass,N/A,N/A,N/A,N/A,Confirmed,N/A,N/A,N/A,N/A,,,,,,,,INF,N/A,26645010.28,,
CTP,12.31,Target Compound,20240709_QE2_HILIC_BCSCuAOXq2d_AYW1145,16,Processed,T1,6RB,Unknown,,B:B8,,,1040792,18707351,12.49,0.18,C9H16N3O14P3,M-H,N/A,N/A,N/A,N/A,481.9772,481.9775,.6402 (ppm),0,0,N/A,Method,True,False,N/A,N/A,N/A,,,Pass,N/A,N/A,N/A,N/A,Confirmed,N/A,N/A,N/A,N/A,,,,,,,,INF,N/A,15635088.90,,
CTP,12.31,Target Compound,20240709_QE2_HILIC_BCSCuAOXq2d_AYW1146,17,Processed,T1,6RB,Unknown,,B:B9,,,783791,14531745,12.5,0.19,C9H16N3O14P3,M-H,N/A,N/A,N/A,N/A,481.9772,481.9776,.7668 (ppm),0,0,N/A,Method,True,False,N/A,N/A,N/A,,,Pass,N/A,N/A,N/A,N/A,Confirmed,N/A,N/A,N/A,N/A,,,,,,,,INF,N/A,15635088.90,,
CTP,12.31,Target Compound,20240709_QE2_HILIC_BCSCuAOXq2d_AYW1147,18,Processed,T1,6RB,Unknown,,B:C1,,,647970,13666171,12.47,0.16,C9H16N3O14P3,M-H,N/A,N/A,N/A,N/A,481.9772,481.9775,.7035 (ppm),0,0,N/A,Method,True,False,N/A,N/A,N/A,,,Pass,N/A,N/A,N/A,N/A,Confirmed,N/A,N/A,N/A,N/A,,,,,,,,INF,N/A,15635088.90,,
CTP,12.31,Target Compound,20240709_QE2_HILIC_BCSCuAOXq2d_AYW1148,19,Processed,T1,7RV,Unknown,,B:C2,,,1432976,27021788,12.49,0.18,C9H16N3O14P3,M-H,N/A,N/A,N/A,N/A,481.9772,481.9773,.2603 (ppm),0,0,N/A,Method,True,False,N/A,N/A,N/A,,,Pass,N/A,N/A,N/A,N/A,Confirmed,N/A,N/A,N/A,N/A,,,,,,,,INF,N/A,24132881.06,,
CTP,12.31,Target Compound,20240709_QE2_HILIC_BCSCuAOXq2d_AYW1149,20,Processed,T1,7RV,Unknown,,B:C3,,,1290964,25749919,12.49,0.18,C9H16N3O14P3,M-H,N/A,N/A,N/A,N/A,481.9772,481.9772,.0703 (ppm),0,0,N/A,Method,True,False,N/A,N/A,N/A,,,Pass,N/A,N/A,N/A,N/A,Confirmed,N/A,N/A,N/A,N/A,,,,,,,,INF,N/A,24132881.06,,
CTP,12.31,Target Compound,20240709_QE2_HILIC_BCSCuAOXq2d_AYW1150,21,Processed,T1,7RV,Unknown,,B:C4,,,1097349,19626936,12.48,0.17,C9H16N3O14P3,M-H,N/A,N/A,N/A,N/A,481.9772,481.9772,.0703 (ppm),0,0,N/A,Method,True,False,N/A,N/A,N/A,,,Pass,N/A,N/A,N/A,N/A,Confirmed,N/A,N/A,N/A,N/A,,,,,,,,INF,N/A,24132881.06,,
CTP,12.31,Target Compound,20240709_QE2_HILIC_BCSCuAOXq2d_AYW1151,22,Processed,T1,8RB,Unknown,,B:C5,,,1250633,24570396,12.54,0.23,C9H16N3O14P3,M-H,N/A,N/A,N/A,N/A,481.9772,481.9773,.2603 (ppm),0,0,N/A,Method,True,False,N/A,N/A,N/A,,,Pass,N/A,N/A,N/A,N/A,Confirmed,N/A,N/A,N/A,N/A,,,,,,,,INF,N/A,26827004.97,,
CTP,12.31,Target Compound,20240709_QE2_HILIC_BCSCuAOXq2d_AYW1152,23,Processed,T1,8RB,Unknown,,B:C6,,,1321825,25477202,12.47,0.16,C9H16N3O14P3,M-H,N/A,N/A,N/A,N/A,481.9772,481.9774,.4502 (ppm),0,0,N/A,Method,True,False,N/A,N/A,N/A,,,Pass,N/A,N/A,N/A,N/A,Confirmed,N/A,N/A,N/A,N/A,,,,,,,,INF,N/A,26827004.97,,
CTP,12.31,Target Compound,20240709_QE2_HILIC_BCSCuAOXq2d_AYW1153,24,Processed,T1,8RB,Unknown,,B:C7,,,1681794,30433417,12.48,0.17,C9H16N3O14P3,M-H,N/A,N/A,N/A,N/A,481.9772,481.9776,.7668 (ppm),0,0,N/A,Method,True,False,N/A,N/A,N/A,,,Pass,N/A,N/A,N/A,N/A,Confirmed,N/A,N/A,N/A,N/A,,,,,,,,INF,N/A,26827004.97,,
CTP,12.31,Target Compound,20240709_QE2_HILIC_BCSCuAOXq2d_AYW1154_pool1xa,25,Processed,T1,pool1x,Unknown,,B:C8,,,1340238,24147024,12.46,0.15,C9H16N3O14P3,M-H,N/A,N/A,N/A,N/A,481.9772,481.977,-.3729 (ppm),0,0,N/A,Method,True,False,N/A,N/A,N/A,,,Pass,N/A,N/A,N/A,N/A,Confirmed,N/A,N/A,N/A,N/A,,,,,,,,INF,N/A,24282672.34,,
CTP,12.31,Target Compound,20240709_QE2_HILIC_BCSCuAOXq2d_AYW1154_pool1xb,26,Processed,T1,pool1x,Unknown,,B:C8,,,1456923,26039256,12.49,0.18,C9H16N3O14P3,M-H,N/A,N/A,N/A,N/A,481.9772,481.9773,.1969 (ppm),0,0,N/A,Method,True,False,N/A,N/A,N/A,,,Pass,N/A,N/A,N/A,N/A,Confirmed,N/A,N/A,N/A,N/A,,,,,,,,INF,N/A,24282672.34,,
CTP,12.31,Target Compound,20240709_QE2_HILIC_BCSCuAOXq2d_AYW1154_pool1xc,27,Processed,T1,pool1x,Unknown,,B:C8,,,1224730,21988274,12.49,0.18,C9H16N3O14P3,M-H,N/A,N/A,N/A,N/A,481.9772,481.9774,.5135 (ppm),0,0,N/A,Method,True,False,N/A,N/A,N/A,,,Pass,N/A,N/A,N/A,N/A,Confirmed,N/A,N/A,N/A,N/A,,,,,,,,INF,N/A,24282672.34,,
CTP,12.31,Target Compound,20240709_QE2_HILIC_BCSCuAOXq2d_AYW1154_pool1xd,28,Processed,T1,pool1x,Unknown,,B:C8,,,1295972,24956135,12.5,0.19,C9H16N3O14P3,M-H,N/A,N/A,N/A,N/A,481.9772,481.9774,.4502 (ppm),0,0,N/A,Method,True,False,N/A,N/A,N/A,,,Pass,N/A,N/A,N/A,N/A,Confirmed,N/A,N/A,N/A,N/A,,,,,,,,INF,N/A,24282672.34,,
CTP,12.31,Target Compound,20240709_QE2_HILIC_BCSCuAOXq2d_AYW1155_pool033xa,29,Processed,T1,pool033x,Unknown,,B:C9,,,305204,7698132,12.58,0.27,C9H16N3O14P3,M-H,N/A,N/A,N/A,N/A,481.9772,481.9774,.3869 (ppm),0,0,N/A,Method,True,False,N/A,N/A,N/A,,,Pass,N/A,N/A,N/A,N/A,Confirmed,N/A,N/A,N/A,N/A,,,,,,,,INF,N/A,6493051.28,,
CTP,12.31,Target Compound,20240709_QE2_HILIC_BCSCuAOXq2d_AYW1155_pool033xb,30,Processed,T1,pool033x,Unknown,,B:C9,,,342015,6430824,12.54,0.23,C9H16N3O14P3,M-H,N/A,N/A,N/A,N/A,481.9772,481.9774,.4502 (ppm),0,0,N/A,Method,True,False,N/A,N/A,N/A,,,Pass,N/A,N/A,N/A,N/A,Confirmed,N/A,N/A,N/A,N/A,,,,,,,,INF,N/A,6493051.28,,
CTP,12.31,Target Compound,20240709_QE2_HILIC_BCSCuAOXq2d_AYW1155_pool033xc,31,Processed,T1,pool033x,Unknown,,B:C9,,,267966,4955319,12.49,0.18,C9H16N3O14P3,M-H,N/A,N/A,N/A,N/A,481.9772,481.9778,1.2733 (ppm),0,0,N/A,Method,True,False,N/A,N/A,N/A,,,Pass,N/A,N/A,N/A,N/A,Confirmed,N/A,N/A,N/A,N/A,,,,,,,,INF,N/A,6493051.28,,
CTP,12.31,Target Compound,20240709_QE2_HILIC_BCSCuAOXq2d_AYW1155_pool033xd,32,Processed,T1,pool033x,Unknown,,B:C9,,,283867,6887930,12.48,0.17,C9H16N3O14P3,M-H,N/A,N/A,N/A,N/A,481.9772,481.978,1.5899 (ppm),0,0,N/A,Method,True,False,N/A,N/A,N/A,,,Pass,N/A,N/A,N/A,N/A,Confirmed,N/A,N/A,N/A,N/A,,,,,,,,INF,N/A,6493051.28,,
CTP,12.31,Target Compound,20240709_QE2_HILIC_BCSCuAOXq2d_AYW1156_pool01xa,33,Processed,T1,pool01x,Unknown,,B:D1,,,80020,1861793,12.49,0.18,C9H16N3O14P3,M-H,N/A,N/A,N/A,N/A,481.9772,481.9775,.7035 (ppm),0,0,N/A,Manual,True,False,N/A,N/A,N/A,,,Pass,N/A,N/A,N/A,N/A,Confirmed,N/A,N/A,N/A,N/A,,,,,,,,326876446759535000.00,N/A,1536643.87,,
CTP,12.31,Target Compound,20240709_QE2_HILIC_BCSCuAOXq2d_AYW1156_pool01xb,34,Processed,T1,pool01x,Unknown,,B:D1,,,74282,1617474,12.51,0.20,C9H16N3O14P3,M-H,N/A,N/A,N/A,N/A,481.9772,481.9761,-2.2091 (ppm),0,0,N/A,Method,True,False,N/A,N/A,N/A,,,Pass,N/A,N/A,N/A,N/A,Confirmed,N/A,N/A,N/A,N/A,,,,,,,,INF,N/A,1536643.87,,
CTP,12.31,Target Compound,20240709_QE2_HILIC_BCSCuAOXq2d_AYW1156_pool01xc,35,Processed,T1,pool01x,Unknown,,B:D1,,,64997,1259937,12.55,0.24,C9H16N3O14P3,M-H,N/A,N/A,N/A,N/A,481.9772,481.9776,.7668 (ppm),0,0,N/A,Method,True,False,N/A,N/A,N/A,,,Pass,N/A,N/A,N/A,N/A,Confirmed,N/A,N/A,N/A,N/A,,,,,,,,INF,N/A,1536643.87,,
CTP,12.31,Target Compound,20240709_QE2_HILIC_BCSCuAOXq2d_AYW1156_pool01xd,36,Processed,T1,pool01x,Unknown,,B:D1,,,58829,1407372,12.53,0.22,C9H16N3O14P3,M-H,N/A,N/A,N/A,N/A,481.9772,481.9776,.8934 (ppm),0,0,N/A,Method,True,False,N/A,N/A,N/A,,,Pass,N/A,N/A,N/A,N/A,Confirmed,N/A,N/A,N/A,N/A,,,,,,,,INF,N/A,1536643.87,,
CTP,12.31,Target Compound,20240709_QE2_HILIC_BCSCuAOXq2d_blank1,37,Processed,T1,,Unknown,,B:A1,,,N/F,N/F,N/F,N/F,C9H16N3O14P3,N/A,N/F,N/A,N/F,N/A,481.9772,N/F,N/F,N/F,0,N/A,Method,True,False,N/A,N/A,N/A,,,Fail,N/A,N/A,N/A,N/A,NotFound,N/A,N/A,N/A,N/A,,,,,,,,N/A,N/A,1.00,,
CTP,12.31,Target Compound,20240709_QE2_HILIC_BCSCuAOXq2d_blank1_20240710111342,38,Processed,T1,,Unknown,,B:A1,,,N/F,N/F,N/F,N/F,C9H16N3O14P3,N/A,N/F,N/A,N/F,N/A,481.9772,N/F,N/F,N/F,0,N/A,Method,True,False,N/A,N/A,N/A,,,Fail,N/A,N/A,N/A,N/A,NotFound,N/A,N/A,N/A,N/A,,,,,,,,N/A,N/A,1.00,,
CTP,12.31,Target Compound,20240709_QE2_HILIC_BCSCuAOXq2d_blank1_20240710231833,39,Processed,T1,,Unknown,,B:A1,,,N/F,N/F,N/F,N/F,C9H16N3O14P3,N/A,N/F,N/A,N/F,N/A,481.9772,N/F,N/F,N/F,0,N/A,Method,True,False,N/A,N/A,N/A,,,Fail,N/A,N/A,N/A,N/A,NotFound,N/A,N/A,N/A,N/A,,,,,,,,N/A,N/A,1.00,,
CTP,12.31,Target Compound,20240709_QE2_HILIC_BCSCuAOXq2d_blank2,40,Processed,T1,,Unknown,,B:A1,,,N/F,N/F,N/F,N/F,C9H16N3O14P3,N/A,N/F,N/A,N/F,N/A,481.9772,N/F,N/F,N/F,0,N/A,Method,True,False,N/A,N/A,N/A,,,Fail,N/A,N/A,N/A,N/A,NotFound,N/A,N/A,N/A,N/A,,,,,,,,N/A,N/A,1.00,,
CTP,12.31,Target Compound,20240709_QE2_HILIC_BCSCuAOXq2d_blank2_20240710115054,41,Processed,T1,,Unknown,,B:A1,,,N/F,N/F,N/F,N/F,C9H16N3O14P3,N/A,N/F,N/A,N/F,N/A,481.9772,N/F,N/F,N/F,0,N/A,Method,True,False,N/A,N/A,N/A,,,Fail,N/A,N/A,N/A,N/A,NotFound,N/A,N/A,N/A,N/A,,,,,,,,N/A,N/A,1.00,,
CTP,12.31,Target Compound,20240709_QE2_HILIC_BCSCuAOXq2d_blank2_20240710235116,42,Processed,T1,,Unknown,,B:A1,,,N/F,N/F,N/F,N/F,C9H16N3O14P3,N/A,N/F,N/A,N/F,N/A,481.9772,N/F,N/F,N/F,0,N/A,Method,True,False,N/A,N/A,N/A,,,Fail,N/A,N/A,N/A,N/A,NotFound,N/A,N/A,N/A,N/A,,,,,,,,N/A,N/A,1.00,,
