﻿Compound,RT,Type,Filename,Batch Order,Status,Peak Label,Group,Sample Type,Level,Sample ID,Sample Name,Comments,Height,Area,Actual RT,RT Delta,Formula,Adduct,Calculated Amt,Theoretical Amt,Sample Amt,Std Add Amount,m/z (Expected),m/z (Apex),m/z (Delta),Response Ratio,ISTD Amt,ISTD Response,Integration Mode,Active,Excluded,%Diff,%RSD,% CV,Channel,Final Units,PK,IR,IP,LS,FI,Confirm,Isotopic Pattern Score (%),Num Isotopes Matched,Lib Match Name,Library Score (%),Library Match Rank,SI/Dot Product,RSI/Rev Dot,Modification,Protein Name,Peptide Sequence,Ion Type,S/N,Ion Ratio,Group Average,Relative RT,Flag Details
2-oxobutyric_acid_unc,3.73,Target Compound,20240709_QE2_HILIC_BCSCuAOXq2d_AYW1130,1,Processed,T1,1V,Unknown,,B:A2,,,907212,11106117,3.65,-0.08,C4H6O3,M-H,N/A,N/A,N/A,N/A,101.0244,101.0244,-.2384 (ppm),0,0,N/A,Method,True,False,N/A,N/A,N/A,,,Pass,N/A,N/A,N/A,N/A,Confirmed,N/A,N/A,N/A,N/A,,,,,,,,INF,N/A,15167532.25,,
2-oxobutyric_acid_unc,3.73,Target Compound,20240709_QE2_HILIC_BCSCuAOXq2d_AYW1131,2,Processed,T1,1V,Unknown,,B:A3,,,1267024,15577089,3.62,-0.11,C4H6O3,M-H,N/A,N/A,N/A,N/A,101.0244,101.0244,-.3894 (ppm),0,0,N/A,Method,True,False,N/A,N/A,N/A,,,Pass,N/A,N/A,N/A,N/A,Confirmed,N/A,N/A,N/A,N/A,,,,,,,,INF,N/A,15167532.25,,
2-oxobutyric_acid_unc,3.73,Target Compound,20240709_QE2_HILIC_BCSCuAOXq2d_AYW1132,3,Processed,T1,1V,Unknown,,B:A4,,,1420824,18819391,3.64,-0.09,C4H6O3,M-H,N/A,N/A,N/A,N/A,101.0244,101.0244,-.0874 (ppm),0,0,N/A,Manual,True,False,N/A,N/A,N/A,,,Pass,N/A,N/A,N/A,N/A,Confirmed,N/A,N/A,N/A,N/A,,,,,,,,15.26,N/A,15167532.25,,
2-oxobutyric_acid_unc,3.73,Target Compound,20240709_QE2_HILIC_BCSCuAOXq2d_AYW1133,4,Processed,T1,2B,Unknown,,B:A5,,,1228607,16120844,3.65,-0.08,C4H6O3,M-H,N/A,N/A,N/A,N/A,101.0244,101.0244,-.4650 (ppm),0,0,N/A,Method,True,False,N/A,N/A,N/A,,,Pass,N/A,N/A,N/A,N/A,Confirmed,N/A,N/A,N/A,N/A,,,,,,,,INF,N/A,16627594.59,,
2-oxobutyric_acid_unc,3.73,Target Compound,20240709_QE2_HILIC_BCSCuAOXq2d_AYW1134,5,Processed,T1,2B,Unknown,,B:A6,,,1500061,17345416,3.66,-0.07,C4H6O3,M-H,N/A,N/A,N/A,N/A,101.0244,101.0243,-.7670 (ppm),0,0,N/A,Method,True,False,N/A,N/A,N/A,,,Pass,N/A,N/A,N/A,N/A,Confirmed,N/A,N/A,N/A,N/A,,,,,,,,INF,N/A,16627594.59,,
2-oxobutyric_acid_unc,3.73,Target Compound,20240709_QE2_HILIC_BCSCuAOXq2d_AYW1135,6,Processed,T1,2B,Unknown,,B:A7,,,1341169,16416524,3.64,-0.09,C4H6O3,M-H,N/A,N/A,N/A,N/A,101.0244,101.0244,.0637 (ppm),0,0,N/A,Method,True,False,N/A,N/A,N/A,,,Pass,N/A,N/A,N/A,N/A,Confirmed,N/A,N/A,N/A,N/A,,,,,,,,INF,N/A,16627594.59,,
2-oxobutyric_acid_unc,3.73,Target Compound,20240709_QE2_HILIC_BCSCuAOXq2d_AYW1136,7,Processed,T1,3C,Unknown,,B:A8,,,1060613,13332511,3.65,-0.08,C4H6O3,M-H,N/A,N/A,N/A,N/A,101.0244,101.0243,-.7670 (ppm),0,0,N/A,Method,True,False,N/A,N/A,N/A,,,Pass,N/A,N/A,N/A,N/A,Confirmed,N/A,N/A,N/A,N/A,,,,,,,,INF,N/A,14485894.57,,
2-oxobutyric_acid_unc,3.73,Target Compound,20240709_QE2_HILIC_BCSCuAOXq2d_AYW1137,8,Processed,T1,3C,Unknown,,B:A9,,,1512481,16545094,3.64,-0.09,C4H6O3,M-H,N/A,N/A,N/A,N/A,101.0244,101.0243,-.6160 (ppm),0,0,N/A,Method,True,False,N/A,N/A,N/A,,,Pass,N/A,N/A,N/A,N/A,Confirmed,N/A,N/A,N/A,N/A,,,,,,,,INF,N/A,14485894.57,,
2-oxobutyric_acid_unc,3.73,Target Compound,20240709_QE2_HILIC_BCSCuAOXq2d_AYW1138,9,Processed,T1,3C,Unknown,,B:B1,,,1135680,13580079,3.65,-0.08,C4H6O3,M-H,N/A,N/A,N/A,N/A,101.0244,101.0244,.0637 (ppm),0,0,N/A,Method,True,False,N/A,N/A,N/A,,,Pass,N/A,N/A,N/A,N/A,Confirmed,N/A,N/A,N/A,N/A,,,,,,,,INF,N/A,14485894.57,,
2-oxobutyric_acid_unc,3.73,Target Compound,20240709_QE2_HILIC_BCSCuAOXq2d_AYW1139,10,Processed,T1,4BC,Unknown,,B:B2,,,1347870,15360118,3.65,-0.08,C4H6O3,M-H,N/A,N/A,N/A,N/A,101.0244,101.0244,-.1629 (ppm),0,0,N/A,Method,True,False,N/A,N/A,N/A,,,Pass,N/A,N/A,N/A,N/A,Confirmed,N/A,N/A,N/A,N/A,,,,,,,,INF,N/A,13754566.79,N/A,
2-oxobutyric_acid_unc,3.73,Target Compound,20240709_QE2_HILIC_BCSCuAOXq2d_AYW1140,11,Processed,T1,4BC,Unknown,,B:B3,,,870483,11371682,3.65,-0.08,C4H6O3,M-H,N/A,N/A,N/A,N/A,101.0244,101.0244,-.3139 (ppm),0,0,N/A,Method,True,False,N/A,N/A,N/A,,,Pass,N/A,N/A,N/A,N/A,Confirmed,N/A,N/A,N/A,N/A,,,,,,,,INF,N/A,13754566.79,,
2-oxobutyric_acid_unc,3.73,Target Compound,20240709_QE2_HILIC_BCSCuAOXq2d_AYW1141,12,Processed,T1,4BC,Unknown,,B:B4,,,1203911,14531901,3.64,-0.09,C4H6O3,M-H,N/A,N/A,N/A,N/A,101.0244,101.0243,-.5405 (ppm),0,0,N/A,Method,True,False,N/A,N/A,N/A,,,Pass,N/A,N/A,N/A,N/A,Confirmed,N/A,N/A,N/A,N/A,,,,,,,,INF,N/A,13754566.79,,
2-oxobutyric_acid_unc,3.73,Target Compound,20240709_QE2_HILIC_BCSCuAOXq2d_AYW1142,13,Processed,T1,5RV,Unknown,,B:B5,,,1329119,15790229,3.66,-0.07,C4H6O3,M-H,N/A,N/A,N/A,N/A,101.0244,101.0244,.2147 (ppm),0,0,N/A,Method,True,False,N/A,N/A,N/A,,,Pass,N/A,N/A,N/A,N/A,Confirmed,N/A,N/A,N/A,N/A,,,,,,,,INF,N/A,15262737.94,N/A,
2-oxobutyric_acid_unc,3.73,Target Compound,20240709_QE2_HILIC_BCSCuAOXq2d_AYW1143,14,Processed,T1,5RV,Unknown,,B:B6,,,1489782,17587999,3.65,-0.08,C4H6O3,M-H,N/A,N/A,N/A,N/A,101.0244,101.0244,-.0118 (ppm),0,0,N/A,Method,True,False,N/A,N/A,N/A,,,Pass,N/A,N/A,N/A,N/A,Confirmed,N/A,N/A,N/A,N/A,,,,,,,,INF,N/A,15262737.94,,
2-oxobutyric_acid_unc,3.73,Target Compound,20240709_QE2_HILIC_BCSCuAOXq2d_AYW1144,15,Processed,T1,5RV,Unknown,,B:B7,,,950105,12409986,3.62,-0.11,C4H6O3,M-H,N/A,N/A,N/A,N/A,101.0244,101.0244,-.3894 (ppm),0,0,N/A,Manual,True,False,N/A,N/A,N/A,,,Pass,N/A,N/A,N/A,N/A,Confirmed,N/A,N/A,N/A,N/A,,,,,,,,12.84,N/A,15262737.94,,
2-oxobutyric_acid_unc,3.73,Target Compound,20240709_QE2_HILIC_BCSCuAOXq2d_AYW1145,16,Processed,T1,6RB,Unknown,,B:B8,,,1332316,14766615,3.62,-0.11,C4H6O3,M-H,N/A,N/A,N/A,N/A,101.0244,101.0244,.3658 (ppm),0,0,N/A,Method,True,False,N/A,N/A,N/A,,,Pass,N/A,N/A,N/A,N/A,Confirmed,N/A,N/A,N/A,N/A,,,,,,,,INF,N/A,12345560.13,,
2-oxobutyric_acid_unc,3.73,Target Compound,20240709_QE2_HILIC_BCSCuAOXq2d_AYW1146,17,Processed,T1,6RB,Unknown,,B:B9,,,1061564,12527335,3.63,-0.10,C4H6O3,M-H,N/A,N/A,N/A,N/A,101.0244,101.0245,.5923 (ppm),0,0,N/A,Manual,True,False,N/A,N/A,N/A,,,Pass,N/A,N/A,N/A,N/A,Confirmed,N/A,N/A,N/A,N/A,,,,,,,,14.88,N/A,12345560.13,,
2-oxobutyric_acid_unc,3.73,Target Compound,20240709_QE2_HILIC_BCSCuAOXq2d_AYW1147,18,Processed,T1,6RB,Unknown,,B:C1,,,773902,9742730,3.62,-0.11,C4H6O3,M-H,N/A,N/A,N/A,N/A,101.0244,101.0244,.0637 (ppm),0,0,N/A,Manual,True,False,N/A,N/A,N/A,,,Pass,N/A,N/A,N/A,N/A,Confirmed,N/A,N/A,N/A,N/A,,,,,,,,11.42,N/A,12345560.13,,
2-oxobutyric_acid_unc,3.73,Target Compound,20240709_QE2_HILIC_BCSCuAOXq2d_AYW1148,19,Processed,T1,7RV,Unknown,,B:C2,,,584361,7775150,3.63,-0.10,C4H6O3,M-H,N/A,N/A,N/A,N/A,101.0244,101.0244,-.2384 (ppm),0,0,N/A,Method,True,False,N/A,N/A,N/A,,,Pass,N/A,N/A,N/A,N/A,Confirmed,N/A,N/A,N/A,N/A,,,,,,,,INF,N/A,10809301.98,,
2-oxobutyric_acid_unc,3.73,Target Compound,20240709_QE2_HILIC_BCSCuAOXq2d_AYW1149,20,Processed,T1,7RV,Unknown,,B:C3,,,1190857,13735987,3.65,-0.08,C4H6O3,M-H,N/A,N/A,N/A,N/A,101.0244,101.0244,-.3894 (ppm),0,0,N/A,Method,True,False,N/A,N/A,N/A,,,Pass,N/A,N/A,N/A,N/A,Confirmed,N/A,N/A,N/A,N/A,,,,,,,,INF,N/A,10809301.98,,
2-oxobutyric_acid_unc,3.73,Target Compound,20240709_QE2_HILIC_BCSCuAOXq2d_AYW1150,21,Processed,T1,7RV,Unknown,,B:C4,,,901491,10916768,3.65,-0.08,C4H6O3,M-H,N/A,N/A,N/A,N/A,101.0244,101.0244,-.0118 (ppm),0,0,N/A,Method,True,False,N/A,N/A,N/A,,,Pass,N/A,N/A,N/A,N/A,Confirmed,N/A,N/A,N/A,N/A,,,,,,,,INF,N/A,10809301.98,,
2-oxobutyric_acid_unc,3.73,Target Compound,20240709_QE2_HILIC_BCSCuAOXq2d_AYW1151,22,Processed,T1,8RB,Unknown,,B:C5,,,1309369,16086344,3.68,-0.05,C4H6O3,M-H,N/A,N/A,N/A,N/A,101.0244,101.0244,.1392 (ppm),0,0,N/A,Method,True,False,N/A,N/A,N/A,,,Pass,N/A,N/A,N/A,N/A,Confirmed,N/A,N/A,N/A,N/A,,,,,,,,INF,N/A,13017413.14,,
2-oxobutyric_acid_unc,3.73,Target Compound,20240709_QE2_HILIC_BCSCuAOXq2d_AYW1152,23,Processed,T1,8RB,Unknown,,B:C6,,,648765,8369685,3.62,-0.11,C4H6O3,M-H,N/A,N/A,N/A,N/A,101.0244,101.0244,-.2384 (ppm),0,0,N/A,Method,True,False,N/A,N/A,N/A,,,Pass,N/A,N/A,N/A,N/A,Confirmed,N/A,N/A,N/A,N/A,,,,,,,,INF,N/A,13017413.14,,
2-oxobutyric_acid_unc,3.73,Target Compound,20240709_QE2_HILIC_BCSCuAOXq2d_AYW1153,24,Processed,T1,8RB,Unknown,,B:C7,,,1237982,14596211,3.62,-0.11,C4H6O3,M-H,N/A,N/A,N/A,N/A,101.0244,101.0244,.0637 (ppm),0,0,N/A,Method,True,False,N/A,N/A,N/A,,,Pass,N/A,N/A,N/A,N/A,Confirmed,N/A,N/A,N/A,N/A,,,,,,,,INF,N/A,13017413.14,,
2-oxobutyric_acid_unc,3.73,Target Compound,20240709_QE2_HILIC_BCSCuAOXq2d_AYW1154_pool1xa,25,Processed,T1,pool1x,Unknown,,B:C8,,,1138545,11586257,3.62,-0.11,C4H6O3,M-H,N/A,N/A,N/A,N/A,101.0244,101.0243,-.6160 (ppm),0,0,N/A,Manual,True,False,N/A,N/A,N/A,,,Pass,N/A,N/A,N/A,N/A,Confirmed,N/A,N/A,N/A,N/A,,,,,,,,12.81,N/A,12666167.62,,
2-oxobutyric_acid_unc,3.73,Target Compound,20240709_QE2_HILIC_BCSCuAOXq2d_AYW1154_pool1xb,26,Processed,T1,pool1x,Unknown,,B:C8,,,1212575,14728144,3.65,-0.08,C4H6O3,M-H,N/A,N/A,N/A,N/A,101.0244,101.0243,-.6915 (ppm),0,0,N/A,Method,True,False,N/A,N/A,N/A,,,Pass,N/A,N/A,N/A,N/A,Confirmed,N/A,N/A,N/A,N/A,,,,,,,,INF,N/A,12666167.62,,
2-oxobutyric_acid_unc,3.73,Target Compound,20240709_QE2_HILIC_BCSCuAOXq2d_AYW1154_pool1xc,27,Processed,T1,pool1x,Unknown,,B:C8,,,1252299,14421713,3.66,-0.07,C4H6O3,M-H,N/A,N/A,N/A,N/A,101.0244,101.0244,-.4650 (ppm),0,0,N/A,Method,True,False,N/A,N/A,N/A,,,Pass,N/A,N/A,N/A,N/A,Confirmed,N/A,N/A,N/A,N/A,,,,,,,,INF,N/A,12666167.62,,
2-oxobutyric_acid_unc,3.73,Target Compound,20240709_QE2_HILIC_BCSCuAOXq2d_AYW1154_pool1xd,28,Processed,T1,pool1x,Unknown,,B:C8,,,863592,9928557,3.63,-0.10,C4H6O3,M-H,N/A,N/A,N/A,N/A,101.0244,101.0244,-.2384 (ppm),0,0,N/A,Manual,True,False,N/A,N/A,N/A,,,Pass,N/A,N/A,N/A,N/A,Confirmed,N/A,N/A,N/A,N/A,,,,,,,,16.86,N/A,12666167.62,,
2-oxobutyric_acid_unc,3.73,Target Compound,20240709_QE2_HILIC_BCSCuAOXq2d_AYW1155_pool033xa,29,Processed,T1,pool033x,Unknown,,B:C9,,,548249,6327792,3.63,-0.10,C4H6O3,M-H,N/A,N/A,N/A,N/A,101.0244,101.0243,-.5405 (ppm),0,0,N/A,Method,True,False,N/A,N/A,N/A,,,Pass,N/A,N/A,N/A,N/A,Confirmed,N/A,N/A,N/A,N/A,,,,,,,,INF,N/A,4577430.19,,
2-oxobutyric_acid_unc,3.73,Target Compound,20240709_QE2_HILIC_BCSCuAOXq2d_AYW1155_pool033xb,30,Processed,T1,pool033x,Unknown,,B:C9,,,510789,4691283,3.64,-0.09,C4H6O3,M-H,N/A,N/A,N/A,N/A,101.0244,101.0244,-.3894 (ppm),0,0,N/A,Method,True,False,N/A,N/A,N/A,,,Pass,N/A,N/A,N/A,N/A,Confirmed,N/A,N/A,N/A,N/A,,,,,,,,INF,N/A,4577430.19,,
2-oxobutyric_acid_unc,3.73,Target Compound,20240709_QE2_HILIC_BCSCuAOXq2d_AYW1155_pool033xc,31,Processed,T1,pool033x,Unknown,,B:C9,,,430979,5412430,3.68,-0.05,C4H6O3,M-H,N/A,N/A,N/A,N/A,101.0244,101.0244,.1392 (ppm),0,0,N/A,Method,True,False,N/A,N/A,N/A,,,Pass,N/A,N/A,N/A,N/A,Confirmed,N/A,N/A,N/A,N/A,,,,,,,,INF,N/A,4577430.19,,
2-oxobutyric_acid_unc,3.73,Target Compound,20240709_QE2_HILIC_BCSCuAOXq2d_AYW1155_pool033xd,32,Processed,T1,pool033x,Unknown,,B:C9,,,354433,1878215,3.64,-0.09,C4H6O3,M-H,N/A,N/A,N/A,N/A,101.0244,101.0243,-1.4467 (ppm),0,0,N/A,Method,True,False,N/A,N/A,N/A,,,Pass,N/A,N/A,N/A,N/A,Confirmed,N/A,N/A,N/A,N/A,,,,,,,,INF,N/A,4577430.19,,
2-oxobutyric_acid_unc,3.73,Target Compound,20240709_QE2_HILIC_BCSCuAOXq2d_AYW1156_pool01xa,33,Processed,T1,pool01x,Unknown,,B:D1,,,243091,3329533,3.62,-0.11,C4H6O3,M-H,N/A,N/A,N/A,N/A,101.0244,101.0243,-1.2202 (ppm),0,0,N/A,Method,True,False,N/A,N/A,N/A,,,Pass,N/A,N/A,N/A,N/A,Confirmed,N/A,N/A,N/A,N/A,,,,,,,,INF,N/A,2723929.61,,
2-oxobutyric_acid_unc,3.73,Target Compound,20240709_QE2_HILIC_BCSCuAOXq2d_AYW1156_pool01xb,34,Processed,T1,pool01x,Unknown,,B:D1,,,222461,2927039,3.63,-0.10,C4H6O3,M-H,N/A,N/A,N/A,N/A,101.0244,101.0243,-.6915 (ppm),0,0,N/A,Method,True,False,N/A,N/A,N/A,,,Pass,N/A,N/A,N/A,N/A,Confirmed,N/A,N/A,N/A,N/A,,,,,,,,INF,N/A,2723929.61,,
2-oxobutyric_acid_unc,3.73,Target Compound,20240709_QE2_HILIC_BCSCuAOXq2d_AYW1156_pool01xc,35,Processed,T1,pool01x,Unknown,,B:D1,,,259677,2482051,3.67,-0.06,C4H6O3,M-H,N/A,N/A,N/A,N/A,101.0244,101.0244,.2902 (ppm),0,0,N/A,Method,True,False,N/A,N/A,N/A,,,Pass,N/A,N/A,N/A,N/A,Confirmed,N/A,N/A,N/A,N/A,,,,,,,,INF,N/A,2723929.61,,
2-oxobutyric_acid_unc,3.73,Target Compound,20240709_QE2_HILIC_BCSCuAOXq2d_AYW1156_pool01xd,36,Processed,T1,pool01x,Unknown,,B:D1,,,122427,2157095,3.63,-0.10,C4H6O3,M-H,N/A,N/A,N/A,N/A,101.0244,101.0244,.0637 (ppm),0,0,N/A,Method,True,False,N/A,N/A,N/A,,,Pass,N/A,N/A,N/A,N/A,Confirmed,N/A,N/A,N/A,N/A,,,,,,,,INF,N/A,2723929.61,,
2-oxobutyric_acid_unc,3.73,Target Compound,20240709_QE2_HILIC_BCSCuAOXq2d_blank1,37,Processed,T1,,Unknown,,B:A1,,,101396,804183,3.77,0.04,C4H6O3,M-H,N/A,N/A,N/A,N/A,101.0244,101.0243,-.6915 (ppm),0,0,N/A,Method,True,False,N/A,N/A,N/A,,,Pass,N/A,N/A,N/A,N/A,Confirmed,N/A,N/A,N/A,N/A,,,,,,,,8.50,N/A,216462.84,,
2-oxobutyric_acid_unc,3.73,Target Compound,20240709_QE2_HILIC_BCSCuAOXq2d_blank1_20240710111342,38,Processed,T1,,Unknown,,B:A1,,,N/F,N/F,N/F,N/F,C4H6O3,N/A,N/F,N/A,N/F,N/A,101.0244,N/F,N/F,N/F,0,N/A,Method,True,False,N/A,N/A,N/A,,,Fail,N/A,N/A,N/A,N/A,NotFound,N/A,N/A,N/A,N/A,,,,,,,,N/A,N/A,216462.84,,
2-oxobutyric_acid_unc,3.73,Target Compound,20240709_QE2_HILIC_BCSCuAOXq2d_blank1_20240710231833,39,Processed,T1,,Unknown,,B:A1,,,22396,244661,3.41,-0.32,C4H6O3,M-H,N/A,N/A,N/A,N/A,101.0244,101.0244,-.1629 (ppm),0,0,N/A,Method,True,False,N/A,N/A,N/A,,,Pass,N/A,N/A,N/A,N/A,Confirmed,N/A,N/A,N/A,N/A,,,,,,,,20.85,N/A,216462.84,,
2-oxobutyric_acid_unc,3.73,Target Compound,20240709_QE2_HILIC_BCSCuAOXq2d_blank2,40,Processed,T1,,Unknown,,B:A1,,,63214,249933,4.05,0.32,C4H6O3,M-H,N/A,N/A,N/A,N/A,101.0244,101.0243,-.6160 (ppm),0,0,N/A,Method,True,False,N/A,N/A,N/A,,,Pass,N/A,N/A,N/A,N/A,Confirmed,N/A,N/A,N/A,N/A,,,,,,,,18.06,N/A,216462.84,,
2-oxobutyric_acid_unc,3.73,Target Compound,20240709_QE2_HILIC_BCSCuAOXq2d_blank2_20240710115054,41,Processed,T1,,Unknown,,B:A1,,,N/F,N/F,N/F,N/F,C4H6O3,N/A,N/F,N/A,N/F,N/A,101.0244,N/F,N/F,N/F,0,N/A,Method,True,False,N/A,N/A,N/A,,,Fail,N/A,N/A,N/A,N/A,NotFound,N/A,N/A,N/A,N/A,,,,,,,,N/A,N/A,216462.84,,
2-oxobutyric_acid_unc,3.73,Target Compound,20240709_QE2_HILIC_BCSCuAOXq2d_blank2_20240710235116,42,Processed,T1,,Unknown,,B:A1,,,N/F,N/F,N/F,N/F,C4H6O3,N/A,N/F,N/A,N/F,N/A,101.0244,N/F,N/F,N/F,0,N/A,Method,True,False,N/A,N/A,N/A,,,Fail,N/A,N/A,N/A,N/A,NotFound,N/A,N/A,N/A,N/A,,,,,,,,N/A,N/A,216462.84,,
