﻿Compound,RT,Type,Filename,Batch Order,Status,Peak Label,Group,Sample Type,Level,Sample ID,Sample Name,Comments,Height,Area,Actual RT,RT Delta,Formula,Adduct,Calculated Amt,Theoretical Amt,Sample Amt,Std Add Amount,m/z (Expected),m/z (Apex),m/z (Delta),Response Ratio,ISTD Amt,ISTD Response,Integration Mode,Active,Excluded,%Diff,%RSD,% CV,Channel,Final Units,PK,IR,IP,LS,FI,Confirm,Isotopic Pattern Score (%),Num Isotopes Matched,Lib Match Name,Library Score (%),Library Match Rank,SI/Dot Product,RSI/Rev Dot,Modification,Protein Name,Peptide Sequence,Ion Type,S/N,Ion Ratio,Group Average,Relative RT,Flag Details
Alpha-Ketoglutarate,10.57,Target Compound,20240709_QE2_HILIC_BCSCuAOXq2d_AYW1130,1,Processed,T1,1V,Unknown,,B:A2,,,18800691,215491612,10.45,-0.12,C5H6O5,M-H,N/A,N/A,N/A,N/A,145.0143,145.0144,.7192 (ppm),0,0,N/A,Method,True,False,N/A,N/A,N/A,,,Pass,N/A,N/A,N/A,N/A,Confirmed,N/A,N/A,N/A,N/A,,,,,,,,950.04,N/A,174636522.85,,
Alpha-Ketoglutarate,10.57,Target Compound,20240709_QE2_HILIC_BCSCuAOXq2d_AYW1131,2,Processed,T1,1V,Unknown,,B:A3,,,16820226,161841439,10.43,-0.14,C5H6O5,M-H,N/A,N/A,N/A,N/A,145.0143,145.0144,.5088 (ppm),0,0,N/A,Method,True,False,N/A,N/A,N/A,,,Pass,N/A,N/A,N/A,N/A,Confirmed,N/A,N/A,N/A,N/A,,,,,,,,621.75,N/A,174636522.85,,
Alpha-Ketoglutarate,10.57,Target Compound,20240709_QE2_HILIC_BCSCuAOXq2d_AYW1132,3,Processed,T1,1V,Unknown,,B:A4,,,12835482,146576518,10.46,-0.11,C5H6O5,M-H,N/A,N/A,N/A,N/A,145.0143,145.0145,1.1401 (ppm),0,0,N/A,Method,True,False,N/A,N/A,N/A,,,Pass,N/A,N/A,N/A,N/A,Confirmed,N/A,N/A,N/A,N/A,,,,,,,,152.75,N/A,174636522.85,,
Alpha-Ketoglutarate,10.57,Target Compound,20240709_QE2_HILIC_BCSCuAOXq2d_AYW1133,4,Processed,T1,2B,Unknown,,B:A5,,,10721344,126377848,10.44,-0.13,C5H6O5,M-H,N/A,N/A,N/A,N/A,145.0143,145.0145,1.0349 (ppm),0,0,N/A,Method,True,False,N/A,N/A,N/A,,,Pass,N/A,N/A,N/A,N/A,Confirmed,N/A,N/A,N/A,N/A,,,,,,,,148.34,N/A,189133643.42,,
Alpha-Ketoglutarate,10.57,Target Compound,20240709_QE2_HILIC_BCSCuAOXq2d_AYW1134,5,Processed,T1,2B,Unknown,,B:A6,,,20943721,220952528,10.44,-0.13,C5H6O5,M-H,N/A,N/A,N/A,N/A,145.0143,145.0144,.8244 (ppm),0,0,N/A,Method,True,False,N/A,N/A,N/A,,,Pass,N/A,N/A,N/A,N/A,Confirmed,N/A,N/A,N/A,N/A,,,,,,,,295.56,N/A,189133643.42,,
Alpha-Ketoglutarate,10.57,Target Compound,20240709_QE2_HILIC_BCSCuAOXq2d_AYW1135,6,Processed,T1,2B,Unknown,,B:A7,,,21924253,220070554,10.44,-0.13,C5H6O5,M-H,N/A,N/A,N/A,N/A,145.0143,145.0145,1.0349 (ppm),0,0,N/A,Method,True,False,N/A,N/A,N/A,,,Pass,N/A,N/A,N/A,N/A,Confirmed,N/A,N/A,N/A,N/A,,,,,,,,1557.83,N/A,189133643.42,,
Alpha-Ketoglutarate,10.57,Target Compound,20240709_QE2_HILIC_BCSCuAOXq2d_AYW1136,7,Processed,T1,3C,Unknown,,B:A8,,,18958512,214685355,10.43,-0.14,C5H6O5,M-H,N/A,N/A,N/A,N/A,145.0143,145.0144,.6140 (ppm),0,0,N/A,Method,True,False,N/A,N/A,N/A,,,Pass,N/A,N/A,N/A,N/A,Confirmed,N/A,N/A,N/A,N/A,,,,,,,,1081.75,N/A,178651308.39,,
Alpha-Ketoglutarate,10.57,Target Compound,20240709_QE2_HILIC_BCSCuAOXq2d_AYW1137,8,Processed,T1,3C,Unknown,,B:A9,,,18895731,208187052,10.46,-0.11,C5H6O5,M-H,N/A,N/A,N/A,N/A,145.0143,145.0144,.6140 (ppm),0,0,N/A,Method,True,False,N/A,N/A,N/A,,,Pass,N/A,N/A,N/A,N/A,Confirmed,N/A,N/A,N/A,N/A,,,,,,,,9383.19,N/A,178651308.39,,
Alpha-Ketoglutarate,10.57,Target Compound,20240709_QE2_HILIC_BCSCuAOXq2d_AYW1138,9,Processed,T1,3C,Unknown,,B:B1,,,9110092,113081518,10.45,-0.12,C5H6O5,M-H,N/A,N/A,N/A,N/A,145.0143,145.0144,.6140 (ppm),0,0,N/A,Method,True,False,N/A,N/A,N/A,,,Pass,N/A,N/A,N/A,N/A,Confirmed,N/A,N/A,N/A,N/A,,,,,,,,286.54,N/A,178651308.39,,
Alpha-Ketoglutarate,10.57,Target Compound,20240709_QE2_HILIC_BCSCuAOXq2d_AYW1139,10,Processed,T1,4BC,Unknown,,B:B2,,,17047367,184053548,10.45,-0.12,C5H6O5,M-H,N/A,N/A,N/A,N/A,145.0143,145.0144,.9297 (ppm),0,0,N/A,Method,True,False,N/A,N/A,N/A,,,Pass,N/A,N/A,N/A,N/A,Confirmed,N/A,N/A,N/A,N/A,,,,,,,,229.31,N/A,214698568.75,N/A,
Alpha-Ketoglutarate,10.57,Target Compound,20240709_QE2_HILIC_BCSCuAOXq2d_AYW1140,11,Processed,T1,4BC,Unknown,,B:B3,,,19289573,226172724,10.44,-0.13,C5H6O5,M-H,N/A,N/A,N/A,N/A,145.0143,145.0144,.7192 (ppm),0,0,N/A,Method,True,False,N/A,N/A,N/A,,,Pass,N/A,N/A,N/A,N/A,Confirmed,N/A,N/A,N/A,N/A,,,,,,,,664.17,N/A,214698568.75,,
Alpha-Ketoglutarate,10.57,Target Compound,20240709_QE2_HILIC_BCSCuAOXq2d_AYW1141,12,Processed,T1,4BC,Unknown,,B:B4,,,19077343,233869434,10.43,-0.14,C5H6O5,M-H,N/A,N/A,N/A,N/A,145.0143,145.0144,.6140 (ppm),0,0,N/A,Method,True,False,N/A,N/A,N/A,,,Pass,N/A,N/A,N/A,N/A,Confirmed,N/A,N/A,N/A,N/A,,,,,,,,434.67,N/A,214698568.75,,
Alpha-Ketoglutarate,10.57,Target Compound,20240709_QE2_HILIC_BCSCuAOXq2d_AYW1142,13,Processed,T1,5RV,Unknown,,B:B5,,,17263992,232073904,10.42,-0.15,C5H6O5,M-H,N/A,N/A,N/A,N/A,145.0143,145.0144,.9297 (ppm),0,0,N/A,Method,True,False,N/A,N/A,N/A,,,Pass,N/A,N/A,N/A,N/A,Confirmed,N/A,N/A,N/A,N/A,,,,,,,,537.16,N/A,216802215.41,N/A,
Alpha-Ketoglutarate,10.57,Target Compound,20240709_QE2_HILIC_BCSCuAOXq2d_AYW1143,14,Processed,T1,5RV,Unknown,,B:B6,,,18982811,210276305,10.45,-0.12,C5H6O5,M-H,N/A,N/A,N/A,N/A,145.0143,145.0144,.6140 (ppm),0,0,N/A,Method,True,False,N/A,N/A,N/A,,,Pass,N/A,N/A,N/A,N/A,Confirmed,N/A,N/A,N/A,N/A,,,,,,,,703.55,N/A,216802215.41,,
Alpha-Ketoglutarate,10.57,Target Compound,20240709_QE2_HILIC_BCSCuAOXq2d_AYW1144,15,Processed,T1,5RV,Unknown,,B:B7,,,15443872,208056438,10.45,-0.12,C5H6O5,M-H,N/A,N/A,N/A,N/A,145.0143,145.0145,1.1401 (ppm),0,0,N/A,Method,True,False,N/A,N/A,N/A,,,Pass,N/A,N/A,N/A,N/A,Confirmed,N/A,N/A,N/A,N/A,,,,,,,,416.22,N/A,216802215.41,,
Alpha-Ketoglutarate,10.57,Target Compound,20240709_QE2_HILIC_BCSCuAOXq2d_AYW1145,16,Processed,T1,6RB,Unknown,,B:B8,,,15279790,189966550,10.4,-0.17,C5H6O5,M-H,N/A,N/A,N/A,N/A,145.0143,145.0145,1.0349 (ppm),0,0,N/A,Method,True,False,N/A,N/A,N/A,,,Pass,N/A,N/A,N/A,N/A,Confirmed,N/A,N/A,N/A,N/A,,,,,,,,431.38,N/A,168035508.30,,
Alpha-Ketoglutarate,10.57,Target Compound,20240709_QE2_HILIC_BCSCuAOXq2d_AYW1146,17,Processed,T1,6RB,Unknown,,B:B9,,,12491303,169015081,10.43,-0.14,C5H6O5,M-H,N/A,N/A,N/A,N/A,145.0143,145.0145,1.0349 (ppm),0,0,N/A,Method,True,False,N/A,N/A,N/A,,,Pass,N/A,N/A,N/A,N/A,Confirmed,N/A,N/A,N/A,N/A,,,,,,,,346.23,N/A,168035508.30,,
Alpha-Ketoglutarate,10.57,Target Compound,20240709_QE2_HILIC_BCSCuAOXq2d_AYW1147,18,Processed,T1,6RB,Unknown,,B:C1,,,10661105,145124894,10.43,-0.14,C5H6O5,M-H,N/A,N/A,N/A,N/A,145.0143,145.0144,.8244 (ppm),0,0,N/A,Method,True,False,N/A,N/A,N/A,,,Pass,N/A,N/A,N/A,N/A,Confirmed,N/A,N/A,N/A,N/A,,,,,,,,354.78,N/A,168035508.30,,
Alpha-Ketoglutarate,10.57,Target Compound,20240709_QE2_HILIC_BCSCuAOXq2d_AYW1148,19,Processed,T1,7RV,Unknown,,B:C2,,,9302201,101698593,10.41,-0.16,C5H6O5,M-H,N/A,N/A,N/A,N/A,145.0143,145.0145,1.0349 (ppm),0,0,N/A,Method,True,False,N/A,N/A,N/A,,,Pass,N/A,N/A,N/A,N/A,Confirmed,N/A,N/A,N/A,N/A,,,,,,,,512.81,N/A,163078789.77,,
Alpha-Ketoglutarate,10.57,Target Compound,20240709_QE2_HILIC_BCSCuAOXq2d_AYW1149,20,Processed,T1,7RV,Unknown,,B:C3,,,15459649,175755503,10.43,-0.14,C5H6O5,M-H,N/A,N/A,N/A,N/A,145.0143,145.0144,.8244 (ppm),0,0,N/A,Method,True,False,N/A,N/A,N/A,,,Pass,N/A,N/A,N/A,N/A,Confirmed,N/A,N/A,N/A,N/A,,,,,,,,526.46,N/A,163078789.77,,
Alpha-Ketoglutarate,10.57,Target Compound,20240709_QE2_HILIC_BCSCuAOXq2d_AYW1150,21,Processed,T1,7RV,Unknown,,B:C4,,,16524574,211782273,10.46,-0.11,C5H6O5,M-H,N/A,N/A,N/A,N/A,145.0143,145.0145,1.0349 (ppm),0,0,N/A,Method,True,False,N/A,N/A,N/A,,,Pass,N/A,N/A,N/A,N/A,Confirmed,N/A,N/A,N/A,N/A,,,,,,,,210.35,N/A,163078789.77,,
Alpha-Ketoglutarate,10.57,Target Compound,20240709_QE2_HILIC_BCSCuAOXq2d_AYW1151,22,Processed,T1,8RB,Unknown,,B:C5,,,14338370,175555229,10.47,-0.10,C5H6O5,M-H,N/A,N/A,N/A,N/A,145.0143,145.0144,.8244 (ppm),0,0,N/A,Method,True,False,N/A,N/A,N/A,,,Pass,N/A,N/A,N/A,N/A,Confirmed,N/A,N/A,N/A,N/A,,,,,,,,423.64,N/A,180492476.20,,
Alpha-Ketoglutarate,10.57,Target Compound,20240709_QE2_HILIC_BCSCuAOXq2d_AYW1152,23,Processed,T1,8RB,Unknown,,B:C6,,,9158453,94994311,10.39,-0.18,C5H6O5,M-H,N/A,N/A,N/A,N/A,145.0143,145.0145,1.0349 (ppm),0,0,N/A,Method,True,False,N/A,N/A,N/A,,,Pass,N/A,N/A,N/A,N/A,Confirmed,N/A,N/A,N/A,N/A,,,,,,,,608.17,N/A,180492476.20,,
Alpha-Ketoglutarate,10.57,Target Compound,20240709_QE2_HILIC_BCSCuAOXq2d_AYW1153,24,Processed,T1,8RB,Unknown,,B:C7,,,24537782,270927888,10.44,-0.13,C5H6O5,M-H,N/A,N/A,N/A,N/A,145.0143,145.0144,.6140 (ppm),0,0,N/A,Method,True,False,N/A,N/A,N/A,,,Pass,N/A,N/A,N/A,N/A,Confirmed,N/A,N/A,N/A,N/A,,,,,,,,415.16,N/A,180492476.20,,
Alpha-Ketoglutarate,10.57,Target Compound,20240709_QE2_HILIC_BCSCuAOXq2d_AYW1154_pool1xa,25,Processed,T1,pool1x,Unknown,,B:C8,,,17852368,197147018,10.45,-0.12,C5H6O5,M-H,N/A,N/A,N/A,N/A,145.0143,145.0144,.5088 (ppm),0,0,N/A,Method,True,False,N/A,N/A,N/A,,,Pass,N/A,N/A,N/A,N/A,Confirmed,N/A,N/A,N/A,N/A,,,,,,,,700.45,N/A,180630824.22,,
Alpha-Ketoglutarate,10.57,Target Compound,20240709_QE2_HILIC_BCSCuAOXq2d_AYW1154_pool1xb,26,Processed,T1,pool1x,Unknown,,B:C8,,,20677877,208855672,10.44,-0.13,C5H6O5,M-H,N/A,N/A,N/A,N/A,145.0143,145.0143,.2983 (ppm),0,0,N/A,Method,True,False,N/A,N/A,N/A,,,Pass,N/A,N/A,N/A,N/A,Confirmed,N/A,N/A,N/A,N/A,,,,,,,,649.26,N/A,180630824.22,,
Alpha-Ketoglutarate,10.57,Target Compound,20240709_QE2_HILIC_BCSCuAOXq2d_AYW1154_pool1xc,27,Processed,T1,pool1x,Unknown,,B:C8,,,18207191,218441033,10.43,-0.14,C5H6O5,M-H,N/A,N/A,N/A,N/A,145.0143,145.0145,1.0349 (ppm),0,0,N/A,Method,True,False,N/A,N/A,N/A,,,Pass,N/A,N/A,N/A,N/A,Confirmed,N/A,N/A,N/A,N/A,,,,,,,,1158.53,N/A,180630824.22,,
Alpha-Ketoglutarate,10.57,Target Compound,20240709_QE2_HILIC_BCSCuAOXq2d_AYW1154_pool1xd,28,Processed,T1,pool1x,Unknown,,B:C8,,,8708733,98079574,10.44,-0.13,C5H6O5,M-H,N/A,N/A,N/A,N/A,145.0143,145.0144,.7192 (ppm),0,0,N/A,Method,True,False,N/A,N/A,N/A,,,Pass,N/A,N/A,N/A,N/A,Confirmed,N/A,N/A,N/A,N/A,,,,,,,,505.27,N/A,180630824.22,,
Alpha-Ketoglutarate,10.57,Target Compound,20240709_QE2_HILIC_BCSCuAOXq2d_AYW1155_pool033xa,29,Processed,T1,pool033x,Unknown,,B:C9,,,10633437,121536924,10.42,-0.15,C5H6O5,M-H,N/A,N/A,N/A,N/A,145.0143,145.0144,.8244 (ppm),0,0,N/A,Method,True,False,N/A,N/A,N/A,,,Pass,N/A,N/A,N/A,N/A,Confirmed,N/A,N/A,N/A,N/A,,,,,,,,306.40,N/A,94637564.70,,
Alpha-Ketoglutarate,10.57,Target Compound,20240709_QE2_HILIC_BCSCuAOXq2d_AYW1155_pool033xb,30,Processed,T1,pool033x,Unknown,,B:C9,,,10302647,112522289,10.42,-0.15,C5H6O5,M-H,N/A,N/A,N/A,N/A,145.0143,145.0144,.6140 (ppm),0,0,N/A,Method,True,False,N/A,N/A,N/A,,,Pass,N/A,N/A,N/A,N/A,Confirmed,N/A,N/A,N/A,N/A,,,,,,,,195.29,N/A,94637564.70,,
Alpha-Ketoglutarate,10.57,Target Compound,20240709_QE2_HILIC_BCSCuAOXq2d_AYW1155_pool033xc,31,Processed,T1,pool033x,Unknown,,B:C9,,,8370613,89125914,10.44,-0.13,C5H6O5,M-H,N/A,N/A,N/A,N/A,145.0143,145.0145,1.4558 (ppm),0,0,N/A,Method,True,False,N/A,N/A,N/A,,,Pass,N/A,N/A,N/A,N/A,Confirmed,N/A,N/A,N/A,N/A,,,,,,,,214.71,N/A,94637564.70,,
Alpha-Ketoglutarate,10.57,Target Compound,20240709_QE2_HILIC_BCSCuAOXq2d_AYW1155_pool033xd,32,Processed,T1,pool033x,Unknown,,B:C9,,,5256836,55365132,10.43,-0.14,C5H6O5,M-H,N/A,N/A,N/A,N/A,145.0143,145.0144,.9297 (ppm),0,0,N/A,Method,True,False,N/A,N/A,N/A,,,Pass,N/A,N/A,N/A,N/A,Confirmed,N/A,N/A,N/A,N/A,,,,,,,,1566.66,N/A,94637564.70,,
Alpha-Ketoglutarate,10.57,Target Compound,20240709_QE2_HILIC_BCSCuAOXq2d_AYW1156_pool01xa,33,Processed,T1,pool01x,Unknown,,B:D1,,,3713272,40945077,10.43,-0.14,C5H6O5,M-H,N/A,N/A,N/A,N/A,145.0143,145.0144,.7192 (ppm),0,0,N/A,Method,True,False,N/A,N/A,N/A,,,Pass,N/A,N/A,N/A,N/A,Confirmed,N/A,N/A,N/A,N/A,,,,,,,,261.99,N/A,33482305.48,,
Alpha-Ketoglutarate,10.57,Target Compound,20240709_QE2_HILIC_BCSCuAOXq2d_AYW1156_pool01xb,34,Processed,T1,pool01x,Unknown,,B:D1,,,3775007,38281056,10.43,-0.14,C5H6O5,M-H,N/A,N/A,N/A,N/A,145.0143,145.0144,.7192 (ppm),0,0,N/A,Method,True,False,N/A,N/A,N/A,,,Pass,N/A,N/A,N/A,N/A,Confirmed,N/A,N/A,N/A,N/A,,,,,,,,153.28,N/A,33482305.48,,
Alpha-Ketoglutarate,10.57,Target Compound,20240709_QE2_HILIC_BCSCuAOXq2d_AYW1156_pool01xc,35,Processed,T1,pool01x,Unknown,,B:D1,,,3053173,35873992,10.44,-0.13,C5H6O5,M-H,N/A,N/A,N/A,N/A,145.0143,145.0146,1.9819 (ppm),0,0,N/A,Method,True,False,N/A,N/A,N/A,,,Pass,N/A,N/A,N/A,N/A,Confirmed,N/A,N/A,N/A,N/A,,,,,,,,328.09,N/A,33482305.48,,
Alpha-Ketoglutarate,10.57,Target Compound,20240709_QE2_HILIC_BCSCuAOXq2d_AYW1156_pool01xd,36,Processed,T1,pool01x,Unknown,,B:D1,,,1832587,18829097,10.41,-0.16,C5H6O5,M-H,N/A,N/A,N/A,N/A,145.0143,145.0143,.2983 (ppm),0,0,N/A,Method,True,False,N/A,N/A,N/A,,,Pass,N/A,N/A,N/A,N/A,Confirmed,N/A,N/A,N/A,N/A,,,,,,,,147.86,N/A,33482305.48,,
Alpha-Ketoglutarate,10.57,Target Compound,20240709_QE2_HILIC_BCSCuAOXq2d_blank1,37,Processed,T1,,Unknown,,B:A1,,,N/F,N/F,N/F,N/F,C5H6O5,N/A,N/F,N/A,N/F,N/A,145.0143,N/F,N/F,N/F,0,N/A,Method,True,False,N/A,N/A,N/A,,,Fail,N/A,N/A,N/A,N/A,NotFound,N/A,N/A,N/A,N/A,,,,,,,,N/A,N/A,1.00,,
Alpha-Ketoglutarate,10.57,Target Compound,20240709_QE2_HILIC_BCSCuAOXq2d_blank1_20240710111342,38,Processed,T1,,Unknown,,B:A1,,,N/F,N/F,N/F,N/F,C5H6O5,N/A,N/F,N/A,N/F,N/A,145.0143,N/F,N/F,N/F,0,N/A,Method,True,False,N/A,N/A,N/A,,,Fail,N/A,N/A,N/A,N/A,NotFound,N/A,N/A,N/A,N/A,,,,,,,,N/A,N/A,1.00,,
Alpha-Ketoglutarate,10.57,Target Compound,20240709_QE2_HILIC_BCSCuAOXq2d_blank1_20240710231833,39,Processed,T1,,Unknown,,B:A1,,,N/F,N/F,N/F,N/F,C5H6O5,N/A,N/F,N/A,N/F,N/A,145.0143,N/F,N/F,N/F,0,N/A,Method,True,False,N/A,N/A,N/A,,,Fail,N/A,N/A,N/A,N/A,NotFound,N/A,N/A,N/A,N/A,,,,,,,,N/A,N/A,1.00,,
Alpha-Ketoglutarate,10.57,Target Compound,20240709_QE2_HILIC_BCSCuAOXq2d_blank2,40,Processed,T1,,Unknown,,B:A1,,,N/F,N/F,N/F,N/F,C5H6O5,N/A,N/F,N/A,N/F,N/A,145.0143,N/F,N/F,N/F,0,N/A,Method,True,False,N/A,N/A,N/A,,,Fail,N/A,N/A,N/A,N/A,NotFound,N/A,N/A,N/A,N/A,,,,,,,,N/A,N/A,1.00,,
Alpha-Ketoglutarate,10.57,Target Compound,20240709_QE2_HILIC_BCSCuAOXq2d_blank2_20240710115054,41,Processed,T1,,Unknown,,B:A1,,,N/F,N/F,N/F,N/F,C5H6O5,N/A,N/F,N/A,N/F,N/A,145.0143,N/F,N/F,N/F,0,N/A,Method,True,False,N/A,N/A,N/A,,,Fail,N/A,N/A,N/A,N/A,NotFound,N/A,N/A,N/A,N/A,,,,,,,,N/A,N/A,1.00,,
Alpha-Ketoglutarate,10.57,Target Compound,20240709_QE2_HILIC_BCSCuAOXq2d_blank2_20240710235116,42,Processed,T1,,Unknown,,B:A1,,,N/F,N/F,N/F,N/F,C5H6O5,N/A,N/F,N/A,N/F,N/A,145.0143,N/F,N/F,N/F,0,N/A,Method,True,False,N/A,N/A,N/A,,,Fail,N/A,N/A,N/A,N/A,NotFound,N/A,N/A,N/A,N/A,,,,,,,,N/A,N/A,1.00,,
