﻿Compound,RT,Type,Filename,Batch Order,Status,Peak Label,Group,Sample Type,Level,Sample ID,Sample Name,Comments,Height,Area,Actual RT,RT Delta,Formula,Adduct,Calculated Amt,Theoretical Amt,Sample Amt,Std Add Amount,m/z (Expected),m/z (Apex),m/z (Delta),Response Ratio,ISTD Amt,ISTD Response,Integration Mode,Active,Excluded,%Diff,%RSD,% CV,Channel,Final Units,PK,IR,IP,LS,FI,Confirm,Isotopic Pattern Score (%),Num Isotopes Matched,Lib Match Name,Library Score (%),Library Match Rank,SI/Dot Product,RSI/Rev Dot,Modification,Protein Name,Peptide Sequence,Ion Type,S/N,Ion Ratio,Group Average,Relative RT,Flag Details
propionylcarnitine,4.74,Target Compound,20240709_QE2_HILIC_BCSCuAOXq2d_AYW1130,1,Processed,T1,1V,Unknown,,B:A2,,,259910,7284883,4.49,-0.25,C10H19NO4,M+H,N/A,N/A,N/A,N/A,218.1387,218.1387,-.0590 (ppm),0,0,N/A,Method,True,False,N/A,N/A,N/A,,,Pass,N/A,N/A,N/A,N/A,Confirmed,N/A,N/A,N/A,N/A,,,,,,,,INF,N/A,6985217.95,,
propionylcarnitine,4.74,Target Compound,20240709_QE2_HILIC_BCSCuAOXq2d_AYW1131,2,Processed,T1,1V,Unknown,,B:A3,,,299275,7470749,4.62,-0.12,C10H19NO4,M+H,N/A,N/A,N/A,N/A,218.1387,218.1386,-.4787 (ppm),0,0,N/A,Method,True,False,N/A,N/A,N/A,,,Pass,N/A,N/A,N/A,N/A,Confirmed,N/A,N/A,N/A,N/A,,,,,,,,830.23,N/A,6985217.95,,
propionylcarnitine,4.74,Target Compound,20240709_QE2_HILIC_BCSCuAOXq2d_AYW1132,3,Processed,T1,1V,Unknown,,B:A4,,,237978,6200021,4.53,-0.21,C10H19NO4,M+H,N/A,N/A,N/A,N/A,218.1387,218.1386,-.4787 (ppm),0,0,N/A,Method,True,False,N/A,N/A,N/A,,,Pass,N/A,N/A,N/A,N/A,Confirmed,N/A,N/A,N/A,N/A,,,,,,,,143.86,N/A,6985217.95,,
propionylcarnitine,4.74,Target Compound,20240709_QE2_HILIC_BCSCuAOXq2d_AYW1133,4,Processed,T1,2B,Unknown,,B:A5,,,99529,2697823,4.49,-0.25,C10H19NO4,M+H,N/A,N/A,N/A,N/A,218.1387,218.1386,-.3388 (ppm),0,0,N/A,Method,True,False,N/A,N/A,N/A,,,Pass,N/A,N/A,N/A,N/A,Confirmed,N/A,N/A,N/A,N/A,,,,,,,,852.36,N/A,4490474.10,,
propionylcarnitine,4.74,Target Compound,20240709_QE2_HILIC_BCSCuAOXq2d_AYW1134,5,Processed,T1,2B,Unknown,,B:A6,,,244193,6831551,4.67,-0.07,C10H19NO4,M+H,N/A,N/A,N/A,N/A,218.1387,218.1387,-.1989 (ppm),0,0,N/A,Method,True,False,N/A,N/A,N/A,,,Pass,N/A,N/A,N/A,N/A,Confirmed,N/A,N/A,N/A,N/A,,,,,,,,646.51,N/A,4490474.10,,
propionylcarnitine,4.74,Target Compound,20240709_QE2_HILIC_BCSCuAOXq2d_AYW1135,6,Processed,T1,2B,Unknown,,B:A7,,,155699,3942048,4.63,-0.11,C10H19NO4,M+H,N/A,N/A,N/A,N/A,218.1387,218.1387,-.1289 (ppm),0,0,N/A,Method,True,False,N/A,N/A,N/A,,,Pass,N/A,N/A,N/A,N/A,Confirmed,N/A,N/A,N/A,N/A,,,,,,,,441.09,N/A,4490474.10,,
propionylcarnitine,4.74,Target Compound,20240709_QE2_HILIC_BCSCuAOXq2d_AYW1136,7,Processed,T1,3C,Unknown,,B:A8,,,427718,10118962,4.58,-0.16,C10H19NO4,M+H,N/A,N/A,N/A,N/A,218.1387,218.1386,-.5486 (ppm),0,0,N/A,Method,True,False,N/A,N/A,N/A,,,Pass,N/A,N/A,N/A,N/A,Confirmed,N/A,N/A,N/A,N/A,,,,,,,,631.21,N/A,8189295.62,,
propionylcarnitine,4.74,Target Compound,20240709_QE2_HILIC_BCSCuAOXq2d_AYW1137,8,Processed,T1,3C,Unknown,,B:A9,,,358071,9903766,4.53,-0.21,C10H19NO4,M+H,N/A,N/A,N/A,N/A,218.1387,218.1386,-.4787 (ppm),0,0,N/A,Method,True,False,N/A,N/A,N/A,,,Pass,N/A,N/A,N/A,N/A,Confirmed,N/A,N/A,N/A,N/A,,,,,,,,2482.76,N/A,8189295.62,,
propionylcarnitine,4.74,Target Compound,20240709_QE2_HILIC_BCSCuAOXq2d_AYW1138,9,Processed,T1,3C,Unknown,,B:B1,,,170418,4545159,4.51,-0.23,C10H19NO4,M+H,N/A,N/A,N/A,N/A,218.1387,218.1386,-.2688 (ppm),0,0,N/A,Method,True,False,N/A,N/A,N/A,,,Pass,N/A,N/A,N/A,N/A,Confirmed,N/A,N/A,N/A,N/A,,,,,,,,INF,N/A,8189295.62,,
propionylcarnitine,4.74,Target Compound,20240709_QE2_HILIC_BCSCuAOXq2d_AYW1139,10,Processed,T1,4BC,Unknown,,B:B2,,,273660,6892912,4.52,-0.22,C10H19NO4,M+H,N/A,N/A,N/A,N/A,218.1387,218.1385,-.8284 (ppm),0,0,N/A,Method,True,False,N/A,N/A,N/A,,,Pass,N/A,N/A,N/A,N/A,Confirmed,N/A,N/A,N/A,N/A,,,,,,,,1227.76,N/A,6375475.89,N/A,
propionylcarnitine,4.74,Target Compound,20240709_QE2_HILIC_BCSCuAOXq2d_AYW1140,11,Processed,T1,4BC,Unknown,,B:B3,,,214079,5712590,4.54,-0.20,C10H19NO4,M+H,N/A,N/A,N/A,N/A,218.1387,218.1383,-1.8077 (ppm),0,0,N/A,Method,True,False,N/A,N/A,N/A,,,Pass,N/A,N/A,N/A,N/A,Confirmed,N/A,N/A,N/A,N/A,,,,,,,,INF,N/A,6375475.89,,
propionylcarnitine,4.74,Target Compound,20240709_QE2_HILIC_BCSCuAOXq2d_AYW1141,12,Processed,T1,4BC,Unknown,,B:B4,,,254364,6520926,4.6,-0.14,C10H19NO4,M+H,N/A,N/A,N/A,N/A,218.1387,218.1387,.0110 (ppm),0,0,N/A,Method,True,False,N/A,N/A,N/A,,,Pass,N/A,N/A,N/A,N/A,Confirmed,N/A,N/A,N/A,N/A,,,,,,,,766.97,N/A,6375475.89,,
propionylcarnitine,4.74,Target Compound,20240709_QE2_HILIC_BCSCuAOXq2d_AYW1142,13,Processed,T1,5RV,Unknown,,B:B5,,,700666,18403612,4.6,-0.14,C10H19NO4,M+H,N/A,N/A,N/A,N/A,218.1387,218.1387,.0809 (ppm),0,0,N/A,Method,True,False,N/A,N/A,N/A,,,Pass,N/A,N/A,N/A,N/A,Confirmed,N/A,N/A,N/A,N/A,,,,,,,,3349.13,N/A,17371001.60,N/A,
propionylcarnitine,4.74,Target Compound,20240709_QE2_HILIC_BCSCuAOXq2d_AYW1143,14,Processed,T1,5RV,Unknown,,B:B6,,,785027,19232482,4.6,-0.14,C10H19NO4,M+H,N/A,N/A,N/A,N/A,218.1387,218.1386,-.4787 (ppm),0,0,N/A,Method,True,False,N/A,N/A,N/A,,,Pass,N/A,N/A,N/A,N/A,Confirmed,N/A,N/A,N/A,N/A,,,,,,,,INF,N/A,17371001.60,,
propionylcarnitine,4.74,Target Compound,20240709_QE2_HILIC_BCSCuAOXq2d_AYW1144,15,Processed,T1,5RV,Unknown,,B:B7,,,547620,14476911,4.51,-0.23,C10H19NO4,M+H,N/A,N/A,N/A,N/A,218.1387,218.1385,-.6885 (ppm),0,0,N/A,Method,True,False,N/A,N/A,N/A,,,Pass,N/A,N/A,N/A,N/A,Confirmed,N/A,N/A,N/A,N/A,,,,,,,,2569.12,N/A,17371001.60,,
propionylcarnitine,4.74,Target Compound,20240709_QE2_HILIC_BCSCuAOXq2d_AYW1145,16,Processed,T1,6RB,Unknown,,B:B8,,,162979,4211084,4.51,-0.23,C10H19NO4,M+H,N/A,N/A,N/A,N/A,218.1387,218.1386,-.2688 (ppm),0,0,N/A,Method,True,False,N/A,N/A,N/A,,,Pass,N/A,N/A,N/A,N/A,Confirmed,N/A,N/A,N/A,N/A,,,,,,,,2824.33,N/A,3618117.22,,
propionylcarnitine,4.74,Target Compound,20240709_QE2_HILIC_BCSCuAOXq2d_AYW1146,17,Processed,T1,6RB,Unknown,,B:B9,,,114602,2846254,4.64,-0.10,C10H19NO4,M+H,N/A,N/A,N/A,N/A,218.1387,218.1385,-.7585 (ppm),0,0,N/A,Method,True,False,N/A,N/A,N/A,,,Pass,N/A,N/A,N/A,N/A,Confirmed,N/A,N/A,N/A,N/A,,,,,,,,5434.50,N/A,3618117.22,,
propionylcarnitine,4.74,Target Compound,20240709_QE2_HILIC_BCSCuAOXq2d_AYW1147,18,Processed,T1,6RB,Unknown,,B:C1,,,144752,3797013,4.49,-0.25,C10H19NO4,M+H,N/A,N/A,N/A,N/A,218.1387,218.1386,-.4087 (ppm),0,0,N/A,Method,True,False,N/A,N/A,N/A,,,Pass,N/A,N/A,N/A,N/A,Confirmed,N/A,N/A,N/A,N/A,,,,,,,,5305.47,N/A,3618117.22,,
propionylcarnitine,4.74,Target Compound,20240709_QE2_HILIC_BCSCuAOXq2d_AYW1148,19,Processed,T1,7RV,Unknown,,B:C2,,,577752,14355818,4.54,-0.20,C10H19NO4,M+H,N/A,N/A,N/A,N/A,218.1387,218.1386,-.6186 (ppm),0,0,N/A,Method,True,False,N/A,N/A,N/A,,,Pass,N/A,N/A,N/A,N/A,Confirmed,N/A,N/A,N/A,N/A,,,,,,,,INF,N/A,16516079.79,,
propionylcarnitine,4.74,Target Compound,20240709_QE2_HILIC_BCSCuAOXq2d_AYW1149,20,Processed,T1,7RV,Unknown,,B:C3,,,728676,18700526,4.61,-0.13,C10H19NO4,M+H,N/A,N/A,N/A,N/A,218.1387,218.1385,-.8284 (ppm),0,0,N/A,Method,True,False,N/A,N/A,N/A,,,Pass,N/A,N/A,N/A,N/A,Confirmed,N/A,N/A,N/A,N/A,,,,,,,,5359.45,N/A,16516079.79,,
propionylcarnitine,4.74,Target Compound,20240709_QE2_HILIC_BCSCuAOXq2d_AYW1150,21,Processed,T1,7RV,Unknown,,B:C4,,,649242,16491896,4.56,-0.18,C10H19NO4,M+H,N/A,N/A,N/A,N/A,218.1387,218.1387,-.1289 (ppm),0,0,N/A,Method,True,False,N/A,N/A,N/A,,,Pass,N/A,N/A,N/A,N/A,Confirmed,N/A,N/A,N/A,N/A,,,,,,,,222.27,N/A,16516079.79,,
propionylcarnitine,4.74,Target Compound,20240709_QE2_HILIC_BCSCuAOXq2d_AYW1151,22,Processed,T1,8RB,Unknown,,B:C5,,,464299,11762607,4.56,-0.18,C10H19NO4,M+H,N/A,N/A,N/A,N/A,218.1387,218.1387,.0809 (ppm),0,0,N/A,Method,True,False,N/A,N/A,N/A,,,Pass,N/A,N/A,N/A,N/A,Confirmed,N/A,N/A,N/A,N/A,,,,,,,,2637.07,N/A,11262186.52,,
propionylcarnitine,4.74,Target Compound,20240709_QE2_HILIC_BCSCuAOXq2d_AYW1152,23,Processed,T1,8RB,Unknown,,B:C6,,,373695,8770075,4.56,-0.18,C10H19NO4,M+H,N/A,N/A,N/A,N/A,218.1387,218.1386,-.6186 (ppm),0,0,N/A,Method,True,False,N/A,N/A,N/A,,,Pass,N/A,N/A,N/A,N/A,Confirmed,N/A,N/A,N/A,N/A,,,,,,,,INF,N/A,11262186.52,,
propionylcarnitine,4.74,Target Compound,20240709_QE2_HILIC_BCSCuAOXq2d_AYW1153,24,Processed,T1,8RB,Unknown,,B:C7,,,494266,13253877,4.53,-0.21,C10H19NO4,M+H,N/A,N/A,N/A,N/A,218.1387,218.1386,-.2688 (ppm),0,0,N/A,Method,True,False,N/A,N/A,N/A,,,Pass,N/A,N/A,N/A,N/A,Confirmed,N/A,N/A,N/A,N/A,,,,,,,,2628.53,N/A,11262186.52,,
propionylcarnitine,4.74,Target Compound,20240709_QE2_HILIC_BCSCuAOXq2d_AYW1154_pool1xa,25,Processed,T1,pool1x,Unknown,,B:C8,,,508143,13567860,4.6,-0.14,C10H19NO4,M+H,N/A,N/A,N/A,N/A,218.1387,218.1386,-.2688 (ppm),0,0,N/A,Method,True,False,N/A,N/A,N/A,,,Pass,N/A,N/A,N/A,N/A,Confirmed,N/A,N/A,N/A,N/A,,,,,,,,143.88,N/A,11015719.98,,
propionylcarnitine,4.74,Target Compound,20240709_QE2_HILIC_BCSCuAOXq2d_AYW1154_pool1xb,26,Processed,T1,pool1x,Unknown,,B:C8,,,452166,11878131,4.57,-0.17,C10H19NO4,M+H,N/A,N/A,N/A,N/A,218.1387,218.1385,-.8284 (ppm),0,0,N/A,Method,True,False,N/A,N/A,N/A,,,Pass,N/A,N/A,N/A,N/A,Confirmed,N/A,N/A,N/A,N/A,,,,,,,,416.34,N/A,11015719.98,,
propionylcarnitine,4.74,Target Compound,20240709_QE2_HILIC_BCSCuAOXq2d_AYW1154_pool1xc,27,Processed,T1,pool1x,Unknown,,B:C8,,,381827,10843198,4.62,-0.12,C10H19NO4,M+H,N/A,N/A,N/A,N/A,218.1387,218.1387,.0110 (ppm),0,0,N/A,Method,True,False,N/A,N/A,N/A,,,Pass,N/A,N/A,N/A,N/A,Confirmed,N/A,N/A,N/A,N/A,,,,,,,,2722.96,N/A,11015719.98,,
propionylcarnitine,4.74,Target Compound,20240709_QE2_HILIC_BCSCuAOXq2d_AYW1154_pool1xd,28,Processed,T1,pool1x,Unknown,,B:C8,,,350751,7773691,4.56,-0.18,C10H19NO4,M+H,N/A,N/A,N/A,N/A,218.1387,218.1385,-.7585 (ppm),0,0,N/A,Method,True,False,N/A,N/A,N/A,,,Pass,N/A,N/A,N/A,N/A,Confirmed,N/A,N/A,N/A,N/A,,,,,,,,INF,N/A,11015719.98,,
propionylcarnitine,4.74,Target Compound,20240709_QE2_HILIC_BCSCuAOXq2d_AYW1155_pool033xa,29,Processed,T1,pool033x,Unknown,,B:C9,,,188002,4995998,4.56,-0.18,C10H19NO4,M+H,N/A,N/A,N/A,N/A,218.1387,218.1386,-.5486 (ppm),0,0,N/A,Method,True,False,N/A,N/A,N/A,,,Pass,N/A,N/A,N/A,N/A,Confirmed,N/A,N/A,N/A,N/A,,,,,,,,238.21,N/A,3653084.36,,
propionylcarnitine,4.74,Target Compound,20240709_QE2_HILIC_BCSCuAOXq2d_AYW1155_pool033xb,30,Processed,T1,pool033x,Unknown,,B:C9,,,140067,3262813,4.61,-0.13,C10H19NO4,M+H,N/A,N/A,N/A,N/A,218.1387,218.1385,-.6885 (ppm),0,0,N/A,Method,True,False,N/A,N/A,N/A,,,Pass,N/A,N/A,N/A,N/A,Confirmed,N/A,N/A,N/A,N/A,,,,,,,,31.49,N/A,3653084.36,,
propionylcarnitine,4.74,Target Compound,20240709_QE2_HILIC_BCSCuAOXq2d_AYW1155_pool033xc,31,Processed,T1,pool033x,Unknown,,B:C9,,,116919,3305532,4.53,-0.21,C10H19NO4,M+H,N/A,N/A,N/A,N/A,218.1387,218.1387,-.0590 (ppm),0,0,N/A,Method,True,False,N/A,N/A,N/A,,,Pass,N/A,N/A,N/A,N/A,Confirmed,N/A,N/A,N/A,N/A,,,,,,,,93.04,N/A,3653084.36,,
propionylcarnitine,4.74,Target Compound,20240709_QE2_HILIC_BCSCuAOXq2d_AYW1155_pool033xd,32,Processed,T1,pool033x,Unknown,,B:C9,,,127057,3047995,4.56,-0.18,C10H19NO4,M+H,N/A,N/A,N/A,N/A,218.1387,218.1387,-.1289 (ppm),0,0,N/A,Method,True,False,N/A,N/A,N/A,,,Pass,N/A,N/A,N/A,N/A,Confirmed,N/A,N/A,N/A,N/A,,,,,,,,322.75,N/A,3653084.36,,
propionylcarnitine,4.74,Target Compound,20240709_QE2_HILIC_BCSCuAOXq2d_AYW1156_pool01xa,33,Processed,T1,pool01x,Unknown,,B:D1,,,104815,2665460,4.68,-0.06,C10H19NO4,M+H,N/A,N/A,N/A,N/A,218.1387,218.1387,.0809 (ppm),0,0,N/A,Method,True,False,N/A,N/A,N/A,,,Pass,N/A,N/A,N/A,N/A,Confirmed,N/A,N/A,N/A,N/A,,,,,,,,69.04,N/A,1937445.17,,
propionylcarnitine,4.74,Target Compound,20240709_QE2_HILIC_BCSCuAOXq2d_AYW1156_pool01xb,34,Processed,T1,pool01x,Unknown,,B:D1,,,91906,2203437,4.71,-0.03,C10H19NO4,M+H,N/A,N/A,N/A,N/A,218.1387,218.1387,-.1989 (ppm),0,0,N/A,Method,True,False,N/A,N/A,N/A,,,Pass,N/A,N/A,N/A,N/A,Confirmed,N/A,N/A,N/A,N/A,,,,,,,,78.60,N/A,1937445.17,,
propionylcarnitine,4.74,Target Compound,20240709_QE2_HILIC_BCSCuAOXq2d_AYW1156_pool01xc,35,Processed,T1,pool01x,Unknown,,B:D1,,,59049,979187,4.61,-0.13,C10H19NO4,M+H,N/A,N/A,N/A,N/A,218.1387,218.1389,.8504 (ppm),0,0,N/A,Method,True,False,N/A,N/A,N/A,,,Pass,N/A,N/A,N/A,N/A,Confirmed,N/A,N/A,N/A,N/A,,,,,,,,13.93,N/A,1937445.17,,
propionylcarnitine,4.74,Target Compound,20240709_QE2_HILIC_BCSCuAOXq2d_AYW1156_pool01xd,36,Processed,T1,pool01x,Unknown,,B:D1,,,63875,1901696,4.65,-0.09,C10H19NO4,M+H,N/A,N/A,N/A,N/A,218.1387,218.1387,.2208 (ppm),0,0,N/A,Method,True,False,N/A,N/A,N/A,,,Pass,N/A,N/A,N/A,N/A,Confirmed,N/A,N/A,N/A,N/A,,,,,,,,52.99,N/A,1937445.17,,
propionylcarnitine,4.74,Target Compound,20240709_QE2_HILIC_BCSCuAOXq2d_blank1,37,Processed,T1,,Unknown,,B:A1,,,112023,1415489,4.86,0.12,C10H19NO4,M+H,N/A,N/A,N/A,N/A,218.1387,218.1388,.4307 (ppm),0,0,N/A,Method,True,False,N/A,N/A,N/A,,,Pass,N/A,N/A,N/A,N/A,Confirmed,N/A,N/A,N/A,N/A,,,,,,,,7.22,N/A,801891.52,,
propionylcarnitine,4.74,Target Compound,20240709_QE2_HILIC_BCSCuAOXq2d_blank1_20240710111342,38,Processed,T1,,Unknown,,B:A1,,,38205,802519,4.87,0.13,C10H19NO4,M+H,N/A,N/A,N/A,N/A,218.1387,218.1388,.3607 (ppm),0,0,N/A,Method,True,False,N/A,N/A,N/A,,,Pass,N/A,N/A,N/A,N/A,Confirmed,N/A,N/A,N/A,N/A,,,,,,,,12.42,N/A,801891.52,,
propionylcarnitine,4.74,Target Compound,20240709_QE2_HILIC_BCSCuAOXq2d_blank1_20240710231833,39,Processed,T1,,Unknown,,B:A1,,,N/F,N/F,N/F,N/F,C10H19NO4,N/A,N/F,N/A,N/F,N/A,218.1387,N/F,N/F,N/F,0,N/A,Method,True,False,N/A,N/A,N/A,,,Fail,N/A,N/A,N/A,N/A,NotFound,N/A,N/A,N/A,N/A,,,,,,,,N/A,N/A,801891.52,,
propionylcarnitine,4.74,Target Compound,20240709_QE2_HILIC_BCSCuAOXq2d_blank2,40,Processed,T1,,Unknown,,B:A1,,,135443,2406340,4.63,-0.11,C10H19NO4,M+H,N/A,N/A,N/A,N/A,218.1387,218.1388,.3607 (ppm),0,0,N/A,Method,True,False,N/A,N/A,N/A,,,Pass,N/A,N/A,N/A,N/A,Confirmed,N/A,N/A,N/A,N/A,,,,,,,,37.26,N/A,801891.52,,
propionylcarnitine,4.74,Target Compound,20240709_QE2_HILIC_BCSCuAOXq2d_blank2_20240710115054,41,Processed,T1,,Unknown,,B:A1,,,N/F,N/F,N/F,N/F,C10H19NO4,N/A,N/F,N/A,N/F,N/A,218.1387,N/F,N/F,N/F,0,N/A,Method,True,False,N/A,N/A,N/A,,,Fail,N/A,N/A,N/A,N/A,NotFound,N/A,N/A,N/A,N/A,,,,,,,,N/A,N/A,801891.52,,
propionylcarnitine,4.74,Target Compound,20240709_QE2_HILIC_BCSCuAOXq2d_blank2_20240710235116,42,Processed,T1,,Unknown,,B:A1,,,14128,187000,4.56,-0.18,C10H19NO4,M+H,N/A,N/A,N/A,N/A,218.1387,218.1389,1.0602 (ppm),0,0,N/A,Method,True,False,N/A,N/A,N/A,,,Pass,N/A,N/A,N/A,N/A,Confirmed,N/A,N/A,N/A,N/A,,,,,,,,9.16,N/A,801891.52,,
