﻿Compound,RT,Type,Filename,Batch Order,Status,Peak Label,Group,Sample Type,Level,Sample ID,Sample Name,Comments,Height,Area,Actual RT,RT Delta,Formula,Adduct,Calculated Amt,Theoretical Amt,Sample Amt,Std Add Amount,m/z (Expected),m/z (Apex),m/z (Delta),Response Ratio,ISTD Amt,ISTD Response,Integration Mode,Active,Excluded,%Diff,%RSD,% CV,Channel,Final Units,PK,IR,IP,LS,FI,Confirm,Isotopic Pattern Score (%),Num Isotopes Matched,Lib Match Name,Library Score (%),Library Match Rank,SI/Dot Product,RSI/Rev Dot,Modification,Protein Name,Peptide Sequence,Ion Type,S/N,Ion Ratio,Group Average,Relative RT,Flag Details
succinate,10.39,Target Compound,20240709_QE2_HILIC_BCSCuAOXq2d_AYW1130,1,Processed,T1,1V,Unknown,,B:A2,,,5683596,50798946,10.2,-0.19,C4H6O4,M-H,N/A,N/A,N/A,N/A,117.0193,117.0193,.4114 (ppm),0,0,N/A,Method,True,False,N/A,N/A,N/A,,,Pass,N/A,N/A,N/A,N/A,Confirmed,N/A,N/A,N/A,N/A,,,,,,,,220.22,N/A,54763306.26,,
succinate,10.39,Target Compound,20240709_QE2_HILIC_BCSCuAOXq2d_AYW1131,2,Processed,T1,1V,Unknown,,B:A3,,,4888601,48301219,10.18,-0.21,C4H6O4,M-H,N/A,N/A,N/A,N/A,117.0193,117.0193,.3462 (ppm),0,0,N/A,Method,True,False,N/A,N/A,N/A,,,Pass,N/A,N/A,N/A,N/A,Confirmed,N/A,N/A,N/A,N/A,,,,,,,,68.22,N/A,54763306.26,,
succinate,10.39,Target Compound,20240709_QE2_HILIC_BCSCuAOXq2d_AYW1132,3,Processed,T1,1V,Unknown,,B:A4,,,5631537,65189754,10.21,-0.18,C4H6O4,M-H,N/A,N/A,N/A,N/A,117.0193,117.0194,.7374 (ppm),0,0,N/A,Method,True,False,N/A,N/A,N/A,,,Pass,N/A,N/A,N/A,N/A,Confirmed,N/A,N/A,N/A,N/A,,,,,,,,97.50,N/A,54763306.26,,
succinate,10.39,Target Compound,20240709_QE2_HILIC_BCSCuAOXq2d_AYW1133,4,Processed,T1,2B,Unknown,,B:A5,,,21079356,222690804,10.22,-0.17,C4H6O4,M-H,N/A,N/A,N/A,N/A,117.0193,117.0194,.9982 (ppm),0,0,N/A,Method,True,False,N/A,N/A,N/A,,,Pass,N/A,N/A,N/A,N/A,Confirmed,N/A,N/A,N/A,N/A,,,,,,,,360.71,N/A,218889487.69,,
succinate,10.39,Target Compound,20240709_QE2_HILIC_BCSCuAOXq2d_AYW1134,5,Processed,T1,2B,Unknown,,B:A6,,,22958600,247147298,10.22,-0.17,C4H6O4,M-H,N/A,N/A,N/A,N/A,117.0193,117.0194,.5418 (ppm),0,0,N/A,Method,True,False,N/A,N/A,N/A,,,Pass,N/A,N/A,N/A,N/A,Confirmed,N/A,N/A,N/A,N/A,,,,,,,,401.84,N/A,218889487.69,,
succinate,10.39,Target Compound,20240709_QE2_HILIC_BCSCuAOXq2d_AYW1135,6,Processed,T1,2B,Unknown,,B:A7,,,20173995,186830361,10.19,-0.20,C4H6O4,M-H,N/A,N/A,N/A,N/A,117.0193,117.0194,.4766 (ppm),0,0,N/A,Method,True,False,N/A,N/A,N/A,,,Pass,N/A,N/A,N/A,N/A,Confirmed,N/A,N/A,N/A,N/A,,,,,,,,151.13,N/A,218889487.69,,
succinate,10.39,Target Compound,20240709_QE2_HILIC_BCSCuAOXq2d_AYW1136,7,Processed,T1,3C,Unknown,,B:A8,,,6062693,60472141,10.23,-0.16,C4H6O4,M-H,N/A,N/A,N/A,N/A,117.0193,117.0193,.3462 (ppm),0,0,N/A,Method,True,False,N/A,N/A,N/A,,,Pass,N/A,N/A,N/A,N/A,Confirmed,N/A,N/A,N/A,N/A,,,,,,,,50.89,N/A,62040970.69,,
succinate,10.39,Target Compound,20240709_QE2_HILIC_BCSCuAOXq2d_AYW1137,8,Processed,T1,3C,Unknown,,B:A9,,,6523816,73802281,10.22,-0.17,C4H6O4,M-H,N/A,N/A,N/A,N/A,117.0193,117.0193,.2810 (ppm),0,0,N/A,Method,True,False,N/A,N/A,N/A,,,Pass,N/A,N/A,N/A,N/A,Confirmed,N/A,N/A,N/A,N/A,,,,,,,,488.05,N/A,62040970.69,,
succinate,10.39,Target Compound,20240709_QE2_HILIC_BCSCuAOXq2d_AYW1138,9,Processed,T1,3C,Unknown,,B:B1,,,5169858,51848490,10.22,-0.17,C4H6O4,M-H,N/A,N/A,N/A,N/A,117.0193,117.0194,.4766 (ppm),0,0,N/A,Method,True,False,N/A,N/A,N/A,,,Pass,N/A,N/A,N/A,N/A,Confirmed,N/A,N/A,N/A,N/A,,,,,,,,71.88,N/A,62040970.69,,
succinate,10.39,Target Compound,20240709_QE2_HILIC_BCSCuAOXq2d_AYW1139,10,Processed,T1,4BC,Unknown,,B:B2,,,6264380,73977703,10.18,-0.21,C4H6O4,M-H,N/A,N/A,N/A,N/A,117.0193,117.0194,.6070 (ppm),0,0,N/A,Method,True,False,N/A,N/A,N/A,,,Pass,N/A,N/A,N/A,N/A,Confirmed,N/A,N/A,N/A,N/A,,,,,,,,74.36,N/A,68877968.76,N/A,
succinate,10.39,Target Compound,20240709_QE2_HILIC_BCSCuAOXq2d_AYW1140,11,Processed,T1,4BC,Unknown,,B:B3,,,7272716,69963876,10.21,-0.18,C4H6O4,M-H,N/A,N/A,N/A,N/A,117.0193,117.0193,.2158 (ppm),0,0,N/A,Method,True,False,N/A,N/A,N/A,,,Pass,N/A,N/A,N/A,N/A,Confirmed,N/A,N/A,N/A,N/A,,,,,,,,85.77,N/A,68877968.76,,
succinate,10.39,Target Compound,20240709_QE2_HILIC_BCSCuAOXq2d_AYW1141,12,Processed,T1,4BC,Unknown,,B:B4,,,5851027,62692327,10.2,-0.19,C4H6O4,M-H,N/A,N/A,N/A,N/A,117.0193,117.0193,.3462 (ppm),0,0,N/A,Method,True,False,N/A,N/A,N/A,,,Pass,N/A,N/A,N/A,N/A,Confirmed,N/A,N/A,N/A,N/A,,,,,,,,93.83,N/A,68877968.76,,
succinate,10.39,Target Compound,20240709_QE2_HILIC_BCSCuAOXq2d_AYW1142,13,Processed,T1,5RV,Unknown,,B:B5,,,9037953,103967931,10.2,-0.19,C4H6O4,M-H,N/A,N/A,N/A,N/A,117.0193,117.0194,.8026 (ppm),0,0,N/A,Method,True,False,N/A,N/A,N/A,,,Pass,N/A,N/A,N/A,N/A,Confirmed,N/A,N/A,N/A,N/A,,,,,,,,189.60,N/A,83909587.09,N/A,
succinate,10.39,Target Compound,20240709_QE2_HILIC_BCSCuAOXq2d_AYW1143,14,Processed,T1,5RV,Unknown,,B:B6,,,7151580,76078136,10.23,-0.16,C4H6O4,M-H,N/A,N/A,N/A,N/A,117.0193,117.0194,.6722 (ppm),0,0,N/A,Method,True,False,N/A,N/A,N/A,,,Pass,N/A,N/A,N/A,N/A,Confirmed,N/A,N/A,N/A,N/A,,,,,,,,131.55,N/A,83909587.09,,
succinate,10.39,Target Compound,20240709_QE2_HILIC_BCSCuAOXq2d_AYW1144,15,Processed,T1,5RV,Unknown,,B:B7,,,6944214,71682694,10.21,-0.18,C4H6O4,M-H,N/A,N/A,N/A,N/A,117.0193,117.0194,.6722 (ppm),0,0,N/A,Method,True,False,N/A,N/A,N/A,,,Pass,N/A,N/A,N/A,N/A,Confirmed,N/A,N/A,N/A,N/A,,,,,,,,63.09,N/A,83909587.09,,
succinate,10.39,Target Compound,20240709_QE2_HILIC_BCSCuAOXq2d_AYW1145,16,Processed,T1,6RB,Unknown,,B:B8,,,24058115,264971540,10.2,-0.19,C4H6O4,M-H,N/A,N/A,N/A,N/A,117.0193,117.0194,.6722 (ppm),0,0,N/A,Method,True,False,N/A,N/A,N/A,,,Pass,N/A,N/A,N/A,N/A,Confirmed,N/A,N/A,N/A,N/A,,,,,,,,213.70,N/A,204620813.62,,
succinate,10.39,Target Compound,20240709_QE2_HILIC_BCSCuAOXq2d_AYW1146,17,Processed,T1,6RB,Unknown,,B:B9,,,19619529,199375001,10.2,-0.19,C4H6O4,M-H,N/A,N/A,N/A,N/A,117.0193,117.0194,.5418 (ppm),0,0,N/A,Method,True,False,N/A,N/A,N/A,,,Pass,N/A,N/A,N/A,N/A,Confirmed,N/A,N/A,N/A,N/A,,,,,,,,460.57,N/A,204620813.62,,
succinate,10.39,Target Compound,20240709_QE2_HILIC_BCSCuAOXq2d_AYW1147,18,Processed,T1,6RB,Unknown,,B:C1,,,15295586,149515901,10.2,-0.19,C4H6O4,M-H,N/A,N/A,N/A,N/A,117.0193,117.0194,.7374 (ppm),0,0,N/A,Method,True,False,N/A,N/A,N/A,,,Pass,N/A,N/A,N/A,N/A,Confirmed,N/A,N/A,N/A,N/A,,,,,,,,220.00,N/A,204620813.62,,
succinate,10.39,Target Compound,20240709_QE2_HILIC_BCSCuAOXq2d_AYW1148,19,Processed,T1,7RV,Unknown,,B:C2,,,3419150,29709013,10.19,-0.20,C4H6O4,M-H,N/A,N/A,N/A,N/A,117.0193,117.0194,.8026 (ppm),0,0,N/A,Method,True,False,N/A,N/A,N/A,,,Pass,N/A,N/A,N/A,N/A,Confirmed,N/A,N/A,N/A,N/A,,,,,,,,124.19,N/A,51962317.80,,
succinate,10.39,Target Compound,20240709_QE2_HILIC_BCSCuAOXq2d_AYW1149,20,Processed,T1,7RV,Unknown,,B:C3,,,6184346,67942033,10.21,-0.18,C4H6O4,M-H,N/A,N/A,N/A,N/A,117.0193,117.0194,.6722 (ppm),0,0,N/A,Method,True,False,N/A,N/A,N/A,,,Pass,N/A,N/A,N/A,N/A,Confirmed,N/A,N/A,N/A,N/A,,,,,,,,184.67,N/A,51962317.80,,
succinate,10.39,Target Compound,20240709_QE2_HILIC_BCSCuAOXq2d_AYW1150,21,Processed,T1,7RV,Unknown,,B:C4,,,5987031,58235907,10.21,-0.18,C4H6O4,M-H,N/A,N/A,N/A,N/A,117.0193,117.0194,.6722 (ppm),0,0,N/A,Method,True,False,N/A,N/A,N/A,,,Pass,N/A,N/A,N/A,N/A,Confirmed,N/A,N/A,N/A,N/A,,,,,,,,71.25,N/A,51962317.80,,
succinate,10.39,Target Compound,20240709_QE2_HILIC_BCSCuAOXq2d_AYW1151,22,Processed,T1,8RB,Unknown,,B:C5,,,7730255,75112419,10.19,-0.20,C4H6O4,M-H,N/A,N/A,N/A,N/A,117.0193,117.0194,.6722 (ppm),0,0,N/A,Method,True,False,N/A,N/A,N/A,,,Pass,N/A,N/A,N/A,N/A,Confirmed,N/A,N/A,N/A,N/A,,,,,,,,103.41,N/A,67172591.55,,
succinate,10.39,Target Compound,20240709_QE2_HILIC_BCSCuAOXq2d_AYW1152,23,Processed,T1,8RB,Unknown,,B:C6,,,3688240,33242143,10.2,-0.19,C4H6O4,M-H,N/A,N/A,N/A,N/A,117.0193,117.0194,1.0634 (ppm),0,0,N/A,Method,True,False,N/A,N/A,N/A,,,Pass,N/A,N/A,N/A,N/A,Confirmed,N/A,N/A,N/A,N/A,,,,,,,,102.11,N/A,67172591.55,,
succinate,10.39,Target Compound,20240709_QE2_HILIC_BCSCuAOXq2d_AYW1153,24,Processed,T1,8RB,Unknown,,B:C7,,,8963030,93163213,10.22,-0.17,C4H6O4,M-H,N/A,N/A,N/A,N/A,117.0193,117.0193,.2158 (ppm),0,0,N/A,Method,True,False,N/A,N/A,N/A,,,Pass,N/A,N/A,N/A,N/A,Confirmed,N/A,N/A,N/A,N/A,,,,,,,,190.39,N/A,67172591.55,,
succinate,10.39,Target Compound,20240709_QE2_HILIC_BCSCuAOXq2d_AYW1154_pool1xa,25,Processed,T1,pool1x,Unknown,,B:C8,,,8492848,80456559,10.2,-0.19,C4H6O4,M-H,N/A,N/A,N/A,N/A,117.0193,117.0193,-.1102 (ppm),0,0,N/A,Manual,True,False,N/A,N/A,N/A,,,Pass,N/A,N/A,N/A,N/A,Confirmed,N/A,N/A,N/A,N/A,,,,,,,,86.71,N/A,85764623.02,,
succinate,10.39,Target Compound,20240709_QE2_HILIC_BCSCuAOXq2d_AYW1154_pool1xb,26,Processed,T1,pool1x,Unknown,,B:C8,,,10426341,104666731,10.19,-0.20,C4H6O4,M-H,N/A,N/A,N/A,N/A,117.0193,117.0193,.1506 (ppm),0,0,N/A,Method,True,False,N/A,N/A,N/A,,,Pass,N/A,N/A,N/A,N/A,Confirmed,N/A,N/A,N/A,N/A,,,,,,,,116.03,N/A,83535550.74,,
succinate,10.39,Target Compound,20240709_QE2_HILIC_BCSCuAOXq2d_AYW1154_pool1xc,27,Processed,T1,pool1x,Unknown,,B:C8,,,11445117,103937591,10.21,-0.18,C4H6O4,M-H,N/A,N/A,N/A,N/A,117.0193,117.0194,1.0634 (ppm),0,0,N/A,Manual,True,False,N/A,N/A,N/A,,,Pass,N/A,N/A,N/A,N/A,Confirmed,N/A,N/A,N/A,N/A,,,,,,,,154.50,N/A,84777168.84,,
succinate,10.39,Target Compound,20240709_QE2_HILIC_BCSCuAOXq2d_AYW1154_pool1xd,28,Processed,T1,pool1x,Unknown,,B:C8,,,4867046,50047795,10.19,-0.20,C4H6O4,M-H,N/A,N/A,N/A,N/A,117.0193,117.0194,.7374 (ppm),0,0,N/A,Manual,True,False,N/A,N/A,N/A,,,Pass,N/A,N/A,N/A,N/A,Confirmed,N/A,N/A,N/A,N/A,,,,,,,,60.71,N/A,87829035.95,,
succinate,10.39,Target Compound,20240709_QE2_HILIC_BCSCuAOXq2d_AYW1155_pool033xa,29,Processed,T1,pool033x,Unknown,,B:C9,,,3041175,27857361,10.22,-0.17,C4H6O4,M-H,N/A,N/A,N/A,N/A,117.0193,117.0194,.5418 (ppm),0,0,N/A,Method,True,False,N/A,N/A,N/A,,,Pass,N/A,N/A,N/A,N/A,Confirmed,N/A,N/A,N/A,N/A,,,,,,,,45.46,N/A,31749138.53,,
succinate,10.39,Target Compound,20240709_QE2_HILIC_BCSCuAOXq2d_AYW1155_pool033xb,30,Processed,T1,pool033x,Unknown,,B:C9,,,4040611,39207545,10.19,-0.20,C4H6O4,M-H,N/A,N/A,N/A,N/A,117.0193,117.0193,.2810 (ppm),0,0,N/A,Method,True,False,N/A,N/A,N/A,,,Pass,N/A,N/A,N/A,N/A,Confirmed,N/A,N/A,N/A,N/A,,,,,,,,133.43,N/A,31749138.53,,
succinate,10.39,Target Compound,20240709_QE2_HILIC_BCSCuAOXq2d_AYW1155_pool033xc,31,Processed,T1,pool033x,Unknown,,B:C9,,,3751917,41198882,10.18,-0.21,C4H6O4,M-H,N/A,N/A,N/A,N/A,117.0193,117.0194,.9982 (ppm),0,0,N/A,Method,True,False,N/A,N/A,N/A,,,Pass,N/A,N/A,N/A,N/A,Confirmed,N/A,N/A,N/A,N/A,,,,,,,,104.06,N/A,31749138.53,,
succinate,10.39,Target Compound,20240709_QE2_HILIC_BCSCuAOXq2d_AYW1155_pool033xd,32,Processed,T1,pool033x,Unknown,,B:C9,,,1823383,18732766,10.2,-0.19,C4H6O4,M-H,N/A,N/A,N/A,N/A,117.0193,117.0194,.8678 (ppm),0,0,N/A,Method,True,False,N/A,N/A,N/A,,,Pass,N/A,N/A,N/A,N/A,Confirmed,N/A,N/A,N/A,N/A,,,,,,,,224.57,N/A,31749138.53,,
succinate,10.39,Target Compound,20240709_QE2_HILIC_BCSCuAOXq2d_AYW1156_pool01xa,33,Processed,T1,pool01x,Unknown,,B:D1,,,1069913,8652920,10.2,-0.19,C4H6O4,M-H,N/A,N/A,N/A,N/A,117.0193,117.0194,.4766 (ppm),0,0,N/A,Method,True,False,N/A,N/A,N/A,,,Pass,N/A,N/A,N/A,N/A,Confirmed,N/A,N/A,N/A,N/A,,,,,,,,30.35,N/A,9155690.58,,
succinate,10.39,Target Compound,20240709_QE2_HILIC_BCSCuAOXq2d_AYW1156_pool01xb,34,Processed,T1,pool01x,Unknown,,B:D1,,,1193355,14751457,10.21,-0.18,C4H6O4,M-H,N/A,N/A,N/A,N/A,117.0193,117.0193,.3462 (ppm),0,0,N/A,Method,True,False,N/A,N/A,N/A,,,Pass,N/A,N/A,N/A,N/A,Confirmed,N/A,N/A,N/A,N/A,,,,,,,,85.32,N/A,9155690.58,,
succinate,10.39,Target Compound,20240709_QE2_HILIC_BCSCuAOXq2d_AYW1156_pool01xc,35,Processed,T1,pool01x,Unknown,,B:D1,,,1122196,9861008,10.21,-0.18,C4H6O4,M-H,N/A,N/A,N/A,N/A,117.0193,117.0194,1.2590 (ppm),0,0,N/A,Method,True,False,N/A,N/A,N/A,,,Pass,N/A,N/A,N/A,N/A,Confirmed,N/A,N/A,N/A,N/A,,,,,,,,22.76,N/A,9155690.58,,
succinate,10.39,Target Compound,20240709_QE2_HILIC_BCSCuAOXq2d_AYW1156_pool01xd,36,Processed,T1,pool01x,Unknown,,B:D1,,,434687,3357378,10.16,-0.23,C4H6O4,M-H,N/A,N/A,N/A,N/A,117.0193,117.0194,.6070 (ppm),0,0,N/A,Method,True,False,N/A,N/A,N/A,,,Pass,N/A,N/A,N/A,N/A,Confirmed,N/A,N/A,N/A,N/A,,,,,,,,10.20,N/A,9155690.58,,
succinate,10.39,Target Compound,20240709_QE2_HILIC_BCSCuAOXq2d_blank1,37,Processed,T1,,Unknown,,B:A1,,,N/F,N/F,N/F,N/F,C4H6O4,N/A,N/F,N/A,N/F,N/A,117.0193,N/F,N/F,N/F,0,N/A,Method,True,False,N/A,N/A,N/A,,,Fail,N/A,N/A,N/A,N/A,NotFound,N/A,N/A,N/A,N/A,,,,,,,,N/A,N/A,1.00,,
succinate,10.39,Target Compound,20240709_QE2_HILIC_BCSCuAOXq2d_blank1_20240710111342,38,Processed,T1,,Unknown,,B:A1,,,N/F,N/F,N/F,N/F,C4H6O4,N/A,N/F,N/A,N/F,N/A,117.0193,N/F,N/F,N/F,0,N/A,Method,True,False,N/A,N/A,N/A,,,Fail,N/A,N/A,N/A,N/A,NotFound,N/A,N/A,N/A,N/A,,,,,,,,N/A,N/A,1.00,,
succinate,10.39,Target Compound,20240709_QE2_HILIC_BCSCuAOXq2d_blank1_20240710231833,39,Processed,T1,,Unknown,,B:A1,,,N/F,N/F,N/F,N/F,C4H6O4,N/A,N/F,N/A,N/F,N/A,117.0193,N/F,N/F,N/F,0,N/A,Method,True,False,N/A,N/A,N/A,,,Fail,N/A,N/A,N/A,N/A,NotFound,N/A,N/A,N/A,N/A,,,,,,,,N/A,N/A,1.00,,
succinate,10.39,Target Compound,20240709_QE2_HILIC_BCSCuAOXq2d_blank2,40,Processed,T1,,Unknown,,B:A1,,,N/F,N/F,N/F,N/F,C4H6O4,N/A,N/F,N/A,N/F,N/A,117.0193,N/F,N/F,N/F,0,N/A,Method,True,False,N/A,N/A,N/A,,,Fail,N/A,N/A,N/A,N/A,NotFound,N/A,N/A,N/A,N/A,,,,,,,,N/A,N/A,1.00,,
succinate,10.39,Target Compound,20240709_QE2_HILIC_BCSCuAOXq2d_blank2_20240710115054,41,Processed,T1,,Unknown,,B:A1,,,N/F,N/F,N/F,N/F,C4H6O4,N/A,N/F,N/A,N/F,N/A,117.0193,N/F,N/F,N/F,0,N/A,Method,True,False,N/A,N/A,N/A,,,Fail,N/A,N/A,N/A,N/A,NotFound,N/A,N/A,N/A,N/A,,,,,,,,N/A,N/A,1.00,,
succinate,10.39,Target Compound,20240709_QE2_HILIC_BCSCuAOXq2d_blank2_20240710235116,42,Processed,T1,,Unknown,,B:A1,,,N/F,N/F,N/F,N/F,C4H6O4,N/A,N/F,N/A,N/F,N/A,117.0193,N/F,N/F,N/F,0,N/A,Method,True,False,N/A,N/A,N/A,,,Fail,N/A,N/A,N/A,N/A,NotFound,N/A,N/A,N/A,N/A,,,,,,,,N/A,N/A,1.00,,
