﻿Compound,RT,Type,Filename,Batch Order,Status,Peak Label,Group,Sample Type,Level,Sample ID,Sample Name,Comments,Height,Area,Actual RT,RT Delta,Formula,Adduct,Calculated Amt,Theoretical Amt,Sample Amt,Std Add Amount,m/z (Expected),m/z (Apex),m/z (Delta),Response Ratio,ISTD Amt,ISTD Response,Integration Mode,Active,Excluded,%Diff,%RSD,% CV,Channel,Final Units,PK,IR,IP,LS,FI,Confirm,Isotopic Pattern Score (%),Num Isotopes Matched,Lib Match Name,Library Score (%),Library Match Rank,SI/Dot Product,RSI/Rev Dot,Modification,Protein Name,Peptide Sequence,Ion Type,S/N,Ion Ratio,Group Average,Relative RT,Flag Details
lysine-13C6-15N2,13.89,Target Compound,20240709_QE2_HILIC_BCSCuAOXq2d_AYW1130,1,Processed,T1,1V,Unknown,,B:A2,,,7118359,130679850,13.87,-0.02,[13]C6H14[15]N2O2,M+H,N/A,N/A,N/A,N/A,155.127,155.1271,.5831 (ppm),0,0,N/A,Method,True,False,N/A,N/A,N/A,,,Pass,N/A,N/A,N/A,N/A,Confirmed,N/A,N/A,N/A,N/A,,,,,,,,4115.38,N/A,118816214.88,,
lysine-13C6-15N2,13.89,Target Compound,20240709_QE2_HILIC_BCSCuAOXq2d_AYW1131,2,Processed,T1,1V,Unknown,,B:A3,,,6623262,125305282,13.91,0.02,[13]C6H14[15]N2O2,M+H,N/A,N/A,N/A,N/A,155.127,155.1271,.3864 (ppm),0,0,N/A,Method,True,False,N/A,N/A,N/A,,,Pass,N/A,N/A,N/A,N/A,Confirmed,N/A,N/A,N/A,N/A,,,,,,,,INF,N/A,118816214.88,,
lysine-13C6-15N2,13.89,Target Compound,20240709_QE2_HILIC_BCSCuAOXq2d_AYW1132,3,Processed,T1,1V,Unknown,,B:A4,,,5196590,100463513,13.86,-0.03,[13]C6H14[15]N2O2,M+H,N/A,N/A,N/A,N/A,155.127,155.1271,.4847 (ppm),0,0,N/A,Method,True,False,N/A,N/A,N/A,,,Pass,N/A,N/A,N/A,N/A,Confirmed,N/A,N/A,N/A,N/A,,,,,,,,INF,N/A,118816214.88,,
lysine-13C6-15N2,13.89,Target Compound,20240709_QE2_HILIC_BCSCuAOXq2d_AYW1133,4,Processed,T1,2B,Unknown,,B:A5,,,5642939,108420144,13.88,-0.01,[13]C6H14[15]N2O2,M+H,N/A,N/A,N/A,N/A,155.127,155.1271,.3864 (ppm),0,0,N/A,Method,True,False,N/A,N/A,N/A,,,Pass,N/A,N/A,N/A,N/A,Confirmed,N/A,N/A,N/A,N/A,,,,,,,,INF,N/A,135170565.36,,
lysine-13C6-15N2,13.89,Target Compound,20240709_QE2_HILIC_BCSCuAOXq2d_AYW1134,5,Processed,T1,2B,Unknown,,B:A6,,,7342261,140261372,13.87,-0.02,[13]C6H14[15]N2O2,M+H,N/A,N/A,N/A,N/A,155.127,155.127,.0913 (ppm),0,0,N/A,Method,True,False,N/A,N/A,N/A,,,Pass,N/A,N/A,N/A,N/A,Confirmed,N/A,N/A,N/A,N/A,,,,,,,,INF,N/A,135170565.36,,
lysine-13C6-15N2,13.89,Target Compound,20240709_QE2_HILIC_BCSCuAOXq2d_AYW1135,6,Processed,T1,2B,Unknown,,B:A7,,,8009283,156830180,13.89,0.00,[13]C6H14[15]N2O2,M+H,N/A,N/A,N/A,N/A,155.127,155.1271,.4847 (ppm),0,0,N/A,Method,True,False,N/A,N/A,N/A,,,Pass,N/A,N/A,N/A,N/A,Confirmed,N/A,N/A,N/A,N/A,,,,,,,,INF,N/A,135170565.36,,
lysine-13C6-15N2,13.89,Target Compound,20240709_QE2_HILIC_BCSCuAOXq2d_AYW1136,7,Processed,T1,3C,Unknown,,B:A8,,,7816788,144301207,13.88,-0.01,[13]C6H14[15]N2O2,M+H,N/A,N/A,N/A,N/A,155.127,155.1271,.7798 (ppm),0,0,N/A,Method,True,False,N/A,N/A,N/A,,,Pass,N/A,N/A,N/A,N/A,Confirmed,N/A,N/A,N/A,N/A,,,,,,,,INF,N/A,130438906.95,,
lysine-13C6-15N2,13.89,Target Compound,20240709_QE2_HILIC_BCSCuAOXq2d_AYW1137,8,Processed,T1,3C,Unknown,,B:A9,,,8058504,154638140,13.9,0.01,[13]C6H14[15]N2O2,M+H,N/A,N/A,N/A,N/A,155.127,155.127,.2880 (ppm),0,0,N/A,Method,True,False,N/A,N/A,N/A,,,Pass,N/A,N/A,N/A,N/A,Confirmed,N/A,N/A,N/A,N/A,,,,,,,,6308.85,N/A,130438906.95,,
lysine-13C6-15N2,13.89,Target Compound,20240709_QE2_HILIC_BCSCuAOXq2d_AYW1138,9,Processed,T1,3C,Unknown,,B:B1,,,4786465,92377374,13.86,-0.03,[13]C6H14[15]N2O2,M+H,N/A,N/A,N/A,N/A,155.127,155.1271,.6815 (ppm),0,0,N/A,Method,True,False,N/A,N/A,N/A,,,Pass,N/A,N/A,N/A,N/A,Confirmed,N/A,N/A,N/A,N/A,,,,,,,,INF,N/A,130438906.95,,
lysine-13C6-15N2,13.89,Target Compound,20240709_QE2_HILIC_BCSCuAOXq2d_AYW1139,10,Processed,T1,4BC,Unknown,,B:B2,,,7106985,128535837,13.91,0.02,[13]C6H14[15]N2O2,M+H,N/A,N/A,N/A,N/A,155.127,155.1271,.8782 (ppm),0,0,N/A,Method,True,False,N/A,N/A,N/A,,,Pass,N/A,N/A,N/A,N/A,Confirmed,N/A,N/A,N/A,N/A,,,,,,,,INF,N/A,123774178.37,N/A,
lysine-13C6-15N2,13.89,Target Compound,20240709_QE2_HILIC_BCSCuAOXq2d_AYW1140,11,Processed,T1,4BC,Unknown,,B:B3,,,5425771,99855924,13.88,-0.01,[13]C6H14[15]N2O2,M+H,N/A,N/A,N/A,N/A,155.127,155.127,-.3022 (ppm),0,0,N/A,Method,True,False,N/A,N/A,N/A,,,Pass,N/A,N/A,N/A,N/A,Confirmed,N/A,N/A,N/A,N/A,,,,,,,,INF,N/A,123774178.37,,
lysine-13C6-15N2,13.89,Target Compound,20240709_QE2_HILIC_BCSCuAOXq2d_AYW1141,12,Processed,T1,4BC,Unknown,,B:B4,,,7749514,142930774,13.85,-0.04,[13]C6H14[15]N2O2,M+H,N/A,N/A,N/A,N/A,155.127,155.1271,.5831 (ppm),0,0,N/A,Method,True,False,N/A,N/A,N/A,,,Pass,N/A,N/A,N/A,N/A,Confirmed,N/A,N/A,N/A,N/A,,,,,,,,INF,N/A,123774178.37,,
lysine-13C6-15N2,13.89,Target Compound,20240709_QE2_HILIC_BCSCuAOXq2d_AYW1142,13,Processed,T1,5RV,Unknown,,B:B5,,,5595191,109203384,13.91,0.02,[13]C6H14[15]N2O2,M+H,N/A,N/A,N/A,N/A,155.127,155.127,.2880 (ppm),0,0,N/A,Method,True,False,N/A,N/A,N/A,,,Pass,N/A,N/A,N/A,N/A,Confirmed,N/A,N/A,N/A,N/A,,,,,,,,14234.94,N/A,122698920.45,N/A,
lysine-13C6-15N2,13.89,Target Compound,20240709_QE2_HILIC_BCSCuAOXq2d_AYW1143,14,Processed,T1,5RV,Unknown,,B:B6,,,8353268,156431887,13.89,0.00,[13]C6H14[15]N2O2,M+H,N/A,N/A,N/A,N/A,155.127,155.127,.1896 (ppm),0,0,N/A,Method,True,False,N/A,N/A,N/A,,,Pass,N/A,N/A,N/A,N/A,Confirmed,N/A,N/A,N/A,N/A,,,,,,,,INF,N/A,122698920.45,,
lysine-13C6-15N2,13.89,Target Compound,20240709_QE2_HILIC_BCSCuAOXq2d_AYW1144,15,Processed,T1,5RV,Unknown,,B:B7,,,5705781,102461490,13.89,0.00,[13]C6H14[15]N2O2,M+H,N/A,N/A,N/A,N/A,155.127,155.1271,.5831 (ppm),0,0,N/A,Method,True,False,N/A,N/A,N/A,,,Pass,N/A,N/A,N/A,N/A,Confirmed,N/A,N/A,N/A,N/A,,,,,,,,INF,N/A,122698920.45,,
lysine-13C6-15N2,13.89,Target Compound,20240709_QE2_HILIC_BCSCuAOXq2d_AYW1145,16,Processed,T1,6RB,Unknown,,B:B8,,,5436818,104681526,13.87,-0.02,[13]C6H14[15]N2O2,M+H,N/A,N/A,N/A,N/A,155.127,155.1272,1.3700 (ppm),0,0,N/A,Method,True,False,N/A,N/A,N/A,,,Pass,N/A,N/A,N/A,N/A,Confirmed,N/A,N/A,N/A,N/A,,,,,,,,INF,N/A,96694401.49,,
lysine-13C6-15N2,13.89,Target Compound,20240709_QE2_HILIC_BCSCuAOXq2d_AYW1146,17,Processed,T1,6RB,Unknown,,B:B9,,,5298608,97741133,13.91,0.02,[13]C6H14[15]N2O2,M+H,N/A,N/A,N/A,N/A,155.127,155.127,.2880 (ppm),0,0,N/A,Method,True,False,N/A,N/A,N/A,,,Pass,N/A,N/A,N/A,N/A,Confirmed,N/A,N/A,N/A,N/A,,,,,,,,23718.21,N/A,96694401.49,,
lysine-13C6-15N2,13.89,Target Compound,20240709_QE2_HILIC_BCSCuAOXq2d_AYW1147,18,Processed,T1,6RB,Unknown,,B:C1,,,4679754,87660546,13.9,0.01,[13]C6H14[15]N2O2,M+H,N/A,N/A,N/A,N/A,155.127,155.1271,.3864 (ppm),0,0,N/A,Method,True,False,N/A,N/A,N/A,,,Pass,N/A,N/A,N/A,N/A,Confirmed,N/A,N/A,N/A,N/A,,,,,,,,INF,N/A,96694401.49,,
lysine-13C6-15N2,13.89,Target Compound,20240709_QE2_HILIC_BCSCuAOXq2d_AYW1148,19,Processed,T1,7RV,Unknown,,B:C2,,,6555410,118831456,13.86,-0.03,[13]C6H14[15]N2O2,M+H,N/A,N/A,N/A,N/A,155.127,155.127,-.0071 (ppm),0,0,N/A,Method,True,False,N/A,N/A,N/A,,,Pass,N/A,N/A,N/A,N/A,Confirmed,N/A,N/A,N/A,N/A,,,,,,,,INF,N/A,118765688.09,,
lysine-13C6-15N2,13.89,Target Compound,20240709_QE2_HILIC_BCSCuAOXq2d_AYW1149,20,Processed,T1,7RV,Unknown,,B:C3,,,6615199,124889270,13.88,-0.01,[13]C6H14[15]N2O2,M+H,N/A,N/A,N/A,N/A,155.127,155.127,.1896 (ppm),0,0,N/A,Method,True,False,N/A,N/A,N/A,,,Pass,N/A,N/A,N/A,N/A,Confirmed,N/A,N/A,N/A,N/A,,,,,,,,INF,N/A,118765688.09,,
lysine-13C6-15N2,13.89,Target Compound,20240709_QE2_HILIC_BCSCuAOXq2d_AYW1150,21,Processed,T1,7RV,Unknown,,B:C4,,,5736393,112576338,13.89,0.00,[13]C6H14[15]N2O2,M+H,N/A,N/A,N/A,N/A,155.127,155.1271,.4847 (ppm),0,0,N/A,Method,True,False,N/A,N/A,N/A,,,Pass,N/A,N/A,N/A,N/A,Confirmed,N/A,N/A,N/A,N/A,,,,,,,,INF,N/A,118765688.09,,
lysine-13C6-15N2,13.89,Target Compound,20240709_QE2_HILIC_BCSCuAOXq2d_AYW1151,22,Processed,T1,8RB,Unknown,,B:C5,,,8502103,160456855,13.86,-0.03,[13]C6H14[15]N2O2,M+H,N/A,N/A,N/A,N/A,155.127,155.127,.2880 (ppm),0,0,N/A,Method,True,False,N/A,N/A,N/A,,,Pass,N/A,N/A,N/A,N/A,Confirmed,N/A,N/A,N/A,N/A,,,,,,,,INF,N/A,134149813.81,,
lysine-13C6-15N2,13.89,Target Compound,20240709_QE2_HILIC_BCSCuAOXq2d_AYW1152,23,Processed,T1,8RB,Unknown,,B:C6,,,5210449,96844245,13.87,-0.02,[13]C6H14[15]N2O2,M+H,N/A,N/A,N/A,N/A,155.127,155.1271,.3864 (ppm),0,0,N/A,Method,True,False,N/A,N/A,N/A,,,Pass,N/A,N/A,N/A,N/A,Confirmed,N/A,N/A,N/A,N/A,,,,,,,,INF,N/A,134149813.81,,
lysine-13C6-15N2,13.89,Target Compound,20240709_QE2_HILIC_BCSCuAOXq2d_AYW1153,24,Processed,T1,8RB,Unknown,,B:C7,,,7916575,145148341,13.87,-0.02,[13]C6H14[15]N2O2,M+H,N/A,N/A,N/A,N/A,155.127,155.1271,.6815 (ppm),0,0,N/A,Method,True,False,N/A,N/A,N/A,,,Pass,N/A,N/A,N/A,N/A,Confirmed,N/A,N/A,N/A,N/A,,,,,,,,INF,N/A,134149813.81,,
lysine-13C6-15N2,13.89,Target Compound,20240709_QE2_HILIC_BCSCuAOXq2d_AYW1154_pool1xa,25,Processed,T1,pool1x,Unknown,,B:C8,,,6306134,124323960,13.88,-0.01,[13]C6H14[15]N2O2,M+H,N/A,N/A,N/A,N/A,155.127,155.1271,.3864 (ppm),0,0,N/A,Method,True,False,N/A,N/A,N/A,,,Pass,N/A,N/A,N/A,N/A,Confirmed,N/A,N/A,N/A,N/A,,,,,,,,INF,N/A,124274231.84,,
lysine-13C6-15N2,13.89,Target Compound,20240709_QE2_HILIC_BCSCuAOXq2d_AYW1154_pool1xb,26,Processed,T1,pool1x,Unknown,,B:C8,,,8143103,146737694,13.87,-0.02,[13]C6H14[15]N2O2,M+H,N/A,N/A,N/A,N/A,155.127,155.1269,-.4989 (ppm),0,0,N/A,Method,True,False,N/A,N/A,N/A,,,Pass,N/A,N/A,N/A,N/A,Confirmed,N/A,N/A,N/A,N/A,,,,,,,,INF,N/A,124274231.84,,
lysine-13C6-15N2,13.89,Target Compound,20240709_QE2_HILIC_BCSCuAOXq2d_AYW1154_pool1xc,27,Processed,T1,pool1x,Unknown,,B:C8,,,6656405,121416123,13.84,-0.05,[13]C6H14[15]N2O2,M+H,N/A,N/A,N/A,N/A,155.127,155.1271,.6815 (ppm),0,0,N/A,Method,True,False,N/A,N/A,N/A,,,Pass,N/A,N/A,N/A,N/A,Confirmed,N/A,N/A,N/A,N/A,,,,,,,,INF,N/A,124274231.84,,
lysine-13C6-15N2,13.89,Target Compound,20240709_QE2_HILIC_BCSCuAOXq2d_AYW1154_pool1xd,28,Processed,T1,pool1x,Unknown,,B:C8,,,5647003,104619151,13.9,0.01,[13]C6H14[15]N2O2,M+H,N/A,N/A,N/A,N/A,155.127,155.127,.2880 (ppm),0,0,N/A,Method,True,False,N/A,N/A,N/A,,,Pass,N/A,N/A,N/A,N/A,Confirmed,N/A,N/A,N/A,N/A,,,,,,,,INF,N/A,124274231.84,,
lysine-13C6-15N2,13.89,Target Compound,20240709_QE2_HILIC_BCSCuAOXq2d_AYW1155_pool033xa,29,Processed,T1,pool033x,Unknown,,B:C9,,,2552282,44602584,13.92,0.03,[13]C6H14[15]N2O2,M+H,N/A,N/A,N/A,N/A,155.127,155.127,.2880 (ppm),0,0,N/A,Method,True,False,N/A,N/A,N/A,,,Pass,N/A,N/A,N/A,N/A,Confirmed,N/A,N/A,N/A,N/A,,,,,,,,INF,N/A,44034537.40,,
lysine-13C6-15N2,13.89,Target Compound,20240709_QE2_HILIC_BCSCuAOXq2d_AYW1155_pool033xb,30,Processed,T1,pool033x,Unknown,,B:C9,,,2754829,52886675,13.94,0.05,[13]C6H14[15]N2O2,M+H,N/A,N/A,N/A,N/A,155.127,155.127,.0913 (ppm),0,0,N/A,Method,True,False,N/A,N/A,N/A,,,Pass,N/A,N/A,N/A,N/A,Confirmed,N/A,N/A,N/A,N/A,,,,,,,,11049.28,N/A,44034537.40,,
lysine-13C6-15N2,13.89,Target Compound,20240709_QE2_HILIC_BCSCuAOXq2d_AYW1155_pool033xc,31,Processed,T1,pool033x,Unknown,,B:C9,,,2185905,41840067,13.95,0.06,[13]C6H14[15]N2O2,M+H,N/A,N/A,N/A,N/A,155.127,155.1271,.7798 (ppm),0,0,N/A,Method,True,False,N/A,N/A,N/A,,,Pass,N/A,N/A,N/A,N/A,Confirmed,N/A,N/A,N/A,N/A,,,,,,,,8565.51,N/A,44034537.40,,
lysine-13C6-15N2,13.89,Target Compound,20240709_QE2_HILIC_BCSCuAOXq2d_AYW1155_pool033xd,32,Processed,T1,pool033x,Unknown,,B:C9,,,2078427,36808824,13.89,0.00,[13]C6H14[15]N2O2,M+H,N/A,N/A,N/A,N/A,155.127,155.127,.2880 (ppm),0,0,N/A,Method,True,False,N/A,N/A,N/A,,,Pass,N/A,N/A,N/A,N/A,Confirmed,N/A,N/A,N/A,N/A,,,,,,,,INF,N/A,44034537.40,,
lysine-13C6-15N2,13.89,Target Compound,20240709_QE2_HILIC_BCSCuAOXq2d_AYW1156_pool01xa,33,Processed,T1,pool01x,Unknown,,B:D1,,,840311,14721570,13.99,0.10,[13]C6H14[15]N2O2,M+H,N/A,N/A,N/A,N/A,155.127,155.1271,.7798 (ppm),0,0,N/A,Method,True,False,N/A,N/A,N/A,,,Pass,N/A,N/A,N/A,N/A,Confirmed,N/A,N/A,N/A,N/A,,,,,,,,INF,N/A,14337365.76,,
lysine-13C6-15N2,13.89,Target Compound,20240709_QE2_HILIC_BCSCuAOXq2d_AYW1156_pool01xb,34,Processed,T1,pool01x,Unknown,,B:D1,,,887048,17720080,13.91,0.02,[13]C6H14[15]N2O2,M+H,N/A,N/A,N/A,N/A,155.127,155.1269,-.4005 (ppm),0,0,N/A,Method,True,False,N/A,N/A,N/A,,,Pass,N/A,N/A,N/A,N/A,Confirmed,N/A,N/A,N/A,N/A,,,,,,,,2518.58,N/A,14337365.76,,
lysine-13C6-15N2,13.89,Target Compound,20240709_QE2_HILIC_BCSCuAOXq2d_AYW1156_pool01xc,35,Processed,T1,pool01x,Unknown,,B:D1,,,731327,14098516,13.96,0.07,[13]C6H14[15]N2O2,M+H,N/A,N/A,N/A,N/A,155.127,155.1272,1.2716 (ppm),0,0,N/A,Method,True,False,N/A,N/A,N/A,,,Pass,N/A,N/A,N/A,N/A,Confirmed,N/A,N/A,N/A,N/A,,,,,,,,645.30,N/A,14337365.76,,
lysine-13C6-15N2,13.89,Target Compound,20240709_QE2_HILIC_BCSCuAOXq2d_AYW1156_pool01xd,36,Processed,T1,pool01x,Unknown,,B:D1,,,534551,10809297,13.96,0.07,[13]C6H14[15]N2O2,M+H,N/A,N/A,N/A,N/A,155.127,155.127,.1896 (ppm),0,0,N/A,Method,True,False,N/A,N/A,N/A,,,Pass,N/A,N/A,N/A,N/A,Confirmed,N/A,N/A,N/A,N/A,,,,,,,,3558.88,N/A,14337365.76,,
lysine-13C6-15N2,13.89,Target Compound,20240709_QE2_HILIC_BCSCuAOXq2d_blank1,37,Processed,T1,,Unknown,,B:A1,,,N/F,N/F,N/F,N/F,[13]C6H14[15]N2O2,N/A,N/F,N/A,N/F,N/A,155.127,N/F,N/F,N/F,0,N/A,Method,True,False,N/A,N/A,N/A,,,Fail,N/A,N/A,N/A,N/A,NotFound,N/A,N/A,N/A,N/A,,,,,,,,N/A,N/A,1.00,,
lysine-13C6-15N2,13.89,Target Compound,20240709_QE2_HILIC_BCSCuAOXq2d_blank1_20240710111342,38,Processed,T1,,Unknown,,B:A1,,,N/F,N/F,N/F,N/F,[13]C6H14[15]N2O2,N/A,N/F,N/A,N/F,N/A,155.127,N/F,N/F,N/F,0,N/A,Method,True,False,N/A,N/A,N/A,,,Fail,N/A,N/A,N/A,N/A,NotFound,N/A,N/A,N/A,N/A,,,,,,,,N/A,N/A,1.00,,
lysine-13C6-15N2,13.89,Target Compound,20240709_QE2_HILIC_BCSCuAOXq2d_blank1_20240710231833,39,Processed,T1,,Unknown,,B:A1,,,N/F,N/F,N/F,N/F,[13]C6H14[15]N2O2,N/A,N/F,N/A,N/F,N/A,155.127,N/F,N/F,N/F,0,N/A,Method,True,False,N/A,N/A,N/A,,,Fail,N/A,N/A,N/A,N/A,NotFound,N/A,N/A,N/A,N/A,,,,,,,,N/A,N/A,1.00,,
lysine-13C6-15N2,13.89,Target Compound,20240709_QE2_HILIC_BCSCuAOXq2d_blank2,40,Processed,T1,,Unknown,,B:A1,,,N/F,N/F,N/F,N/F,[13]C6H14[15]N2O2,N/A,N/F,N/A,N/F,N/A,155.127,N/F,N/F,N/F,0,N/A,Method,True,False,N/A,N/A,N/A,,,Fail,N/A,N/A,N/A,N/A,NotFound,N/A,N/A,N/A,N/A,,,,,,,,N/A,N/A,1.00,,
lysine-13C6-15N2,13.89,Target Compound,20240709_QE2_HILIC_BCSCuAOXq2d_blank2_20240710115054,41,Processed,T1,,Unknown,,B:A1,,,N/F,N/F,N/F,N/F,[13]C6H14[15]N2O2,N/A,N/F,N/A,N/F,N/A,155.127,N/F,N/F,N/F,0,N/A,Method,True,False,N/A,N/A,N/A,,,Fail,N/A,N/A,N/A,N/A,NotFound,N/A,N/A,N/A,N/A,,,,,,,,N/A,N/A,1.00,,
lysine-13C6-15N2,13.89,Target Compound,20240709_QE2_HILIC_BCSCuAOXq2d_blank2_20240710235116,42,Processed,T1,,Unknown,,B:A1,,,N/F,N/F,N/F,N/F,[13]C6H14[15]N2O2,N/A,N/F,N/A,N/F,N/A,155.127,N/F,N/F,N/F,0,N/A,Method,True,False,N/A,N/A,N/A,,,Fail,N/A,N/A,N/A,N/A,NotFound,N/A,N/A,N/A,N/A,,,,,,,,N/A,N/A,1.00,,
