﻿Compound,RT,Type,Filename,Batch Order,Status,Peak Label,Group,Sample Type,Level,Sample ID,Sample Name,Comments,Height,Area,Actual RT,RT Delta,Formula,Adduct,Calculated Amt,Theoretical Amt,Sample Amt,Std Add Amount,m/z (Expected),m/z (Apex),m/z (Delta),Response Ratio,ISTD Amt,ISTD Response,Integration Mode,Active,Excluded,%Diff,%RSD,% CV,Channel,Final Units,PK,IR,IP,LS,FI,Confirm,Isotopic Pattern Score (%),Num Isotopes Matched,Lib Match Name,Library Score (%),Library Match Rank,SI/Dot Product,RSI/Rev Dot,Modification,Protein Name,Peptide Sequence,Ion Type,S/N,Ion Ratio,Group Average,Relative RT,Flag Details
Sedoheptulose-7-phosphate,11.04,Target Compound,20240709_QE2_HILIC_BCSCuAOXq2d_AYW1130,1,Processed,T1,1V,Unknown,,B:A2,,,286875,2642624,10.99,-0.05,C7H15O10P,M-H,N/A,N/A,N/A,N/A,289.033,289.0338,2.7089 (ppm),0,0,N/A,Method,True,False,N/A,N/A,N/A,,,Pass,N/A,N/A,N/A,N/A,Confirmed,N/A,N/A,N/A,N/A,,,,,,,,INF,N/A,2568039.21,,
Sedoheptulose-7-phosphate,11.04,Target Compound,20240709_QE2_HILIC_BCSCuAOXq2d_AYW1131,2,Processed,T1,1V,Unknown,,B:A3,,,304806,2747510,11.01,-0.03,C7H15O10P,M-H,N/A,N/A,N/A,N/A,289.033,289.0337,2.4977 (ppm),0,0,N/A,Method,True,False,N/A,N/A,N/A,,,Pass,N/A,N/A,N/A,N/A,Confirmed,N/A,N/A,N/A,N/A,,,,,,,,INF,N/A,2568039.21,,
Sedoheptulose-7-phosphate,11.04,Target Compound,20240709_QE2_HILIC_BCSCuAOXq2d_AYW1132,3,Processed,T1,1V,Unknown,,B:A4,,,235880,2313983,11.01,-0.03,C7H15O10P,M-H,N/A,N/A,N/A,N/A,289.033,289.0337,2.2866 (ppm),0,0,N/A,Method,True,False,N/A,N/A,N/A,,,Pass,N/A,N/A,N/A,N/A,Confirmed,N/A,N/A,N/A,N/A,,,,,,,,INF,N/A,2568039.21,,
Sedoheptulose-7-phosphate,11.04,Target Compound,20240709_QE2_HILIC_BCSCuAOXq2d_AYW1133,4,Processed,T1,2B,Unknown,,B:A5,,,534544,7278023,11,-0.04,C7H15O10P,M-H,N/A,N/A,N/A,N/A,289.033,289.0336,2.1810 (ppm),0,0,N/A,Method,True,False,N/A,N/A,N/A,,,Pass,N/A,N/A,N/A,N/A,Confirmed,N/A,N/A,N/A,N/A,,,,,,,,INF,N/A,10006918.61,,
Sedoheptulose-7-phosphate,11.04,Target Compound,20240709_QE2_HILIC_BCSCuAOXq2d_AYW1134,5,Processed,T1,2B,Unknown,,B:A6,,,988986,11999815,11.01,-0.03,C7H15O10P,M-H,N/A,N/A,N/A,N/A,289.033,289.0334,1.2307 (ppm),0,0,N/A,Method,True,False,N/A,N/A,N/A,,,Pass,N/A,N/A,N/A,N/A,Confirmed,N/A,N/A,N/A,N/A,,,,,,,,INF,N/A,10006918.61,,
Sedoheptulose-7-phosphate,11.04,Target Compound,20240709_QE2_HILIC_BCSCuAOXq2d_AYW1135,6,Processed,T1,2B,Unknown,,B:A7,,,842993,10742918,11.01,-0.03,C7H15O10P,M-H,N/A,N/A,N/A,N/A,289.033,289.0333,1.1251 (ppm),0,0,N/A,Method,True,False,N/A,N/A,N/A,,,Pass,N/A,N/A,N/A,N/A,Confirmed,N/A,N/A,N/A,N/A,,,,,,,,INF,N/A,10006918.61,,
Sedoheptulose-7-phosphate,11.04,Target Compound,20240709_QE2_HILIC_BCSCuAOXq2d_AYW1136,7,Processed,T1,3C,Unknown,,B:A8,,,412665,5006177,10.97,-0.07,C7H15O10P,M-H,N/A,N/A,N/A,N/A,289.033,289.0334,1.4419 (ppm),0,0,N/A,Method,True,False,N/A,N/A,N/A,,,Pass,N/A,N/A,N/A,N/A,Confirmed,N/A,N/A,N/A,N/A,,,,,,,,INF,N/A,3493859.75,,
Sedoheptulose-7-phosphate,11.04,Target Compound,20240709_QE2_HILIC_BCSCuAOXq2d_AYW1137,8,Processed,T1,3C,Unknown,,B:A9,,,368120,4122696,10.99,-0.05,C7H15O10P,M-H,N/A,N/A,N/A,N/A,289.033,289.0334,1.3363 (ppm),0,0,N/A,Method,True,False,N/A,N/A,N/A,,,Pass,N/A,N/A,N/A,N/A,Confirmed,N/A,N/A,N/A,N/A,,,,,,,,INF,N/A,3493859.75,,
Sedoheptulose-7-phosphate,11.04,Target Compound,20240709_QE2_HILIC_BCSCuAOXq2d_AYW1138,9,Processed,T1,3C,Unknown,,B:B1,,,173617,1352707,10.98,-0.06,C7H15O10P,M-H,N/A,N/A,N/A,N/A,289.033,289.0331,.1748 (ppm),0,0,N/A,Method,True,False,N/A,N/A,N/A,,,Pass,N/A,N/A,N/A,N/A,Confirmed,N/A,N/A,N/A,N/A,,,,,,,,INF,N/A,3493859.75,,
Sedoheptulose-7-phosphate,11.04,Target Compound,20240709_QE2_HILIC_BCSCuAOXq2d_AYW1139,10,Processed,T1,4BC,Unknown,,B:B2,,,383340,4040666,11,-0.04,C7H15O10P,M-H,N/A,N/A,N/A,N/A,289.033,289.0338,2.8145 (ppm),0,0,N/A,Method,True,False,N/A,N/A,N/A,,,Pass,N/A,N/A,N/A,N/A,Confirmed,N/A,N/A,N/A,N/A,,,,,,,,INF,N/A,4123562.26,N/A,
Sedoheptulose-7-phosphate,11.04,Target Compound,20240709_QE2_HILIC_BCSCuAOXq2d_AYW1140,11,Processed,T1,4BC,Unknown,,B:B3,,,428889,4004933,10.99,-0.05,C7H15O10P,M-H,N/A,N/A,N/A,N/A,289.033,289.0337,2.3921 (ppm),0,0,N/A,Method,True,False,N/A,N/A,N/A,,,Pass,N/A,N/A,N/A,N/A,Confirmed,N/A,N/A,N/A,N/A,,,,,,,,INF,N/A,4123562.26,,
Sedoheptulose-7-phosphate,11.04,Target Compound,20240709_QE2_HILIC_BCSCuAOXq2d_AYW1141,12,Processed,T1,4BC,Unknown,,B:B4,,,420051,4325088,11,-0.04,C7H15O10P,M-H,N/A,N/A,N/A,N/A,289.033,289.0339,3.1312 (ppm),0,0,N/A,Method,True,False,N/A,N/A,N/A,,,Pass,N/A,N/A,N/A,N/A,Confirmed,N/A,N/A,N/A,N/A,,,,,,,,INF,N/A,4123562.26,,
Sedoheptulose-7-phosphate,11.04,Target Compound,20240709_QE2_HILIC_BCSCuAOXq2d_AYW1142,13,Processed,T1,5RV,Unknown,,B:B5,,,158254,1521254,10.97,-0.07,C7H15O10P,M-H,N/A,N/A,N/A,N/A,289.033,289.0347,5.8764 (ppm),0,0,N/A,Method,True,False,N/A,N/A,N/A,,,Pass,N/A,N/A,N/A,N/A,Confirmed,N/A,N/A,N/A,N/A,,,,,,,,INF,N/A,1452666.09,N/A,
Sedoheptulose-7-phosphate,11.04,Target Compound,20240709_QE2_HILIC_BCSCuAOXq2d_AYW1143,14,Processed,T1,5RV,Unknown,,B:B6,,,188680,1979599,10.98,-0.06,C7H15O10P,M-H,N/A,N/A,N/A,N/A,289.033,289.0338,2.6033 (ppm),0,0,N/A,Method,True,False,N/A,N/A,N/A,,,Pass,N/A,N/A,N/A,N/A,Confirmed,N/A,N/A,N/A,N/A,,,,,,,,INF,N/A,1452666.09,,
Sedoheptulose-7-phosphate,11.04,Target Compound,20240709_QE2_HILIC_BCSCuAOXq2d_AYW1144,15,Processed,T1,5RV,Unknown,,B:B7,,,128271,857145,11.01,-0.03,C7H15O10P,M-H,N/A,N/A,N/A,N/A,289.033,289.0347,5.8764 (ppm),0,0,N/A,Method,True,False,N/A,N/A,N/A,,,Pass,N/A,N/A,N/A,N/A,Confirmed,N/A,N/A,N/A,N/A,,,,,,,,INF,N/A,1452666.09,,
Sedoheptulose-7-phosphate,11.04,Target Compound,20240709_QE2_HILIC_BCSCuAOXq2d_AYW1145,16,Processed,T1,6RB,Unknown,,B:B8,,,504402,6730230,10.98,-0.06,C7H15O10P,M-H,N/A,N/A,N/A,N/A,289.033,289.0337,2.3921 (ppm),0,0,N/A,Method,True,False,N/A,N/A,N/A,,,Pass,N/A,N/A,N/A,N/A,Confirmed,N/A,N/A,N/A,N/A,,,,,,,,INF,N/A,5064741.64,,
Sedoheptulose-7-phosphate,11.04,Target Compound,20240709_QE2_HILIC_BCSCuAOXq2d_AYW1146,17,Processed,T1,6RB,Unknown,,B:B9,,,335307,3974790,10.96,-0.08,C7H15O10P,M-H,N/A,N/A,N/A,N/A,289.033,289.0338,2.7089 (ppm),0,0,N/A,Method,True,False,N/A,N/A,N/A,,,Pass,N/A,N/A,N/A,N/A,Confirmed,N/A,N/A,N/A,N/A,,,,,,,,INF,N/A,5064741.64,,
Sedoheptulose-7-phosphate,11.04,Target Compound,20240709_QE2_HILIC_BCSCuAOXq2d_AYW1147,18,Processed,T1,6RB,Unknown,,B:C1,,,371692,4489205,10.98,-0.06,C7H15O10P,M-H,N/A,N/A,N/A,N/A,289.033,289.034,3.4480 (ppm),0,0,N/A,Method,True,False,N/A,N/A,N/A,,,Pass,N/A,N/A,N/A,N/A,Confirmed,N/A,N/A,N/A,N/A,,,,,,,,INF,N/A,5064741.64,,
Sedoheptulose-7-phosphate,11.04,Target Compound,20240709_QE2_HILIC_BCSCuAOXq2d_AYW1148,19,Processed,T1,7RV,Unknown,,B:C2,,,198786,1771311,11.01,-0.03,C7H15O10P,M-H,N/A,N/A,N/A,N/A,289.033,289.0344,4.9262 (ppm),0,0,N/A,Method,True,False,N/A,N/A,N/A,,,Pass,N/A,N/A,N/A,N/A,Confirmed,N/A,N/A,N/A,N/A,,,,,,,,INF,N/A,1980546.36,,
Sedoheptulose-7-phosphate,11.04,Target Compound,20240709_QE2_HILIC_BCSCuAOXq2d_AYW1149,20,Processed,T1,7RV,Unknown,,B:C3,,,245476,2046097,10.98,-0.06,C7H15O10P,M-H,N/A,N/A,N/A,N/A,289.033,289.0334,1.4419 (ppm),0,0,N/A,Method,True,False,N/A,N/A,N/A,,,Pass,N/A,N/A,N/A,N/A,Confirmed,N/A,N/A,N/A,N/A,,,,,,,,INF,N/A,1980546.36,,
Sedoheptulose-7-phosphate,11.04,Target Compound,20240709_QE2_HILIC_BCSCuAOXq2d_AYW1150,21,Processed,T1,7RV,Unknown,,B:C4,,,196995,2124231,10.98,-0.06,C7H15O10P,M-H,N/A,N/A,N/A,N/A,289.033,289.0334,1.5475 (ppm),0,0,N/A,Method,True,False,N/A,N/A,N/A,,,Pass,N/A,N/A,N/A,N/A,Confirmed,N/A,N/A,N/A,N/A,,,,,,,,INF,N/A,1980546.36,,
Sedoheptulose-7-phosphate,11.04,Target Compound,20240709_QE2_HILIC_BCSCuAOXq2d_AYW1151,22,Processed,T1,8RB,Unknown,,B:C5,,,527245,7485279,10.99,-0.05,C7H15O10P,M-H,N/A,N/A,N/A,N/A,289.033,289.0338,2.8145 (ppm),0,0,N/A,Method,True,False,N/A,N/A,N/A,,,Pass,N/A,N/A,N/A,N/A,Confirmed,N/A,N/A,N/A,N/A,,,,,,,,INF,N/A,8122761.76,,
Sedoheptulose-7-phosphate,11.04,Target Compound,20240709_QE2_HILIC_BCSCuAOXq2d_AYW1152,23,Processed,T1,8RB,Unknown,,B:C6,,,535905,6690226,10.97,-0.07,C7H15O10P,M-H,N/A,N/A,N/A,N/A,289.033,289.0342,4.0815 (ppm),0,0,N/A,Method,True,False,N/A,N/A,N/A,,,Pass,N/A,N/A,N/A,N/A,Confirmed,N/A,N/A,N/A,N/A,,,,,,,,INF,N/A,8122761.76,,
Sedoheptulose-7-phosphate,11.04,Target Compound,20240709_QE2_HILIC_BCSCuAOXq2d_AYW1153,24,Processed,T1,8RB,Unknown,,B:C7,,,704168,10192780,10.96,-0.08,C7H15O10P,M-H,N/A,N/A,N/A,N/A,289.033,289.0332,.8084 (ppm),0,0,N/A,Method,True,False,N/A,N/A,N/A,,,Pass,N/A,N/A,N/A,N/A,Confirmed,N/A,N/A,N/A,N/A,,,,,,,,INF,N/A,8122761.76,,
Sedoheptulose-7-phosphate,11.04,Target Compound,20240709_QE2_HILIC_BCSCuAOXq2d_AYW1154_pool1xa,25,Processed,T1,pool1x,Unknown,,B:C8,,,443402,6203116,11.02,-0.02,C7H15O10P,M-H,N/A,N/A,N/A,N/A,289.033,289.033,-.1419 (ppm),0,0,N/A,Method,True,False,N/A,N/A,N/A,,,Pass,N/A,N/A,N/A,N/A,Confirmed,N/A,N/A,N/A,N/A,,,,,,,,INF,N/A,5009534.31,,
Sedoheptulose-7-phosphate,11.04,Target Compound,20240709_QE2_HILIC_BCSCuAOXq2d_AYW1154_pool1xb,26,Processed,T1,pool1x,Unknown,,B:C8,,,406930,4523591,10.99,-0.05,C7H15O10P,M-H,N/A,N/A,N/A,N/A,289.033,289.0337,2.2866 (ppm),0,0,N/A,Method,True,False,N/A,N/A,N/A,,,Pass,N/A,N/A,N/A,N/A,Confirmed,N/A,N/A,N/A,N/A,,,,,,,,INF,N/A,5009534.31,,
Sedoheptulose-7-phosphate,11.04,Target Compound,20240709_QE2_HILIC_BCSCuAOXq2d_AYW1154_pool1xc,27,Processed,T1,pool1x,Unknown,,B:C8,,,439993,4520294,10.98,-0.06,C7H15O10P,M-H,N/A,N/A,N/A,N/A,289.033,289.0336,1.9698 (ppm),0,0,N/A,Method,True,False,N/A,N/A,N/A,,,Pass,N/A,N/A,N/A,N/A,Confirmed,N/A,N/A,N/A,N/A,,,,,,,,INF,N/A,5009534.31,,
Sedoheptulose-7-phosphate,11.04,Target Compound,20240709_QE2_HILIC_BCSCuAOXq2d_AYW1154_pool1xd,28,Processed,T1,pool1x,Unknown,,B:C8,,,400208,4791137,10.99,-0.05,C7H15O10P,M-H,N/A,N/A,N/A,N/A,289.033,289.0337,2.3921 (ppm),0,0,N/A,Method,True,False,N/A,N/A,N/A,,,Pass,N/A,N/A,N/A,N/A,Confirmed,N/A,N/A,N/A,N/A,,,,,,,,INF,N/A,5009534.31,,
Sedoheptulose-7-phosphate,11.04,Target Compound,20240709_QE2_HILIC_BCSCuAOXq2d_AYW1155_pool033xa,29,Processed,T1,pool033x,Unknown,,B:C9,,,201003,2521414,11,-0.04,C7H15O10P,M-H,N/A,N/A,N/A,N/A,289.033,289.0332,.8084 (ppm),0,0,N/A,Method,True,False,N/A,N/A,N/A,,,Pass,N/A,N/A,N/A,N/A,Confirmed,N/A,N/A,N/A,N/A,,,,,,,,INF,N/A,1524788.72,,
Sedoheptulose-7-phosphate,11.04,Target Compound,20240709_QE2_HILIC_BCSCuAOXq2d_AYW1155_pool033xb,30,Processed,T1,pool033x,Unknown,,B:C9,,,118217,1134278,10.97,-0.07,C7H15O10P,M-H,N/A,N/A,N/A,N/A,289.033,289.0343,4.5038 (ppm),0,0,N/A,Method,True,False,N/A,N/A,N/A,,,Pass,N/A,N/A,N/A,N/A,Confirmed,N/A,N/A,N/A,N/A,,,,,,,,INF,N/A,1524788.72,,
Sedoheptulose-7-phosphate,11.04,Target Compound,20240709_QE2_HILIC_BCSCuAOXq2d_AYW1155_pool033xc,31,Processed,T1,pool033x,Unknown,,B:C9,,,122246,1134726,10.99,-0.05,C7H15O10P,M-H,N/A,N/A,N/A,N/A,289.033,289.0333,1.0195 (ppm),0,0,N/A,Method,True,False,N/A,N/A,N/A,,,Pass,N/A,N/A,N/A,N/A,Confirmed,N/A,N/A,N/A,N/A,,,,,,,,INF,N/A,1524788.72,,
Sedoheptulose-7-phosphate,11.04,Target Compound,20240709_QE2_HILIC_BCSCuAOXq2d_AYW1155_pool033xd,32,Processed,T1,pool033x,Unknown,,B:C9,,,151807,1308737,10.98,-0.06,C7H15O10P,M-H,N/A,N/A,N/A,N/A,289.033,289.0341,3.7647 (ppm),0,0,N/A,Method,True,False,N/A,N/A,N/A,,,Pass,N/A,N/A,N/A,N/A,Confirmed,N/A,N/A,N/A,N/A,,,,,,,,INF,N/A,1524788.72,,
Sedoheptulose-7-phosphate,11.04,Target Compound,20240709_QE2_HILIC_BCSCuAOXq2d_AYW1156_pool01xa,33,Processed,T1,pool01x,Unknown,,B:D1,,,45271,449814,10.98,-0.06,C7H15O10P,M-H,N/A,N/A,N/A,N/A,289.033,289.0335,1.8642 (ppm),0,0,N/A,Method,True,False,N/A,N/A,N/A,,,Pass,N/A,N/A,N/A,N/A,Confirmed,N/A,N/A,N/A,N/A,,,,,,,,INF,N/A,132631.54,,
Sedoheptulose-7-phosphate,11.04,Target Compound,20240709_QE2_HILIC_BCSCuAOXq2d_AYW1156_pool01xb,34,Processed,T1,pool01x,Unknown,,B:D1,,,15763,48927,10.97,-0.07,C7H15O10P,M-H,N/A,N/A,N/A,N/A,289.033,289.0341,3.8703 (ppm),0,0,N/A,Method,True,False,N/A,N/A,N/A,,,Pass,N/A,N/A,N/A,N/A,Confirmed,N/A,N/A,N/A,N/A,,,,,,,,INF,N/A,132631.54,,
Sedoheptulose-7-phosphate,11.04,Target Compound,20240709_QE2_HILIC_BCSCuAOXq2d_AYW1156_pool01xc,35,Processed,T1,pool01x,Unknown,,B:D1,,,10190,31785,10.97,-0.07,C7H15O10P,M-H,N/A,N/A,N/A,N/A,289.033,289.0347,5.8764 (ppm),0,0,N/A,Method,True,False,N/A,N/A,N/A,,,Pass,N/A,N/A,N/A,N/A,Confirmed,N/A,N/A,N/A,N/A,,,,,,,,INF,N/A,132631.54,,
Sedoheptulose-7-phosphate,11.04,Target Compound,20240709_QE2_HILIC_BCSCuAOXq2d_AYW1156_pool01xd,36,Processed,T1,pool01x,Unknown,,B:D1,,,N/F,N/F,N/F,N/F,C7H15O10P,N/A,N/F,N/A,N/F,N/A,289.033,N/F,N/F,N/F,0,N/A,Method,True,False,N/A,N/A,N/A,,,Fail,N/A,N/A,N/A,N/A,NotFound,N/A,N/A,N/A,N/A,,,,,,,,N/A,N/A,132631.54,,
Sedoheptulose-7-phosphate,11.04,Target Compound,20240709_QE2_HILIC_BCSCuAOXq2d_blank1,37,Processed,T1,,Unknown,,B:A1,,,11385,34804,10.96,-0.08,C7H15O10P,M-H,N/A,N/A,N/A,N/A,289.033,289.0336,2.1810 (ppm),0,0,N/A,Method,True,False,N/A,N/A,N/A,,,Pass,N/A,N/A,N/A,N/A,Confirmed,N/A,N/A,N/A,N/A,,,,,,,,INF,N/A,8621.68,,
Sedoheptulose-7-phosphate,11.04,Target Compound,20240709_QE2_HILIC_BCSCuAOXq2d_blank1_20240710111342,38,Processed,T1,,Unknown,,B:A1,,,N/F,N/F,N/F,N/F,C7H15O10P,N/A,N/F,N/A,N/F,N/A,289.033,N/F,N/F,N/F,0,N/A,Method,True,False,N/A,N/A,N/A,,,Fail,N/A,N/A,N/A,N/A,NotFound,N/A,N/A,N/A,N/A,,,,,,,,N/A,N/A,8621.68,,
Sedoheptulose-7-phosphate,11.04,Target Compound,20240709_QE2_HILIC_BCSCuAOXq2d_blank1_20240710231833,39,Processed,T1,,Unknown,,B:A1,,,N/F,N/F,N/F,N/F,C7H15O10P,N/A,N/F,N/A,N/F,N/A,289.033,N/F,N/F,N/F,0,N/A,Method,True,False,N/A,N/A,N/A,,,Fail,N/A,N/A,N/A,N/A,NotFound,N/A,N/A,N/A,N/A,,,,,,,,N/A,N/A,8621.68,,
Sedoheptulose-7-phosphate,11.04,Target Compound,20240709_QE2_HILIC_BCSCuAOXq2d_blank2,40,Processed,T1,,Unknown,,B:A1,,,5485,16926,10.97,-0.07,C7H15O10P,M-H,N/A,N/A,N/A,N/A,289.033,289.0337,2.2866 (ppm),0,0,N/A,Method,True,False,N/A,N/A,N/A,,,Pass,N/A,N/A,N/A,N/A,Confirmed,N/A,N/A,N/A,N/A,,,,,,,,INF,N/A,8621.68,,
Sedoheptulose-7-phosphate,11.04,Target Compound,20240709_QE2_HILIC_BCSCuAOXq2d_blank2_20240710115054,41,Processed,T1,,Unknown,,B:A1,,,N/F,N/F,N/F,N/F,C7H15O10P,N/A,N/F,N/A,N/F,N/A,289.033,N/F,N/F,N/F,0,N/A,Method,True,False,N/A,N/A,N/A,,,Fail,N/A,N/A,N/A,N/A,NotFound,N/A,N/A,N/A,N/A,,,,,,,,N/A,N/A,8621.68,,
Sedoheptulose-7-phosphate,11.04,Target Compound,20240709_QE2_HILIC_BCSCuAOXq2d_blank2_20240710235116,42,Processed,T1,,Unknown,,B:A1,,,N/F,N/F,N/F,N/F,C7H15O10P,N/A,N/F,N/A,N/F,N/A,289.033,N/F,N/F,N/F,0,N/A,Method,True,False,N/A,N/A,N/A,,,Fail,N/A,N/A,N/A,N/A,NotFound,N/A,N/A,N/A,N/A,,,,,,,,N/A,N/A,8621.68,,
