﻿Compound,RT,Type,Filename,Batch Order,Status,Peak Label,Group,Sample Type,Level,Sample ID,Sample Name,Comments,Height,Area,Actual RT,RT Delta,Formula,Adduct,Calculated Amt,Theoretical Amt,Sample Amt,Std Add Amount,m/z (Expected),m/z (Apex),m/z (Delta),Response Ratio,ISTD Amt,ISTD Response,Integration Mode,Active,Excluded,%Diff,%RSD,% CV,Channel,Final Units,PK,IR,IP,LS,FI,Confirm,Isotopic Pattern Score (%),Num Isotopes Matched,Lib Match Name,Library Score (%),Library Match Rank,SI/Dot Product,RSI/Rev Dot,Modification,Protein Name,Peptide Sequence,Ion Type,S/N,Ion Ratio,Group Average,Relative RT,Flag Details
argininosuccinate_unc,11.1,Target Compound,20240709_QE2_HILIC_BCSCuAOXq2d_AYW1130,1,Processed,T1,1V,Unknown,,B:A2,,,1061977,11620016,11.13,0.03,C10H18N4O6,M+H,N/A,N/A,N/A,N/A,291.1299,291.1298,-.4783 (ppm),0,0,N/A,Method,True,False,N/A,N/A,N/A,,,Pass,N/A,N/A,N/A,N/A,Confirmed,N/A,N/A,N/A,N/A,,,,,,,,INF,N/A,9545495.08,,
argininosuccinate_unc,11.1,Target Compound,20240709_QE2_HILIC_BCSCuAOXq2d_AYW1131,2,Processed,T1,1V,Unknown,,B:A3,,,906610,9239033,11.14,0.04,C10H18N4O6,M+H,N/A,N/A,N/A,N/A,291.1299,291.1296,-1.1073 (ppm),0,0,N/A,Method,True,False,N/A,N/A,N/A,,,Pass,N/A,N/A,N/A,N/A,Confirmed,N/A,N/A,N/A,N/A,,,,,,,,INF,N/A,9545495.08,,
argininosuccinate_unc,11.1,Target Compound,20240709_QE2_HILIC_BCSCuAOXq2d_AYW1132,3,Processed,T1,1V,Unknown,,B:A4,,,687519,7777437,11.15,0.05,C10H18N4O6,M+H,N/A,N/A,N/A,N/A,291.1299,291.1296,-.8976 (ppm),0,0,N/A,Method,True,False,N/A,N/A,N/A,,,Pass,N/A,N/A,N/A,N/A,Confirmed,N/A,N/A,N/A,N/A,,,,,,,,INF,N/A,9545495.08,,
argininosuccinate_unc,11.1,Target Compound,20240709_QE2_HILIC_BCSCuAOXq2d_AYW1133,4,Processed,T1,2B,Unknown,,B:A5,,,1376887,14139372,11.13,0.03,C10H18N4O6,M+H,N/A,N/A,N/A,N/A,291.1299,291.1297,-.5832 (ppm),0,0,N/A,Method,True,False,N/A,N/A,N/A,,,Pass,N/A,N/A,N/A,N/A,Confirmed,N/A,N/A,N/A,N/A,,,,,,,,INF,N/A,19723539.52,,
argininosuccinate_unc,11.1,Target Compound,20240709_QE2_HILIC_BCSCuAOXq2d_AYW1134,5,Processed,T1,2B,Unknown,,B:A6,,,2013334,21466123,11.15,0.05,C10H18N4O6,M+H,N/A,N/A,N/A,N/A,291.1299,291.1295,-1.2121 (ppm),0,0,N/A,Method,True,False,N/A,N/A,N/A,,,Pass,N/A,N/A,N/A,N/A,Confirmed,N/A,N/A,N/A,N/A,,,,,,,,INF,N/A,19723539.52,,
argininosuccinate_unc,11.1,Target Compound,20240709_QE2_HILIC_BCSCuAOXq2d_AYW1135,6,Processed,T1,2B,Unknown,,B:A7,,,2130399,23565123,11.12,0.02,C10H18N4O6,M+H,N/A,N/A,N/A,N/A,291.1299,291.1296,-.8976 (ppm),0,0,N/A,Method,True,False,N/A,N/A,N/A,,,Pass,N/A,N/A,N/A,N/A,Confirmed,N/A,N/A,N/A,N/A,,,,,,,,INF,N/A,19723539.52,,
argininosuccinate_unc,11.1,Target Compound,20240709_QE2_HILIC_BCSCuAOXq2d_AYW1136,7,Processed,T1,3C,Unknown,,B:A8,,,868160,10065251,11.16,0.06,C10H18N4O6,M+H,N/A,N/A,N/A,N/A,291.1299,291.1296,-.8976 (ppm),0,0,N/A,Method,True,False,N/A,N/A,N/A,,,Pass,N/A,N/A,N/A,N/A,Confirmed,N/A,N/A,N/A,N/A,,,,,,,,INF,N/A,9089135.84,,
argininosuccinate_unc,11.1,Target Compound,20240709_QE2_HILIC_BCSCuAOXq2d_AYW1137,8,Processed,T1,3C,Unknown,,B:A9,,,983676,10848436,11.14,0.04,C10H18N4O6,M+H,N/A,N/A,N/A,N/A,291.1299,291.1295,-1.2121 (ppm),0,0,N/A,Method,True,False,N/A,N/A,N/A,,,Pass,N/A,N/A,N/A,N/A,Confirmed,N/A,N/A,N/A,N/A,,,,,,,,INF,N/A,9089135.84,,
argininosuccinate_unc,11.1,Target Compound,20240709_QE2_HILIC_BCSCuAOXq2d_AYW1138,9,Processed,T1,3C,Unknown,,B:B1,,,689795,6353720,11.11,0.01,C10H18N4O6,M+H,N/A,N/A,N/A,N/A,291.1299,291.1294,-1.6314 (ppm),0,0,N/A,Method,True,False,N/A,N/A,N/A,,,Pass,N/A,N/A,N/A,N/A,Confirmed,N/A,N/A,N/A,N/A,,,,,,,,INF,N/A,9089135.84,,
argininosuccinate_unc,11.1,Target Compound,20240709_QE2_HILIC_BCSCuAOXq2d_AYW1139,10,Processed,T1,4BC,Unknown,,B:B2,,,1195797,12901403,11.13,0.03,C10H18N4O6,M+H,N/A,N/A,N/A,N/A,291.1299,291.1295,-1.3169 (ppm),0,0,N/A,Method,True,False,N/A,N/A,N/A,,,Pass,N/A,N/A,N/A,N/A,Confirmed,N/A,N/A,N/A,N/A,,,,,,,,INF,N/A,13851987.80,N/A,
argininosuccinate_unc,11.1,Target Compound,20240709_QE2_HILIC_BCSCuAOXq2d_AYW1140,11,Processed,T1,4BC,Unknown,,B:B3,,,1357465,13996364,11.12,0.02,C10H18N4O6,M+H,N/A,N/A,N/A,N/A,291.1299,291.1294,-1.7362 (ppm),0,0,N/A,Method,True,False,N/A,N/A,N/A,,,Pass,N/A,N/A,N/A,N/A,Confirmed,N/A,N/A,N/A,N/A,,,,,,,,INF,N/A,13851987.80,,
argininosuccinate_unc,11.1,Target Compound,20240709_QE2_HILIC_BCSCuAOXq2d_AYW1141,12,Processed,T1,4BC,Unknown,,B:B4,,,1283291,14658197,11.11,0.01,C10H18N4O6,M+H,N/A,N/A,N/A,N/A,291.1299,291.1296,-1.0025 (ppm),0,0,N/A,Method,True,False,N/A,N/A,N/A,,,Pass,N/A,N/A,N/A,N/A,Confirmed,N/A,N/A,N/A,N/A,,,,,,,,INF,N/A,13851987.80,,
argininosuccinate_unc,11.1,Target Compound,20240709_QE2_HILIC_BCSCuAOXq2d_AYW1142,13,Processed,T1,5RV,Unknown,,B:B5,,,944851,10912419,11.13,0.03,C10H18N4O6,M+H,N/A,N/A,N/A,N/A,291.1299,291.1297,-.5832 (ppm),0,0,N/A,Method,True,False,N/A,N/A,N/A,,,Pass,N/A,N/A,N/A,N/A,Confirmed,N/A,N/A,N/A,N/A,,,,,,,,INF,N/A,11218566.08,N/A,
argininosuccinate_unc,11.1,Target Compound,20240709_QE2_HILIC_BCSCuAOXq2d_AYW1143,14,Processed,T1,5RV,Unknown,,B:B6,,,1168036,12555227,11.11,0.01,C10H18N4O6,M+H,N/A,N/A,N/A,N/A,291.1299,291.1297,-.7928 (ppm),0,0,N/A,Method,True,False,N/A,N/A,N/A,,,Pass,N/A,N/A,N/A,N/A,Confirmed,N/A,N/A,N/A,N/A,,,,,,,,INF,N/A,11218566.08,,
argininosuccinate_unc,11.1,Target Compound,20240709_QE2_HILIC_BCSCuAOXq2d_AYW1144,15,Processed,T1,5RV,Unknown,,B:B7,,,902151,10188052,11.09,-0.01,C10H18N4O6,M+H,N/A,N/A,N/A,N/A,291.1299,291.1298,-.4783 (ppm),0,0,N/A,Method,True,False,N/A,N/A,N/A,,,Pass,N/A,N/A,N/A,N/A,Confirmed,N/A,N/A,N/A,N/A,,,,,,,,INF,N/A,11218566.08,,
argininosuccinate_unc,11.1,Target Compound,20240709_QE2_HILIC_BCSCuAOXq2d_AYW1145,16,Processed,T1,6RB,Unknown,,B:B8,,,1447254,15642609,11.11,0.01,C10H18N4O6,M+H,N/A,N/A,N/A,N/A,291.1299,291.1297,-.5832 (ppm),0,0,N/A,Method,True,False,N/A,N/A,N/A,,,Pass,N/A,N/A,N/A,N/A,Confirmed,N/A,N/A,N/A,N/A,,,,,,,,INF,N/A,13483384.84,,
argininosuccinate_unc,11.1,Target Compound,20240709_QE2_HILIC_BCSCuAOXq2d_AYW1146,17,Processed,T1,6RB,Unknown,,B:B9,,,1286807,12740036,11.12,0.02,C10H18N4O6,M+H,N/A,N/A,N/A,N/A,291.1299,291.1295,-1.2121 (ppm),0,0,N/A,Method,True,False,N/A,N/A,N/A,,,Pass,N/A,N/A,N/A,N/A,Confirmed,N/A,N/A,N/A,N/A,,,,,,,,INF,N/A,13483384.84,,
argininosuccinate_unc,11.1,Target Compound,20240709_QE2_HILIC_BCSCuAOXq2d_AYW1147,18,Processed,T1,6RB,Unknown,,B:C1,,,1155086,12067509,11.12,0.02,C10H18N4O6,M+H,N/A,N/A,N/A,N/A,291.1299,291.1297,-.7928 (ppm),0,0,N/A,Method,True,False,N/A,N/A,N/A,,,Pass,N/A,N/A,N/A,N/A,Confirmed,N/A,N/A,N/A,N/A,,,,,,,,INF,N/A,13483384.84,,
argininosuccinate_unc,11.1,Target Compound,20240709_QE2_HILIC_BCSCuAOXq2d_AYW1148,19,Processed,T1,7RV,Unknown,,B:C2,,,1241104,13243468,11.1,0.00,C10H18N4O6,M+H,N/A,N/A,N/A,N/A,291.1299,291.1296,-.8976 (ppm),0,0,N/A,Method,True,False,N/A,N/A,N/A,,,Pass,N/A,N/A,N/A,N/A,Confirmed,N/A,N/A,N/A,N/A,,,,,,,,INF,N/A,10555653.44,,
argininosuccinate_unc,11.1,Target Compound,20240709_QE2_HILIC_BCSCuAOXq2d_AYW1149,20,Processed,T1,7RV,Unknown,,B:C3,,,945757,9757183,11.14,0.04,C10H18N4O6,M+H,N/A,N/A,N/A,N/A,291.1299,291.1296,-1.0025 (ppm),0,0,N/A,Method,True,False,N/A,N/A,N/A,,,Pass,N/A,N/A,N/A,N/A,Confirmed,N/A,N/A,N/A,N/A,,,,,,,,INF,N/A,10555653.44,,
argininosuccinate_unc,11.1,Target Compound,20240709_QE2_HILIC_BCSCuAOXq2d_AYW1150,21,Processed,T1,7RV,Unknown,,B:C4,,,767809,8666309,11.11,0.01,C10H18N4O6,M+H,N/A,N/A,N/A,N/A,291.1299,291.1297,-.6880 (ppm),0,0,N/A,Method,True,False,N/A,N/A,N/A,,,Pass,N/A,N/A,N/A,N/A,Confirmed,N/A,N/A,N/A,N/A,,,,,,,,INF,N/A,10555653.44,,
argininosuccinate_unc,11.1,Target Compound,20240709_QE2_HILIC_BCSCuAOXq2d_AYW1151,22,Processed,T1,8RB,Unknown,,B:C5,,,1279927,12881251,11.12,0.02,C10H18N4O6,M+H,N/A,N/A,N/A,N/A,291.1299,291.1298,-.4783 (ppm),0,0,N/A,Method,True,False,N/A,N/A,N/A,,,Pass,N/A,N/A,N/A,N/A,Confirmed,N/A,N/A,N/A,N/A,,,,,,,,INF,N/A,14218538.94,,
argininosuccinate_unc,11.1,Target Compound,20240709_QE2_HILIC_BCSCuAOXq2d_AYW1152,23,Processed,T1,8RB,Unknown,,B:C6,,,1311361,13673220,11.1,0.00,C10H18N4O6,M+H,N/A,N/A,N/A,N/A,291.1299,291.1297,-.6880 (ppm),0,0,N/A,Method,True,False,N/A,N/A,N/A,,,Pass,N/A,N/A,N/A,N/A,Confirmed,N/A,N/A,N/A,N/A,,,,,,,,INF,N/A,14218538.94,,
argininosuccinate_unc,11.1,Target Compound,20240709_QE2_HILIC_BCSCuAOXq2d_AYW1153,24,Processed,T1,8RB,Unknown,,B:C7,,,1568168,16101146,11.12,0.02,C10H18N4O6,M+H,N/A,N/A,N/A,N/A,291.1299,291.1296,-.8976 (ppm),0,0,N/A,Method,True,False,N/A,N/A,N/A,,,Pass,N/A,N/A,N/A,N/A,Confirmed,N/A,N/A,N/A,N/A,,,,,,,,INF,N/A,14218538.94,,
argininosuccinate_unc,11.1,Target Compound,20240709_QE2_HILIC_BCSCuAOXq2d_AYW1154_pool1xa,25,Processed,T1,pool1x,Unknown,,B:C8,,,1247163,14283589,11.15,0.05,C10H18N4O6,M+H,N/A,N/A,N/A,N/A,291.1299,291.1296,-1.1073 (ppm),0,0,N/A,Method,True,False,N/A,N/A,N/A,,,Pass,N/A,N/A,N/A,N/A,Confirmed,N/A,N/A,N/A,N/A,,,,,,,,INF,N/A,13960889.40,,
argininosuccinate_unc,11.1,Target Compound,20240709_QE2_HILIC_BCSCuAOXq2d_AYW1154_pool1xb,26,Processed,T1,pool1x,Unknown,,B:C8,,,1205919,13150353,11.1,0.00,C10H18N4O6,M+H,N/A,N/A,N/A,N/A,291.1299,291.1295,-1.4218 (ppm),0,0,N/A,Method,True,False,N/A,N/A,N/A,,,Pass,N/A,N/A,N/A,N/A,Confirmed,N/A,N/A,N/A,N/A,,,,,,,,INF,N/A,13960889.40,,
argininosuccinate_unc,11.1,Target Compound,20240709_QE2_HILIC_BCSCuAOXq2d_AYW1154_pool1xc,27,Processed,T1,pool1x,Unknown,,B:C8,,,1126621,12474627,11.09,-0.01,C10H18N4O6,M+H,N/A,N/A,N/A,N/A,291.1299,291.1298,-.4783 (ppm),0,0,N/A,Method,True,False,N/A,N/A,N/A,,,Pass,N/A,N/A,N/A,N/A,Confirmed,N/A,N/A,N/A,N/A,,,,,,,,INF,N/A,13960889.40,,
argininosuccinate_unc,11.1,Target Compound,20240709_QE2_HILIC_BCSCuAOXq2d_AYW1154_pool1xd,28,Processed,T1,pool1x,Unknown,,B:C8,,,1499119,15934988,11.13,0.03,C10H18N4O6,M+H,N/A,N/A,N/A,N/A,291.1299,291.1295,-1.3169 (ppm),0,0,N/A,Method,True,False,N/A,N/A,N/A,,,Pass,N/A,N/A,N/A,N/A,Confirmed,N/A,N/A,N/A,N/A,,,,,,,,INF,N/A,13960889.40,,
argininosuccinate_unc,11.1,Target Compound,20240709_QE2_HILIC_BCSCuAOXq2d_AYW1155_pool033xa,29,Processed,T1,pool033x,Unknown,,B:C9,,,964252,9780048,11.13,0.03,C10H18N4O6,M+H,N/A,N/A,N/A,N/A,291.1299,291.1296,-.8976 (ppm),0,0,N/A,Method,True,False,N/A,N/A,N/A,,,Pass,N/A,N/A,N/A,N/A,Confirmed,N/A,N/A,N/A,N/A,,,,,,,,INF,N/A,9519223.31,,
argininosuccinate_unc,11.1,Target Compound,20240709_QE2_HILIC_BCSCuAOXq2d_AYW1155_pool033xb,30,Processed,T1,pool033x,Unknown,,B:C9,,,1186547,11097199,11.11,0.01,C10H18N4O6,M+H,N/A,N/A,N/A,N/A,291.1299,291.1295,-1.4218 (ppm),0,0,N/A,Method,True,False,N/A,N/A,N/A,,,Pass,N/A,N/A,N/A,N/A,Confirmed,N/A,N/A,N/A,N/A,,,,,,,,INF,N/A,9519223.31,,
argininosuccinate_unc,11.1,Target Compound,20240709_QE2_HILIC_BCSCuAOXq2d_AYW1155_pool033xc,31,Processed,T1,pool033x,Unknown,,B:C9,,,742959,7689287,11.1,0.00,C10H18N4O6,M+H,N/A,N/A,N/A,N/A,291.1299,291.1296,-1.0025 (ppm),0,0,N/A,Method,True,False,N/A,N/A,N/A,,,Pass,N/A,N/A,N/A,N/A,Confirmed,N/A,N/A,N/A,N/A,,,,,,,,INF,N/A,9519223.31,,
argininosuccinate_unc,11.1,Target Compound,20240709_QE2_HILIC_BCSCuAOXq2d_AYW1155_pool033xd,32,Processed,T1,pool033x,Unknown,,B:C9,,,1028057,9510359,11.12,0.02,C10H18N4O6,M+H,N/A,N/A,N/A,N/A,291.1299,291.1298,-.4783 (ppm),0,0,N/A,Method,True,False,N/A,N/A,N/A,,,Pass,N/A,N/A,N/A,N/A,Confirmed,N/A,N/A,N/A,N/A,,,,,,,,INF,N/A,9519223.31,,
argininosuccinate_unc,11.1,Target Compound,20240709_QE2_HILIC_BCSCuAOXq2d_AYW1156_pool01xa,33,Processed,T1,pool01x,Unknown,,B:D1,,,349591,2987023,11.12,0.02,C10H18N4O6,M+H,N/A,N/A,N/A,N/A,291.1299,291.1297,-.7928 (ppm),0,0,N/A,Method,True,False,N/A,N/A,N/A,,,Pass,N/A,N/A,N/A,N/A,Confirmed,N/A,N/A,N/A,N/A,,,,,,,,INF,N/A,2751342.93,,
argininosuccinate_unc,11.1,Target Compound,20240709_QE2_HILIC_BCSCuAOXq2d_AYW1156_pool01xb,34,Processed,T1,pool01x,Unknown,,B:D1,,,375876,3118722,11.13,0.03,C10H18N4O6,M+H,N/A,N/A,N/A,N/A,291.1299,291.1295,-1.5266 (ppm),0,0,N/A,Method,True,False,N/A,N/A,N/A,,,Pass,N/A,N/A,N/A,N/A,Confirmed,N/A,N/A,N/A,N/A,,,,,,,,INF,N/A,2751342.93,,
argininosuccinate_unc,11.1,Target Compound,20240709_QE2_HILIC_BCSCuAOXq2d_AYW1156_pool01xc,35,Processed,T1,pool01x,Unknown,,B:D1,,,286477,2357495,11.11,0.01,C10H18N4O6,M+H,N/A,N/A,N/A,N/A,291.1299,291.1296,-.8976 (ppm),0,0,N/A,Method,True,False,N/A,N/A,N/A,,,Pass,N/A,N/A,N/A,N/A,Confirmed,N/A,N/A,N/A,N/A,,,,,,,,INF,N/A,2751342.93,,
argininosuccinate_unc,11.1,Target Compound,20240709_QE2_HILIC_BCSCuAOXq2d_AYW1156_pool01xd,36,Processed,T1,pool01x,Unknown,,B:D1,,,279391,2542132,11.14,0.04,C10H18N4O6,M+H,N/A,N/A,N/A,N/A,291.1299,291.1296,-1.1073 (ppm),0,0,N/A,Method,True,False,N/A,N/A,N/A,,,Pass,N/A,N/A,N/A,N/A,Confirmed,N/A,N/A,N/A,N/A,,,,,,,,INF,N/A,2751342.93,,
argininosuccinate_unc,11.1,Target Compound,20240709_QE2_HILIC_BCSCuAOXq2d_blank1,37,Processed,T1,,Unknown,,B:A1,,,N/F,N/F,N/F,N/F,C10H18N4O6,N/A,N/F,N/A,N/F,N/A,291.1299,N/F,N/F,N/F,0,N/A,Method,True,False,N/A,N/A,N/A,,,Fail,N/A,N/A,N/A,N/A,NotFound,N/A,N/A,N/A,N/A,,,,,,,,N/A,N/A,1.00,,
argininosuccinate_unc,11.1,Target Compound,20240709_QE2_HILIC_BCSCuAOXq2d_blank1_20240710111342,38,Processed,T1,,Unknown,,B:A1,,,N/F,N/F,N/F,N/F,C10H18N4O6,N/A,N/F,N/A,N/F,N/A,291.1299,N/F,N/F,N/F,0,N/A,Method,True,False,N/A,N/A,N/A,,,Fail,N/A,N/A,N/A,N/A,NotFound,N/A,N/A,N/A,N/A,,,,,,,,N/A,N/A,1.00,,
argininosuccinate_unc,11.1,Target Compound,20240709_QE2_HILIC_BCSCuAOXq2d_blank1_20240710231833,39,Processed,T1,,Unknown,,B:A1,,,N/F,N/F,N/F,N/F,C10H18N4O6,N/A,N/F,N/A,N/F,N/A,291.1299,N/F,N/F,N/F,0,N/A,Method,True,False,N/A,N/A,N/A,,,Fail,N/A,N/A,N/A,N/A,NotFound,N/A,N/A,N/A,N/A,,,,,,,,N/A,N/A,1.00,,
argininosuccinate_unc,11.1,Target Compound,20240709_QE2_HILIC_BCSCuAOXq2d_blank2,40,Processed,T1,,Unknown,,B:A1,,,N/F,N/F,N/F,N/F,C10H18N4O6,N/A,N/F,N/A,N/F,N/A,291.1299,N/F,N/F,N/F,0,N/A,Method,True,False,N/A,N/A,N/A,,,Fail,N/A,N/A,N/A,N/A,NotFound,N/A,N/A,N/A,N/A,,,,,,,,N/A,N/A,1.00,,
argininosuccinate_unc,11.1,Target Compound,20240709_QE2_HILIC_BCSCuAOXq2d_blank2_20240710115054,41,Processed,T1,,Unknown,,B:A1,,,N/F,N/F,N/F,N/F,C10H18N4O6,N/A,N/F,N/A,N/F,N/A,291.1299,N/F,N/F,N/F,0,N/A,Method,True,False,N/A,N/A,N/A,,,Fail,N/A,N/A,N/A,N/A,NotFound,N/A,N/A,N/A,N/A,,,,,,,,N/A,N/A,1.00,,
argininosuccinate_unc,11.1,Target Compound,20240709_QE2_HILIC_BCSCuAOXq2d_blank2_20240710235116,42,Processed,T1,,Unknown,,B:A1,,,N/F,N/F,N/F,N/F,C10H18N4O6,N/A,N/F,N/A,N/F,N/A,291.1299,N/F,N/F,N/F,0,N/A,Method,True,False,N/A,N/A,N/A,,,Fail,N/A,N/A,N/A,N/A,NotFound,N/A,N/A,N/A,N/A,,,,,,,,N/A,N/A,1.00,,
