﻿Compound,RT,Type,Filename,Batch Order,Status,Peak Label,Group,Sample Type,Level,Sample ID,Sample Name,Comments,Height,Area,Actual RT,RT Delta,Formula,Adduct,Calculated Amt,Theoretical Amt,Sample Amt,Std Add Amount,m/z (Expected),m/z (Apex),m/z (Delta),Response Ratio,ISTD Amt,ISTD Response,Integration Mode,Active,Excluded,%Diff,%RSD,% CV,Channel,Final Units,PK,IR,IP,LS,FI,Confirm,Isotopic Pattern Score (%),Num Isotopes Matched,Lib Match Name,Library Score (%),Library Match Rank,SI/Dot Product,RSI/Rev Dot,Modification,Protein Name,Peptide Sequence,Ion Type,S/N,Ion Ratio,Group Average,Relative RT,Flag Details
methylthioadenosine,2.72,Target Compound,20240709_QE2_HILIC_BCSCuAOXq2d_AYW1130,1,Processed,T1,1V,Unknown,,B:A2,,,597497,7924068,2.92,0.20,C11H15N5O3S,M+H,N/A,N/A,N/A,N/A,298.0968,298.0961,-2.4511 (ppm),0,0,N/A,Method,True,False,N/A,N/A,N/A,,,Pass,N/A,N/A,N/A,N/A,Confirmed,N/A,N/A,N/A,N/A,,,,,,,,INF,N/A,7812776.78,,
methylthioadenosine,2.72,Target Compound,20240709_QE2_HILIC_BCSCuAOXq2d_AYW1131,2,Processed,T1,1V,Unknown,,B:A3,,,622189,8575246,2.94,0.22,C11H15N5O3S,M+H,N/A,N/A,N/A,N/A,298.0968,298.0962,-2.1440 (ppm),0,0,N/A,Method,True,False,N/A,N/A,N/A,,,Pass,N/A,N/A,N/A,N/A,Confirmed,N/A,N/A,N/A,N/A,,,,,,,,INF,N/A,7812776.78,,
methylthioadenosine,2.72,Target Compound,20240709_QE2_HILIC_BCSCuAOXq2d_AYW1132,3,Processed,T1,1V,Unknown,,B:A4,,,535509,6939016,2.93,0.21,C11H15N5O3S,M+H,N/A,N/A,N/A,N/A,298.0968,298.0963,-1.8368 (ppm),0,0,N/A,Method,True,False,N/A,N/A,N/A,,,Pass,N/A,N/A,N/A,N/A,Confirmed,N/A,N/A,N/A,N/A,,,,,,,,INF,N/A,7812776.78,,
methylthioadenosine,2.72,Target Compound,20240709_QE2_HILIC_BCSCuAOXq2d_AYW1133,4,Processed,T1,2B,Unknown,,B:A5,,,501580,6615288,2.94,0.22,C11H15N5O3S,M+H,N/A,N/A,N/A,N/A,298.0968,298.0962,-2.0416 (ppm),0,0,N/A,Method,True,False,N/A,N/A,N/A,,,Pass,N/A,N/A,N/A,N/A,Confirmed,N/A,N/A,N/A,N/A,,,,,,,,INF,N/A,8110373.49,,
methylthioadenosine,2.72,Target Compound,20240709_QE2_HILIC_BCSCuAOXq2d_AYW1134,5,Processed,T1,2B,Unknown,,B:A6,,,698700,9349930,2.94,0.22,C11H15N5O3S,M+H,N/A,N/A,N/A,N/A,298.0968,298.0962,-2.1440 (ppm),0,0,N/A,Method,True,False,N/A,N/A,N/A,,,Pass,N/A,N/A,N/A,N/A,Confirmed,N/A,N/A,N/A,N/A,,,,,,,,INF,N/A,8110373.49,,
methylthioadenosine,2.72,Target Compound,20240709_QE2_HILIC_BCSCuAOXq2d_AYW1135,6,Processed,T1,2B,Unknown,,B:A7,,,628197,8365903,2.89,0.17,C11H15N5O3S,M+H,N/A,N/A,N/A,N/A,298.0968,298.0961,-2.3487 (ppm),0,0,N/A,Method,True,False,N/A,N/A,N/A,,,Pass,N/A,N/A,N/A,N/A,Confirmed,N/A,N/A,N/A,N/A,,,,,,,,INF,N/A,8110373.49,,
methylthioadenosine,2.72,Target Compound,20240709_QE2_HILIC_BCSCuAOXq2d_AYW1136,7,Processed,T1,3C,Unknown,,B:A8,,,637611,8079465,2.92,0.20,C11H15N5O3S,M+H,N/A,N/A,N/A,N/A,298.0968,298.0961,-2.3487 (ppm),0,0,N/A,Method,True,False,N/A,N/A,N/A,,,Pass,N/A,N/A,N/A,N/A,Confirmed,N/A,N/A,N/A,N/A,,,,,,,,INF,N/A,7248889.91,,
methylthioadenosine,2.72,Target Compound,20240709_QE2_HILIC_BCSCuAOXq2d_AYW1137,8,Processed,T1,3C,Unknown,,B:A9,,,734012,9029563,2.91,0.19,C11H15N5O3S,M+H,N/A,N/A,N/A,N/A,298.0968,298.096,-2.5535 (ppm),0,0,N/A,Method,True,False,N/A,N/A,N/A,,,Pass,N/A,N/A,N/A,N/A,Confirmed,N/A,N/A,N/A,N/A,,,,,,,,INF,N/A,7248889.91,,
methylthioadenosine,2.72,Target Compound,20240709_QE2_HILIC_BCSCuAOXq2d_AYW1138,9,Processed,T1,3C,Unknown,,B:B1,,,359395,4637641,2.91,0.19,C11H15N5O3S,M+H,N/A,N/A,N/A,N/A,298.0968,298.0961,-2.2463 (ppm),0,0,N/A,Method,True,False,N/A,N/A,N/A,,,Pass,N/A,N/A,N/A,N/A,Confirmed,N/A,N/A,N/A,N/A,,,,,,,,INF,N/A,7248889.91,,
methylthioadenosine,2.72,Target Compound,20240709_QE2_HILIC_BCSCuAOXq2d_AYW1139,10,Processed,T1,4BC,Unknown,,B:B2,,,663587,9059925,2.9,0.18,C11H15N5O3S,M+H,N/A,N/A,N/A,N/A,298.0968,298.096,-2.6558 (ppm),0,0,N/A,Method,True,False,N/A,N/A,N/A,,,Pass,N/A,N/A,N/A,N/A,Confirmed,N/A,N/A,N/A,N/A,,,,,,,,INF,N/A,7976208.36,N/A,
methylthioadenosine,2.72,Target Compound,20240709_QE2_HILIC_BCSCuAOXq2d_AYW1140,11,Processed,T1,4BC,Unknown,,B:B3,,,600550,7926937,2.94,0.22,C11H15N5O3S,M+H,N/A,N/A,N/A,N/A,298.0968,298.096,-2.7582 (ppm),0,0,N/A,Method,True,False,N/A,N/A,N/A,,,Pass,N/A,N/A,N/A,N/A,Confirmed,N/A,N/A,N/A,N/A,,,,,,,,INF,N/A,7976208.36,,
methylthioadenosine,2.72,Target Compound,20240709_QE2_HILIC_BCSCuAOXq2d_AYW1141,12,Processed,T1,4BC,Unknown,,B:B4,,,495045,6941764,2.94,0.22,C11H15N5O3S,M+H,N/A,N/A,N/A,N/A,298.0968,298.0961,-2.3487 (ppm),0,0,N/A,Method,True,False,N/A,N/A,N/A,,,Pass,N/A,N/A,N/A,N/A,Confirmed,N/A,N/A,N/A,N/A,,,,,,,,INF,N/A,7976208.36,,
methylthioadenosine,2.72,Target Compound,20240709_QE2_HILIC_BCSCuAOXq2d_AYW1142,13,Processed,T1,5RV,Unknown,,B:B5,,,630141,8628317,2.91,0.19,C11H15N5O3S,M+H,N/A,N/A,N/A,N/A,298.0968,298.0961,-2.3487 (ppm),0,0,N/A,Method,True,False,N/A,N/A,N/A,,,Pass,N/A,N/A,N/A,N/A,Confirmed,N/A,N/A,N/A,N/A,,,,,,,,INF,N/A,8994861.72,N/A,
methylthioadenosine,2.72,Target Compound,20240709_QE2_HILIC_BCSCuAOXq2d_AYW1143,14,Processed,T1,5RV,Unknown,,B:B6,,,729332,9888897,2.92,0.20,C11H15N5O3S,M+H,N/A,N/A,N/A,N/A,298.0968,298.0961,-2.3487 (ppm),0,0,N/A,Method,True,False,N/A,N/A,N/A,,,Pass,N/A,N/A,N/A,N/A,Confirmed,N/A,N/A,N/A,N/A,,,,,,,,INF,N/A,8994861.72,,
methylthioadenosine,2.72,Target Compound,20240709_QE2_HILIC_BCSCuAOXq2d_AYW1144,15,Processed,T1,5RV,Unknown,,B:B7,,,612869,8467371,2.96,0.24,C11H15N5O3S,M+H,N/A,N/A,N/A,N/A,298.0968,298.0961,-2.4511 (ppm),0,0,N/A,Method,True,False,N/A,N/A,N/A,,,Pass,N/A,N/A,N/A,N/A,Confirmed,N/A,N/A,N/A,N/A,,,,,,,,INF,N/A,8994861.72,,
methylthioadenosine,2.72,Target Compound,20240709_QE2_HILIC_BCSCuAOXq2d_AYW1145,16,Processed,T1,6RB,Unknown,,B:B8,,,548366,7044734,2.93,0.21,C11H15N5O3S,M+H,N/A,N/A,N/A,N/A,298.0968,298.0961,-2.3487 (ppm),0,0,N/A,Method,True,False,N/A,N/A,N/A,,,Pass,N/A,N/A,N/A,N/A,Confirmed,N/A,N/A,N/A,N/A,,,,,,,,INF,N/A,5947435.26,,
methylthioadenosine,2.72,Target Compound,20240709_QE2_HILIC_BCSCuAOXq2d_AYW1146,17,Processed,T1,6RB,Unknown,,B:B9,,,410323,5421259,2.91,0.19,C11H15N5O3S,M+H,N/A,N/A,N/A,N/A,298.0968,298.0962,-2.1440 (ppm),0,0,N/A,Method,True,False,N/A,N/A,N/A,,,Pass,N/A,N/A,N/A,N/A,Confirmed,N/A,N/A,N/A,N/A,,,,,,,,INF,N/A,5947435.26,,
methylthioadenosine,2.72,Target Compound,20240709_QE2_HILIC_BCSCuAOXq2d_AYW1147,18,Processed,T1,6RB,Unknown,,B:C1,,,376061,5376312,2.94,0.22,C11H15N5O3S,M+H,N/A,N/A,N/A,N/A,298.0968,298.0961,-2.2463 (ppm),0,0,N/A,Method,True,False,N/A,N/A,N/A,,,Pass,N/A,N/A,N/A,N/A,Confirmed,N/A,N/A,N/A,N/A,,,,,,,,INF,N/A,5947435.26,,
methylthioadenosine,2.72,Target Compound,20240709_QE2_HILIC_BCSCuAOXq2d_AYW1148,19,Processed,T1,7RV,Unknown,,B:C2,,,652093,9326049,2.92,0.20,C11H15N5O3S,M+H,N/A,N/A,N/A,N/A,298.0968,298.0961,-2.3487 (ppm),0,0,N/A,Method,True,False,N/A,N/A,N/A,,,Pass,N/A,N/A,N/A,N/A,Confirmed,N/A,N/A,N/A,N/A,,,,,,,,INF,N/A,8204075.15,,
methylthioadenosine,2.72,Target Compound,20240709_QE2_HILIC_BCSCuAOXq2d_AYW1149,20,Processed,T1,7RV,Unknown,,B:C3,,,655977,8675091,2.92,0.20,C11H15N5O3S,M+H,N/A,N/A,N/A,N/A,298.0968,298.096,-2.5535 (ppm),0,0,N/A,Method,True,False,N/A,N/A,N/A,,,Pass,N/A,N/A,N/A,N/A,Confirmed,N/A,N/A,N/A,N/A,,,,,,,,INF,N/A,8204075.15,,
methylthioadenosine,2.72,Target Compound,20240709_QE2_HILIC_BCSCuAOXq2d_AYW1150,21,Processed,T1,7RV,Unknown,,B:C4,,,470575,6611086,2.94,0.22,C11H15N5O3S,M+H,N/A,N/A,N/A,N/A,298.0968,298.0962,-1.9392 (ppm),0,0,N/A,Method,True,False,N/A,N/A,N/A,,,Pass,N/A,N/A,N/A,N/A,Confirmed,N/A,N/A,N/A,N/A,,,,,,,,INF,N/A,8204075.15,,
methylthioadenosine,2.72,Target Compound,20240709_QE2_HILIC_BCSCuAOXq2d_AYW1151,22,Processed,T1,8RB,Unknown,,B:C5,,,537546,7099785,2.92,0.20,C11H15N5O3S,M+H,N/A,N/A,N/A,N/A,298.0968,298.0963,-1.8368 (ppm),0,0,N/A,Method,True,False,N/A,N/A,N/A,,,Pass,N/A,N/A,N/A,N/A,Confirmed,N/A,N/A,N/A,N/A,,,,,,,,INF,N/A,7611960.76,,
methylthioadenosine,2.72,Target Compound,20240709_QE2_HILIC_BCSCuAOXq2d_AYW1152,23,Processed,T1,8RB,Unknown,,B:C6,,,518952,7354791,2.92,0.20,C11H15N5O3S,M+H,N/A,N/A,N/A,N/A,298.0968,298.0961,-2.2463 (ppm),0,0,N/A,Method,True,False,N/A,N/A,N/A,,,Pass,N/A,N/A,N/A,N/A,Confirmed,N/A,N/A,N/A,N/A,,,,,,,,INF,N/A,7611960.76,,
methylthioadenosine,2.72,Target Compound,20240709_QE2_HILIC_BCSCuAOXq2d_AYW1153,24,Processed,T1,8RB,Unknown,,B:C7,,,648852,8381306,2.91,0.19,C11H15N5O3S,M+H,N/A,N/A,N/A,N/A,298.0968,298.0959,-3.0653 (ppm),0,0,N/A,Method,True,False,N/A,N/A,N/A,,,Pass,N/A,N/A,N/A,N/A,Confirmed,N/A,N/A,N/A,N/A,,,,,,,,INF,N/A,7611960.76,,
methylthioadenosine,2.72,Target Compound,20240709_QE2_HILIC_BCSCuAOXq2d_AYW1154_pool1xa,25,Processed,T1,pool1x,Unknown,,B:C8,,,571775,7212151,2.91,0.19,C11H15N5O3S,M+H,N/A,N/A,N/A,N/A,298.0968,298.0962,-2.1440 (ppm),0,0,N/A,Method,True,False,N/A,N/A,N/A,,,Pass,N/A,N/A,N/A,N/A,Confirmed,N/A,N/A,N/A,N/A,,,,,,,,INF,N/A,8073762.00,,
methylthioadenosine,2.72,Target Compound,20240709_QE2_HILIC_BCSCuAOXq2d_AYW1154_pool1xb,26,Processed,T1,pool1x,Unknown,,B:C8,,,601318,8456895,2.92,0.20,C11H15N5O3S,M+H,N/A,N/A,N/A,N/A,298.0968,298.096,-2.6558 (ppm),0,0,N/A,Method,True,False,N/A,N/A,N/A,,,Pass,N/A,N/A,N/A,N/A,Confirmed,N/A,N/A,N/A,N/A,,,,,,,,INF,N/A,8073762.00,,
methylthioadenosine,2.72,Target Compound,20240709_QE2_HILIC_BCSCuAOXq2d_AYW1154_pool1xc,27,Processed,T1,pool1x,Unknown,,B:C8,,,567849,7585821,2.95,0.23,C11H15N5O3S,M+H,N/A,N/A,N/A,N/A,298.0968,298.0962,-2.1440 (ppm),0,0,N/A,Method,True,False,N/A,N/A,N/A,,,Pass,N/A,N/A,N/A,N/A,Confirmed,N/A,N/A,N/A,N/A,,,,,,,,INF,N/A,8073762.00,,
methylthioadenosine,2.72,Target Compound,20240709_QE2_HILIC_BCSCuAOXq2d_AYW1154_pool1xd,28,Processed,T1,pool1x,Unknown,,B:C8,,,749709,9040181,2.92,0.20,C11H15N5O3S,M+H,N/A,N/A,N/A,N/A,298.0968,298.0961,-2.4511 (ppm),0,0,N/A,Method,True,False,N/A,N/A,N/A,,,Pass,N/A,N/A,N/A,N/A,Confirmed,N/A,N/A,N/A,N/A,,,,,,,,INF,N/A,8073762.00,,
methylthioadenosine,2.72,Target Compound,20240709_QE2_HILIC_BCSCuAOXq2d_AYW1155_pool033xa,29,Processed,T1,pool033x,Unknown,,B:C9,,,226457,3158999,2.92,0.20,C11H15N5O3S,M+H,N/A,N/A,N/A,N/A,298.0968,298.0961,-2.3487 (ppm),0,0,N/A,Method,True,False,N/A,N/A,N/A,,,Pass,N/A,N/A,N/A,N/A,Confirmed,N/A,N/A,N/A,N/A,,,,,,,,INF,N/A,2815470.79,,
methylthioadenosine,2.72,Target Compound,20240709_QE2_HILIC_BCSCuAOXq2d_AYW1155_pool033xb,30,Processed,T1,pool033x,Unknown,,B:C9,,,215619,2861843,2.91,0.19,C11H15N5O3S,M+H,N/A,N/A,N/A,N/A,298.0968,298.096,-2.7582 (ppm),0,0,N/A,Method,True,False,N/A,N/A,N/A,,,Pass,N/A,N/A,N/A,N/A,Confirmed,N/A,N/A,N/A,N/A,,,,,,,,INF,N/A,2815470.79,,
methylthioadenosine,2.72,Target Compound,20240709_QE2_HILIC_BCSCuAOXq2d_AYW1155_pool033xc,31,Processed,T1,pool033x,Unknown,,B:C9,,,161825,2292433,2.94,0.22,C11H15N5O3S,M+H,N/A,N/A,N/A,N/A,298.0968,298.096,-2.5535 (ppm),0,0,N/A,Method,True,False,N/A,N/A,N/A,,,Pass,N/A,N/A,N/A,N/A,Confirmed,N/A,N/A,N/A,N/A,,,,,,,,INF,N/A,2815470.79,,
methylthioadenosine,2.72,Target Compound,20240709_QE2_HILIC_BCSCuAOXq2d_AYW1155_pool033xd,32,Processed,T1,pool033x,Unknown,,B:C9,,,252868,2948608,2.91,0.19,C11H15N5O3S,M+H,N/A,N/A,N/A,N/A,298.0968,298.0961,-2.3487 (ppm),0,0,N/A,Method,True,False,N/A,N/A,N/A,,,Pass,N/A,N/A,N/A,N/A,Confirmed,N/A,N/A,N/A,N/A,,,,,,,,INF,N/A,2815470.79,,
methylthioadenosine,2.72,Target Compound,20240709_QE2_HILIC_BCSCuAOXq2d_AYW1156_pool01xa,33,Processed,T1,pool01x,Unknown,,B:D1,,,77219,903866,2.91,0.19,C11H15N5O3S,M+H,N/A,N/A,N/A,N/A,298.0968,298.0966,-.7107 (ppm),0,0,N/A,Method,True,False,N/A,N/A,N/A,,,Pass,N/A,N/A,N/A,N/A,Confirmed,N/A,N/A,N/A,N/A,,,,,,,,INF,N/A,889229.79,,
methylthioadenosine,2.72,Target Compound,20240709_QE2_HILIC_BCSCuAOXq2d_AYW1156_pool01xb,34,Processed,T1,pool01x,Unknown,,B:D1,,,81976,982205,2.91,0.19,C11H15N5O3S,M+H,N/A,N/A,N/A,N/A,298.0968,298.096,-2.6558 (ppm),0,0,N/A,Method,True,False,N/A,N/A,N/A,,,Pass,N/A,N/A,N/A,N/A,Confirmed,N/A,N/A,N/A,N/A,,,,,,,,INF,N/A,889229.79,,
methylthioadenosine,2.72,Target Compound,20240709_QE2_HILIC_BCSCuAOXq2d_AYW1156_pool01xc,35,Processed,T1,pool01x,Unknown,,B:D1,,,70073,723468,2.93,0.21,C11H15N5O3S,M+H,N/A,N/A,N/A,N/A,298.0968,298.096,-2.5535 (ppm),0,0,N/A,Method,True,False,N/A,N/A,N/A,,,Pass,N/A,N/A,N/A,N/A,Confirmed,N/A,N/A,N/A,N/A,,,,,,,,INF,N/A,889229.79,,
methylthioadenosine,2.72,Target Compound,20240709_QE2_HILIC_BCSCuAOXq2d_AYW1156_pool01xd,36,Processed,T1,pool01x,Unknown,,B:D1,,,81466,947380,2.9,0.18,C11H15N5O3S,M+H,N/A,N/A,N/A,N/A,298.0968,298.0961,-2.4511 (ppm),0,0,N/A,Method,True,False,N/A,N/A,N/A,,,Pass,N/A,N/A,N/A,N/A,Confirmed,N/A,N/A,N/A,N/A,,,,,,,,INF,N/A,889229.79,,
methylthioadenosine,2.72,Target Compound,20240709_QE2_HILIC_BCSCuAOXq2d_blank1,37,Processed,T1,,Unknown,,B:A1,,,N/F,N/F,N/F,N/F,C11H15N5O3S,N/A,N/F,N/A,N/F,N/A,298.0968,N/F,N/F,N/F,0,N/A,Method,True,False,N/A,N/A,N/A,,,Fail,N/A,N/A,N/A,N/A,NotFound,N/A,N/A,N/A,N/A,,,,,,,,N/A,N/A,28876.18,,
methylthioadenosine,2.72,Target Compound,20240709_QE2_HILIC_BCSCuAOXq2d_blank1_20240710111342,38,Processed,T1,,Unknown,,B:A1,,,N/F,N/F,N/F,N/F,C11H15N5O3S,N/A,N/F,N/A,N/F,N/A,298.0968,N/F,N/F,N/F,0,N/A,Method,True,False,N/A,N/A,N/A,,,Fail,N/A,N/A,N/A,N/A,NotFound,N/A,N/A,N/A,N/A,,,,,,,,N/A,N/A,28876.18,,
methylthioadenosine,2.72,Target Compound,20240709_QE2_HILIC_BCSCuAOXq2d_blank1_20240710231833,39,Processed,T1,,Unknown,,B:A1,,,N/F,N/F,N/F,N/F,C11H15N5O3S,N/A,N/F,N/A,N/F,N/A,298.0968,N/F,N/F,N/F,0,N/A,Method,True,False,N/A,N/A,N/A,,,Fail,N/A,N/A,N/A,N/A,NotFound,N/A,N/A,N/A,N/A,,,,,,,,N/A,N/A,28876.18,,
methylthioadenosine,2.72,Target Compound,20240709_QE2_HILIC_BCSCuAOXq2d_blank2,40,Processed,T1,,Unknown,,B:A1,,,32948,173257,2.88,0.16,C11H15N5O3S,M+H,N/A,N/A,N/A,N/A,298.0968,298.0969,.2106 (ppm),0,0,N/A,Method,True,False,N/A,N/A,N/A,,,Pass,N/A,N/A,N/A,N/A,Confirmed,N/A,N/A,N/A,N/A,,,,,,,,INF,N/A,28876.18,,
methylthioadenosine,2.72,Target Compound,20240709_QE2_HILIC_BCSCuAOXq2d_blank2_20240710115054,41,Processed,T1,,Unknown,,B:A1,,,N/F,N/F,N/F,N/F,C11H15N5O3S,N/A,N/F,N/A,N/F,N/A,298.0968,N/F,N/F,N/F,0,N/A,Method,True,False,N/A,N/A,N/A,,,Fail,N/A,N/A,N/A,N/A,NotFound,N/A,N/A,N/A,N/A,,,,,,,,N/A,N/A,28876.18,,
methylthioadenosine,2.72,Target Compound,20240709_QE2_HILIC_BCSCuAOXq2d_blank2_20240710235116,42,Processed,T1,,Unknown,,B:A1,,,N/F,N/F,N/F,N/F,C11H15N5O3S,N/A,N/F,N/A,N/F,N/A,298.0968,N/F,N/F,N/F,0,N/A,Method,True,False,N/A,N/A,N/A,,,Fail,N/A,N/A,N/A,N/A,NotFound,N/A,N/A,N/A,N/A,,,,,,,,N/A,N/A,28876.18,,
