﻿Compound,RT,Type,Filename,Batch Order,Status,Peak Label,Group,Sample Type,Level,Sample ID,Sample Name,Comments,Height,Area,Actual RT,RT Delta,Formula,Adduct,Calculated Amt,Theoretical Amt,Sample Amt,Std Add Amount,m/z (Expected),m/z (Apex),m/z (Delta),Response Ratio,ISTD Amt,ISTD Response,Integration Mode,Active,Excluded,%Diff,%RSD,% CV,Channel,Final Units,PK,IR,IP,LS,FI,Confirm,Isotopic Pattern Score (%),Num Isotopes Matched,Lib Match Name,Library Score (%),Library Match Rank,SI/Dot Product,RSI/Rev Dot,Modification,Protein Name,Peptide Sequence,Ion Type,S/N,Ion Ratio,Group Average,Relative RT,Flag Details
Pantothenate,4.52,Target Compound,20240709_QE2_HILIC_BCSCuAOXq2d_AYW1130,1,Processed,T1,1V,Unknown,,B:A2,,,4509933,289430600,4.32,-0.20,C9H17NO5,M+H,N/A,N/A,N/A,N/A,220.118,220.1179,-.2945 (ppm),0,0,N/A,Method,True,False,N/A,N/A,N/A,,,Pass,N/A,N/A,N/A,N/A,Confirmed,N/A,N/A,N/A,N/A,,,,,,,,976.99,N/A,245556047.80,,
Pantothenate,4.52,Target Compound,20240709_QE2_HILIC_BCSCuAOXq2d_AYW1131,2,Processed,T1,1V,Unknown,,B:A3,,,4513860,183816240,4.21,-0.31,C9H17NO5,M+H,N/A,N/A,N/A,N/A,220.118,220.118,-.1558 (ppm),0,0,N/A,Method,True,False,N/A,N/A,N/A,,,Pass,N/A,N/A,N/A,N/A,Confirmed,N/A,N/A,N/A,N/A,,,,,,,,1316.40,N/A,245556047.80,,
Pantothenate,4.52,Target Compound,20240709_QE2_HILIC_BCSCuAOXq2d_AYW1132,3,Processed,T1,1V,Unknown,,B:A4,,,3700728,263421303,4.36,-0.16,C9H17NO5,M+H,N/A,N/A,N/A,N/A,220.118,220.1179,-.4331 (ppm),0,0,N/A,Method,True,False,N/A,N/A,N/A,,,Pass,N/A,N/A,N/A,N/A,Confirmed,N/A,N/A,N/A,N/A,,,,,,,,1645.50,N/A,245556047.80,,
Pantothenate,4.52,Target Compound,20240709_QE2_HILIC_BCSCuAOXq2d_AYW1133,4,Processed,T1,2B,Unknown,,B:A5,,,3171078,240468342,4.47,-0.05,C9H17NO5,M+H,N/A,N/A,N/A,N/A,220.118,220.1179,-.3638 (ppm),0,0,N/A,Method,True,False,N/A,N/A,N/A,,,Pass,N/A,N/A,N/A,N/A,Confirmed,N/A,N/A,N/A,N/A,,,,,,,,1095.92,N/A,337182347.02,,
Pantothenate,4.52,Target Compound,20240709_QE2_HILIC_BCSCuAOXq2d_AYW1134,5,Processed,T1,2B,Unknown,,B:A6,,,5660103,423589015,4.5,-0.02,C9H17NO5,M+H,N/A,N/A,N/A,N/A,220.118,220.1179,-.6411 (ppm),0,0,N/A,Method,True,False,N/A,N/A,N/A,,,Pass,N/A,N/A,N/A,N/A,Confirmed,N/A,N/A,N/A,N/A,,,,,,,,1357.93,N/A,337182347.02,,
Pantothenate,4.52,Target Compound,20240709_QE2_HILIC_BCSCuAOXq2d_AYW1135,6,Processed,T1,2B,Unknown,,B:A7,,,5162167,347489683,4.33,-0.19,C9H17NO5,M+H,N/A,N/A,N/A,N/A,220.118,220.1178,-.9184 (ppm),0,0,N/A,Method,True,False,N/A,N/A,N/A,,,Pass,N/A,N/A,N/A,N/A,Confirmed,N/A,N/A,N/A,N/A,,,,,,,,1272.84,N/A,337182347.02,,
Pantothenate,4.52,Target Compound,20240709_QE2_HILIC_BCSCuAOXq2d_AYW1136,7,Processed,T1,3C,Unknown,,B:A8,,,7827459,378040664,4.78,0.26,C9H17NO5,M+H,N/A,N/A,N/A,N/A,220.118,220.1178,-.7797 (ppm),0,0,N/A,Method,True,False,N/A,N/A,N/A,,,Pass,N/A,N/A,N/A,N/A,Confirmed,N/A,N/A,N/A,N/A,,,,,,,,3203.68,N/A,319073990.44,,
Pantothenate,4.52,Target Compound,20240709_QE2_HILIC_BCSCuAOXq2d_AYW1137,8,Processed,T1,3C,Unknown,,B:A9,,,7434798,294566651,4.4,-0.12,C9H17NO5,M+H,N/A,N/A,N/A,N/A,220.118,220.1179,-.5718 (ppm),0,0,N/A,Method,True,False,N/A,N/A,N/A,,,Pass,N/A,N/A,N/A,N/A,Confirmed,N/A,N/A,N/A,N/A,,,,,,,,1794.84,N/A,319073990.44,,
Pantothenate,4.52,Target Compound,20240709_QE2_HILIC_BCSCuAOXq2d_AYW1138,9,Processed,T1,3C,Unknown,,B:B1,,,4046354,284614656,4.29,-0.23,C9H17NO5,M+H,N/A,N/A,N/A,N/A,220.118,220.1177,-1.1956 (ppm),0,0,N/A,Method,True,False,N/A,N/A,N/A,,,Pass,N/A,N/A,N/A,N/A,Confirmed,N/A,N/A,N/A,N/A,,,,,,,,1755.18,N/A,319073990.44,,
Pantothenate,4.52,Target Compound,20240709_QE2_HILIC_BCSCuAOXq2d_AYW1139,10,Processed,T1,4BC,Unknown,,B:B2,,,5838452,365252412,4.49,-0.03,C9H17NO5,M+H,N/A,N/A,N/A,N/A,220.118,220.1178,-1.1263 (ppm),0,0,N/A,Method,True,False,N/A,N/A,N/A,,,Pass,N/A,N/A,N/A,N/A,Confirmed,N/A,N/A,N/A,N/A,,,,,,,,2775.94,N/A,325078296.69,N/A,
Pantothenate,4.52,Target Compound,20240709_QE2_HILIC_BCSCuAOXq2d_AYW1140,11,Processed,T1,4BC,Unknown,,B:B3,,,4070397,284415146,4.44,-0.08,C9H17NO5,M+H,N/A,N/A,N/A,N/A,220.118,220.1178,-.8490 (ppm),0,0,N/A,Method,True,False,N/A,N/A,N/A,,,Pass,N/A,N/A,N/A,N/A,Confirmed,N/A,N/A,N/A,N/A,,,,,,,,2227.14,N/A,325078296.69,,
Pantothenate,4.52,Target Compound,20240709_QE2_HILIC_BCSCuAOXq2d_AYW1141,12,Processed,T1,4BC,Unknown,,B:B4,,,4874953,325567332,4.45,-0.07,C9H17NO5,M+H,N/A,N/A,N/A,N/A,220.118,220.1179,-.5718 (ppm),0,0,N/A,Method,True,False,N/A,N/A,N/A,,,Pass,N/A,N/A,N/A,N/A,Confirmed,N/A,N/A,N/A,N/A,,,,,,,,2191.12,N/A,325078296.69,,
Pantothenate,4.52,Target Compound,20240709_QE2_HILIC_BCSCuAOXq2d_AYW1142,13,Processed,T1,5RV,Unknown,,B:B5,,,4475070,341420201,4.33,-0.19,C9H17NO5,M+H,N/A,N/A,N/A,N/A,220.118,220.1179,-.2945 (ppm),0,0,N/A,Method,True,False,N/A,N/A,N/A,,,Pass,N/A,N/A,N/A,N/A,Confirmed,N/A,N/A,N/A,N/A,,,,,,,,2632.42,N/A,348637549.22,N/A,
Pantothenate,4.52,Target Compound,20240709_QE2_HILIC_BCSCuAOXq2d_AYW1143,14,Processed,T1,5RV,Unknown,,B:B6,,,5445354,409291966,4.99,0.47,C9H17NO5,M+H,N/A,N/A,N/A,N/A,220.118,220.1179,-.4331 (ppm),0,0,N/A,Manual,True,False,N/A,N/A,N/A,,,Pass,N/A,N/A,N/A,N/A,Confirmed,N/A,N/A,N/A,N/A,,,,,,,,1211.21,N/A,348637549.22,,
Pantothenate,4.52,Target Compound,20240709_QE2_HILIC_BCSCuAOXq2d_AYW1144,15,Processed,T1,5RV,Unknown,,B:B7,,,4167702,295200481,5,0.48,C9H17NO5,M+H,N/A,N/A,N/A,N/A,220.118,220.1179,-.3638 (ppm),0,0,N/A,Manual,True,False,N/A,N/A,N/A,,,Pass,N/A,N/A,N/A,N/A,Confirmed,N/A,N/A,N/A,N/A,,,,,,,,1452.04,N/A,348637549.22,,
Pantothenate,4.52,Target Compound,20240709_QE2_HILIC_BCSCuAOXq2d_AYW1145,16,Processed,T1,6RB,Unknown,,B:B8,,,4113663,301054750,4.48,-0.04,C9H17NO5,M+H,N/A,N/A,N/A,N/A,220.118,220.1178,-.7797 (ppm),0,0,N/A,Method,True,False,N/A,N/A,N/A,,,Pass,N/A,N/A,N/A,N/A,Confirmed,N/A,N/A,N/A,N/A,,,,,,,,2751.14,N/A,242180163.58,,
Pantothenate,4.52,Target Compound,20240709_QE2_HILIC_BCSCuAOXq2d_AYW1146,17,Processed,T1,6RB,Unknown,,B:B9,,,3012576,210972409,4.42,-0.10,C9H17NO5,M+H,N/A,N/A,N/A,N/A,220.118,220.1179,-.3638 (ppm),0,0,N/A,Method,True,False,N/A,N/A,N/A,,,Pass,N/A,N/A,N/A,N/A,Confirmed,N/A,N/A,N/A,N/A,,,,,,,,1219.85,N/A,242180163.58,,
Pantothenate,4.52,Target Compound,20240709_QE2_HILIC_BCSCuAOXq2d_AYW1147,18,Processed,T1,6RB,Unknown,,B:C1,,,3290115,214513332,4.52,0.00,C9H17NO5,M+H,N/A,N/A,N/A,N/A,220.118,220.1179,-.6411 (ppm),0,0,N/A,Method,True,False,N/A,N/A,N/A,,,Pass,N/A,N/A,N/A,N/A,Confirmed,N/A,N/A,N/A,N/A,,,,,,,,2465.42,N/A,242180163.58,,
Pantothenate,4.52,Target Compound,20240709_QE2_HILIC_BCSCuAOXq2d_AYW1148,19,Processed,T1,7RV,Unknown,,B:C2,,,4237964,291067001,4.34,-0.18,C9H17NO5,M+H,N/A,N/A,N/A,N/A,220.118,220.1178,-1.1263 (ppm),0,0,N/A,Method,True,False,N/A,N/A,N/A,,,Pass,N/A,N/A,N/A,N/A,Confirmed,N/A,N/A,N/A,N/A,,,,,,,,2337.92,N/A,335438269.67,,
Pantothenate,4.52,Target Compound,20240709_QE2_HILIC_BCSCuAOXq2d_AYW1149,20,Processed,T1,7RV,Unknown,,B:C3,,,5039117,390218707,4.97,0.45,C9H17NO5,M+H,N/A,N/A,N/A,N/A,220.118,220.1178,-.9877 (ppm),0,0,N/A,Manual,True,False,N/A,N/A,N/A,,,Pass,N/A,N/A,N/A,N/A,Confirmed,N/A,N/A,N/A,N/A,,,,,,,,930.91,N/A,335438269.67,,
Pantothenate,4.52,Target Compound,20240709_QE2_HILIC_BCSCuAOXq2d_AYW1150,21,Processed,T1,7RV,Unknown,,B:C4,,,4739199,325029101,4.36,-0.16,C9H17NO5,M+H,N/A,N/A,N/A,N/A,220.118,220.1179,-.6411 (ppm),0,0,N/A,Method,True,False,N/A,N/A,N/A,,,Pass,N/A,N/A,N/A,N/A,Confirmed,N/A,N/A,N/A,N/A,,,,,,,,1646.69,N/A,335438269.67,,
Pantothenate,4.52,Target Compound,20240709_QE2_HILIC_BCSCuAOXq2d_AYW1151,22,Processed,T1,8RB,Unknown,,B:C5,,,4793665,362342924,4.98,0.46,C9H17NO5,M+H,N/A,N/A,N/A,N/A,220.118,220.118,.0521 (ppm),0,0,N/A,Manual,True,False,N/A,N/A,N/A,,,Pass,N/A,N/A,N/A,N/A,Confirmed,N/A,N/A,N/A,N/A,,,,,,,,1224.44,N/A,360660068.74,,
Pantothenate,4.52,Target Compound,20240709_QE2_HILIC_BCSCuAOXq2d_AYW1152,23,Processed,T1,8RB,Unknown,,B:C6,,,4440242,295623710,4.53,0.01,C9H17NO5,M+H,N/A,N/A,N/A,N/A,220.118,220.1179,-.6411 (ppm),0,0,N/A,Method,True,False,N/A,N/A,N/A,,,Pass,N/A,N/A,N/A,N/A,Confirmed,N/A,N/A,N/A,N/A,,,,,,,,2944.48,N/A,360660068.74,,
Pantothenate,4.52,Target Compound,20240709_QE2_HILIC_BCSCuAOXq2d_AYW1153,24,Processed,T1,8RB,Unknown,,B:C7,,,5635138,424013572,4.31,-0.21,C9H17NO5,M+H,N/A,N/A,N/A,N/A,220.118,220.1178,-.9877 (ppm),0,0,N/A,Method,True,False,N/A,N/A,N/A,,,Pass,N/A,N/A,N/A,N/A,Confirmed,N/A,N/A,N/A,N/A,,,,,,,,1602.44,N/A,360660068.74,,
Pantothenate,4.52,Target Compound,20240709_QE2_HILIC_BCSCuAOXq2d_AYW1154_pool1xa,25,Processed,T1,pool1x,Unknown,,B:C8,,,5626170,403642934,4.36,-0.16,C9H17NO5,M+H,N/A,N/A,N/A,N/A,220.118,220.1179,-.6411 (ppm),0,0,N/A,Method,True,False,N/A,N/A,N/A,,,Pass,N/A,N/A,N/A,N/A,Confirmed,N/A,N/A,N/A,N/A,,,,,,,,2280.41,N/A,349558546.33,,
Pantothenate,4.52,Target Compound,20240709_QE2_HILIC_BCSCuAOXq2d_AYW1154_pool1xb,26,Processed,T1,pool1x,Unknown,,B:C8,,,5353750,357584355,4.42,-0.10,C9H17NO5,M+H,N/A,N/A,N/A,N/A,220.118,220.1178,-.7104 (ppm),0,0,N/A,Method,True,False,N/A,N/A,N/A,,,Pass,N/A,N/A,N/A,N/A,Confirmed,N/A,N/A,N/A,N/A,,,,,,,,2162.48,N/A,349558546.33,,
Pantothenate,4.52,Target Compound,20240709_QE2_HILIC_BCSCuAOXq2d_AYW1154_pool1xc,27,Processed,T1,pool1x,Unknown,,B:C8,,,4388906,321184805,4.45,-0.07,C9H17NO5,M+H,N/A,N/A,N/A,N/A,220.118,220.118,-.0865 (ppm),0,0,N/A,Method,True,False,N/A,N/A,N/A,,,Pass,N/A,N/A,N/A,N/A,Confirmed,N/A,N/A,N/A,N/A,,,,,,,,1591.40,N/A,349558546.33,,
Pantothenate,4.52,Target Compound,20240709_QE2_HILIC_BCSCuAOXq2d_AYW1154_pool1xd,28,Processed,T1,pool1x,Unknown,,B:C8,,,4413019,315822092,4.85,0.33,C9H17NO5,M+H,N/A,N/A,N/A,N/A,220.118,220.1178,-.9877 (ppm),0,0,N/A,Method,True,False,N/A,N/A,N/A,,,Pass,N/A,N/A,N/A,N/A,Confirmed,N/A,N/A,N/A,N/A,,,,,,,,4467.07,N/A,349558546.33,,
Pantothenate,4.52,Target Compound,20240709_QE2_HILIC_BCSCuAOXq2d_AYW1155_pool033xa,29,Processed,T1,pool033x,Unknown,,B:C9,,,3317857,179860669,4.61,0.09,C9H17NO5,M+H,N/A,N/A,N/A,N/A,220.118,220.1179,-.3638 (ppm),0,0,N/A,Method,True,False,N/A,N/A,N/A,,,Pass,N/A,N/A,N/A,N/A,Confirmed,N/A,N/A,N/A,N/A,,,,,,,,1880.99,N/A,137108817.55,,
Pantothenate,4.52,Target Compound,20240709_QE2_HILIC_BCSCuAOXq2d_AYW1155_pool033xb,30,Processed,T1,pool033x,Unknown,,B:C9,,,2550000,139740314,4.39,-0.13,C9H17NO5,M+H,N/A,N/A,N/A,N/A,220.118,220.1178,-.9877 (ppm),0,0,N/A,Method,True,False,N/A,N/A,N/A,,,Pass,N/A,N/A,N/A,N/A,Confirmed,N/A,N/A,N/A,N/A,,,,,,,,991.34,N/A,137108817.55,,
Pantothenate,4.52,Target Compound,20240709_QE2_HILIC_BCSCuAOXq2d_AYW1155_pool033xc,31,Processed,T1,pool033x,Unknown,,B:C9,,,2120293,112126393,4.62,0.10,C9H17NO5,M+H,N/A,N/A,N/A,N/A,220.118,220.118,-.0172 (ppm),0,0,N/A,Method,True,False,N/A,N/A,N/A,,,Pass,N/A,N/A,N/A,N/A,Confirmed,N/A,N/A,N/A,N/A,,,,,,,,1226.39,N/A,137108817.55,,
Pantothenate,4.52,Target Compound,20240709_QE2_HILIC_BCSCuAOXq2d_AYW1155_pool033xd,32,Processed,T1,pool033x,Unknown,,B:C9,,,2368076,116707893,4.63,0.11,C9H17NO5,M+H,N/A,N/A,N/A,N/A,220.118,220.1178,-.8490 (ppm),0,0,N/A,Method,True,False,N/A,N/A,N/A,,,Pass,N/A,N/A,N/A,N/A,Confirmed,N/A,N/A,N/A,N/A,,,,,,,,492.58,N/A,137108817.55,,
Pantothenate,4.52,Target Compound,20240709_QE2_HILIC_BCSCuAOXq2d_AYW1156_pool01xa,33,Processed,T1,pool01x,Unknown,,B:D1,,,1572963,61743347,4.46,-0.06,C9H17NO5,M+H,N/A,N/A,N/A,N/A,220.118,220.118,-.0865 (ppm),0,0,N/A,Method,True,False,N/A,N/A,N/A,,,Pass,N/A,N/A,N/A,N/A,Confirmed,N/A,N/A,N/A,N/A,,,,,,,,332.53,N/A,51555344.97,,
Pantothenate,4.52,Target Compound,20240709_QE2_HILIC_BCSCuAOXq2d_AYW1156_pool01xb,34,Processed,T1,pool01x,Unknown,,B:D1,,,1581959,58366678,4.44,-0.08,C9H17NO5,M+H,N/A,N/A,N/A,N/A,220.118,220.1179,-.6411 (ppm),0,0,N/A,Method,True,False,N/A,N/A,N/A,,,Pass,N/A,N/A,N/A,N/A,Confirmed,N/A,N/A,N/A,N/A,,,,,,,,955.30,N/A,51555344.97,,
Pantothenate,4.52,Target Compound,20240709_QE2_HILIC_BCSCuAOXq2d_AYW1156_pool01xc,35,Processed,T1,pool01x,Unknown,,B:D1,,,1175386,43968339,4.47,-0.05,C9H17NO5,M+H,N/A,N/A,N/A,N/A,220.118,220.1179,-.3638 (ppm),0,0,N/A,Method,True,False,N/A,N/A,N/A,,,Pass,N/A,N/A,N/A,N/A,Confirmed,N/A,N/A,N/A,N/A,,,,,,,,502.96,N/A,51555344.97,,
Pantothenate,4.52,Target Compound,20240709_QE2_HILIC_BCSCuAOXq2d_AYW1156_pool01xd,36,Processed,T1,pool01x,Unknown,,B:D1,,,1200369,42143016,4.43,-0.09,C9H17NO5,M+H,N/A,N/A,N/A,N/A,220.118,220.1178,-.7104 (ppm),0,0,N/A,Method,True,False,N/A,N/A,N/A,,,Pass,N/A,N/A,N/A,N/A,Confirmed,N/A,N/A,N/A,N/A,,,,,,,,411.69,N/A,51555344.97,,
Pantothenate,4.52,Target Compound,20240709_QE2_HILIC_BCSCuAOXq2d_blank1,37,Processed,T1,,Unknown,,B:A1,,,N/F,N/F,N/F,N/F,C9H17NO5,N/A,N/F,N/A,N/F,N/A,220.118,N/F,N/F,N/F,0,N/A,Method,True,False,N/A,N/A,N/A,,,Fail,N/A,N/A,N/A,N/A,NotFound,N/A,N/A,N/A,N/A,,,,,,,,N/A,N/A,75356.08,,
Pantothenate,4.52,Target Compound,20240709_QE2_HILIC_BCSCuAOXq2d_blank1_20240710111342,38,Processed,T1,,Unknown,,B:A1,,,33003,452136,4.25,-0.27,C9H17NO5,M+H,N/A,N/A,N/A,N/A,220.118,220.1181,.6067 (ppm),0,0,N/A,Method,True,False,N/A,N/A,N/A,,,Pass,N/A,N/A,N/A,N/A,Confirmed,N/A,N/A,N/A,N/A,,,,,,,,11.38,N/A,75356.08,,
Pantothenate,4.52,Target Compound,20240709_QE2_HILIC_BCSCuAOXq2d_blank1_20240710231833,39,Processed,T1,,Unknown,,B:A1,,,N/F,N/F,N/F,N/F,C9H17NO5,N/A,N/F,N/A,N/F,N/A,220.118,N/F,N/F,N/F,0,N/A,Method,True,False,N/A,N/A,N/A,,,Fail,N/A,N/A,N/A,N/A,NotFound,N/A,N/A,N/A,N/A,,,,,,,,N/A,N/A,75356.08,,
Pantothenate,4.52,Target Compound,20240709_QE2_HILIC_BCSCuAOXq2d_blank2,40,Processed,T1,,Unknown,,B:A1,,,N/F,N/F,N/F,N/F,C9H17NO5,N/A,N/F,N/A,N/F,N/A,220.118,N/F,N/F,N/F,0,N/A,Method,True,False,N/A,N/A,N/A,,,Fail,N/A,N/A,N/A,N/A,NotFound,N/A,N/A,N/A,N/A,,,,,,,,N/A,N/A,75356.08,,
Pantothenate,4.52,Target Compound,20240709_QE2_HILIC_BCSCuAOXq2d_blank2_20240710115054,41,Processed,T1,,Unknown,,B:A1,,,N/F,N/F,N/F,N/F,C9H17NO5,N/A,N/F,N/A,N/F,N/A,220.118,N/F,N/F,N/F,0,N/A,Method,True,False,N/A,N/A,N/A,,,Fail,N/A,N/A,N/A,N/A,NotFound,N/A,N/A,N/A,N/A,,,,,,,,N/A,N/A,75356.08,,
Pantothenate,4.52,Target Compound,20240709_QE2_HILIC_BCSCuAOXq2d_blank2_20240710235116,42,Processed,T1,,Unknown,,B:A1,,,N/F,N/F,N/F,N/F,C9H17NO5,N/A,N/F,N/A,N/F,N/A,220.118,N/F,N/F,N/F,0,N/A,Method,True,False,N/A,N/A,N/A,,,Fail,N/A,N/A,N/A,N/A,NotFound,N/A,N/A,N/A,N/A,,,,,,,,N/A,N/A,75356.08,,
