﻿Compound,RT,Type,Filename,Batch Order,Status,Peak Label,Group,Sample Type,Level,Sample ID,Sample Name,Comments,Height,Area,Actual RT,RT Delta,Formula,Adduct,Calculated Amt,Theoretical Amt,Sample Amt,Std Add Amount,m/z (Expected),m/z (Apex),m/z (Delta),Response Ratio,ISTD Amt,ISTD Response,Integration Mode,Active,Excluded,%Diff,%RSD,% CV,Channel,Final Units,PK,IR,IP,LS,FI,Confirm,Isotopic Pattern Score (%),Num Isotopes Matched,Lib Match Name,Library Score (%),Library Match Rank,SI/Dot Product,RSI/Rev Dot,Modification,Protein Name,Peptide Sequence,Ion Type,S/N,Ion Ratio,Group Average,Relative RT,Flag Details
S-Adenosyl-L-Homocysteine,8,Target Compound,20240709_QE2_HILIC_BCSCuAOXq2d_AYW1130,1,Processed,T1,1V,Unknown,,B:A2,,,1115442,12445648,8.17,0.17,C14H20N6O5S,M+H,N/A,N/A,N/A,N/A,385.1289,385.1278,-2.7572 (ppm),0,0,N/A,Method,True,False,N/A,N/A,N/A,,,Pass,N/A,N/A,N/A,N/A,Confirmed,N/A,N/A,N/A,N/A,,,,,,,,INF,N/A,9730760.50,,
S-Adenosyl-L-Homocysteine,8,Target Compound,20240709_QE2_HILIC_BCSCuAOXq2d_AYW1131,2,Processed,T1,1V,Unknown,,B:A3,,,800660,8635867,8.17,0.17,C14H20N6O5S,M+H,N/A,N/A,N/A,N/A,385.1289,385.1277,-3.1534 (ppm),0,0,N/A,Method,True,False,N/A,N/A,N/A,,,Pass,N/A,N/A,N/A,N/A,Confirmed,N/A,N/A,N/A,N/A,,,,,,,,INF,N/A,9730760.50,,
S-Adenosyl-L-Homocysteine,8,Target Compound,20240709_QE2_HILIC_BCSCuAOXq2d_AYW1132,3,Processed,T1,1V,Unknown,,B:A4,,,660267,8110766,8.24,0.24,C14H20N6O5S,M+H,N/A,N/A,N/A,N/A,385.1289,385.1276,-3.3911 (ppm),0,0,N/A,Method,True,False,N/A,N/A,N/A,,,Pass,N/A,N/A,N/A,N/A,Confirmed,N/A,N/A,N/A,N/A,,,,,,,,INF,N/A,9730760.50,,
S-Adenosyl-L-Homocysteine,8,Target Compound,20240709_QE2_HILIC_BCSCuAOXq2d_AYW1133,4,Processed,T1,2B,Unknown,,B:A5,,,744682,8144427,8.15,0.15,C14H20N6O5S,M+H,N/A,N/A,N/A,N/A,385.1289,385.1277,-3.2326 (ppm),0,0,N/A,Method,True,False,N/A,N/A,N/A,,,Pass,N/A,N/A,N/A,N/A,Confirmed,N/A,N/A,N/A,N/A,,,,,,,,INF,N/A,12084523.62,,
S-Adenosyl-L-Homocysteine,8,Target Compound,20240709_QE2_HILIC_BCSCuAOXq2d_AYW1134,5,Processed,T1,2B,Unknown,,B:A6,,,1233159,13430760,8.17,0.17,C14H20N6O5S,M+H,N/A,N/A,N/A,N/A,385.1289,385.1274,-3.9458 (ppm),0,0,N/A,Method,True,False,N/A,N/A,N/A,,,Pass,N/A,N/A,N/A,N/A,Confirmed,N/A,N/A,N/A,N/A,,,,,,,,INF,N/A,12084523.62,,
S-Adenosyl-L-Homocysteine,8,Target Compound,20240709_QE2_HILIC_BCSCuAOXq2d_AYW1135,6,Processed,T1,2B,Unknown,,B:A7,,,1372618,14678383,8.17,0.17,C14H20N6O5S,M+H,N/A,N/A,N/A,N/A,385.1289,385.1278,-2.7572 (ppm),0,0,N/A,Method,True,False,N/A,N/A,N/A,,,Pass,N/A,N/A,N/A,N/A,Confirmed,N/A,N/A,N/A,N/A,,,,,,,,INF,N/A,12084523.62,,
S-Adenosyl-L-Homocysteine,8,Target Compound,20240709_QE2_HILIC_BCSCuAOXq2d_AYW1136,7,Processed,T1,3C,Unknown,,B:A8,,,882031,11052764,8.18,0.18,C14H20N6O5S,M+H,N/A,N/A,N/A,N/A,385.1289,385.1276,-3.3118 (ppm),0,0,N/A,Method,True,False,N/A,N/A,N/A,,,Pass,N/A,N/A,N/A,N/A,Confirmed,N/A,N/A,N/A,N/A,,,,,,,,INF,N/A,9829139.77,,
S-Adenosyl-L-Homocysteine,8,Target Compound,20240709_QE2_HILIC_BCSCuAOXq2d_AYW1137,8,Processed,T1,3C,Unknown,,B:A9,,,1158321,13450794,8.19,0.19,C14H20N6O5S,M+H,N/A,N/A,N/A,N/A,385.1289,385.1276,-3.3911 (ppm),0,0,N/A,Method,True,False,N/A,N/A,N/A,,,Pass,N/A,N/A,N/A,N/A,Confirmed,N/A,N/A,N/A,N/A,,,,,,,,INF,N/A,9829139.77,,
S-Adenosyl-L-Homocysteine,8,Target Compound,20240709_QE2_HILIC_BCSCuAOXq2d_AYW1138,9,Processed,T1,3C,Unknown,,B:B1,,,399288,4983861,8.15,0.15,C14H20N6O5S,M+H,N/A,N/A,N/A,N/A,385.1289,385.1273,-4.1042 (ppm),0,0,N/A,Method,True,False,N/A,N/A,N/A,,,Pass,N/A,N/A,N/A,N/A,Confirmed,N/A,N/A,N/A,N/A,,,,,,,,INF,N/A,9829139.77,,
S-Adenosyl-L-Homocysteine,8,Target Compound,20240709_QE2_HILIC_BCSCuAOXq2d_AYW1139,10,Processed,T1,4BC,Unknown,,B:B2,,,604689,6764703,8.17,0.17,C14H20N6O5S,M+H,N/A,N/A,N/A,N/A,385.1289,385.1274,-3.7873 (ppm),0,0,N/A,Method,True,False,N/A,N/A,N/A,,,Pass,N/A,N/A,N/A,N/A,Confirmed,N/A,N/A,N/A,N/A,,,,,,,,INF,N/A,7125521.52,N/A,
S-Adenosyl-L-Homocysteine,8,Target Compound,20240709_QE2_HILIC_BCSCuAOXq2d_AYW1140,11,Processed,T1,4BC,Unknown,,B:B3,,,608244,7093794,8.17,0.17,C14H20N6O5S,M+H,N/A,N/A,N/A,N/A,385.1289,385.1274,-3.7873 (ppm),0,0,N/A,Method,True,False,N/A,N/A,N/A,,,Pass,N/A,N/A,N/A,N/A,Confirmed,N/A,N/A,N/A,N/A,,,,,,,,INF,N/A,7125521.52,,
S-Adenosyl-L-Homocysteine,8,Target Compound,20240709_QE2_HILIC_BCSCuAOXq2d_AYW1141,12,Processed,T1,4BC,Unknown,,B:B4,,,728257,7518068,8.17,0.17,C14H20N6O5S,M+H,N/A,N/A,N/A,N/A,385.1289,385.1278,-2.7572 (ppm),0,0,N/A,Method,True,False,N/A,N/A,N/A,,,Pass,N/A,N/A,N/A,N/A,Confirmed,N/A,N/A,N/A,N/A,,,,,,,,INF,N/A,7125521.52,,
S-Adenosyl-L-Homocysteine,8,Target Compound,20240709_QE2_HILIC_BCSCuAOXq2d_AYW1142,13,Processed,T1,5RV,Unknown,,B:B5,,,685831,8054874,8.21,0.21,C14H20N6O5S,M+H,N/A,N/A,N/A,N/A,385.1289,385.1278,-2.8364 (ppm),0,0,N/A,Method,True,False,N/A,N/A,N/A,,,Pass,N/A,N/A,N/A,N/A,Confirmed,N/A,N/A,N/A,N/A,,,,,,,,INF,N/A,8457756.90,N/A,
S-Adenosyl-L-Homocysteine,8,Target Compound,20240709_QE2_HILIC_BCSCuAOXq2d_AYW1143,14,Processed,T1,5RV,Unknown,,B:B6,,,794913,9735712,8.18,0.18,C14H20N6O5S,M+H,N/A,N/A,N/A,N/A,385.1289,385.1279,-2.5987 (ppm),0,0,N/A,Method,True,False,N/A,N/A,N/A,,,Pass,N/A,N/A,N/A,N/A,Confirmed,N/A,N/A,N/A,N/A,,,,,,,,INF,N/A,8457756.90,,
S-Adenosyl-L-Homocysteine,8,Target Compound,20240709_QE2_HILIC_BCSCuAOXq2d_AYW1144,15,Processed,T1,5RV,Unknown,,B:B7,,,607584,7582685,8.17,0.17,C14H20N6O5S,M+H,N/A,N/A,N/A,N/A,385.1289,385.1278,-2.7572 (ppm),0,0,N/A,Method,True,False,N/A,N/A,N/A,,,Pass,N/A,N/A,N/A,N/A,Confirmed,N/A,N/A,N/A,N/A,,,,,,,,INF,N/A,8457756.90,,
S-Adenosyl-L-Homocysteine,8,Target Compound,20240709_QE2_HILIC_BCSCuAOXq2d_AYW1145,16,Processed,T1,6RB,Unknown,,B:B8,,,713599,7752047,8.19,0.19,C14H20N6O5S,M+H,N/A,N/A,N/A,N/A,385.1289,385.1279,-2.6779 (ppm),0,0,N/A,Method,True,False,N/A,N/A,N/A,,,Pass,N/A,N/A,N/A,N/A,Confirmed,N/A,N/A,N/A,N/A,,,,,,,,INF,N/A,6084230.98,,
S-Adenosyl-L-Homocysteine,8,Target Compound,20240709_QE2_HILIC_BCSCuAOXq2d_AYW1146,17,Processed,T1,6RB,Unknown,,B:B9,,,414783,5178311,8.18,0.18,C14H20N6O5S,M+H,N/A,N/A,N/A,N/A,385.1289,385.1277,-3.0741 (ppm),0,0,N/A,Method,True,False,N/A,N/A,N/A,,,Pass,N/A,N/A,N/A,N/A,Confirmed,N/A,N/A,N/A,N/A,,,,,,,,INF,N/A,6084230.98,,
S-Adenosyl-L-Homocysteine,8,Target Compound,20240709_QE2_HILIC_BCSCuAOXq2d_AYW1147,18,Processed,T1,6RB,Unknown,,B:C1,,,453398,5322335,8.13,0.13,C14H20N6O5S,M+H,N/A,N/A,N/A,N/A,385.1289,385.1278,-2.8364 (ppm),0,0,N/A,Method,True,False,N/A,N/A,N/A,,,Pass,N/A,N/A,N/A,N/A,Confirmed,N/A,N/A,N/A,N/A,,,,,,,,INF,N/A,6084230.98,,
S-Adenosyl-L-Homocysteine,8,Target Compound,20240709_QE2_HILIC_BCSCuAOXq2d_AYW1148,19,Processed,T1,7RV,Unknown,,B:C2,,,754050,9493989,8.18,0.18,C14H20N6O5S,M+H,N/A,N/A,N/A,N/A,385.1289,385.1275,-3.5496 (ppm),0,0,N/A,Method,True,False,N/A,N/A,N/A,,,Pass,N/A,N/A,N/A,N/A,Confirmed,N/A,N/A,N/A,N/A,,,,,,,,INF,N/A,8235953.46,,
S-Adenosyl-L-Homocysteine,8,Target Compound,20240709_QE2_HILIC_BCSCuAOXq2d_AYW1149,20,Processed,T1,7RV,Unknown,,B:C3,,,772721,9095882,8.18,0.18,C14H20N6O5S,M+H,N/A,N/A,N/A,N/A,385.1289,385.1275,-3.6288 (ppm),0,0,N/A,Method,True,False,N/A,N/A,N/A,,,Pass,N/A,N/A,N/A,N/A,Confirmed,N/A,N/A,N/A,N/A,,,,,,,,INF,N/A,8235953.46,,
S-Adenosyl-L-Homocysteine,8,Target Compound,20240709_QE2_HILIC_BCSCuAOXq2d_AYW1150,21,Processed,T1,7RV,Unknown,,B:C4,,,546946,6117989,8.2,0.20,C14H20N6O5S,M+H,N/A,N/A,N/A,N/A,385.1289,385.1278,-2.8364 (ppm),0,0,N/A,Method,True,False,N/A,N/A,N/A,,,Pass,N/A,N/A,N/A,N/A,Confirmed,N/A,N/A,N/A,N/A,,,,,,,,INF,N/A,8235953.46,,
S-Adenosyl-L-Homocysteine,8,Target Compound,20240709_QE2_HILIC_BCSCuAOXq2d_AYW1151,22,Processed,T1,8RB,Unknown,,B:C5,,,677848,7348681,8.24,0.24,C14H20N6O5S,M+H,N/A,N/A,N/A,N/A,385.1289,385.1278,-2.8364 (ppm),0,0,N/A,Method,True,False,N/A,N/A,N/A,,,Pass,N/A,N/A,N/A,N/A,Confirmed,N/A,N/A,N/A,N/A,,,,,,,,INF,N/A,8720470.16,,
S-Adenosyl-L-Homocysteine,8,Target Compound,20240709_QE2_HILIC_BCSCuAOXq2d_AYW1152,23,Processed,T1,8RB,Unknown,,B:C6,,,657467,7780853,8.19,0.19,C14H20N6O5S,M+H,N/A,N/A,N/A,N/A,385.1289,385.1277,-3.1534 (ppm),0,0,N/A,Method,True,False,N/A,N/A,N/A,,,Pass,N/A,N/A,N/A,N/A,Confirmed,N/A,N/A,N/A,N/A,,,,,,,,INF,N/A,8720470.16,,
S-Adenosyl-L-Homocysteine,8,Target Compound,20240709_QE2_HILIC_BCSCuAOXq2d_AYW1153,24,Processed,T1,8RB,Unknown,,B:C7,,,961241,11031877,8.22,0.22,C14H20N6O5S,M+H,N/A,N/A,N/A,N/A,385.1289,385.1275,-3.5496 (ppm),0,0,N/A,Method,True,False,N/A,N/A,N/A,,,Pass,N/A,N/A,N/A,N/A,Confirmed,N/A,N/A,N/A,N/A,,,,,,,,INF,N/A,8720470.16,,
S-Adenosyl-L-Homocysteine,8,Target Compound,20240709_QE2_HILIC_BCSCuAOXq2d_AYW1154_pool1xa,25,Processed,T1,pool1x,Unknown,,B:C8,,,766108,9007901,8.14,0.14,C14H20N6O5S,M+H,N/A,N/A,N/A,N/A,385.1289,385.1276,-3.3911 (ppm),0,0,N/A,Method,True,False,N/A,N/A,N/A,,,Pass,N/A,N/A,N/A,N/A,Confirmed,N/A,N/A,N/A,N/A,,,,,,,,INF,N/A,9408278.77,,
S-Adenosyl-L-Homocysteine,8,Target Compound,20240709_QE2_HILIC_BCSCuAOXq2d_AYW1154_pool1xb,26,Processed,T1,pool1x,Unknown,,B:C8,,,971711,10908397,8.19,0.19,C14H20N6O5S,M+H,N/A,N/A,N/A,N/A,385.1289,385.1274,-3.8665 (ppm),0,0,N/A,Method,True,False,N/A,N/A,N/A,,,Pass,N/A,N/A,N/A,N/A,Confirmed,N/A,N/A,N/A,N/A,,,,,,,,INF,N/A,9408278.77,,
S-Adenosyl-L-Homocysteine,8,Target Compound,20240709_QE2_HILIC_BCSCuAOXq2d_AYW1154_pool1xc,27,Processed,T1,pool1x,Unknown,,B:C8,,,639386,7681817,8.15,0.15,C14H20N6O5S,M+H,N/A,N/A,N/A,N/A,385.1289,385.1277,-3.0741 (ppm),0,0,N/A,Method,True,False,N/A,N/A,N/A,,,Pass,N/A,N/A,N/A,N/A,Confirmed,N/A,N/A,N/A,N/A,,,,,,,,INF,N/A,9408278.77,,
S-Adenosyl-L-Homocysteine,8,Target Compound,20240709_QE2_HILIC_BCSCuAOXq2d_AYW1154_pool1xd,28,Processed,T1,pool1x,Unknown,,B:C8,,,866050,10035000,8.18,0.18,C14H20N6O5S,M+H,N/A,N/A,N/A,N/A,385.1289,385.1275,-3.5496 (ppm),0,0,N/A,Method,True,False,N/A,N/A,N/A,,,Pass,N/A,N/A,N/A,N/A,Confirmed,N/A,N/A,N/A,N/A,,,,,,,,INF,N/A,9408278.77,,
S-Adenosyl-L-Homocysteine,8,Target Compound,20240709_QE2_HILIC_BCSCuAOXq2d_AYW1155_pool033xa,29,Processed,T1,pool033x,Unknown,,B:C9,,,327223,3307423,8.1,0.10,C14H20N6O5S,M+H,N/A,N/A,N/A,N/A,385.1289,385.1276,-3.3118 (ppm),0,0,N/A,Method,True,False,N/A,N/A,N/A,,,Pass,N/A,N/A,N/A,N/A,Confirmed,N/A,N/A,N/A,N/A,,,,,,,,INF,N/A,3348492.19,,
S-Adenosyl-L-Homocysteine,8,Target Compound,20240709_QE2_HILIC_BCSCuAOXq2d_AYW1155_pool033xb,30,Processed,T1,pool033x,Unknown,,B:C9,,,323232,3461339,8.14,0.14,C14H20N6O5S,M+H,N/A,N/A,N/A,N/A,385.1289,385.1274,-3.7873 (ppm),0,0,N/A,Method,True,False,N/A,N/A,N/A,,,Pass,N/A,N/A,N/A,N/A,Confirmed,N/A,N/A,N/A,N/A,,,,,,,,INF,N/A,3348492.19,,
S-Adenosyl-L-Homocysteine,8,Target Compound,20240709_QE2_HILIC_BCSCuAOXq2d_AYW1155_pool033xc,31,Processed,T1,pool033x,Unknown,,B:C9,,,236316,2595389,8.12,0.12,C14H20N6O5S,M+H,N/A,N/A,N/A,N/A,385.1289,385.128,-2.4402 (ppm),0,0,N/A,Method,True,False,N/A,N/A,N/A,,,Pass,N/A,N/A,N/A,N/A,Confirmed,N/A,N/A,N/A,N/A,,,,,,,,INF,N/A,3348492.19,,
S-Adenosyl-L-Homocysteine,8,Target Compound,20240709_QE2_HILIC_BCSCuAOXq2d_AYW1155_pool033xd,32,Processed,T1,pool033x,Unknown,,B:C9,,,443470,4029817,8.12,0.12,C14H20N6O5S,M+H,N/A,N/A,N/A,N/A,385.1289,385.1277,-3.0741 (ppm),0,0,N/A,Method,True,False,N/A,N/A,N/A,,,Pass,N/A,N/A,N/A,N/A,Confirmed,N/A,N/A,N/A,N/A,,,,,,,,INF,N/A,3348492.19,,
S-Adenosyl-L-Homocysteine,8,Target Compound,20240709_QE2_HILIC_BCSCuAOXq2d_AYW1156_pool01xa,33,Processed,T1,pool01x,Unknown,,B:D1,,,61360,681962,8.11,0.11,C14H20N6O5S,M+H,N/A,N/A,N/A,N/A,385.1289,385.1279,-2.5194 (ppm),0,0,N/A,Method,True,False,N/A,N/A,N/A,,,Pass,N/A,N/A,N/A,N/A,Confirmed,N/A,N/A,N/A,N/A,,,,,,,,INF,N/A,712367.35,,
S-Adenosyl-L-Homocysteine,8,Target Compound,20240709_QE2_HILIC_BCSCuAOXq2d_AYW1156_pool01xb,34,Processed,T1,pool01x,Unknown,,B:D1,,,74643,860895,8.09,0.09,C14H20N6O5S,M+H,N/A,N/A,N/A,N/A,385.1289,385.1277,-3.2326 (ppm),0,0,N/A,Method,True,False,N/A,N/A,N/A,,,Pass,N/A,N/A,N/A,N/A,Confirmed,N/A,N/A,N/A,N/A,,,,,,,,INF,N/A,712367.35,,
S-Adenosyl-L-Homocysteine,8,Target Compound,20240709_QE2_HILIC_BCSCuAOXq2d_AYW1156_pool01xc,35,Processed,T1,pool01x,Unknown,,B:D1,,,62105,575021,8.05,0.05,C14H20N6O5S,M+H,N/A,N/A,N/A,N/A,385.1289,385.1279,-2.5194 (ppm),0,0,N/A,Method,True,False,N/A,N/A,N/A,,,Pass,N/A,N/A,N/A,N/A,Confirmed,N/A,N/A,N/A,N/A,,,,,,,,INF,N/A,712367.35,,
S-Adenosyl-L-Homocysteine,8,Target Compound,20240709_QE2_HILIC_BCSCuAOXq2d_AYW1156_pool01xd,36,Processed,T1,pool01x,Unknown,,B:D1,,,59153,731591,8.01,0.01,C14H20N6O5S,M+H,N/A,N/A,N/A,N/A,385.1289,385.1278,-2.7572 (ppm),0,0,N/A,Method,True,False,N/A,N/A,N/A,,,Pass,N/A,N/A,N/A,N/A,Confirmed,N/A,N/A,N/A,N/A,,,,,,,,INF,N/A,712367.35,,
S-Adenosyl-L-Homocysteine,8,Target Compound,20240709_QE2_HILIC_BCSCuAOXq2d_blank1,37,Processed,T1,,Unknown,,B:A1,,,N/F,N/F,N/F,N/F,C14H20N6O5S,N/A,N/F,N/A,N/F,N/A,385.1289,N/F,N/F,N/F,0,N/A,Method,True,False,N/A,N/A,N/A,,,Fail,N/A,N/A,N/A,N/A,NotFound,N/A,N/A,N/A,N/A,,,,,,,,N/A,N/A,159015.03,,
S-Adenosyl-L-Homocysteine,8,Target Compound,20240709_QE2_HILIC_BCSCuAOXq2d_blank1_20240710111342,38,Processed,T1,,Unknown,,B:A1,,,31622,160687,8.31,0.31,C14H20N6O5S,M+H,N/A,N/A,N/A,N/A,385.1289,385.1282,-1.8855 (ppm),0,0,N/A,Method,True,False,N/A,N/A,N/A,,,Pass,N/A,N/A,N/A,N/A,Confirmed,N/A,N/A,N/A,N/A,,,,,,,,INF,N/A,159015.03,,
S-Adenosyl-L-Homocysteine,8,Target Compound,20240709_QE2_HILIC_BCSCuAOXq2d_blank1_20240710231833,39,Processed,T1,,Unknown,,B:A1,,,38127,319071,8.04,0.04,C14H20N6O5S,M+H,N/A,N/A,N/A,N/A,385.1289,385.1269,-5.1344 (ppm),0,0,N/A,Method,True,False,N/A,N/A,N/A,,,Pass,N/A,N/A,N/A,N/A,Confirmed,N/A,N/A,N/A,N/A,,,,,,,,INF,N/A,159015.03,,
S-Adenosyl-L-Homocysteine,8,Target Compound,20240709_QE2_HILIC_BCSCuAOXq2d_blank2,40,Processed,T1,,Unknown,,B:A1,,,27114,158192,8.04,0.04,C14H20N6O5S,M+H,N/A,N/A,N/A,N/A,385.1289,385.1285,-1.0931 (ppm),0,0,N/A,Method,True,False,N/A,N/A,N/A,,,Pass,N/A,N/A,N/A,N/A,Confirmed,N/A,N/A,N/A,N/A,,,,,,,,INF,N/A,159015.03,,
S-Adenosyl-L-Homocysteine,8,Target Compound,20240709_QE2_HILIC_BCSCuAOXq2d_blank2_20240710115054,41,Processed,T1,,Unknown,,B:A1,,,N/F,N/F,N/F,N/F,C14H20N6O5S,N/A,N/F,N/A,N/F,N/A,385.1289,N/F,N/F,N/F,0,N/A,Method,True,False,N/A,N/A,N/A,,,Fail,N/A,N/A,N/A,N/A,NotFound,N/A,N/A,N/A,N/A,,,,,,,,N/A,N/A,159015.03,,
S-Adenosyl-L-Homocysteine,8,Target Compound,20240709_QE2_HILIC_BCSCuAOXq2d_blank2_20240710235116,42,Processed,T1,,Unknown,,B:A1,,,36122,316140,8.11,0.11,C14H20N6O5S,M+H,N/A,N/A,N/A,N/A,385.1289,385.1278,-2.9156 (ppm),0,0,N/A,Method,True,False,N/A,N/A,N/A,,,Pass,N/A,N/A,N/A,N/A,Confirmed,N/A,N/A,N/A,N/A,,,,,,,,INF,N/A,159015.03,,
