﻿Compound,RT,Type,Filename,Batch Order,Status,Peak Label,Group,Sample Type,Level,Sample ID,Sample Name,Comments,Height,Area,Actual RT,RT Delta,Formula,Adduct,Calculated Amt,Theoretical Amt,Sample Amt,Std Add Amount,m/z (Expected),m/z (Apex),m/z (Delta),Response Ratio,ISTD Amt,ISTD Response,Integration Mode,Active,Excluded,%Diff,%RSD,% CV,Channel,Final Units,PK,IR,IP,LS,FI,Confirm,Isotopic Pattern Score (%),Num Isotopes Matched,Lib Match Name,Library Score (%),Library Match Rank,SI/Dot Product,RSI/Rev Dot,Modification,Protein Name,Peptide Sequence,Ion Type,S/N,Ion Ratio,Group Average,Relative RT,Flag Details
aspartate-13C6-15N4,9.93,Target Compound,20240709_QE2_HILIC_BCSCuAOXq2d_AYW1130,1,Processed,T1,1V,Unknown,,B:A2,,,5257823,61443721,9.8,-0.13,[13]C4H7[15]NO4,M-H,N/A,N/A,N/A,N/A,137.0407,137.0408,.7443 (ppm),0,0,N/A,Method,True,False,N/A,N/A,N/A,,,Pass,N/A,N/A,N/A,N/A,Confirmed,N/A,N/A,N/A,N/A,,,,,,,,INF,N/A,62134372.63,,
aspartate-13C6-15N4,9.93,Target Compound,20240709_QE2_HILIC_BCSCuAOXq2d_AYW1131,2,Processed,T1,1V,Unknown,,B:A3,,,5322411,62235015,9.81,-0.12,[13]C4H7[15]NO4,M-H,N/A,N/A,N/A,N/A,137.0407,137.0408,.6330 (ppm),0,0,N/A,Method,True,False,N/A,N/A,N/A,,,Pass,N/A,N/A,N/A,N/A,Confirmed,N/A,N/A,N/A,N/A,,,,,,,,INF,N/A,62134372.63,,
aspartate-13C6-15N4,9.93,Target Compound,20240709_QE2_HILIC_BCSCuAOXq2d_AYW1132,3,Processed,T1,1V,Unknown,,B:A4,,,4822158,62724382,9.84,-0.09,[13]C4H7[15]NO4,M-H,N/A,N/A,N/A,N/A,137.0407,137.0408,.6330 (ppm),0,0,N/A,Method,True,False,N/A,N/A,N/A,,,Pass,N/A,N/A,N/A,N/A,Confirmed,N/A,N/A,N/A,N/A,,,,,,,,INF,N/A,62134372.63,,
aspartate-13C6-15N4,9.93,Target Compound,20240709_QE2_HILIC_BCSCuAOXq2d_AYW1133,4,Processed,T1,2B,Unknown,,B:A5,,,4386376,63484224,9.8,-0.13,[13]C4H7[15]NO4,M-H,N/A,N/A,N/A,N/A,137.0407,137.0408,.8557 (ppm),0,0,N/A,Method,True,False,N/A,N/A,N/A,,,Pass,N/A,N/A,N/A,N/A,Confirmed,N/A,N/A,N/A,N/A,,,,,,,,INF,N/A,64402958.56,,
aspartate-13C6-15N4,9.93,Target Compound,20240709_QE2_HILIC_BCSCuAOXq2d_AYW1134,5,Processed,T1,2B,Unknown,,B:A6,,,5664679,62575619,9.83,-0.10,[13]C4H7[15]NO4,M-H,N/A,N/A,N/A,N/A,137.0407,137.0408,.4103 (ppm),0,0,N/A,Method,True,False,N/A,N/A,N/A,,,Pass,N/A,N/A,N/A,N/A,Confirmed,N/A,N/A,N/A,N/A,,,,,,,,INF,N/A,64402958.56,,
aspartate-13C6-15N4,9.93,Target Compound,20240709_QE2_HILIC_BCSCuAOXq2d_AYW1135,6,Processed,T1,2B,Unknown,,B:A7,,,6136307,67149033,9.82,-0.11,[13]C4H7[15]NO4,M-H,N/A,N/A,N/A,N/A,137.0407,137.0408,.5216 (ppm),0,0,N/A,Method,True,False,N/A,N/A,N/A,,,Pass,N/A,N/A,N/A,N/A,Confirmed,N/A,N/A,N/A,N/A,,,,,,,,INF,N/A,64402958.56,,
aspartate-13C6-15N4,9.93,Target Compound,20240709_QE2_HILIC_BCSCuAOXq2d_AYW1136,7,Processed,T1,3C,Unknown,,B:A8,,,5765499,64910217,9.84,-0.09,[13]C4H7[15]NO4,M-H,N/A,N/A,N/A,N/A,137.0407,137.0408,.7443 (ppm),0,0,N/A,Method,True,False,N/A,N/A,N/A,,,Pass,N/A,N/A,N/A,N/A,Confirmed,N/A,N/A,N/A,N/A,,,,,,,,INF,N/A,65242081.83,,
aspartate-13C6-15N4,9.93,Target Compound,20240709_QE2_HILIC_BCSCuAOXq2d_AYW1137,8,Processed,T1,3C,Unknown,,B:A9,,,5802492,69664730,9.82,-0.11,[13]C4H7[15]NO4,M-H,N/A,N/A,N/A,N/A,137.0407,137.0408,.4103 (ppm),0,0,N/A,Method,True,False,N/A,N/A,N/A,,,Pass,N/A,N/A,N/A,N/A,Confirmed,N/A,N/A,N/A,N/A,,,,,,,,INF,N/A,65242081.83,,
aspartate-13C6-15N4,9.93,Target Compound,20240709_QE2_HILIC_BCSCuAOXq2d_AYW1138,9,Processed,T1,3C,Unknown,,B:B1,,,4461674,61151298,9.8,-0.13,[13]C4H7[15]NO4,M-H,N/A,N/A,N/A,N/A,137.0407,137.0408,.8557 (ppm),0,0,N/A,Method,True,False,N/A,N/A,N/A,,,Pass,N/A,N/A,N/A,N/A,Confirmed,N/A,N/A,N/A,N/A,,,,,,,,INF,N/A,65242081.83,,
aspartate-13C6-15N4,9.93,Target Compound,20240709_QE2_HILIC_BCSCuAOXq2d_AYW1139,10,Processed,T1,4BC,Unknown,,B:B2,,,5020636,64350193,9.81,-0.12,[13]C4H7[15]NO4,M-H,N/A,N/A,N/A,N/A,137.0407,137.0408,.8557 (ppm),0,0,N/A,Method,True,False,N/A,N/A,N/A,,,Pass,N/A,N/A,N/A,N/A,Confirmed,N/A,N/A,N/A,N/A,,,,,,,,INF,N/A,62806203.59,N/A,
aspartate-13C6-15N4,9.93,Target Compound,20240709_QE2_HILIC_BCSCuAOXq2d_AYW1140,11,Processed,T1,4BC,Unknown,,B:B3,,,4377217,61306103,9.82,-0.11,[13]C4H7[15]NO4,M-H,N/A,N/A,N/A,N/A,137.0407,137.0408,.5216 (ppm),0,0,N/A,Method,True,False,N/A,N/A,N/A,,,Pass,N/A,N/A,N/A,N/A,Confirmed,N/A,N/A,N/A,N/A,,,,,,,,INF,N/A,62806203.59,,
aspartate-13C6-15N4,9.93,Target Compound,20240709_QE2_HILIC_BCSCuAOXq2d_AYW1141,12,Processed,T1,4BC,Unknown,,B:B4,,,6094521,62762314,9.81,-0.12,[13]C4H7[15]NO4,M-H,N/A,N/A,N/A,N/A,137.0407,137.0408,.5216 (ppm),0,0,N/A,Method,True,False,N/A,N/A,N/A,,,Pass,N/A,N/A,N/A,N/A,Confirmed,N/A,N/A,N/A,N/A,,,,,,,,INF,N/A,62806203.59,,
aspartate-13C6-15N4,9.93,Target Compound,20240709_QE2_HILIC_BCSCuAOXq2d_AYW1142,13,Processed,T1,5RV,Unknown,,B:B5,,,3875588,54455908,9.83,-0.10,[13]C4H7[15]NO4,M-H,N/A,N/A,N/A,N/A,137.0407,137.0408,.6330 (ppm),0,0,N/A,Method,True,False,N/A,N/A,N/A,,,Pass,N/A,N/A,N/A,N/A,Confirmed,N/A,N/A,N/A,N/A,,,,,,,,INF,N/A,56488698.31,N/A,
aspartate-13C6-15N4,9.93,Target Compound,20240709_QE2_HILIC_BCSCuAOXq2d_AYW1143,14,Processed,T1,5RV,Unknown,,B:B6,,,5202321,62876652,9.84,-0.09,[13]C4H7[15]NO4,M-H,N/A,N/A,N/A,N/A,137.0407,137.0408,.4103 (ppm),0,0,N/A,Method,True,False,N/A,N/A,N/A,,,Pass,N/A,N/A,N/A,N/A,Confirmed,N/A,N/A,N/A,N/A,,,,,,,,INF,N/A,56488698.31,,
aspartate-13C6-15N4,9.93,Target Compound,20240709_QE2_HILIC_BCSCuAOXq2d_AYW1144,15,Processed,T1,5RV,Unknown,,B:B7,,,3678275,52133535,9.84,-0.09,[13]C4H7[15]NO4,M-H,N/A,N/A,N/A,N/A,137.0407,137.0408,.6330 (ppm),0,0,N/A,Method,True,False,N/A,N/A,N/A,,,Pass,N/A,N/A,N/A,N/A,Confirmed,N/A,N/A,N/A,N/A,,,,,,,,INF,N/A,56488698.31,,
aspartate-13C6-15N4,9.93,Target Compound,20240709_QE2_HILIC_BCSCuAOXq2d_AYW1145,16,Processed,T1,6RB,Unknown,,B:B8,,,4888514,59699023,9.81,-0.12,[13]C4H7[15]NO4,M-H,N/A,N/A,N/A,N/A,137.0407,137.0408,.8557 (ppm),0,0,N/A,Method,True,False,N/A,N/A,N/A,,,Pass,N/A,N/A,N/A,N/A,Confirmed,N/A,N/A,N/A,N/A,,,,,,,,INF,N/A,56239827.85,,
aspartate-13C6-15N4,9.93,Target Compound,20240709_QE2_HILIC_BCSCuAOXq2d_AYW1146,17,Processed,T1,6RB,Unknown,,B:B9,,,4104561,57270051,9.81,-0.12,[13]C4H7[15]NO4,M-H,N/A,N/A,N/A,N/A,137.0407,137.0408,.9670 (ppm),0,0,N/A,Method,True,False,N/A,N/A,N/A,,,Pass,N/A,N/A,N/A,N/A,Confirmed,N/A,N/A,N/A,N/A,,,,,,,,INF,N/A,56239827.85,,
aspartate-13C6-15N4,9.93,Target Compound,20240709_QE2_HILIC_BCSCuAOXq2d_AYW1147,18,Processed,T1,6RB,Unknown,,B:C1,,,3846512,51750410,9.83,-0.10,[13]C4H7[15]NO4,M-H,N/A,N/A,N/A,N/A,137.0407,137.0408,.7443 (ppm),0,0,N/A,Method,True,False,N/A,N/A,N/A,,,Pass,N/A,N/A,N/A,N/A,Confirmed,N/A,N/A,N/A,N/A,,,,,,,,INF,N/A,56239827.85,,
aspartate-13C6-15N4,9.93,Target Compound,20240709_QE2_HILIC_BCSCuAOXq2d_AYW1148,19,Processed,T1,7RV,Unknown,,B:C2,,,3522833,40234031,9.82,-0.11,[13]C4H7[15]NO4,M-H,N/A,N/A,N/A,N/A,137.0407,137.0409,1.1897 (ppm),0,0,N/A,Method,True,False,N/A,N/A,N/A,,,Pass,N/A,N/A,N/A,N/A,Confirmed,N/A,N/A,N/A,N/A,,,,,,,,INF,N/A,52580264.06,,
aspartate-13C6-15N4,9.93,Target Compound,20240709_QE2_HILIC_BCSCuAOXq2d_AYW1149,20,Processed,T1,7RV,Unknown,,B:C3,,,4919277,59037213,9.84,-0.09,[13]C4H7[15]NO4,M-H,N/A,N/A,N/A,N/A,137.0407,137.0408,.7443 (ppm),0,0,N/A,Method,True,False,N/A,N/A,N/A,,,Pass,N/A,N/A,N/A,N/A,Confirmed,N/A,N/A,N/A,N/A,,,,,,,,INF,N/A,52580264.06,,
aspartate-13C6-15N4,9.93,Target Compound,20240709_QE2_HILIC_BCSCuAOXq2d_AYW1150,21,Processed,T1,7RV,Unknown,,B:C4,,,4859762,58469548,9.84,-0.09,[13]C4H7[15]NO4,M-H,N/A,N/A,N/A,N/A,137.0407,137.0408,.6330 (ppm),0,0,N/A,Method,True,False,N/A,N/A,N/A,,,Pass,N/A,N/A,N/A,N/A,Confirmed,N/A,N/A,N/A,N/A,,,,,,,,INF,N/A,52580264.06,,
aspartate-13C6-15N4,9.93,Target Compound,20240709_QE2_HILIC_BCSCuAOXq2d_AYW1151,22,Processed,T1,8RB,Unknown,,B:C5,,,4916762,60811691,9.8,-0.13,[13]C4H7[15]NO4,M-H,N/A,N/A,N/A,N/A,137.0407,137.0408,.7443 (ppm),0,0,N/A,Method,True,False,N/A,N/A,N/A,,,Pass,N/A,N/A,N/A,N/A,Confirmed,N/A,N/A,N/A,N/A,,,,,,,,INF,N/A,53032138.06,,
aspartate-13C6-15N4,9.93,Target Compound,20240709_QE2_HILIC_BCSCuAOXq2d_AYW1152,23,Processed,T1,8RB,Unknown,,B:C6,,,3494542,37627255,9.8,-0.13,[13]C4H7[15]NO4,M-H,N/A,N/A,N/A,N/A,137.0407,137.0408,.9670 (ppm),0,0,N/A,Method,True,False,N/A,N/A,N/A,,,Pass,N/A,N/A,N/A,N/A,Confirmed,N/A,N/A,N/A,N/A,,,,,,,,INF,N/A,53032138.06,,
aspartate-13C6-15N4,9.93,Target Compound,20240709_QE2_HILIC_BCSCuAOXq2d_AYW1153,24,Processed,T1,8RB,Unknown,,B:C7,,,5323654,60657468,9.83,-0.10,[13]C4H7[15]NO4,M-H,N/A,N/A,N/A,N/A,137.0407,137.0408,.5216 (ppm),0,0,N/A,Method,True,False,N/A,N/A,N/A,,,Pass,N/A,N/A,N/A,N/A,Confirmed,N/A,N/A,N/A,N/A,,,,,,,,INF,N/A,53032138.06,,
aspartate-13C6-15N4,9.93,Target Compound,20240709_QE2_HILIC_BCSCuAOXq2d_AYW1154_pool1xa,25,Processed,T1,pool1x,Unknown,,B:C8,,,5807837,64062844,9.83,-0.10,[13]C4H7[15]NO4,M-H,N/A,N/A,N/A,N/A,137.0407,137.0408,.4103 (ppm),0,0,N/A,Method,True,False,N/A,N/A,N/A,,,Pass,N/A,N/A,N/A,N/A,Confirmed,N/A,N/A,N/A,N/A,,,,,,,,INF,N/A,56727915.27,,
aspartate-13C6-15N4,9.93,Target Compound,20240709_QE2_HILIC_BCSCuAOXq2d_AYW1154_pool1xb,26,Processed,T1,pool1x,Unknown,,B:C8,,,4544409,58374677,9.82,-0.11,[13]C4H7[15]NO4,M-H,N/A,N/A,N/A,N/A,137.0407,137.0407,.0762 (ppm),0,0,N/A,Method,True,False,N/A,N/A,N/A,,,Pass,N/A,N/A,N/A,N/A,Confirmed,N/A,N/A,N/A,N/A,,,,,,,,INF,N/A,56727915.27,,
aspartate-13C6-15N4,9.93,Target Compound,20240709_QE2_HILIC_BCSCuAOXq2d_AYW1154_pool1xc,27,Processed,T1,pool1x,Unknown,,B:C8,,,5089890,60553592,9.82,-0.11,[13]C4H7[15]NO4,M-H,N/A,N/A,N/A,N/A,137.0407,137.0408,.8557 (ppm),0,0,N/A,Method,True,False,N/A,N/A,N/A,,,Pass,N/A,N/A,N/A,N/A,Confirmed,N/A,N/A,N/A,N/A,,,,,,,,INF,N/A,56727915.27,,
aspartate-13C6-15N4,9.93,Target Compound,20240709_QE2_HILIC_BCSCuAOXq2d_AYW1154_pool1xd,28,Processed,T1,pool1x,Unknown,,B:C8,,,4057017,43920548,9.8,-0.13,[13]C4H7[15]NO4,M-H,N/A,N/A,N/A,N/A,137.0407,137.0408,.7443 (ppm),0,0,N/A,Method,True,False,N/A,N/A,N/A,,,Pass,N/A,N/A,N/A,N/A,Confirmed,N/A,N/A,N/A,N/A,,,,,,,,INF,N/A,56727915.27,,
aspartate-13C6-15N4,9.93,Target Compound,20240709_QE2_HILIC_BCSCuAOXq2d_AYW1155_pool033xa,29,Processed,T1,pool033x,Unknown,,B:C9,,,3650104,38161596,9.82,-0.11,[13]C4H7[15]NO4,M-H,N/A,N/A,N/A,N/A,137.0407,137.0408,.6330 (ppm),0,0,N/A,Method,True,False,N/A,N/A,N/A,,,Pass,N/A,N/A,N/A,N/A,Confirmed,N/A,N/A,N/A,N/A,,,,,,,,INF,N/A,31532198.31,,
aspartate-13C6-15N4,9.93,Target Compound,20240709_QE2_HILIC_BCSCuAOXq2d_AYW1155_pool033xb,30,Processed,T1,pool033x,Unknown,,B:C9,,,2899708,31915158,9.85,-0.08,[13]C4H7[15]NO4,M-H,N/A,N/A,N/A,N/A,137.0407,137.0408,.4103 (ppm),0,0,N/A,Method,True,False,N/A,N/A,N/A,,,Pass,N/A,N/A,N/A,N/A,Confirmed,N/A,N/A,N/A,N/A,,,,,,,,INF,N/A,31532198.31,,
aspartate-13C6-15N4,9.93,Target Compound,20240709_QE2_HILIC_BCSCuAOXq2d_AYW1155_pool033xc,31,Processed,T1,pool033x,Unknown,,B:C9,,,2627580,31509171,9.81,-0.12,[13]C4H7[15]NO4,M-H,N/A,N/A,N/A,N/A,137.0407,137.0408,1.0784 (ppm),0,0,N/A,Method,True,False,N/A,N/A,N/A,,,Pass,N/A,N/A,N/A,N/A,Confirmed,N/A,N/A,N/A,N/A,,,,,,,,INF,N/A,31532198.31,,
aspartate-13C6-15N4,9.93,Target Compound,20240709_QE2_HILIC_BCSCuAOXq2d_AYW1155_pool033xd,32,Processed,T1,pool033x,Unknown,,B:C9,,,2560129,24542868,9.8,-0.13,[13]C4H7[15]NO4,M-H,N/A,N/A,N/A,N/A,137.0407,137.0408,.7443 (ppm),0,0,N/A,Method,True,False,N/A,N/A,N/A,,,Pass,N/A,N/A,N/A,N/A,Confirmed,N/A,N/A,N/A,N/A,,,,,,,,INF,N/A,31532198.31,,
aspartate-13C6-15N4,9.93,Target Compound,20240709_QE2_HILIC_BCSCuAOXq2d_AYW1156_pool01xa,33,Processed,T1,pool01x,Unknown,,B:D1,,,1487804,16252518,9.82,-0.11,[13]C4H7[15]NO4,M-H,N/A,N/A,N/A,N/A,137.0407,137.0408,.6330 (ppm),0,0,N/A,Method,True,False,N/A,N/A,N/A,,,Pass,N/A,N/A,N/A,N/A,Confirmed,N/A,N/A,N/A,N/A,,,,,,,,INF,N/A,14546943.69,,
aspartate-13C6-15N4,9.93,Target Compound,20240709_QE2_HILIC_BCSCuAOXq2d_AYW1156_pool01xb,34,Processed,T1,pool01x,Unknown,,B:D1,,,1478159,16352063,9.81,-0.12,[13]C4H7[15]NO4,M-H,N/A,N/A,N/A,N/A,137.0407,137.0408,.6330 (ppm),0,0,N/A,Method,True,False,N/A,N/A,N/A,,,Pass,N/A,N/A,N/A,N/A,Confirmed,N/A,N/A,N/A,N/A,,,,,,,,INF,N/A,14546943.69,,
aspartate-13C6-15N4,9.93,Target Compound,20240709_QE2_HILIC_BCSCuAOXq2d_AYW1156_pool01xc,35,Processed,T1,pool01x,Unknown,,B:D1,,,1303507,13984727,9.81,-0.12,[13]C4H7[15]NO4,M-H,N/A,N/A,N/A,N/A,137.0407,137.0409,1.5237 (ppm),0,0,N/A,Method,True,False,N/A,N/A,N/A,,,Pass,N/A,N/A,N/A,N/A,Confirmed,N/A,N/A,N/A,N/A,,,,,,,,INF,N/A,14546943.69,,
aspartate-13C6-15N4,9.93,Target Compound,20240709_QE2_HILIC_BCSCuAOXq2d_AYW1156_pool01xd,36,Processed,T1,pool01x,Unknown,,B:D1,,,1029294,11598467,9.78,-0.15,[13]C4H7[15]NO4,M-H,N/A,N/A,N/A,N/A,137.0407,137.0408,.6330 (ppm),0,0,N/A,Method,True,False,N/A,N/A,N/A,,,Pass,N/A,N/A,N/A,N/A,Confirmed,N/A,N/A,N/A,N/A,,,,,,,,INF,N/A,14546943.69,,
aspartate-13C6-15N4,9.93,Target Compound,20240709_QE2_HILIC_BCSCuAOXq2d_blank1,37,Processed,T1,,Unknown,,B:A1,,,N/F,N/F,N/F,N/F,[13]C4H7[15]NO4,N/A,N/F,N/A,N/F,N/A,137.0407,N/F,N/F,N/F,0,N/A,Method,True,False,N/A,N/A,N/A,,,Fail,N/A,N/A,N/A,N/A,NotFound,N/A,N/A,N/A,N/A,,,,,,,,N/A,N/A,1.00,,
aspartate-13C6-15N4,9.93,Target Compound,20240709_QE2_HILIC_BCSCuAOXq2d_blank1_20240710111342,38,Processed,T1,,Unknown,,B:A1,,,N/F,N/F,N/F,N/F,[13]C4H7[15]NO4,N/A,N/F,N/A,N/F,N/A,137.0407,N/F,N/F,N/F,0,N/A,Method,True,False,N/A,N/A,N/A,,,Fail,N/A,N/A,N/A,N/A,NotFound,N/A,N/A,N/A,N/A,,,,,,,,N/A,N/A,1.00,,
aspartate-13C6-15N4,9.93,Target Compound,20240709_QE2_HILIC_BCSCuAOXq2d_blank1_20240710231833,39,Processed,T1,,Unknown,,B:A1,,,N/F,N/F,N/F,N/F,[13]C4H7[15]NO4,N/A,N/F,N/A,N/F,N/A,137.0407,N/F,N/F,N/F,0,N/A,Method,True,False,N/A,N/A,N/A,,,Fail,N/A,N/A,N/A,N/A,NotFound,N/A,N/A,N/A,N/A,,,,,,,,N/A,N/A,1.00,,
aspartate-13C6-15N4,9.93,Target Compound,20240709_QE2_HILIC_BCSCuAOXq2d_blank2,40,Processed,T1,,Unknown,,B:A1,,,N/F,N/F,N/F,N/F,[13]C4H7[15]NO4,N/A,N/F,N/A,N/F,N/A,137.0407,N/F,N/F,N/F,0,N/A,Method,True,False,N/A,N/A,N/A,,,Fail,N/A,N/A,N/A,N/A,NotFound,N/A,N/A,N/A,N/A,,,,,,,,N/A,N/A,1.00,,
aspartate-13C6-15N4,9.93,Target Compound,20240709_QE2_HILIC_BCSCuAOXq2d_blank2_20240710115054,41,Processed,T1,,Unknown,,B:A1,,,N/F,N/F,N/F,N/F,[13]C4H7[15]NO4,N/A,N/F,N/A,N/F,N/A,137.0407,N/F,N/F,N/F,0,N/A,Method,True,False,N/A,N/A,N/A,,,Fail,N/A,N/A,N/A,N/A,NotFound,N/A,N/A,N/A,N/A,,,,,,,,N/A,N/A,1.00,,
aspartate-13C6-15N4,9.93,Target Compound,20240709_QE2_HILIC_BCSCuAOXq2d_blank2_20240710235116,42,Processed,T1,,Unknown,,B:A1,,,N/F,N/F,N/F,N/F,[13]C4H7[15]NO4,N/A,N/F,N/A,N/F,N/A,137.0407,N/F,N/F,N/F,0,N/A,Method,True,False,N/A,N/A,N/A,,,Fail,N/A,N/A,N/A,N/A,NotFound,N/A,N/A,N/A,N/A,,,,,,,,N/A,N/A,1.00,,
