﻿Compound,RT,Type,Filename,Batch Order,Status,Peak Label,Group,Sample Type,Level,Sample ID,Sample Name,Comments,Height,Area,Actual RT,RT Delta,Formula,Adduct,Calculated Amt,Theoretical Amt,Sample Amt,Std Add Amount,m/z (Expected),m/z (Apex),m/z (Delta),Response Ratio,ISTD Amt,ISTD Response,Integration Mode,Active,Excluded,%Diff,%RSD,% CV,Channel,Final Units,PK,IR,IP,LS,FI,Confirm,Isotopic Pattern Score (%),Num Isotopes Matched,Lib Match Name,Library Score (%),Library Match Rank,SI/Dot Product,RSI/Rev Dot,Modification,Protein Name,Peptide Sequence,Ion Type,S/N,Ion Ratio,Group Average,Relative RT,Flag Details
ADP,10.1,Target Compound,20240709_QE2_HILIC_BCSCuAOXq2d_AYW1130,1,Processed,T1,1V,Unknown,,B:A2,,,3459044,58609760,10.25,0.15,C10H15N5O10P2,M-H,N/A,N/A,N/A,N/A,426.0221,426.0225,.9189 (ppm),0,0,N/A,Method,True,False,N/A,N/A,N/A,,,Pass,N/A,N/A,N/A,N/A,Confirmed,N/A,N/A,N/A,N/A,,,,,,,,INF,N/A,52737901.25,,
ADP,10.1,Target Compound,20240709_QE2_HILIC_BCSCuAOXq2d_AYW1131,2,Processed,T1,1V,Unknown,,B:A3,,,3222698,52828602,10.21,0.11,C10H15N5O10P2,M-H,N/A,N/A,N/A,N/A,426.0221,426.0225,.9905 (ppm),0,0,N/A,Method,True,False,N/A,N/A,N/A,,,Pass,N/A,N/A,N/A,N/A,Confirmed,N/A,N/A,N/A,N/A,,,,,,,,INF,N/A,52737901.25,,
ADP,10.1,Target Compound,20240709_QE2_HILIC_BCSCuAOXq2d_AYW1132,3,Processed,T1,1V,Unknown,,B:A4,,,2778897,46775341,10.23,0.13,C10H15N5O10P2,M-H,N/A,N/A,N/A,N/A,426.0221,426.0227,1.3487 (ppm),0,0,N/A,Method,True,False,N/A,N/A,N/A,,,Pass,N/A,N/A,N/A,N/A,Confirmed,N/A,N/A,N/A,N/A,,,,,,,,INF,N/A,52737901.25,,
ADP,10.1,Target Compound,20240709_QE2_HILIC_BCSCuAOXq2d_AYW1133,4,Processed,T1,2B,Unknown,,B:A5,,,3063069,52698995,10.22,0.12,C10H15N5O10P2,M-H,N/A,N/A,N/A,N/A,426.0221,426.0228,1.6352 (ppm),0,0,N/A,Method,True,False,N/A,N/A,N/A,,,Pass,N/A,N/A,N/A,N/A,Confirmed,N/A,N/A,N/A,N/A,,,,,,,,INF,N/A,70433388.06,,
ADP,10.1,Target Compound,20240709_QE2_HILIC_BCSCuAOXq2d_AYW1134,5,Processed,T1,2B,Unknown,,B:A6,,,5582569,90218761,10.24,0.14,C10H15N5O10P2,M-H,N/A,N/A,N/A,N/A,426.0221,426.0226,1.1338 (ppm),0,0,N/A,Method,True,False,N/A,N/A,N/A,,,Pass,N/A,N/A,N/A,N/A,Confirmed,N/A,N/A,N/A,N/A,,,,,,,,INF,N/A,70433388.06,,
ADP,10.1,Target Compound,20240709_QE2_HILIC_BCSCuAOXq2d_AYW1135,6,Processed,T1,2B,Unknown,,B:A7,,,4516279,68382409,10.19,0.09,C10H15N5O10P2,M-H,N/A,N/A,N/A,N/A,426.0221,426.0226,1.1338 (ppm),0,0,N/A,Method,True,False,N/A,N/A,N/A,,,Pass,N/A,N/A,N/A,N/A,Confirmed,N/A,N/A,N/A,N/A,,,,,,,,INF,N/A,70433388.06,,
ADP,10.1,Target Compound,20240709_QE2_HILIC_BCSCuAOXq2d_AYW1136,7,Processed,T1,3C,Unknown,,B:A8,,,2567270,45491847,10.18,0.08,C10H15N5O10P2,M-H,N/A,N/A,N/A,N/A,426.0221,426.0226,1.1338 (ppm),0,0,N/A,Method,True,False,N/A,N/A,N/A,,,Pass,N/A,N/A,N/A,N/A,Confirmed,N/A,N/A,N/A,N/A,,,,,,,,INF,N/A,41452069.82,,
ADP,10.1,Target Compound,20240709_QE2_HILIC_BCSCuAOXq2d_AYW1137,8,Processed,T1,3C,Unknown,,B:A9,,,3033915,50932313,10.22,0.12,C10H15N5O10P2,M-H,N/A,N/A,N/A,N/A,426.0221,426.0224,.7040 (ppm),0,0,N/A,Method,True,False,N/A,N/A,N/A,,,Pass,N/A,N/A,N/A,N/A,Confirmed,N/A,N/A,N/A,N/A,,,,,,,,INF,N/A,41452069.82,,
ADP,10.1,Target Compound,20240709_QE2_HILIC_BCSCuAOXq2d_AYW1138,9,Processed,T1,3C,Unknown,,B:B1,,,1657417,27932049,10.2,0.10,C10H15N5O10P2,M-H,N/A,N/A,N/A,N/A,426.0221,426.0226,1.0621 (ppm),0,0,N/A,Method,True,False,N/A,N/A,N/A,,,Pass,N/A,N/A,N/A,N/A,Confirmed,N/A,N/A,N/A,N/A,,,,,,,,INF,N/A,41452069.82,,
ADP,10.1,Target Compound,20240709_QE2_HILIC_BCSCuAOXq2d_AYW1139,10,Processed,T1,4BC,Unknown,,B:B2,,,2225811,40079653,10.18,0.08,C10H15N5O10P2,M-H,N/A,N/A,N/A,N/A,426.0221,426.0225,.9189 (ppm),0,0,N/A,Method,True,False,N/A,N/A,N/A,,,Pass,N/A,N/A,N/A,N/A,Confirmed,N/A,N/A,N/A,N/A,,,,,,,,INF,N/A,38524584.05,N/A,
ADP,10.1,Target Compound,20240709_QE2_HILIC_BCSCuAOXq2d_AYW1140,11,Processed,T1,4BC,Unknown,,B:B3,,,2171226,36219604,10.21,0.11,C10H15N5O10P2,M-H,N/A,N/A,N/A,N/A,426.0221,426.0223,.4891 (ppm),0,0,N/A,Method,True,False,N/A,N/A,N/A,,,Pass,N/A,N/A,N/A,N/A,Confirmed,N/A,N/A,N/A,N/A,,,,,,,,INF,N/A,38524584.05,,
ADP,10.1,Target Compound,20240709_QE2_HILIC_BCSCuAOXq2d_AYW1141,12,Processed,T1,4BC,Unknown,,B:B4,,,2288331,39274495,10.2,0.10,C10H15N5O10P2,M-H,N/A,N/A,N/A,N/A,426.0221,426.0225,.9905 (ppm),0,0,N/A,Method,True,False,N/A,N/A,N/A,,,Pass,N/A,N/A,N/A,N/A,Confirmed,N/A,N/A,N/A,N/A,,,,,,,,INF,N/A,38524584.05,,
ADP,10.1,Target Compound,20240709_QE2_HILIC_BCSCuAOXq2d_AYW1142,13,Processed,T1,5RV,Unknown,,B:B5,,,2790351,48524758,10.17,0.07,C10H15N5O10P2,M-H,N/A,N/A,N/A,N/A,426.0221,426.0227,1.4203 (ppm),0,0,N/A,Method,True,False,N/A,N/A,N/A,,,Pass,N/A,N/A,N/A,N/A,Confirmed,N/A,N/A,N/A,N/A,,,,,,,,INF,N/A,45082998.83,N/A,
ADP,10.1,Target Compound,20240709_QE2_HILIC_BCSCuAOXq2d_AYW1143,14,Processed,T1,5RV,Unknown,,B:B6,,,3069914,51292751,10.2,0.10,C10H15N5O10P2,M-H,N/A,N/A,N/A,N/A,426.0221,426.0226,1.2054 (ppm),0,0,N/A,Method,True,False,N/A,N/A,N/A,,,Pass,N/A,N/A,N/A,N/A,Confirmed,N/A,N/A,N/A,N/A,,,,,,,,INF,N/A,45082998.83,,
ADP,10.1,Target Compound,20240709_QE2_HILIC_BCSCuAOXq2d_AYW1144,15,Processed,T1,5RV,Unknown,,B:B7,,,2260163,35431487,10.21,0.11,C10H15N5O10P2,M-H,N/A,N/A,N/A,N/A,426.0221,426.0226,1.2054 (ppm),0,0,N/A,Method,True,False,N/A,N/A,N/A,,,Pass,N/A,N/A,N/A,N/A,Confirmed,N/A,N/A,N/A,N/A,,,,,,,,INF,N/A,45082998.83,,
ADP,10.1,Target Compound,20240709_QE2_HILIC_BCSCuAOXq2d_AYW1145,16,Processed,T1,6RB,Unknown,,B:B8,,,2979551,49921293,10.23,0.13,C10H15N5O10P2,M-H,N/A,N/A,N/A,N/A,426.0221,426.0226,1.1338 (ppm),0,0,N/A,Method,True,False,N/A,N/A,N/A,,,Pass,N/A,N/A,N/A,N/A,Confirmed,N/A,N/A,N/A,N/A,,,,,,,,INF,N/A,44419832.51,,
ADP,10.1,Target Compound,20240709_QE2_HILIC_BCSCuAOXq2d_AYW1146,17,Processed,T1,6RB,Unknown,,B:B9,,,2586418,44651338,10.2,0.10,C10H15N5O10P2,M-H,N/A,N/A,N/A,N/A,426.0221,426.0225,.9905 (ppm),0,0,N/A,Method,True,False,N/A,N/A,N/A,,,Pass,N/A,N/A,N/A,N/A,Confirmed,N/A,N/A,N/A,N/A,,,,,,,,INF,N/A,44419832.51,,
ADP,10.1,Target Compound,20240709_QE2_HILIC_BCSCuAOXq2d_AYW1147,18,Processed,T1,6RB,Unknown,,B:C1,,,2437933,38686866,10.2,0.10,C10H15N5O10P2,M-H,N/A,N/A,N/A,N/A,426.0221,426.0224,.7756 (ppm),0,0,N/A,Method,True,False,N/A,N/A,N/A,,,Pass,N/A,N/A,N/A,N/A,Confirmed,N/A,N/A,N/A,N/A,,,,,,,,INF,N/A,44419832.51,,
ADP,10.1,Target Compound,20240709_QE2_HILIC_BCSCuAOXq2d_AYW1148,19,Processed,T1,7RV,Unknown,,B:C2,,,2485214,42939391,10.21,0.11,C10H15N5O10P2,M-H,N/A,N/A,N/A,N/A,426.0221,426.0226,1.2770 (ppm),0,0,N/A,Method,True,False,N/A,N/A,N/A,,,Pass,N/A,N/A,N/A,N/A,Confirmed,N/A,N/A,N/A,N/A,,,,,,,,INF,N/A,35972522.40,,
ADP,10.1,Target Compound,20240709_QE2_HILIC_BCSCuAOXq2d_AYW1149,20,Processed,T1,7RV,Unknown,,B:C3,,,2164606,37631298,10.21,0.11,C10H15N5O10P2,M-H,N/A,N/A,N/A,N/A,426.0221,426.0226,1.1338 (ppm),0,0,N/A,Method,True,False,N/A,N/A,N/A,,,Pass,N/A,N/A,N/A,N/A,Confirmed,N/A,N/A,N/A,N/A,,,,,,,,INF,N/A,35972522.40,,
ADP,10.1,Target Compound,20240709_QE2_HILIC_BCSCuAOXq2d_AYW1150,21,Processed,T1,7RV,Unknown,,B:C4,,,1631766,27346878,10.18,0.08,C10H15N5O10P2,M-H,N/A,N/A,N/A,N/A,426.0221,426.0226,1.2054 (ppm),0,0,N/A,Method,True,False,N/A,N/A,N/A,,,Pass,N/A,N/A,N/A,N/A,Confirmed,N/A,N/A,N/A,N/A,,,,,,,,INF,N/A,35972522.40,,
ADP,10.1,Target Compound,20240709_QE2_HILIC_BCSCuAOXq2d_AYW1151,22,Processed,T1,8RB,Unknown,,B:C5,,,2410428,39758843,10.19,0.09,C10H15N5O10P2,M-H,N/A,N/A,N/A,N/A,426.0221,426.0226,1.1338 (ppm),0,0,N/A,Method,True,False,N/A,N/A,N/A,,,Pass,N/A,N/A,N/A,N/A,Confirmed,N/A,N/A,N/A,N/A,,,,,,,,INF,N/A,40542733.40,,
ADP,10.1,Target Compound,20240709_QE2_HILIC_BCSCuAOXq2d_AYW1152,23,Processed,T1,8RB,Unknown,,B:C6,,,2222406,36809177,10.2,0.10,C10H15N5O10P2,M-H,N/A,N/A,N/A,N/A,426.0221,426.0227,1.4919 (ppm),0,0,N/A,Method,True,False,N/A,N/A,N/A,,,Pass,N/A,N/A,N/A,N/A,Confirmed,N/A,N/A,N/A,N/A,,,,,,,,INF,N/A,40542733.40,,
ADP,10.1,Target Compound,20240709_QE2_HILIC_BCSCuAOXq2d_AYW1153,24,Processed,T1,8RB,Unknown,,B:C7,,,2729175,45060181,10.22,0.12,C10H15N5O10P2,M-H,N/A,N/A,N/A,N/A,426.0221,426.0224,.7040 (ppm),0,0,N/A,Method,True,False,N/A,N/A,N/A,,,Pass,N/A,N/A,N/A,N/A,Confirmed,N/A,N/A,N/A,N/A,,,,,,,,INF,N/A,40542733.40,,
ADP,10.1,Target Compound,20240709_QE2_HILIC_BCSCuAOXq2d_AYW1154_pool1xa,25,Processed,T1,pool1x,Unknown,,B:C8,,,2616913,45848587,10.25,0.15,C10H15N5O10P2,M-H,N/A,N/A,N/A,N/A,426.0221,426.0223,.4891 (ppm),0,0,N/A,Method,True,False,N/A,N/A,N/A,,,Pass,N/A,N/A,N/A,N/A,Confirmed,N/A,N/A,N/A,N/A,,,,,,,,INF,N/A,48292529.07,,
ADP,10.1,Target Compound,20240709_QE2_HILIC_BCSCuAOXq2d_AYW1154_pool1xb,26,Processed,T1,pool1x,Unknown,,B:C8,,,2881771,48142863,10.19,0.09,C10H15N5O10P2,M-H,N/A,N/A,N/A,N/A,426.0221,426.0224,.6323 (ppm),0,0,N/A,Method,True,False,N/A,N/A,N/A,,,Pass,N/A,N/A,N/A,N/A,Confirmed,N/A,N/A,N/A,N/A,,,,,,,,INF,N/A,48292529.07,,
ADP,10.1,Target Compound,20240709_QE2_HILIC_BCSCuAOXq2d_AYW1154_pool1xc,27,Processed,T1,pool1x,Unknown,,B:C8,,,2885798,46593178,10.21,0.11,C10H15N5O10P2,M-H,N/A,N/A,N/A,N/A,426.0221,426.0228,1.5636 (ppm),0,0,N/A,Method,True,False,N/A,N/A,N/A,,,Pass,N/A,N/A,N/A,N/A,Confirmed,N/A,N/A,N/A,N/A,,,,,,,,INF,N/A,48292529.07,,
ADP,10.1,Target Compound,20240709_QE2_HILIC_BCSCuAOXq2d_AYW1154_pool1xd,28,Processed,T1,pool1x,Unknown,,B:C8,,,3126352,52585488,10.22,0.12,C10H15N5O10P2,M-H,N/A,N/A,N/A,N/A,426.0221,426.0226,1.1338 (ppm),0,0,N/A,Method,True,False,N/A,N/A,N/A,,,Pass,N/A,N/A,N/A,N/A,Confirmed,N/A,N/A,N/A,N/A,,,,,,,,INF,N/A,48292529.07,,
ADP,10.1,Target Compound,20240709_QE2_HILIC_BCSCuAOXq2d_AYW1155_pool033xa,29,Processed,T1,pool033x,Unknown,,B:C9,,,1154906,19042214,10.22,0.12,C10H15N5O10P2,M-H,N/A,N/A,N/A,N/A,426.0221,426.0225,.8472 (ppm),0,0,N/A,Method,True,False,N/A,N/A,N/A,,,Pass,N/A,N/A,N/A,N/A,Confirmed,N/A,N/A,N/A,N/A,,,,,,,,INF,N/A,17455590.97,,
ADP,10.1,Target Compound,20240709_QE2_HILIC_BCSCuAOXq2d_AYW1155_pool033xb,30,Processed,T1,pool033x,Unknown,,B:C9,,,1066043,18675189,10.22,0.12,C10H15N5O10P2,M-H,N/A,N/A,N/A,N/A,426.0221,426.0226,1.2770 (ppm),0,0,N/A,Method,True,False,N/A,N/A,N/A,,,Pass,N/A,N/A,N/A,N/A,Confirmed,N/A,N/A,N/A,N/A,,,,,,,,INF,N/A,17455590.97,,
ADP,10.1,Target Compound,20240709_QE2_HILIC_BCSCuAOXq2d_AYW1155_pool033xc,31,Processed,T1,pool033x,Unknown,,B:C9,,,881717,15017472,10.18,0.08,C10H15N5O10P2,M-H,N/A,N/A,N/A,N/A,426.0221,426.0226,1.2054 (ppm),0,0,N/A,Method,True,False,N/A,N/A,N/A,,,Pass,N/A,N/A,N/A,N/A,Confirmed,N/A,N/A,N/A,N/A,,,,,,,,INF,N/A,17455590.97,,
ADP,10.1,Target Compound,20240709_QE2_HILIC_BCSCuAOXq2d_AYW1155_pool033xd,32,Processed,T1,pool033x,Unknown,,B:C9,,,977133,17087489,10.2,0.10,C10H15N5O10P2,M-H,N/A,N/A,N/A,N/A,426.0221,426.0226,1.1338 (ppm),0,0,N/A,Method,True,False,N/A,N/A,N/A,,,Pass,N/A,N/A,N/A,N/A,Confirmed,N/A,N/A,N/A,N/A,,,,,,,,INF,N/A,17455590.97,,
ADP,10.1,Target Compound,20240709_QE2_HILIC_BCSCuAOXq2d_AYW1156_pool01xa,33,Processed,T1,pool01x,Unknown,,B:D1,,,320187,5629279,10.25,0.15,C10H15N5O10P2,M-H,N/A,N/A,N/A,N/A,426.0221,426.0228,1.5636 (ppm),0,0,N/A,Method,True,False,N/A,N/A,N/A,,,Pass,N/A,N/A,N/A,N/A,Confirmed,N/A,N/A,N/A,N/A,,,,,,,,INF,N/A,5764540.40,,
ADP,10.1,Target Compound,20240709_QE2_HILIC_BCSCuAOXq2d_AYW1156_pool01xb,34,Processed,T1,pool01x,Unknown,,B:D1,,,306853,6368989,10.21,0.11,C10H15N5O10P2,M-H,N/A,N/A,N/A,N/A,426.0221,426.0225,.9189 (ppm),0,0,N/A,Method,True,False,N/A,N/A,N/A,,,Pass,N/A,N/A,N/A,N/A,Confirmed,N/A,N/A,N/A,N/A,,,,,,,,INF,N/A,5764540.40,,
ADP,10.1,Target Compound,20240709_QE2_HILIC_BCSCuAOXq2d_AYW1156_pool01xc,35,Processed,T1,pool01x,Unknown,,B:D1,,,250050,5120493,10.18,0.08,C10H15N5O10P2,M-H,N/A,N/A,N/A,N/A,426.0221,426.023,2.2083 (ppm),0,0,N/A,Method,True,False,N/A,N/A,N/A,,,Pass,N/A,N/A,N/A,N/A,Confirmed,N/A,N/A,N/A,N/A,,,,,,,,INF,N/A,5764540.40,,
ADP,10.1,Target Compound,20240709_QE2_HILIC_BCSCuAOXq2d_AYW1156_pool01xd,36,Processed,T1,pool01x,Unknown,,B:D1,,,312791,5939401,10.21,0.11,C10H15N5O10P2,M-H,N/A,N/A,N/A,N/A,426.0221,426.0224,.7040 (ppm),0,0,N/A,Method,True,False,N/A,N/A,N/A,,,Pass,N/A,N/A,N/A,N/A,Confirmed,N/A,N/A,N/A,N/A,,,,,,,,INF,N/A,5764540.40,,
ADP,10.1,Target Compound,20240709_QE2_HILIC_BCSCuAOXq2d_blank1,37,Processed,T1,,Unknown,,B:A1,,,N/F,N/F,N/F,N/F,C10H15N5O10P2,N/A,N/F,N/A,N/F,N/A,426.0221,N/F,N/F,N/F,0,N/A,Method,True,False,N/A,N/A,N/A,,,Fail,N/A,N/A,N/A,N/A,NotFound,N/A,N/A,N/A,N/A,,,,,,,,N/A,N/A,67367.14,,
ADP,10.1,Target Compound,20240709_QE2_HILIC_BCSCuAOXq2d_blank1_20240710111342,38,Processed,T1,,Unknown,,B:A1,,,N/F,N/F,N/F,N/F,C10H15N5O10P2,N/A,N/F,N/A,N/F,N/A,426.0221,N/F,N/F,N/F,0,N/A,Method,True,False,N/A,N/A,N/A,,,Fail,N/A,N/A,N/A,N/A,NotFound,N/A,N/A,N/A,N/A,,,,,,,,N/A,N/A,67367.14,,
ADP,10.1,Target Compound,20240709_QE2_HILIC_BCSCuAOXq2d_blank1_20240710231833,39,Processed,T1,,Unknown,,B:A1,,,N/F,N/F,N/F,N/F,C10H15N5O10P2,N/A,N/F,N/A,N/F,N/A,426.0221,N/F,N/F,N/F,0,N/A,Method,True,False,N/A,N/A,N/A,,,Fail,N/A,N/A,N/A,N/A,NotFound,N/A,N/A,N/A,N/A,,,,,,,,N/A,N/A,67367.14,,
ADP,10.1,Target Compound,20240709_QE2_HILIC_BCSCuAOXq2d_blank2,40,Processed,T1,,Unknown,,B:A1,,,32718,255499,10.21,0.11,C10H15N5O10P2,M-H,N/A,N/A,N/A,N/A,426.0221,426.023,2.1366 (ppm),0,0,N/A,Method,True,False,N/A,N/A,N/A,,,Pass,N/A,N/A,N/A,N/A,Confirmed,N/A,N/A,N/A,N/A,,,,,,,,INF,N/A,67367.14,,
ADP,10.1,Target Compound,20240709_QE2_HILIC_BCSCuAOXq2d_blank2_20240710115054,41,Processed,T1,,Unknown,,B:A1,,,25331,148704,10.28,0.18,C10H15N5O10P2,M-H,N/A,N/A,N/A,N/A,426.0221,426.0226,1.0621 (ppm),0,0,N/A,Method,True,False,N/A,N/A,N/A,,,Pass,N/A,N/A,N/A,N/A,Confirmed,N/A,N/A,N/A,N/A,,,,,,,,INF,N/A,67367.14,,
ADP,10.1,Target Compound,20240709_QE2_HILIC_BCSCuAOXq2d_blank2_20240710235116,42,Processed,T1,,Unknown,,B:A1,,,N/F,N/F,N/F,N/F,C10H15N5O10P2,N/A,N/F,N/A,N/F,N/A,426.0221,N/F,N/F,N/F,0,N/A,Method,True,False,N/A,N/A,N/A,,,Fail,N/A,N/A,N/A,N/A,NotFound,N/A,N/A,N/A,N/A,,,,,,,,N/A,N/A,67367.14,,
