﻿Compound,RT,Type,Filename,Batch Order,Status,Peak Label,Group,Sample Type,Level,Sample ID,Sample Name,Comments,Height,Area,Actual RT,RT Delta,Formula,Adduct,Calculated Amt,Theoretical Amt,Sample Amt,Std Add Amount,m/z (Expected),m/z (Apex),m/z (Delta),Response Ratio,ISTD Amt,ISTD Response,Integration Mode,Active,Excluded,%Diff,%RSD,% CV,Channel,Final Units,PK,IR,IP,LS,FI,Confirm,Isotopic Pattern Score (%),Num Isotopes Matched,Lib Match Name,Library Score (%),Library Match Rank,SI/Dot Product,RSI/Rev Dot,Modification,Protein Name,Peptide Sequence,Ion Type,S/N,Ion Ratio,Group Average,Relative RT,Flag Details
UDP-GlcNAc,10.3,Target Compound,20240709_QE2_HILIC_BCSCuAOXq2d_AYW1130,1,Processed,T1,1V,Unknown,,B:A2,,,4525505,51571577,10.26,-0.04,C17H27N3O17P2,M+H,N/A,N/A,N/A,N/A,608.0888,608.088,-1.2947 (ppm),0,0,N/A,Method,True,False,N/A,N/A,N/A,,,Pass,N/A,N/A,N/A,N/A,Confirmed,N/A,N/A,N/A,N/A,,,,,,,,INF,N/A,48778599.65,,
UDP-GlcNAc,10.3,Target Compound,20240709_QE2_HILIC_BCSCuAOXq2d_AYW1131,2,Processed,T1,1V,Unknown,,B:A3,,,4201845,46864458,10.27,-0.03,C17H27N3O17P2,M+H,N/A,N/A,N/A,N/A,608.0888,608.0882,-.9936 (ppm),0,0,N/A,Method,True,False,N/A,N/A,N/A,,,Pass,N/A,N/A,N/A,N/A,Confirmed,N/A,N/A,N/A,N/A,,,,,,,,INF,N/A,48778599.65,,
UDP-GlcNAc,10.3,Target Compound,20240709_QE2_HILIC_BCSCuAOXq2d_AYW1132,3,Processed,T1,1V,Unknown,,B:A4,,,4341049,47899764,10.24,-0.06,C17H27N3O17P2,M+H,N/A,N/A,N/A,N/A,608.0888,608.0883,-.8932 (ppm),0,0,N/A,Method,True,False,N/A,N/A,N/A,,,Pass,N/A,N/A,N/A,N/A,Confirmed,N/A,N/A,N/A,N/A,,,,,,,,INF,N/A,48778599.65,,
UDP-GlcNAc,10.3,Target Compound,20240709_QE2_HILIC_BCSCuAOXq2d_AYW1133,4,Processed,T1,2B,Unknown,,B:A5,,,2751097,30500725,10.28,-0.02,C17H27N3O17P2,M+H,N/A,N/A,N/A,N/A,608.0888,608.0883,-.8932 (ppm),0,0,N/A,Method,True,False,N/A,N/A,N/A,,,Pass,N/A,N/A,N/A,N/A,Confirmed,N/A,N/A,N/A,N/A,,,,,,,,INF,N/A,38647487.59,,
UDP-GlcNAc,10.3,Target Compound,20240709_QE2_HILIC_BCSCuAOXq2d_AYW1134,5,Processed,T1,2B,Unknown,,B:A6,,,3948406,43336506,10.28,-0.02,C17H27N3O17P2,M+H,N/A,N/A,N/A,N/A,608.0888,608.0884,-.5921 (ppm),0,0,N/A,Method,True,False,N/A,N/A,N/A,,,Pass,N/A,N/A,N/A,N/A,Confirmed,N/A,N/A,N/A,N/A,,,,,,,,INF,N/A,38647487.59,,
UDP-GlcNAc,10.3,Target Compound,20240709_QE2_HILIC_BCSCuAOXq2d_AYW1135,6,Processed,T1,2B,Unknown,,B:A7,,,3793009,42105232,10.28,-0.02,C17H27N3O17P2,M+H,N/A,N/A,N/A,N/A,608.0888,608.0883,-.7929 (ppm),0,0,N/A,Method,True,False,N/A,N/A,N/A,,,Pass,N/A,N/A,N/A,N/A,Confirmed,N/A,N/A,N/A,N/A,,,,,,,,INF,N/A,38647487.59,,
UDP-GlcNAc,10.3,Target Compound,20240709_QE2_HILIC_BCSCuAOXq2d_AYW1136,7,Processed,T1,3C,Unknown,,B:A8,,,5968875,65922397,10.26,-0.04,C17H27N3O17P2,M+H,N/A,N/A,N/A,N/A,608.0888,608.0881,-1.1943 (ppm),0,0,N/A,Method,True,False,N/A,N/A,N/A,,,Pass,N/A,N/A,N/A,N/A,Confirmed,N/A,N/A,N/A,N/A,,,,,,,,INF,N/A,53129218.16,,
UDP-GlcNAc,10.3,Target Compound,20240709_QE2_HILIC_BCSCuAOXq2d_AYW1137,8,Processed,T1,3C,Unknown,,B:A9,,,5516496,59109428,10.28,-0.02,C17H27N3O17P2,M+H,N/A,N/A,N/A,N/A,608.0888,608.088,-1.3951 (ppm),0,0,N/A,Method,True,False,N/A,N/A,N/A,,,Pass,N/A,N/A,N/A,N/A,Confirmed,N/A,N/A,N/A,N/A,,,,,,,,INF,N/A,53129218.16,,
UDP-GlcNAc,10.3,Target Compound,20240709_QE2_HILIC_BCSCuAOXq2d_AYW1138,9,Processed,T1,3C,Unknown,,B:B1,,,3221683,34355829,10.26,-0.04,C17H27N3O17P2,M+H,N/A,N/A,N/A,N/A,608.0888,608.0881,-1.1943 (ppm),0,0,N/A,Method,True,False,N/A,N/A,N/A,,,Pass,N/A,N/A,N/A,N/A,Confirmed,N/A,N/A,N/A,N/A,,,,,,,,INF,N/A,53129218.16,,
UDP-GlcNAc,10.3,Target Compound,20240709_QE2_HILIC_BCSCuAOXq2d_AYW1139,10,Processed,T1,4BC,Unknown,,B:B2,,,5146574,55620198,10.26,-0.04,C17H27N3O17P2,M+H,N/A,N/A,N/A,N/A,608.0888,608.0886,-.3914 (ppm),0,0,N/A,Method,True,False,N/A,N/A,N/A,,,Pass,N/A,N/A,N/A,N/A,Confirmed,N/A,N/A,N/A,N/A,,,,,,,,INF,N/A,55733545.42,N/A,
UDP-GlcNAc,10.3,Target Compound,20240709_QE2_HILIC_BCSCuAOXq2d_AYW1140,11,Processed,T1,4BC,Unknown,,B:B3,,,5156568,57902853,10.25,-0.05,C17H27N3O17P2,M+H,N/A,N/A,N/A,N/A,608.0888,608.0881,-1.1943 (ppm),0,0,N/A,Method,True,False,N/A,N/A,N/A,,,Pass,N/A,N/A,N/A,N/A,Confirmed,N/A,N/A,N/A,N/A,,,,,,,,INF,N/A,55733545.42,,
UDP-GlcNAc,10.3,Target Compound,20240709_QE2_HILIC_BCSCuAOXq2d_AYW1141,12,Processed,T1,4BC,Unknown,,B:B4,,,5240930,53677585,10.26,-0.04,C17H27N3O17P2,M+H,N/A,N/A,N/A,N/A,608.0888,608.0882,-.9936 (ppm),0,0,N/A,Method,True,False,N/A,N/A,N/A,,,Pass,N/A,N/A,N/A,N/A,Confirmed,N/A,N/A,N/A,N/A,,,,,,,,INF,N/A,55733545.42,,
UDP-GlcNAc,10.3,Target Compound,20240709_QE2_HILIC_BCSCuAOXq2d_AYW1142,13,Processed,T1,5RV,Unknown,,B:B5,,,5602582,65723271,10.26,-0.04,C17H27N3O17P2,M+H,N/A,N/A,N/A,N/A,608.0888,608.0884,-.5921 (ppm),0,0,N/A,Method,True,False,N/A,N/A,N/A,,,Pass,N/A,N/A,N/A,N/A,Confirmed,N/A,N/A,N/A,N/A,,,,,,,,INF,N/A,60070638.90,N/A,
UDP-GlcNAc,10.3,Target Compound,20240709_QE2_HILIC_BCSCuAOXq2d_AYW1143,14,Processed,T1,5RV,Unknown,,B:B6,,,5432067,61621311,10.26,-0.04,C17H27N3O17P2,M+H,N/A,N/A,N/A,N/A,608.0888,608.0882,-.9936 (ppm),0,0,N/A,Method,True,False,N/A,N/A,N/A,,,Pass,N/A,N/A,N/A,N/A,Confirmed,N/A,N/A,N/A,N/A,,,,,,,,INF,N/A,60070638.90,,
UDP-GlcNAc,10.3,Target Compound,20240709_QE2_HILIC_BCSCuAOXq2d_AYW1144,15,Processed,T1,5RV,Unknown,,B:B7,,,4666893,52867334,10.27,-0.03,C17H27N3O17P2,M+H,N/A,N/A,N/A,N/A,608.0888,608.0886,-.3914 (ppm),0,0,N/A,Method,True,False,N/A,N/A,N/A,,,Pass,N/A,N/A,N/A,N/A,Confirmed,N/A,N/A,N/A,N/A,,,,,,,,INF,N/A,60070638.90,,
UDP-GlcNAc,10.3,Target Compound,20240709_QE2_HILIC_BCSCuAOXq2d_AYW1145,16,Processed,T1,6RB,Unknown,,B:B8,,,3509478,38438086,10.26,-0.04,C17H27N3O17P2,M+H,N/A,N/A,N/A,N/A,608.0888,608.0883,-.7929 (ppm),0,0,N/A,Method,True,False,N/A,N/A,N/A,,,Pass,N/A,N/A,N/A,N/A,Confirmed,N/A,N/A,N/A,N/A,,,,,,,,INF,N/A,30933177.92,,
UDP-GlcNAc,10.3,Target Compound,20240709_QE2_HILIC_BCSCuAOXq2d_AYW1146,17,Processed,T1,6RB,Unknown,,B:B9,,,2585546,28073255,10.26,-0.04,C17H27N3O17P2,M+H,N/A,N/A,N/A,N/A,608.0888,608.0883,-.8932 (ppm),0,0,N/A,Method,True,False,N/A,N/A,N/A,,,Pass,N/A,N/A,N/A,N/A,Confirmed,N/A,N/A,N/A,N/A,,,,,,,,INF,N/A,30933177.92,,
UDP-GlcNAc,10.3,Target Compound,20240709_QE2_HILIC_BCSCuAOXq2d_AYW1147,18,Processed,T1,6RB,Unknown,,B:C1,,,2485300,26288192,10.26,-0.04,C17H27N3O17P2,M+H,N/A,N/A,N/A,N/A,608.0888,608.0885,-.4917 (ppm),0,0,N/A,Method,True,False,N/A,N/A,N/A,,,Pass,N/A,N/A,N/A,N/A,Confirmed,N/A,N/A,N/A,N/A,,,,,,,,INF,N/A,30933177.92,,
UDP-GlcNAc,10.3,Target Compound,20240709_QE2_HILIC_BCSCuAOXq2d_AYW1148,19,Processed,T1,7RV,Unknown,,B:C2,,,5368074,58412757,10.25,-0.05,C17H27N3O17P2,M+H,N/A,N/A,N/A,N/A,608.0888,608.0882,-.9936 (ppm),0,0,N/A,Method,True,False,N/A,N/A,N/A,,,Pass,N/A,N/A,N/A,N/A,Confirmed,N/A,N/A,N/A,N/A,,,,,,,,INF,N/A,53589521.59,,
UDP-GlcNAc,10.3,Target Compound,20240709_QE2_HILIC_BCSCuAOXq2d_AYW1149,20,Processed,T1,7RV,Unknown,,B:C3,,,4819253,55897513,10.27,-0.03,C17H27N3O17P2,M+H,N/A,N/A,N/A,N/A,608.0888,608.0881,-1.0940 (ppm),0,0,N/A,Method,True,False,N/A,N/A,N/A,,,Pass,N/A,N/A,N/A,N/A,Confirmed,N/A,N/A,N/A,N/A,,,,,,,,INF,N/A,53589521.59,,
UDP-GlcNAc,10.3,Target Compound,20240709_QE2_HILIC_BCSCuAOXq2d_AYW1150,21,Processed,T1,7RV,Unknown,,B:C4,,,4017852,46458294,10.27,-0.03,C17H27N3O17P2,M+H,N/A,N/A,N/A,N/A,608.0888,608.0881,-1.0940 (ppm),0,0,N/A,Method,True,False,N/A,N/A,N/A,,,Pass,N/A,N/A,N/A,N/A,Confirmed,N/A,N/A,N/A,N/A,,,,,,,,INF,N/A,53589521.59,,
UDP-GlcNAc,10.3,Target Compound,20240709_QE2_HILIC_BCSCuAOXq2d_AYW1151,22,Processed,T1,8RB,Unknown,,B:C5,,,3731362,41306029,10.28,-0.02,C17H27N3O17P2,M+H,N/A,N/A,N/A,N/A,608.0888,608.0882,-.9936 (ppm),0,0,N/A,Method,True,False,N/A,N/A,N/A,,,Pass,N/A,N/A,N/A,N/A,Confirmed,N/A,N/A,N/A,N/A,,,,,,,,INF,N/A,41946510.58,,
UDP-GlcNAc,10.3,Target Compound,20240709_QE2_HILIC_BCSCuAOXq2d_AYW1152,23,Processed,T1,8RB,Unknown,,B:C6,,,3635310,38552508,10.25,-0.05,C17H27N3O17P2,M+H,N/A,N/A,N/A,N/A,608.0888,608.0884,-.5921 (ppm),0,0,N/A,Method,True,False,N/A,N/A,N/A,,,Pass,N/A,N/A,N/A,N/A,Confirmed,N/A,N/A,N/A,N/A,,,,,,,,INF,N/A,41946510.58,,
UDP-GlcNAc,10.3,Target Compound,20240709_QE2_HILIC_BCSCuAOXq2d_AYW1153,24,Processed,T1,8RB,Unknown,,B:C7,,,4248013,45980995,10.26,-0.04,C17H27N3O17P2,M+H,N/A,N/A,N/A,N/A,608.0888,608.0883,-.8932 (ppm),0,0,N/A,Method,True,False,N/A,N/A,N/A,,,Pass,N/A,N/A,N/A,N/A,Confirmed,N/A,N/A,N/A,N/A,,,,,,,,INF,N/A,41946510.58,,
UDP-GlcNAc,10.3,Target Compound,20240709_QE2_HILIC_BCSCuAOXq2d_AYW1154_pool1xa,25,Processed,T1,pool1x,Unknown,,B:C8,,,4850487,51122202,10.26,-0.04,C17H27N3O17P2,M+H,N/A,N/A,N/A,N/A,608.0888,608.0881,-1.0940 (ppm),0,0,N/A,Method,True,False,N/A,N/A,N/A,,,Pass,N/A,N/A,N/A,N/A,Confirmed,N/A,N/A,N/A,N/A,,,,,,,,INF,N/A,49247492.33,,
UDP-GlcNAc,10.3,Target Compound,20240709_QE2_HILIC_BCSCuAOXq2d_AYW1154_pool1xb,26,Processed,T1,pool1x,Unknown,,B:C8,,,4123032,46369226,10.25,-0.05,C17H27N3O17P2,M+H,N/A,N/A,N/A,N/A,608.0888,608.0877,-1.7966 (ppm),0,0,N/A,Method,True,False,N/A,N/A,N/A,,,Pass,N/A,N/A,N/A,N/A,Confirmed,N/A,N/A,N/A,N/A,,,,,,,,INF,N/A,49247492.33,,
UDP-GlcNAc,10.3,Target Compound,20240709_QE2_HILIC_BCSCuAOXq2d_AYW1154_pool1xc,27,Processed,T1,pool1x,Unknown,,B:C8,,,4336207,48391570,10.27,-0.03,C17H27N3O17P2,M+H,N/A,N/A,N/A,N/A,608.0888,608.0883,-.8932 (ppm),0,0,N/A,Method,True,False,N/A,N/A,N/A,,,Pass,N/A,N/A,N/A,N/A,Confirmed,N/A,N/A,N/A,N/A,,,,,,,,INF,N/A,49247492.33,,
UDP-GlcNAc,10.3,Target Compound,20240709_QE2_HILIC_BCSCuAOXq2d_AYW1154_pool1xd,28,Processed,T1,pool1x,Unknown,,B:C8,,,4610974,51106971,10.25,-0.05,C17H27N3O17P2,M+H,N/A,N/A,N/A,N/A,608.0888,608.0883,-.8932 (ppm),0,0,N/A,Method,True,False,N/A,N/A,N/A,,,Pass,N/A,N/A,N/A,N/A,Confirmed,N/A,N/A,N/A,N/A,,,,,,,,INF,N/A,49247492.33,,
UDP-GlcNAc,10.3,Target Compound,20240709_QE2_HILIC_BCSCuAOXq2d_AYW1155_pool033xa,29,Processed,T1,pool033x,Unknown,,B:C9,,,1733760,20072860,10.26,-0.04,C17H27N3O17P2,M+H,N/A,N/A,N/A,N/A,608.0888,608.0883,-.8932 (ppm),0,0,N/A,Method,True,False,N/A,N/A,N/A,,,Pass,N/A,N/A,N/A,N/A,Confirmed,N/A,N/A,N/A,N/A,,,,,,,,INF,N/A,17807731.57,,
UDP-GlcNAc,10.3,Target Compound,20240709_QE2_HILIC_BCSCuAOXq2d_AYW1155_pool033xb,30,Processed,T1,pool033x,Unknown,,B:C9,,,1650984,17718406,10.23,-0.07,C17H27N3O17P2,M+H,N/A,N/A,N/A,N/A,608.0888,608.0879,-1.4955 (ppm),0,0,N/A,Method,True,False,N/A,N/A,N/A,,,Pass,N/A,N/A,N/A,N/A,Confirmed,N/A,N/A,N/A,N/A,,,,,,,,INF,N/A,17807731.57,,
UDP-GlcNAc,10.3,Target Compound,20240709_QE2_HILIC_BCSCuAOXq2d_AYW1155_pool033xc,31,Processed,T1,pool033x,Unknown,,B:C9,,,1506064,15972960,10.24,-0.06,C17H27N3O17P2,M+H,N/A,N/A,N/A,N/A,608.0888,608.0886,-.2910 (ppm),0,0,N/A,Method,True,False,N/A,N/A,N/A,,,Pass,N/A,N/A,N/A,N/A,Confirmed,N/A,N/A,N/A,N/A,,,,,,,,INF,N/A,17807731.57,,
UDP-GlcNAc,10.3,Target Compound,20240709_QE2_HILIC_BCSCuAOXq2d_AYW1155_pool033xd,32,Processed,T1,pool033x,Unknown,,B:C9,,,1592692,17466700,10.23,-0.07,C17H27N3O17P2,M+H,N/A,N/A,N/A,N/A,608.0888,608.0881,-1.0940 (ppm),0,0,N/A,Method,True,False,N/A,N/A,N/A,,,Pass,N/A,N/A,N/A,N/A,Confirmed,N/A,N/A,N/A,N/A,,,,,,,,INF,N/A,17807731.57,,
UDP-GlcNAc,10.3,Target Compound,20240709_QE2_HILIC_BCSCuAOXq2d_AYW1156_pool01xa,33,Processed,T1,pool01x,Unknown,,B:D1,,,514115,5845698,10.28,-0.02,C17H27N3O17P2,M+H,N/A,N/A,N/A,N/A,608.0888,608.0883,-.8932 (ppm),0,0,N/A,Method,True,False,N/A,N/A,N/A,,,Pass,N/A,N/A,N/A,N/A,Confirmed,N/A,N/A,N/A,N/A,,,,,,,,INF,N/A,5453015.03,,
UDP-GlcNAc,10.3,Target Compound,20240709_QE2_HILIC_BCSCuAOXq2d_AYW1156_pool01xb,34,Processed,T1,pool01x,Unknown,,B:D1,,,514998,5809960,10.27,-0.03,C17H27N3O17P2,M+H,N/A,N/A,N/A,N/A,608.0888,608.0878,-1.5958 (ppm),0,0,N/A,Method,True,False,N/A,N/A,N/A,,,Pass,N/A,N/A,N/A,N/A,Confirmed,N/A,N/A,N/A,N/A,,,,,,,,INF,N/A,5453015.03,,
UDP-GlcNAc,10.3,Target Compound,20240709_QE2_HILIC_BCSCuAOXq2d_AYW1156_pool01xc,35,Processed,T1,pool01x,Unknown,,B:D1,,,497248,4953348,10.24,-0.06,C17H27N3O17P2,M+H,N/A,N/A,N/A,N/A,608.0888,608.0884,-.6925 (ppm),0,0,N/A,Method,True,False,N/A,N/A,N/A,,,Pass,N/A,N/A,N/A,N/A,Confirmed,N/A,N/A,N/A,N/A,,,,,,,,INF,N/A,5453015.03,,
UDP-GlcNAc,10.3,Target Compound,20240709_QE2_HILIC_BCSCuAOXq2d_AYW1156_pool01xd,36,Processed,T1,pool01x,Unknown,,B:D1,,,470610,5203054,10.22,-0.08,C17H27N3O17P2,M+H,N/A,N/A,N/A,N/A,608.0888,608.0878,-1.5958 (ppm),0,0,N/A,Method,True,False,N/A,N/A,N/A,,,Pass,N/A,N/A,N/A,N/A,Confirmed,N/A,N/A,N/A,N/A,,,,,,,,INF,N/A,5453015.03,,
UDP-GlcNAc,10.3,Target Compound,20240709_QE2_HILIC_BCSCuAOXq2d_blank1,37,Processed,T1,,Unknown,,B:A1,,,N/F,N/F,N/F,N/F,C17H27N3O17P2,N/A,N/F,N/A,N/F,N/A,608.0888,N/F,N/F,N/F,0,N/A,Method,True,False,N/A,N/A,N/A,,,Fail,N/A,N/A,N/A,N/A,NotFound,N/A,N/A,N/A,N/A,,,,,,,,N/A,N/A,139199.60,,
UDP-GlcNAc,10.3,Target Compound,20240709_QE2_HILIC_BCSCuAOXq2d_blank1_20240710111342,38,Processed,T1,,Unknown,,B:A1,,,40811,495036,10.34,0.04,C17H27N3O17P2,M+H,N/A,N/A,N/A,N/A,608.0888,608.088,-1.3951 (ppm),0,0,N/A,Method,True,False,N/A,N/A,N/A,,,Pass,N/A,N/A,N/A,N/A,Confirmed,N/A,N/A,N/A,N/A,,,,,,,,INF,N/A,139199.60,,
UDP-GlcNAc,10.3,Target Compound,20240709_QE2_HILIC_BCSCuAOXq2d_blank1_20240710231833,39,Processed,T1,,Unknown,,B:A1,,,12759,86621,10.3,0.00,C17H27N3O17P2,M+H,N/A,N/A,N/A,N/A,608.0888,608.0881,-1.1943 (ppm),0,0,N/A,Method,True,False,N/A,N/A,N/A,,,Pass,N/A,N/A,N/A,N/A,Confirmed,N/A,N/A,N/A,N/A,,,,,,,,INF,N/A,139199.60,,
UDP-GlcNAc,10.3,Target Compound,20240709_QE2_HILIC_BCSCuAOXq2d_blank2,40,Processed,T1,,Unknown,,B:A1,,,N/F,N/F,N/F,N/F,C17H27N3O17P2,N/A,N/F,N/A,N/F,N/A,608.0888,N/F,N/F,N/F,0,N/A,Method,True,False,N/A,N/A,N/A,,,Fail,N/A,N/A,N/A,N/A,NotFound,N/A,N/A,N/A,N/A,,,,,,,,N/A,N/A,139199.60,,
UDP-GlcNAc,10.3,Target Compound,20240709_QE2_HILIC_BCSCuAOXq2d_blank2_20240710115054,41,Processed,T1,,Unknown,,B:A1,,,20529,137568,10.29,-0.01,C17H27N3O17P2,M+H,N/A,N/A,N/A,N/A,608.0888,608.0876,-1.8970 (ppm),0,0,N/A,Method,True,False,N/A,N/A,N/A,,,Pass,N/A,N/A,N/A,N/A,Confirmed,N/A,N/A,N/A,N/A,,,,,,,,INF,N/A,139199.60,,
UDP-GlcNAc,10.3,Target Compound,20240709_QE2_HILIC_BCSCuAOXq2d_blank2_20240710235116,42,Processed,T1,,Unknown,,B:A1,,,17295,115973,10.2,-0.10,C17H27N3O17P2,M+H,N/A,N/A,N/A,N/A,608.0888,608.0872,-2.5996 (ppm),0,0,N/A,Method,True,False,N/A,N/A,N/A,,,Pass,N/A,N/A,N/A,N/A,Confirmed,N/A,N/A,N/A,N/A,,,,,,,,INF,N/A,139199.60,,
