﻿Compound,RT,Type,Filename,Batch Order,Status,Peak Label,Group,Sample Type,Level,Sample ID,Sample Name,Comments,Height,Area,Actual RT,RT Delta,Formula,Adduct,Calculated Amt,Theoretical Amt,Sample Amt,Std Add Amount,m/z (Expected),m/z (Apex),m/z (Delta),Response Ratio,ISTD Amt,ISTD Response,Integration Mode,Active,Excluded,%Diff,%RSD,% CV,Channel,Final Units,PK,IR,IP,LS,FI,Confirm,Isotopic Pattern Score (%),Num Isotopes Matched,Lib Match Name,Library Score (%),Library Match Rank,SI/Dot Product,RSI/Rev Dot,Modification,Protein Name,Peptide Sequence,Ion Type,S/N,Ion Ratio,Group Average,Relative RT,Flag Details
NADP,11.14,Target Compound,20240709_QE2_HILIC_BCSCuAOXq2d_AYW1130,1,Processed,T1,1V,Unknown,,B:A2,,,73807,715339,11.43,0.29,C21H29N7O17P3,M+H,N/A,N/A,N/A,N/A,744.0827,744.0781,-6.2305 (ppm),0,0,N/A,Method,True,False,N/A,N/A,N/A,,,Pass,N/A,N/A,N/A,N/A,Confirmed,N/A,N/A,N/A,N/A,,,,,,,,INF,N/A,739718.31,,
NADP,11.14,Target Compound,20240709_QE2_HILIC_BCSCuAOXq2d_AYW1131,2,Processed,T1,1V,Unknown,,B:A3,,,61643,717195,11.42,0.28,C21H29N7O17P3,M+H,N/A,N/A,N/A,N/A,744.0827,744.0793,-4.5080 (ppm),0,0,N/A,Method,True,False,N/A,N/A,N/A,,,Pass,N/A,N/A,N/A,N/A,Confirmed,N/A,N/A,N/A,N/A,,,,,,,,INF,N/A,739718.31,,
NADP,11.14,Target Compound,20240709_QE2_HILIC_BCSCuAOXq2d_AYW1132,3,Processed,T1,1V,Unknown,,B:A4,,,64418,786621,11.42,0.28,C21H29N7O17P3,M+H,N/A,N/A,N/A,N/A,744.0827,744.0786,-5.4923 (ppm),0,0,N/A,Method,True,False,N/A,N/A,N/A,,,Pass,N/A,N/A,N/A,N/A,Confirmed,N/A,N/A,N/A,N/A,,,,,,,,INF,N/A,739718.31,,
NADP,11.14,Target Compound,20240709_QE2_HILIC_BCSCuAOXq2d_AYW1133,4,Processed,T1,2B,Unknown,,B:A5,,,71584,920277,11.4,0.26,C21H29N7O17P3,M+H,N/A,N/A,N/A,N/A,744.0827,744.08,-3.6877 (ppm),0,0,N/A,Method,True,False,N/A,N/A,N/A,,,Pass,N/A,N/A,N/A,N/A,Confirmed,N/A,N/A,N/A,N/A,,,,,,,,INF,N/A,1092645.18,,
NADP,11.14,Target Compound,20240709_QE2_HILIC_BCSCuAOXq2d_AYW1134,5,Processed,T1,2B,Unknown,,B:A6,,,91928,1144225,11.44,0.30,C21H29N7O17P3,M+H,N/A,N/A,N/A,N/A,744.0827,744.0779,-6.3946 (ppm),0,0,N/A,Method,True,False,N/A,N/A,N/A,,,Pass,N/A,N/A,N/A,N/A,Confirmed,N/A,N/A,N/A,N/A,,,,,,,,INF,N/A,1092645.18,,
NADP,11.14,Target Compound,20240709_QE2_HILIC_BCSCuAOXq2d_AYW1135,6,Processed,T1,2B,Unknown,,B:A7,,,115881,1213434,11.44,0.30,C21H29N7O17P3,M+H,N/A,N/A,N/A,N/A,744.0827,744.0787,-5.3282 (ppm),0,0,N/A,Method,True,False,N/A,N/A,N/A,,,Pass,N/A,N/A,N/A,N/A,Confirmed,N/A,N/A,N/A,N/A,,,,,,,,INF,N/A,1092645.18,,
NADP,11.14,Target Compound,20240709_QE2_HILIC_BCSCuAOXq2d_AYW1136,7,Processed,T1,3C,Unknown,,B:A8,,,97932,938375,11.4,0.26,C21H29N7O17P3,M+H,N/A,N/A,N/A,N/A,744.0827,744.0794,-4.4259 (ppm),0,0,N/A,Method,True,False,N/A,N/A,N/A,,,Pass,N/A,N/A,N/A,N/A,Confirmed,N/A,N/A,N/A,N/A,,,,,,,,INF,N/A,876852.80,,
NADP,11.14,Target Compound,20240709_QE2_HILIC_BCSCuAOXq2d_AYW1137,8,Processed,T1,3C,Unknown,,B:A9,,,78753,917797,11.42,0.28,C21H29N7O17P3,M+H,N/A,N/A,N/A,N/A,744.0827,744.0798,-3.9338 (ppm),0,0,N/A,Method,True,False,N/A,N/A,N/A,,,Pass,N/A,N/A,N/A,N/A,Confirmed,N/A,N/A,N/A,N/A,,,,,,,,INF,N/A,876852.80,,
NADP,11.14,Target Compound,20240709_QE2_HILIC_BCSCuAOXq2d_AYW1138,9,Processed,T1,3C,Unknown,,B:B1,,,64525,774386,11.44,0.30,C21H29N7O17P3,M+H,N/A,N/A,N/A,N/A,744.0827,744.0792,-4.6720 (ppm),0,0,N/A,Method,True,False,N/A,N/A,N/A,,,Pass,N/A,N/A,N/A,N/A,Confirmed,N/A,N/A,N/A,N/A,,,,,,,,INF,N/A,876852.80,,
NADP,11.14,Target Compound,20240709_QE2_HILIC_BCSCuAOXq2d_AYW1139,10,Processed,T1,4BC,Unknown,,B:B2,,,99942,1216617,11.43,0.29,C21H29N7O17P3,M+H,N/A,N/A,N/A,N/A,744.0827,744.0793,-4.5080 (ppm),0,0,N/A,Method,True,False,N/A,N/A,N/A,,,Pass,N/A,N/A,N/A,N/A,Confirmed,N/A,N/A,N/A,N/A,,,,,,,,INF,N/A,1073386.83,N/A,
NADP,11.14,Target Compound,20240709_QE2_HILIC_BCSCuAOXq2d_AYW1140,11,Processed,T1,4BC,Unknown,,B:B3,,,89560,1253330,11.42,0.28,C21H29N7O17P3,M+H,N/A,N/A,N/A,N/A,744.0827,744.0791,-4.8361 (ppm),0,0,N/A,Method,True,False,N/A,N/A,N/A,,,Pass,N/A,N/A,N/A,N/A,Confirmed,N/A,N/A,N/A,N/A,,,,,,,,INF,N/A,1073386.83,,
NADP,11.14,Target Compound,20240709_QE2_HILIC_BCSCuAOXq2d_AYW1141,12,Processed,T1,4BC,Unknown,,B:B4,,,65172,750214,11.43,0.29,C21H29N7O17P3,M+H,N/A,N/A,N/A,N/A,744.0827,744.0801,-3.5236 (ppm),0,0,N/A,Method,True,False,N/A,N/A,N/A,,,Pass,N/A,N/A,N/A,N/A,Confirmed,N/A,N/A,N/A,N/A,,,,,,,,INF,N/A,1073386.83,,
NADP,11.14,Target Compound,20240709_QE2_HILIC_BCSCuAOXq2d_AYW1142,13,Processed,T1,5RV,Unknown,,B:B5,,,79421,898504,11.41,0.27,C21H29N7O17P3,M+H,N/A,N/A,N/A,N/A,744.0827,744.0784,-5.8204 (ppm),0,0,N/A,Method,True,False,N/A,N/A,N/A,,,Pass,N/A,N/A,N/A,N/A,Confirmed,N/A,N/A,N/A,N/A,,,,,,,,INF,N/A,918680.32,N/A,
NADP,11.14,Target Compound,20240709_QE2_HILIC_BCSCuAOXq2d_AYW1143,14,Processed,T1,5RV,Unknown,,B:B6,,,87158,1071100,11.43,0.29,C21H29N7O17P3,M+H,N/A,N/A,N/A,N/A,744.0827,744.0793,-4.5080 (ppm),0,0,N/A,Method,True,False,N/A,N/A,N/A,,,Pass,N/A,N/A,N/A,N/A,Confirmed,N/A,N/A,N/A,N/A,,,,,,,,INF,N/A,918680.32,,
NADP,11.14,Target Compound,20240709_QE2_HILIC_BCSCuAOXq2d_AYW1144,15,Processed,T1,5RV,Unknown,,B:B7,,,61415,786437,11.39,0.25,C21H29N7O17P3,M+H,N/A,N/A,N/A,N/A,744.0827,744.0796,-4.1799 (ppm),0,0,N/A,Method,True,False,N/A,N/A,N/A,,,Pass,N/A,N/A,N/A,N/A,Confirmed,N/A,N/A,N/A,N/A,,,,,,,,INF,N/A,918680.32,,
NADP,11.14,Target Compound,20240709_QE2_HILIC_BCSCuAOXq2d_AYW1145,16,Processed,T1,6RB,Unknown,,B:B8,,,82639,894277,11.41,0.27,C21H29N7O17P3,M+H,N/A,N/A,N/A,N/A,744.0827,744.0795,-4.3439 (ppm),0,0,N/A,Method,True,False,N/A,N/A,N/A,,,Pass,N/A,N/A,N/A,N/A,Confirmed,N/A,N/A,N/A,N/A,,,,,,,,INF,N/A,862096.56,,
NADP,11.14,Target Compound,20240709_QE2_HILIC_BCSCuAOXq2d_AYW1146,17,Processed,T1,6RB,Unknown,,B:B9,,,56443,734939,11.42,0.28,C21H29N7O17P3,M+H,N/A,N/A,N/A,N/A,744.0827,744.0795,-4.3439 (ppm),0,0,N/A,Method,True,False,N/A,N/A,N/A,,,Pass,N/A,N/A,N/A,N/A,Confirmed,N/A,N/A,N/A,N/A,,,,,,,,INF,N/A,862096.56,,
NADP,11.14,Target Compound,20240709_QE2_HILIC_BCSCuAOXq2d_AYW1147,18,Processed,T1,6RB,Unknown,,B:C1,,,80326,957075,11.42,0.28,C21H29N7O17P3,M+H,N/A,N/A,N/A,N/A,744.0827,744.0787,-5.4103 (ppm),0,0,N/A,Method,True,False,N/A,N/A,N/A,,,Pass,N/A,N/A,N/A,N/A,Confirmed,N/A,N/A,N/A,N/A,,,,,,,,INF,N/A,862096.56,,
NADP,11.14,Target Compound,20240709_QE2_HILIC_BCSCuAOXq2d_AYW1148,19,Processed,T1,7RV,Unknown,,B:C2,,,76313,941937,11.42,0.28,C21H29N7O17P3,M+H,N/A,N/A,N/A,N/A,744.0827,744.0798,-3.9338 (ppm),0,0,N/A,Method,True,False,N/A,N/A,N/A,,,Pass,N/A,N/A,N/A,N/A,Confirmed,N/A,N/A,N/A,N/A,,,,,,,,INF,N/A,761969.54,,
NADP,11.14,Target Compound,20240709_QE2_HILIC_BCSCuAOXq2d_AYW1149,20,Processed,T1,7RV,Unknown,,B:C3,,,59264,716370,11.42,0.28,C21H29N7O17P3,M+H,N/A,N/A,N/A,N/A,744.0827,744.079,-4.9181 (ppm),0,0,N/A,Method,True,False,N/A,N/A,N/A,,,Pass,N/A,N/A,N/A,N/A,Confirmed,N/A,N/A,N/A,N/A,,,,,,,,INF,N/A,761969.54,,
NADP,11.14,Target Compound,20240709_QE2_HILIC_BCSCuAOXq2d_AYW1150,21,Processed,T1,7RV,Unknown,,B:C4,,,54444,627601,11.44,0.30,C21H29N7O17P3,M+H,N/A,N/A,N/A,N/A,744.0827,744.0798,-3.9338 (ppm),0,0,N/A,Method,True,False,N/A,N/A,N/A,,,Pass,N/A,N/A,N/A,N/A,Confirmed,N/A,N/A,N/A,N/A,,,,,,,,INF,N/A,761969.54,,
NADP,11.14,Target Compound,20240709_QE2_HILIC_BCSCuAOXq2d_AYW1151,22,Processed,T1,8RB,Unknown,,B:C5,,,80328,800050,11.42,0.28,C21H29N7O17P3,M+H,N/A,N/A,N/A,N/A,744.0827,744.0788,-5.2462 (ppm),0,0,N/A,Method,True,False,N/A,N/A,N/A,,,Pass,N/A,N/A,N/A,N/A,Confirmed,N/A,N/A,N/A,N/A,,,,,,,,INF,N/A,826362.97,,
NADP,11.14,Target Compound,20240709_QE2_HILIC_BCSCuAOXq2d_AYW1152,23,Processed,T1,8RB,Unknown,,B:C6,,,64111,810277,11.43,0.29,C21H29N7O17P3,M+H,N/A,N/A,N/A,N/A,744.0827,744.0796,-4.1799 (ppm),0,0,N/A,Method,True,False,N/A,N/A,N/A,,,Pass,N/A,N/A,N/A,N/A,Confirmed,N/A,N/A,N/A,N/A,,,,,,,,INF,N/A,826362.97,,
NADP,11.14,Target Compound,20240709_QE2_HILIC_BCSCuAOXq2d_AYW1153,24,Processed,T1,8RB,Unknown,,B:C7,,,77908,868762,11.42,0.28,C21H29N7O17P3,M+H,N/A,N/A,N/A,N/A,744.0827,744.0798,-3.8517 (ppm),0,0,N/A,Method,True,False,N/A,N/A,N/A,,,Pass,N/A,N/A,N/A,N/A,Confirmed,N/A,N/A,N/A,N/A,,,,,,,,INF,N/A,826362.97,,
NADP,11.14,Target Compound,20240709_QE2_HILIC_BCSCuAOXq2d_AYW1154_pool1xa,25,Processed,T1,pool1x,Unknown,,B:C8,,,71343,777134,11.45,0.31,C21H29N7O17P3,M+H,N/A,N/A,N/A,N/A,744.0827,744.0808,-2.5393 (ppm),0,0,N/A,Method,True,False,N/A,N/A,N/A,,,Pass,N/A,N/A,N/A,N/A,Confirmed,N/A,N/A,N/A,N/A,,,,,,,,INF,N/A,844091.34,,
NADP,11.14,Target Compound,20240709_QE2_HILIC_BCSCuAOXq2d_AYW1154_pool1xb,26,Processed,T1,pool1x,Unknown,,B:C8,,,75284,836115,11.45,0.31,C21H29N7O17P3,M+H,N/A,N/A,N/A,N/A,744.0827,744.0787,-5.3282 (ppm),0,0,N/A,Method,True,False,N/A,N/A,N/A,,,Pass,N/A,N/A,N/A,N/A,Confirmed,N/A,N/A,N/A,N/A,,,,,,,,INF,N/A,844091.34,,
NADP,11.14,Target Compound,20240709_QE2_HILIC_BCSCuAOXq2d_AYW1154_pool1xc,27,Processed,T1,pool1x,Unknown,,B:C8,,,79821,816948,11.42,0.28,C21H29N7O17P3,M+H,N/A,N/A,N/A,N/A,744.0827,744.0785,-5.6563 (ppm),0,0,N/A,Method,True,False,N/A,N/A,N/A,,,Pass,N/A,N/A,N/A,N/A,Confirmed,N/A,N/A,N/A,N/A,,,,,,,,INF,N/A,844091.34,,
NADP,11.14,Target Compound,20240709_QE2_HILIC_BCSCuAOXq2d_AYW1154_pool1xd,28,Processed,T1,pool1x,Unknown,,B:C8,,,79865,946169,11.45,0.31,C21H29N7O17P3,M+H,N/A,N/A,N/A,N/A,744.0827,744.079,-5.0001 (ppm),0,0,N/A,Method,True,False,N/A,N/A,N/A,,,Pass,N/A,N/A,N/A,N/A,Confirmed,N/A,N/A,N/A,N/A,,,,,,,,INF,N/A,844091.34,,
NADP,11.14,Target Compound,20240709_QE2_HILIC_BCSCuAOXq2d_AYW1155_pool033xa,29,Processed,T1,pool033x,Unknown,,B:C9,,,32323,327150,11.41,0.27,C21H29N7O17P3,M+H,N/A,N/A,N/A,N/A,744.0827,744.0773,-7.2969 (ppm),0,0,N/A,Method,True,False,N/A,N/A,N/A,,,Pass,N/A,N/A,N/A,N/A,Confirmed,N/A,N/A,N/A,N/A,,,,,,,,INF,N/A,225485.11,,
NADP,11.14,Target Compound,20240709_QE2_HILIC_BCSCuAOXq2d_AYW1155_pool033xb,30,Processed,T1,pool033x,Unknown,,B:C9,,,25390,185804,11.39,0.25,C21H29N7O17P3,M+H,N/A,N/A,N/A,N/A,744.0827,744.0773,-7.2969 (ppm),0,0,N/A,Method,True,False,N/A,N/A,N/A,,,Pass,N/A,N/A,N/A,N/A,Confirmed,N/A,N/A,N/A,N/A,,,,,,,,INF,N/A,225485.11,,
NADP,11.14,Target Compound,20240709_QE2_HILIC_BCSCuAOXq2d_AYW1155_pool033xc,31,Processed,T1,pool033x,Unknown,,B:C9,,,20547,182304,11.41,0.27,C21H29N7O17P3,M+H,N/A,N/A,N/A,N/A,744.0827,744.0787,-5.3282 (ppm),0,0,N/A,Method,True,False,N/A,N/A,N/A,,,Pass,N/A,N/A,N/A,N/A,Confirmed,N/A,N/A,N/A,N/A,,,,,,,,INF,N/A,225485.11,,
NADP,11.14,Target Compound,20240709_QE2_HILIC_BCSCuAOXq2d_AYW1155_pool033xd,32,Processed,T1,pool033x,Unknown,,B:C9,,,24776,206684,11.4,0.26,C21H29N7O17P3,M+H,N/A,N/A,N/A,N/A,744.0827,744.079,-4.9181 (ppm),0,0,N/A,Method,True,False,N/A,N/A,N/A,,,Pass,N/A,N/A,N/A,N/A,Confirmed,N/A,N/A,N/A,N/A,,,,,,,,INF,N/A,225485.11,,
NADP,11.14,Target Compound,20240709_QE2_HILIC_BCSCuAOXq2d_AYW1156_pool01xa,33,Processed,T1,pool01x,Unknown,,B:D1,,,7434,40865,11.44,0.30,C21H29N7O17P3,M+H,N/A,N/A,N/A,N/A,744.0827,744.08,-3.6057 (ppm),0,0,N/A,Method,True,False,N/A,N/A,N/A,,,Pass,N/A,N/A,N/A,N/A,Confirmed,N/A,N/A,N/A,N/A,,,,,,,,INF,N/A,29102.17,,
NADP,11.14,Target Compound,20240709_QE2_HILIC_BCSCuAOXq2d_AYW1156_pool01xb,34,Processed,T1,pool01x,Unknown,,B:D1,,,5768,17888,11.33,0.19,C21H29N7O17P3,M+H,N/A,N/A,N/A,N/A,744.0827,744.0793,-4.5900 (ppm),0,0,N/A,Method,True,False,N/A,N/A,N/A,,,Pass,N/A,N/A,N/A,N/A,Confirmed,N/A,N/A,N/A,N/A,,,,,,,,INF,N/A,29102.17,,
NADP,11.14,Target Compound,20240709_QE2_HILIC_BCSCuAOXq2d_AYW1156_pool01xc,35,Processed,T1,pool01x,Unknown,,B:D1,,,7400,57656,11.36,0.22,C21H29N7O17P3,M+H,N/A,N/A,N/A,N/A,744.0827,744.0786,-5.4923 (ppm),0,0,N/A,Method,True,False,N/A,N/A,N/A,,,Pass,N/A,N/A,N/A,N/A,Confirmed,N/A,N/A,N/A,N/A,,,,,,,,INF,N/A,29102.17,,
NADP,11.14,Target Compound,20240709_QE2_HILIC_BCSCuAOXq2d_AYW1156_pool01xd,36,Processed,T1,pool01x,Unknown,,B:D1,,,N/F,N/F,N/F,N/F,C21H29N7O17P3,N/A,N/F,N/A,N/F,N/A,744.0827,N/F,N/F,N/F,0,N/A,Method,True,False,N/A,N/A,N/A,,,Fail,N/A,N/A,N/A,N/A,NotFound,N/A,N/A,N/A,N/A,,,,,,,,N/A,N/A,29102.17,,
NADP,11.14,Target Compound,20240709_QE2_HILIC_BCSCuAOXq2d_blank1,37,Processed,T1,,Unknown,,B:A1,,,N/F,N/F,N/F,N/F,C21H29N7O17P3,N/A,N/F,N/A,N/F,N/A,744.0827,N/F,N/F,N/F,0,N/A,Method,True,False,N/A,N/A,N/A,,,Fail,N/A,N/A,N/A,N/A,NotFound,N/A,N/A,N/A,N/A,,,,,,,,N/A,N/A,1.00,,
NADP,11.14,Target Compound,20240709_QE2_HILIC_BCSCuAOXq2d_blank1_20240710111342,38,Processed,T1,,Unknown,,B:A1,,,N/F,N/F,N/F,N/F,C21H29N7O17P3,N/A,N/F,N/A,N/F,N/A,744.0827,N/F,N/F,N/F,0,N/A,Method,True,False,N/A,N/A,N/A,,,Fail,N/A,N/A,N/A,N/A,NotFound,N/A,N/A,N/A,N/A,,,,,,,,N/A,N/A,1.00,,
NADP,11.14,Target Compound,20240709_QE2_HILIC_BCSCuAOXq2d_blank1_20240710231833,39,Processed,T1,,Unknown,,B:A1,,,N/F,N/F,N/F,N/F,C21H29N7O17P3,N/A,N/F,N/A,N/F,N/A,744.0827,N/F,N/F,N/F,0,N/A,Method,True,False,N/A,N/A,N/A,,,Fail,N/A,N/A,N/A,N/A,NotFound,N/A,N/A,N/A,N/A,,,,,,,,N/A,N/A,1.00,,
NADP,11.14,Target Compound,20240709_QE2_HILIC_BCSCuAOXq2d_blank2,40,Processed,T1,,Unknown,,B:A1,,,N/F,N/F,N/F,N/F,C21H29N7O17P3,N/A,N/F,N/A,N/F,N/A,744.0827,N/F,N/F,N/F,0,N/A,Method,True,False,N/A,N/A,N/A,,,Fail,N/A,N/A,N/A,N/A,NotFound,N/A,N/A,N/A,N/A,,,,,,,,N/A,N/A,1.00,,
NADP,11.14,Target Compound,20240709_QE2_HILIC_BCSCuAOXq2d_blank2_20240710115054,41,Processed,T1,,Unknown,,B:A1,,,N/F,N/F,N/F,N/F,C21H29N7O17P3,N/A,N/F,N/A,N/F,N/A,744.0827,N/F,N/F,N/F,0,N/A,Method,True,False,N/A,N/A,N/A,,,Fail,N/A,N/A,N/A,N/A,NotFound,N/A,N/A,N/A,N/A,,,,,,,,N/A,N/A,1.00,,
NADP,11.14,Target Compound,20240709_QE2_HILIC_BCSCuAOXq2d_blank2_20240710235116,42,Processed,T1,,Unknown,,B:A1,,,N/F,N/F,N/F,N/F,C21H29N7O17P3,N/A,N/F,N/A,N/F,N/A,744.0827,N/F,N/F,N/F,0,N/A,Method,True,False,N/A,N/A,N/A,,,Fail,N/A,N/A,N/A,N/A,NotFound,N/A,N/A,N/A,N/A,,,,,,,,N/A,N/A,1.00,,
