﻿Compound,RT,Type,Filename,Batch Order,Status,Peak Label,Group,Sample Type,Level,Sample ID,Sample Name,Comments,Height,Area,Actual RT,RT Delta,Formula,Adduct,Calculated Amt,Theoretical Amt,Sample Amt,Std Add Amount,m/z (Expected),m/z (Apex),m/z (Delta),Response Ratio,ISTD Amt,ISTD Response,Integration Mode,Active,Excluded,%Diff,%RSD,% CV,Channel,Final Units,PK,IR,IP,LS,FI,Confirm,Isotopic Pattern Score (%),Num Isotopes Matched,Lib Match Name,Library Score (%),Library Match Rank,SI/Dot Product,RSI/Rev Dot,Modification,Protein Name,Peptide Sequence,Ion Type,S/N,Ion Ratio,Group Average,Relative RT,Flag Details
Ribose/Ribulose 5-phosphate/3Me-Lys,10.64,Target Compound,20240709_QE2_HILIC_BCSCuAOXq2d_AYW1130,1,Processed,T1,1V,Unknown,,B:A2,,,88730,1116521,10.67,0.03,C5H11O8P,M-H,N/A,N/A,N/A,N/A,229.0119,229.012,.2746 (ppm),0,0,N/A,Method,True,False,N/A,N/A,N/A,,,Pass,N/A,N/A,N/A,N/A,Confirmed,N/A,N/A,N/A,N/A,,,,,,,,INF,N/A,927765.03,,
Ribose/Ribulose 5-phosphate/3Me-Lys,10.64,Target Compound,20240709_QE2_HILIC_BCSCuAOXq2d_AYW1131,2,Processed,T1,1V,Unknown,,B:A3,,,74805,850834,10.58,-0.06,C5H11O8P,M-H,N/A,N/A,N/A,N/A,229.0119,229.012,.5411 (ppm),0,0,N/A,Method,True,False,N/A,N/A,N/A,,,Pass,N/A,N/A,N/A,N/A,Confirmed,N/A,N/A,N/A,N/A,,,,,,,,INF,N/A,927765.03,,
Ribose/Ribulose 5-phosphate/3Me-Lys,10.64,Target Compound,20240709_QE2_HILIC_BCSCuAOXq2d_AYW1132,3,Processed,T1,1V,Unknown,,B:A4,,,72597,815940,10.61,-0.03,C5H11O8P,M-H,N/A,N/A,N/A,N/A,229.0119,229.012,.4079 (ppm),0,0,N/A,Method,True,False,N/A,N/A,N/A,,,Pass,N/A,N/A,N/A,N/A,Confirmed,N/A,N/A,N/A,N/A,,,,,,,,INF,N/A,927765.03,,
Ribose/Ribulose 5-phosphate/3Me-Lys,10.64,Target Compound,20240709_QE2_HILIC_BCSCuAOXq2d_AYW1133,4,Processed,T1,2B,Unknown,,B:A5,,,108488,1713033,10.54,-0.10,C5H11O8P,M-H,N/A,N/A,N/A,N/A,229.0119,229.0122,1.4739 (ppm),0,0,N/A,Method,True,False,N/A,N/A,N/A,,,Pass,N/A,N/A,N/A,N/A,Confirmed,N/A,N/A,N/A,N/A,,,,,,,,INF,N/A,2082200.31,,
Ribose/Ribulose 5-phosphate/3Me-Lys,10.64,Target Compound,20240709_QE2_HILIC_BCSCuAOXq2d_AYW1134,5,Processed,T1,2B,Unknown,,B:A6,,,158055,2431529,10.59,-0.05,C5H11O8P,M-H,N/A,N/A,N/A,N/A,229.0119,229.0122,1.3407 (ppm),0,0,N/A,Method,True,False,N/A,N/A,N/A,,,Pass,N/A,N/A,N/A,N/A,Confirmed,N/A,N/A,N/A,N/A,,,,,,,,INF,N/A,2082200.31,,
Ribose/Ribulose 5-phosphate/3Me-Lys,10.64,Target Compound,20240709_QE2_HILIC_BCSCuAOXq2d_AYW1135,6,Processed,T1,2B,Unknown,,B:A7,,,179851,2102039,10.61,-0.03,C5H11O8P,M-H,N/A,N/A,N/A,N/A,229.0119,229.0122,1.1408 (ppm),0,0,N/A,Method,True,False,N/A,N/A,N/A,,,Pass,N/A,N/A,N/A,N/A,Confirmed,N/A,N/A,N/A,N/A,,,,,,,,INF,N/A,2082200.31,,
Ribose/Ribulose 5-phosphate/3Me-Lys,10.64,Target Compound,20240709_QE2_HILIC_BCSCuAOXq2d_AYW1136,7,Processed,T1,3C,Unknown,,B:A8,,,127615,2003907,10.6,-0.04,C5H11O8P,M-H,N/A,N/A,N/A,N/A,229.0119,229.0122,1.2740 (ppm),0,0,N/A,Method,True,False,N/A,N/A,N/A,,,Pass,N/A,N/A,N/A,N/A,Confirmed,N/A,N/A,N/A,N/A,,,,,,,,INF,N/A,1544300.90,,
Ribose/Ribulose 5-phosphate/3Me-Lys,10.64,Target Compound,20240709_QE2_HILIC_BCSCuAOXq2d_AYW1137,8,Processed,T1,3C,Unknown,,B:A9,,,111034,1639277,10.64,0.00,C5H11O8P,M-H,N/A,N/A,N/A,N/A,229.0119,229.0122,1.2074 (ppm),0,0,N/A,Method,True,False,N/A,N/A,N/A,,,Pass,N/A,N/A,N/A,N/A,Confirmed,N/A,N/A,N/A,N/A,,,,,,,,INF,N/A,1544300.90,,
Ribose/Ribulose 5-phosphate/3Me-Lys,10.64,Target Compound,20240709_QE2_HILIC_BCSCuAOXq2d_AYW1138,9,Processed,T1,3C,Unknown,,B:B1,,,84698,989719,10.57,-0.07,C5H11O8P,M-H,N/A,N/A,N/A,N/A,229.0119,229.012,.4745 (ppm),0,0,N/A,Method,True,False,N/A,N/A,N/A,,,Pass,N/A,N/A,N/A,N/A,Confirmed,N/A,N/A,N/A,N/A,,,,,,,,INF,N/A,1544300.90,,
Ribose/Ribulose 5-phosphate/3Me-Lys,10.64,Target Compound,20240709_QE2_HILIC_BCSCuAOXq2d_AYW1139,10,Processed,T1,4BC,Unknown,,B:B2,,,135267,2041557,10.57,-0.07,C5H11O8P,M-H,N/A,N/A,N/A,N/A,229.0119,229.0119,.2080 (ppm),0,0,N/A,Method,True,False,N/A,N/A,N/A,,,Pass,N/A,N/A,N/A,N/A,Confirmed,N/A,N/A,N/A,N/A,,,,,,,,INF,N/A,2259713.99,N/A,
Ribose/Ribulose 5-phosphate/3Me-Lys,10.64,Target Compound,20240709_QE2_HILIC_BCSCuAOXq2d_AYW1140,11,Processed,T1,4BC,Unknown,,B:B3,,,158797,2335894,10.56,-0.08,C5H11O8P,M-H,N/A,N/A,N/A,N/A,229.0119,229.012,.5411 (ppm),0,0,N/A,Method,True,False,N/A,N/A,N/A,,,Pass,N/A,N/A,N/A,N/A,Confirmed,N/A,N/A,N/A,N/A,,,,,,,,INF,N/A,2259713.99,,
Ribose/Ribulose 5-phosphate/3Me-Lys,10.64,Target Compound,20240709_QE2_HILIC_BCSCuAOXq2d_AYW1141,12,Processed,T1,4BC,Unknown,,B:B4,,,136839,2401691,10.63,-0.01,C5H11O8P,M-H,N/A,N/A,N/A,N/A,229.0119,229.0117,-.9913 (ppm),0,0,N/A,Method,True,False,N/A,N/A,N/A,,,Pass,N/A,N/A,N/A,N/A,Confirmed,N/A,N/A,N/A,N/A,,,,,,,,INF,N/A,2259713.99,,
Ribose/Ribulose 5-phosphate/3Me-Lys,10.64,Target Compound,20240709_QE2_HILIC_BCSCuAOXq2d_AYW1142,13,Processed,T1,5RV,Unknown,,B:B5,,,169760,2370642,10.6,-0.04,C5H11O8P,M-H,N/A,N/A,N/A,N/A,229.0119,229.0119,.0081 (ppm),0,0,N/A,Method,True,False,N/A,N/A,N/A,,,Pass,N/A,N/A,N/A,N/A,Confirmed,N/A,N/A,N/A,N/A,,,,,,,,INF,N/A,2090747.67,N/A,
Ribose/Ribulose 5-phosphate/3Me-Lys,10.64,Target Compound,20240709_QE2_HILIC_BCSCuAOXq2d_AYW1143,14,Processed,T1,5RV,Unknown,,B:B6,,,128411,1633604,10.63,-0.01,C5H11O8P,M-H,N/A,N/A,N/A,N/A,229.0119,229.0119,-.1918 (ppm),0,0,N/A,Method,True,False,N/A,N/A,N/A,,,Pass,N/A,N/A,N/A,N/A,Confirmed,N/A,N/A,N/A,N/A,,,,,,,,INF,N/A,2090747.67,,
Ribose/Ribulose 5-phosphate/3Me-Lys,10.64,Target Compound,20240709_QE2_HILIC_BCSCuAOXq2d_AYW1144,15,Processed,T1,5RV,Unknown,,B:B7,,,150443,2267997,10.58,-0.06,C5H11O8P,M-H,N/A,N/A,N/A,N/A,229.0119,229.012,.3412 (ppm),0,0,N/A,Method,True,False,N/A,N/A,N/A,,,Pass,N/A,N/A,N/A,N/A,Confirmed,N/A,N/A,N/A,N/A,,,,,,,,INF,N/A,2090747.67,,
Ribose/Ribulose 5-phosphate/3Me-Lys,10.64,Target Compound,20240709_QE2_HILIC_BCSCuAOXq2d_AYW1145,16,Processed,T1,6RB,Unknown,,B:B8,,,201347,3268786,10.58,-0.06,C5H11O8P,M-H,N/A,N/A,N/A,N/A,229.0119,229.0123,1.5406 (ppm),0,0,N/A,Method,True,False,N/A,N/A,N/A,,,Pass,N/A,N/A,N/A,N/A,Confirmed,N/A,N/A,N/A,N/A,,,,,,,,INF,N/A,2856115.93,,
Ribose/Ribulose 5-phosphate/3Me-Lys,10.64,Target Compound,20240709_QE2_HILIC_BCSCuAOXq2d_AYW1146,17,Processed,T1,6RB,Unknown,,B:B9,,,176955,2544844,10.6,-0.04,C5H11O8P,M-H,N/A,N/A,N/A,N/A,229.0119,229.0123,1.9403 (ppm),0,0,N/A,Method,True,False,N/A,N/A,N/A,,,Pass,N/A,N/A,N/A,N/A,Confirmed,N/A,N/A,N/A,N/A,,,,,,,,INF,N/A,2856115.93,,
Ribose/Ribulose 5-phosphate/3Me-Lys,10.64,Target Compound,20240709_QE2_HILIC_BCSCuAOXq2d_AYW1147,18,Processed,T1,6RB,Unknown,,B:C1,,,149898,2754718,10.6,-0.04,C5H11O8P,M-H,N/A,N/A,N/A,N/A,229.0119,229.0121,1.0075 (ppm),0,0,N/A,Method,True,False,N/A,N/A,N/A,,,Pass,N/A,N/A,N/A,N/A,Confirmed,N/A,N/A,N/A,N/A,,,,,,,,INF,N/A,2856115.93,,
Ribose/Ribulose 5-phosphate/3Me-Lys,10.64,Target Compound,20240709_QE2_HILIC_BCSCuAOXq2d_AYW1148,19,Processed,T1,7RV,Unknown,,B:C2,,,149971,2318695,10.59,-0.05,C5H11O8P,M-H,N/A,N/A,N/A,N/A,229.0119,229.0121,.7410 (ppm),0,0,N/A,Method,True,False,N/A,N/A,N/A,,,Pass,N/A,N/A,N/A,N/A,Confirmed,N/A,N/A,N/A,N/A,,,,,,,,INF,N/A,1888889.96,,
Ribose/Ribulose 5-phosphate/3Me-Lys,10.64,Target Compound,20240709_QE2_HILIC_BCSCuAOXq2d_AYW1149,20,Processed,T1,7RV,Unknown,,B:C3,,,111416,1483444,10.61,-0.03,C5H11O8P,M-H,N/A,N/A,N/A,N/A,229.0119,229.0119,-.1918 (ppm),0,0,N/A,Method,True,False,N/A,N/A,N/A,,,Pass,N/A,N/A,N/A,N/A,Confirmed,N/A,N/A,N/A,N/A,,,,,,,,INF,N/A,1888889.96,,
Ribose/Ribulose 5-phosphate/3Me-Lys,10.64,Target Compound,20240709_QE2_HILIC_BCSCuAOXq2d_AYW1150,21,Processed,T1,7RV,Unknown,,B:C4,,,127498,1864532,10.61,-0.03,C5H11O8P,M-H,N/A,N/A,N/A,N/A,229.0119,229.0121,.8076 (ppm),0,0,N/A,Method,True,False,N/A,N/A,N/A,,,Pass,N/A,N/A,N/A,N/A,Confirmed,N/A,N/A,N/A,N/A,,,,,,,,INF,N/A,1888889.96,,
Ribose/Ribulose 5-phosphate/3Me-Lys,10.64,Target Compound,20240709_QE2_HILIC_BCSCuAOXq2d_AYW1151,22,Processed,T1,8RB,Unknown,,B:C5,,,240558,3851765,10.59,-0.05,C5H11O8P,M-H,N/A,N/A,N/A,N/A,229.0119,229.012,.2746 (ppm),0,0,N/A,Method,True,False,N/A,N/A,N/A,,,Pass,N/A,N/A,N/A,N/A,Confirmed,N/A,N/A,N/A,N/A,,,,,,,,INF,N/A,4317038.47,,
Ribose/Ribulose 5-phosphate/3Me-Lys,10.64,Target Compound,20240709_QE2_HILIC_BCSCuAOXq2d_AYW1152,23,Processed,T1,8RB,Unknown,,B:C6,,,228578,4612704,10.59,-0.05,C5H11O8P,M-H,N/A,N/A,N/A,N/A,229.0119,229.0121,.7410 (ppm),0,0,N/A,Method,True,False,N/A,N/A,N/A,,,Pass,N/A,N/A,N/A,N/A,Confirmed,N/A,N/A,N/A,N/A,,,,,,,,INF,N/A,4317038.47,,
Ribose/Ribulose 5-phosphate/3Me-Lys,10.64,Target Compound,20240709_QE2_HILIC_BCSCuAOXq2d_AYW1153,24,Processed,T1,8RB,Unknown,,B:C7,,,265146,4486646,10.59,-0.05,C5H11O8P,M-H,N/A,N/A,N/A,N/A,229.0119,229.0121,.7410 (ppm),0,0,N/A,Method,True,False,N/A,N/A,N/A,,,Pass,N/A,N/A,N/A,N/A,Confirmed,N/A,N/A,N/A,N/A,,,,,,,,INF,N/A,4317038.47,,
Ribose/Ribulose 5-phosphate/3Me-Lys,10.64,Target Compound,20240709_QE2_HILIC_BCSCuAOXq2d_AYW1154_pool1xa,25,Processed,T1,pool1x,Unknown,,B:C8,,,145675,2372164,10.57,-0.07,C5H11O8P,M-H,N/A,N/A,N/A,N/A,229.0119,229.0122,1.2074 (ppm),0,0,N/A,Method,True,False,N/A,N/A,N/A,,,Pass,N/A,N/A,N/A,N/A,Confirmed,N/A,N/A,N/A,N/A,,,,,,,,INF,N/A,2559426.64,,
Ribose/Ribulose 5-phosphate/3Me-Lys,10.64,Target Compound,20240709_QE2_HILIC_BCSCuAOXq2d_AYW1154_pool1xb,26,Processed,T1,pool1x,Unknown,,B:C8,,,129000,2416635,10.49,-0.15,C5H11O8P,M-H,N/A,N/A,N/A,N/A,229.0119,229.0118,-.4583 (ppm),0,0,N/A,Method,True,False,N/A,N/A,N/A,,,Pass,N/A,N/A,N/A,N/A,Confirmed,N/A,N/A,N/A,N/A,,,,,,,,INF,N/A,2559426.64,,
Ribose/Ribulose 5-phosphate/3Me-Lys,10.64,Target Compound,20240709_QE2_HILIC_BCSCuAOXq2d_AYW1154_pool1xc,27,Processed,T1,pool1x,Unknown,,B:C8,,,151897,2830126,10.58,-0.06,C5H11O8P,M-H,N/A,N/A,N/A,N/A,229.0119,229.0121,.8076 (ppm),0,0,N/A,Method,True,False,N/A,N/A,N/A,,,Pass,N/A,N/A,N/A,N/A,Confirmed,N/A,N/A,N/A,N/A,,,,,,,,INF,N/A,2559426.64,,
Ribose/Ribulose 5-phosphate/3Me-Lys,10.64,Target Compound,20240709_QE2_HILIC_BCSCuAOXq2d_AYW1154_pool1xd,28,Processed,T1,pool1x,Unknown,,B:C8,,,150091,2618781,10.59,-0.05,C5H11O8P,M-H,N/A,N/A,N/A,N/A,229.0119,229.012,.6078 (ppm),0,0,N/A,Method,True,False,N/A,N/A,N/A,,,Pass,N/A,N/A,N/A,N/A,Confirmed,N/A,N/A,N/A,N/A,,,,,,,,INF,N/A,2559426.64,,
Ribose/Ribulose 5-phosphate/3Me-Lys,10.64,Target Compound,20240709_QE2_HILIC_BCSCuAOXq2d_AYW1155_pool033xa,29,Processed,T1,pool033x,Unknown,,B:C9,,,64954,935644,10.57,-0.07,C5H11O8P,M-H,N/A,N/A,N/A,N/A,229.0119,229.0126,3.0064 (ppm),0,0,N/A,Method,True,False,N/A,N/A,N/A,,,Pass,N/A,N/A,N/A,N/A,Confirmed,N/A,N/A,N/A,N/A,,,,,,,,INF,N/A,766765.08,,
Ribose/Ribulose 5-phosphate/3Me-Lys,10.64,Target Compound,20240709_QE2_HILIC_BCSCuAOXq2d_AYW1155_pool033xb,30,Processed,T1,pool033x,Unknown,,B:C9,,,53381,735330,10.57,-0.07,C5H11O8P,M-H,N/A,N/A,N/A,N/A,229.0119,229.0119,.2080 (ppm),0,0,N/A,Method,True,False,N/A,N/A,N/A,,,Pass,N/A,N/A,N/A,N/A,Confirmed,N/A,N/A,N/A,N/A,,,,,,,,INF,N/A,766765.08,,
Ribose/Ribulose 5-phosphate/3Me-Lys,10.64,Target Compound,20240709_QE2_HILIC_BCSCuAOXq2d_AYW1155_pool033xc,31,Processed,T1,pool033x,Unknown,,B:C9,,,53115,837679,10.61,-0.03,C5H11O8P,M-H,N/A,N/A,N/A,N/A,229.0119,229.0122,1.3407 (ppm),0,0,N/A,Method,True,False,N/A,N/A,N/A,,,Pass,N/A,N/A,N/A,N/A,Confirmed,N/A,N/A,N/A,N/A,,,,,,,,INF,N/A,766765.08,,
Ribose/Ribulose 5-phosphate/3Me-Lys,10.64,Target Compound,20240709_QE2_HILIC_BCSCuAOXq2d_AYW1155_pool033xd,32,Processed,T1,pool033x,Unknown,,B:C9,,,47583,558407,10.58,-0.06,C5H11O8P,M-H,N/A,N/A,N/A,N/A,229.0119,229.0122,1.4073 (ppm),0,0,N/A,Method,True,False,N/A,N/A,N/A,,,Pass,N/A,N/A,N/A,N/A,Confirmed,N/A,N/A,N/A,N/A,,,,,,,,INF,N/A,766765.08,,
Ribose/Ribulose 5-phosphate/3Me-Lys,10.64,Target Compound,20240709_QE2_HILIC_BCSCuAOXq2d_AYW1156_pool01xa,33,Processed,T1,pool01x,Unknown,,B:D1,,,18361,138351,10.6,-0.04,C5H11O8P,M-H,N/A,N/A,N/A,N/A,229.0119,229.0123,1.6072 (ppm),0,0,N/A,Method,True,False,N/A,N/A,N/A,,,Pass,N/A,N/A,N/A,N/A,Confirmed,N/A,N/A,N/A,N/A,,,,,,,,INF,N/A,140835.13,,
Ribose/Ribulose 5-phosphate/3Me-Lys,10.64,Target Compound,20240709_QE2_HILIC_BCSCuAOXq2d_AYW1156_pool01xb,34,Processed,T1,pool01x,Unknown,,B:D1,,,20629,130086,10.56,-0.08,C5H11O8P,M-H,N/A,N/A,N/A,N/A,229.0119,229.0119,.2080 (ppm),0,0,N/A,Method,True,False,N/A,N/A,N/A,,,Pass,N/A,N/A,N/A,N/A,Confirmed,N/A,N/A,N/A,N/A,,,,,,,,INF,N/A,140835.13,,
Ribose/Ribulose 5-phosphate/3Me-Lys,10.64,Target Compound,20240709_QE2_HILIC_BCSCuAOXq2d_AYW1156_pool01xc,35,Processed,T1,pool01x,Unknown,,B:D1,,,15041,162288,10.62,-0.02,C5H11O8P,M-H,N/A,N/A,N/A,N/A,229.0119,229.0116,-1.2578 (ppm),0,0,N/A,Method,True,False,N/A,N/A,N/A,,,Pass,N/A,N/A,N/A,N/A,Confirmed,N/A,N/A,N/A,N/A,,,,,,,,INF,N/A,140835.13,,
Ribose/Ribulose 5-phosphate/3Me-Lys,10.64,Target Compound,20240709_QE2_HILIC_BCSCuAOXq2d_AYW1156_pool01xd,36,Processed,T1,pool01x,Unknown,,B:D1,,,17674,132616,10.57,-0.07,C5H11O8P,M-H,N/A,N/A,N/A,N/A,229.0119,229.0114,-2.3905 (ppm),0,0,N/A,Method,True,False,N/A,N/A,N/A,,,Pass,N/A,N/A,N/A,N/A,Confirmed,N/A,N/A,N/A,N/A,,,,,,,,INF,N/A,140835.13,,
Ribose/Ribulose 5-phosphate/3Me-Lys,10.64,Target Compound,20240709_QE2_HILIC_BCSCuAOXq2d_blank1,37,Processed,T1,,Unknown,,B:A1,,,10396,31707,10.61,-0.03,C5H11O8P,M-H,N/A,N/A,N/A,N/A,229.0119,229.0099,-8.7869 (ppm),0,0,N/A,Method,True,False,N/A,N/A,N/A,,,Pass,N/A,N/A,N/A,N/A,Confirmed,N/A,N/A,N/A,N/A,,,,,,,,238.14,N/A,14264.60,,
Ribose/Ribulose 5-phosphate/3Me-Lys,10.64,Target Compound,20240709_QE2_HILIC_BCSCuAOXq2d_blank1_20240710111342,38,Processed,T1,,Unknown,,B:A1,,,9939,53881,10.33,-0.31,C5H11O8P,M-H,N/A,N/A,N/A,N/A,229.0119,229.0125,2.6733 (ppm),0,0,N/A,Method,True,False,N/A,N/A,N/A,,,Pass,N/A,N/A,N/A,N/A,Confirmed,N/A,N/A,N/A,N/A,,,,,,,,INF,N/A,14264.60,,
Ribose/Ribulose 5-phosphate/3Me-Lys,10.64,Target Compound,20240709_QE2_HILIC_BCSCuAOXq2d_blank1_20240710231833,39,Processed,T1,,Unknown,,B:A1,,,N/F,N/F,N/F,N/F,C5H11O8P,N/A,N/F,N/A,N/F,N/A,229.0119,N/F,N/F,N/F,0,N/A,Method,True,False,N/A,N/A,N/A,,,Fail,N/A,N/A,N/A,N/A,NotFound,N/A,N/A,N/A,N/A,,,,,,,,N/A,N/A,14264.60,,
Ribose/Ribulose 5-phosphate/3Me-Lys,10.64,Target Compound,20240709_QE2_HILIC_BCSCuAOXq2d_blank2,40,Processed,T1,,Unknown,,B:A1,,,N/F,N/F,N/F,N/F,C5H11O8P,N/A,N/F,N/A,N/F,N/A,229.0119,N/F,N/F,N/F,0,N/A,Method,True,False,N/A,N/A,N/A,,,Fail,N/A,N/A,N/A,N/A,NotFound,N/A,N/A,N/A,N/A,,,,,,,,N/A,N/A,14264.60,,
Ribose/Ribulose 5-phosphate/3Me-Lys,10.64,Target Compound,20240709_QE2_HILIC_BCSCuAOXq2d_blank2_20240710115054,41,Processed,T1,,Unknown,,B:A1,,,N/F,N/F,N/F,N/F,C5H11O8P,N/A,N/F,N/A,N/F,N/A,229.0119,N/F,N/F,N/F,0,N/A,Method,True,False,N/A,N/A,N/A,,,Fail,N/A,N/A,N/A,N/A,NotFound,N/A,N/A,N/A,N/A,,,,,,,,N/A,N/A,14264.60,,
Ribose/Ribulose 5-phosphate/3Me-Lys,10.64,Target Compound,20240709_QE2_HILIC_BCSCuAOXq2d_blank2_20240710235116,42,Processed,T1,,Unknown,,B:A1,,,N/F,N/F,N/F,N/F,C5H11O8P,N/A,N/F,N/A,N/F,N/A,229.0119,N/F,N/F,N/F,0,N/A,Method,True,False,N/A,N/A,N/A,,,Fail,N/A,N/A,N/A,N/A,NotFound,N/A,N/A,N/A,N/A,,,,,,,,N/A,N/A,14264.60,,
