﻿Compound,RT,Type,Filename,Batch Order,Status,Peak Label,Group,Sample Type,Level,Sample ID,Sample Name,Comments,Height,Area,Actual RT,RT Delta,Formula,Adduct,Calculated Amt,Theoretical Amt,Sample Amt,Std Add Amount,m/z (Expected),m/z (Apex),m/z (Delta),Response Ratio,ISTD Amt,ISTD Response,Integration Mode,Active,Excluded,%Diff,%RSD,% CV,Channel,Final Units,PK,IR,IP,LS,FI,Confirm,Isotopic Pattern Score (%),Num Isotopes Matched,Lib Match Name,Library Score (%),Library Match Rank,SI/Dot Product,RSI/Rev Dot,Modification,Protein Name,Peptide Sequence,Ion Type,S/N,Ion Ratio,Group Average,Relative RT,Flag Details
beta-alanine,9.6,Target Compound,20240709_QE2_HILIC_BCSCuAOXq2d_AYW1130,1,Processed,T1,1V,Unknown,,B:A2,,,2882889,31678745,9.34,-0.26," C3H7NO2",M+H,N/A,N/A,N/A,N/A,90.055,90.0549,-.6744 (ppm),0,0,N/A,Method,True,False,N/A,N/A,N/A,,,Pass,N/A,N/A,N/A,N/A,Confirmed,N/A,N/A,N/A,N/A,,,,,,,,175.46,N/A,26990231.77,,
beta-alanine,9.6,Target Compound,20240709_QE2_HILIC_BCSCuAOXq2d_AYW1131,2,Processed,T1,1V,Unknown,,B:A3,,,2329230,26538994,9.35,-0.25," C3H7NO2",M+H,N/A,N/A,N/A,N/A,90.055,90.0549,-1.5216 (ppm),0,0,N/A,Method,True,False,N/A,N/A,N/A,,,Pass,N/A,N/A,N/A,N/A,Confirmed,N/A,N/A,N/A,N/A,,,,,,,,96.86,N/A,26990231.77,,
beta-alanine,9.6,Target Compound,20240709_QE2_HILIC_BCSCuAOXq2d_AYW1132,3,Processed,T1,1V,Unknown,,B:A4,,,2186093,22752956,9.35,-0.25," C3H7NO2",M+H,N/A,N/A,N/A,N/A,90.055,90.0549,-.7591 (ppm),0,0,N/A,Method,True,False,N/A,N/A,N/A,,,Pass,N/A,N/A,N/A,N/A,Confirmed,N/A,N/A,N/A,N/A,,,,,,,,110.65,N/A,26990231.77,,
beta-alanine,9.6,Target Compound,20240709_QE2_HILIC_BCSCuAOXq2d_AYW1133,4,Processed,T1,2B,Unknown,,B:A5,,,3061645,32985143,9.36,-0.24," C3H7NO2",M+H,N/A,N/A,N/A,N/A,90.055,90.0549,-.8438 (ppm),0,0,N/A,Method,True,False,N/A,N/A,N/A,,,Pass,N/A,N/A,N/A,N/A,Confirmed,N/A,N/A,N/A,N/A,,,,,,,,51.70,N/A,37664344.59,,
beta-alanine,9.6,Target Compound,20240709_QE2_HILIC_BCSCuAOXq2d_AYW1134,5,Processed,T1,2B,Unknown,,B:A6,,,3951681,41691737,9.37,-0.23," C3H7NO2",M+H,N/A,N/A,N/A,N/A,90.055,90.0549,-.6744 (ppm),0,0,N/A,Method,True,False,N/A,N/A,N/A,,,Pass,N/A,N/A,N/A,N/A,Confirmed,N/A,N/A,N/A,N/A,,,,,,,,50.08,N/A,37664344.59,,
beta-alanine,9.6,Target Compound,20240709_QE2_HILIC_BCSCuAOXq2d_AYW1135,6,Processed,T1,2B,Unknown,,B:A7,,,4094370,38316153,9.34,-0.26," C3H7NO2",M+H,N/A,N/A,N/A,N/A,90.055,90.0549,-1.0980 (ppm),0,0,N/A,Method,True,False,N/A,N/A,N/A,,,Pass,N/A,N/A,N/A,N/A,Confirmed,N/A,N/A,N/A,N/A,,,,,,,,36.72,N/A,37664344.59,,
beta-alanine,9.6,Target Compound,20240709_QE2_HILIC_BCSCuAOXq2d_AYW1136,7,Processed,T1,3C,Unknown,,B:A8,,,2203631,20876481,9.35,-0.25," C3H7NO2",M+H,N/A,N/A,N/A,N/A,90.055,90.0549,-.7591 (ppm),0,0,N/A,Method,True,False,N/A,N/A,N/A,,,Pass,N/A,N/A,N/A,N/A,Confirmed,N/A,N/A,N/A,N/A,,,,,,,,23.57,N/A,24725685.44,,
beta-alanine,9.6,Target Compound,20240709_QE2_HILIC_BCSCuAOXq2d_AYW1137,8,Processed,T1,3C,Unknown,,B:A9,,,2898003,29956789,9.34,-0.26," C3H7NO2",M+H,N/A,N/A,N/A,N/A,90.055,90.0549,-1.1827 (ppm),0,0,N/A,Method,True,False,N/A,N/A,N/A,,,Pass,N/A,N/A,N/A,N/A,Confirmed,N/A,N/A,N/A,N/A,,,,,,,,35.95,N/A,24725685.44,,
beta-alanine,9.6,Target Compound,20240709_QE2_HILIC_BCSCuAOXq2d_AYW1138,9,Processed,T1,3C,Unknown,,B:B1,,,1980687,23343786,9.32,-0.28," C3H7NO2",M+H,N/A,N/A,N/A,N/A,90.055,90.0549,-.8438 (ppm),0,0,N/A,Method,True,False,N/A,N/A,N/A,,,Pass,N/A,N/A,N/A,N/A,Confirmed,N/A,N/A,N/A,N/A,,,,,,,,264.22,N/A,24725685.44,,
beta-alanine,9.6,Target Compound,20240709_QE2_HILIC_BCSCuAOXq2d_AYW1139,10,Processed,T1,4BC,Unknown,,B:B2,,,3437433,35446088,9.35,-0.25," C3H7NO2",M+H,N/A,N/A,N/A,N/A,90.055,90.0549,-.7591 (ppm),0,0,N/A,Method,True,False,N/A,N/A,N/A,,,Pass,N/A,N/A,N/A,N/A,Confirmed,N/A,N/A,N/A,N/A,,,,,,,,331.64,N/A,34926750.38,N/A,
beta-alanine,9.6,Target Compound,20240709_QE2_HILIC_BCSCuAOXq2d_AYW1140,11,Processed,T1,4BC,Unknown,,B:B3,,,3273372,34301331,9.33,-0.27," C3H7NO2",M+H,N/A,N/A,N/A,N/A,90.055,90.0549,-1.6063 (ppm),0,0,N/A,Method,True,False,N/A,N/A,N/A,,,Pass,N/A,N/A,N/A,N/A,Confirmed,N/A,N/A,N/A,N/A,,,,,,,,195.27,N/A,34926750.38,,
beta-alanine,9.6,Target Compound,20240709_QE2_HILIC_BCSCuAOXq2d_AYW1141,12,Processed,T1,4BC,Unknown,,B:B4,,,3168671,35032832,9.33,-0.27," C3H7NO2",M+H,N/A,N/A,N/A,N/A,90.055,90.0549,-.7591 (ppm),0,0,N/A,Method,True,False,N/A,N/A,N/A,,,Pass,N/A,N/A,N/A,N/A,Confirmed,N/A,N/A,N/A,N/A,,,,,,,,131.19,N/A,34926750.38,,
beta-alanine,9.6,Target Compound,20240709_QE2_HILIC_BCSCuAOXq2d_AYW1142,13,Processed,T1,5RV,Unknown,,B:B5,,,3448287,36529177,9.35,-0.25," C3H7NO2",M+H,N/A,N/A,N/A,N/A,90.055,90.0549,-.5896 (ppm),0,0,N/A,Method,True,False,N/A,N/A,N/A,,,Pass,N/A,N/A,N/A,N/A,Confirmed,N/A,N/A,N/A,N/A,,,,,,,,495.60,N/A,37284693.51,N/A,
beta-alanine,9.6,Target Compound,20240709_QE2_HILIC_BCSCuAOXq2d_AYW1143,14,Processed,T1,5RV,Unknown,,B:B6,,,3373515,38287048,9.33,-0.27," C3H7NO2",M+H,N/A,N/A,N/A,N/A,90.055,90.0549,-.6744 (ppm),0,0,N/A,Method,True,False,N/A,N/A,N/A,,,Pass,N/A,N/A,N/A,N/A,Confirmed,N/A,N/A,N/A,N/A,,,,,,,,366.68,N/A,37284693.51,,
beta-alanine,9.6,Target Compound,20240709_QE2_HILIC_BCSCuAOXq2d_AYW1144,15,Processed,T1,5RV,Unknown,,B:B7,,,3054737,37037856,9.35,-0.25," C3H7NO2",M+H,N/A,N/A,N/A,N/A,90.055,90.0549,-.5896 (ppm),0,0,N/A,Method,True,False,N/A,N/A,N/A,,,Pass,N/A,N/A,N/A,N/A,Confirmed,N/A,N/A,N/A,N/A,,,,,,,,110.67,N/A,37284693.51,,
beta-alanine,9.6,Target Compound,20240709_QE2_HILIC_BCSCuAOXq2d_AYW1145,16,Processed,T1,6RB,Unknown,,B:B8,,,3968151,45398359,9.32,-0.28," C3H7NO2",M+H,N/A,N/A,N/A,N/A,90.055,90.0549,-1.1827 (ppm),0,0,N/A,Method,True,False,N/A,N/A,N/A,,,Pass,N/A,N/A,N/A,N/A,Confirmed,N/A,N/A,N/A,N/A,,,,,,,,266.73,N/A,36340745.93,,
beta-alanine,9.6,Target Compound,20240709_QE2_HILIC_BCSCuAOXq2d_AYW1146,17,Processed,T1,6RB,Unknown,,B:B9,,,3030573,33811006,9.35,-0.25," C3H7NO2",M+H,N/A,N/A,N/A,N/A,90.055,90.0549,-.9285 (ppm),0,0,N/A,Method,True,False,N/A,N/A,N/A,,,Pass,N/A,N/A,N/A,N/A,Confirmed,N/A,N/A,N/A,N/A,,,,,,,,91.65,N/A,36340745.93,,
beta-alanine,9.6,Target Compound,20240709_QE2_HILIC_BCSCuAOXq2d_AYW1147,18,Processed,T1,6RB,Unknown,,B:C1,,,2723152,29812872,9.32,-0.28," C3H7NO2",M+H,N/A,N/A,N/A,N/A,90.055,90.0549,-1.2674 (ppm),0,0,N/A,Method,True,False,N/A,N/A,N/A,,,Pass,N/A,N/A,N/A,N/A,Confirmed,N/A,N/A,N/A,N/A,,,,,,,,118.70,N/A,36340745.93,,
beta-alanine,9.6,Target Compound,20240709_QE2_HILIC_BCSCuAOXq2d_AYW1148,19,Processed,T1,7RV,Unknown,,B:C2,,,1872179,16539034,9.36,-0.24," C3H7NO2",M+H,N/A,N/A,N/A,N/A,90.055,90.0549,-.9285 (ppm),0,0,N/A,Method,True,False,N/A,N/A,N/A,,,Pass,N/A,N/A,N/A,N/A,Confirmed,N/A,N/A,N/A,N/A,,,,,,,,21.37,N/A,26841398.77,,
beta-alanine,9.6,Target Compound,20240709_QE2_HILIC_BCSCuAOXq2d_AYW1149,20,Processed,T1,7RV,Unknown,,B:C3,,,2668197,32707610,9.33,-0.27," C3H7NO2",M+H,N/A,N/A,N/A,N/A,90.055,90.0549,-1.0980 (ppm),0,0,N/A,Method,True,False,N/A,N/A,N/A,,,Pass,N/A,N/A,N/A,N/A,Confirmed,N/A,N/A,N/A,N/A,,,,,,,,204.72,N/A,26841398.77,,
beta-alanine,9.6,Target Compound,20240709_QE2_HILIC_BCSCuAOXq2d_AYW1150,21,Processed,T1,7RV,Unknown,,B:C4,,,2917778,31277552,9.33,-0.27," C3H7NO2",M+H,N/A,N/A,N/A,N/A,90.055,90.0549,-1.0980 (ppm),0,0,N/A,Method,True,False,N/A,N/A,N/A,,,Pass,N/A,N/A,N/A,N/A,Confirmed,N/A,N/A,N/A,N/A,,,,,,,,129.62,N/A,26841398.77,,
beta-alanine,9.6,Target Compound,20240709_QE2_HILIC_BCSCuAOXq2d_AYW1151,22,Processed,T1,8RB,Unknown,,B:C5,,,4495794,49519538,9.34,-0.26," C3H7NO2",M+H,N/A,N/A,N/A,N/A,90.055,90.0549,-.6744 (ppm),0,0,N/A,Method,True,False,N/A,N/A,N/A,,,Pass,N/A,N/A,N/A,N/A,Confirmed,N/A,N/A,N/A,N/A,,,,,,,,244.54,N/A,40947950.30,,
beta-alanine,9.6,Target Compound,20240709_QE2_HILIC_BCSCuAOXq2d_AYW1152,23,Processed,T1,8RB,Unknown,,B:C6,,,2442832,24395006,9.32,-0.28," C3H7NO2",M+H,N/A,N/A,N/A,N/A,90.055,90.0549,-1.0132 (ppm),0,0,N/A,Method,True,False,N/A,N/A,N/A,,,Pass,N/A,N/A,N/A,N/A,Confirmed,N/A,N/A,N/A,N/A,,,,,,,,279.63,N/A,40947950.30,,
beta-alanine,9.6,Target Compound,20240709_QE2_HILIC_BCSCuAOXq2d_AYW1153,24,Processed,T1,8RB,Unknown,,B:C7,,,4855505,48929307,9.32,-0.28," C3H7NO2",M+H,N/A,N/A,N/A,N/A,90.055,90.0549,-.7591 (ppm),0,0,N/A,Method,True,False,N/A,N/A,N/A,,,Pass,N/A,N/A,N/A,N/A,Confirmed,N/A,N/A,N/A,N/A,,,,,,,,85.49,N/A,40947950.30,,
beta-alanine,9.6,Target Compound,20240709_QE2_HILIC_BCSCuAOXq2d_AYW1154_pool1xa,25,Processed,T1,pool1x,Unknown,,B:C8,,,2987649,33757893,9.35,-0.25," C3H7NO2",M+H,N/A,N/A,N/A,N/A,90.055,90.0549,-1.1827 (ppm),0,0,N/A,Method,True,False,N/A,N/A,N/A,,,Pass,N/A,N/A,N/A,N/A,Confirmed,N/A,N/A,N/A,N/A,,,,,,,,255.72,N/A,34055338.39,,
beta-alanine,9.6,Target Compound,20240709_QE2_HILIC_BCSCuAOXq2d_AYW1154_pool1xb,26,Processed,T1,pool1x,Unknown,,B:C8,,,3505317,42020200,9.34,-0.26," C3H7NO2",M+H,N/A,N/A,N/A,N/A,90.055,90.0549,-1.4368 (ppm),0,0,N/A,Method,True,False,N/A,N/A,N/A,,,Pass,N/A,N/A,N/A,N/A,Confirmed,N/A,N/A,N/A,N/A,,,,,,,,76.99,N/A,34055338.39,,
beta-alanine,9.6,Target Compound,20240709_QE2_HILIC_BCSCuAOXq2d_AYW1154_pool1xc,27,Processed,T1,pool1x,Unknown,,B:C8,,,3192000,39808431,9.33,-0.27," C3H7NO2",M+H,N/A,N/A,N/A,N/A,90.055,90.0549,-.7591 (ppm),0,0,N/A,Method,True,False,N/A,N/A,N/A,,,Pass,N/A,N/A,N/A,N/A,Confirmed,N/A,N/A,N/A,N/A,,,,,,,,153.44,N/A,34055338.39,,
beta-alanine,9.6,Target Compound,20240709_QE2_HILIC_BCSCuAOXq2d_AYW1154_pool1xd,28,Processed,T1,pool1x,Unknown,,B:C8,,,2036077,20634830,9.32,-0.28," C3H7NO2",M+H,N/A,N/A,N/A,N/A,90.055,90.0549,-.9285 (ppm),0,0,N/A,Method,True,False,N/A,N/A,N/A,,,Pass,N/A,N/A,N/A,N/A,Confirmed,N/A,N/A,N/A,N/A,,,,,,,,50.08,N/A,34055338.39,,
beta-alanine,9.6,Target Compound,20240709_QE2_HILIC_BCSCuAOXq2d_AYW1155_pool033xa,29,Processed,T1,pool033x,Unknown,,B:C9,,,1434853,13095706,9.31,-0.29," C3H7NO2",M+H,N/A,N/A,N/A,N/A,90.055,90.0549,-1.0132 (ppm),0,0,N/A,Method,True,False,N/A,N/A,N/A,,,Pass,N/A,N/A,N/A,N/A,Confirmed,N/A,N/A,N/A,N/A,,,,,,,,66.51,N/A,14121298.34,,
beta-alanine,9.6,Target Compound,20240709_QE2_HILIC_BCSCuAOXq2d_AYW1155_pool033xb,30,Processed,T1,pool033x,Unknown,,B:C9,,,1604687,20121954,9.36,-0.24," C3H7NO2",M+H,N/A,N/A,N/A,N/A,90.055,90.0549,-1.4368 (ppm),0,0,N/A,Method,True,False,N/A,N/A,N/A,,,Pass,N/A,N/A,N/A,N/A,Confirmed,N/A,N/A,N/A,N/A,,,,,,,,672.39,N/A,14121298.34,,
beta-alanine,9.6,Target Compound,20240709_QE2_HILIC_BCSCuAOXq2d_AYW1155_pool033xc,31,Processed,T1,pool033x,Unknown,,B:C9,,,1333272,14191058,9.32,-0.28," C3H7NO2",M+H,N/A,N/A,N/A,N/A,90.055,90.055,-.3355 (ppm),0,0,N/A,Method,True,False,N/A,N/A,N/A,,,Pass,N/A,N/A,N/A,N/A,Confirmed,N/A,N/A,N/A,N/A,,,,,,,,78.55,N/A,14121298.34,,
beta-alanine,9.6,Target Compound,20240709_QE2_HILIC_BCSCuAOXq2d_AYW1155_pool033xd,32,Processed,T1,pool033x,Unknown,,B:C9,,,895922,9076475,9.31,-0.29," C3H7NO2",M+H,N/A,N/A,N/A,N/A,90.055,90.0549,-.8438 (ppm),0,0,N/A,Method,True,False,N/A,N/A,N/A,,,Pass,N/A,N/A,N/A,N/A,Confirmed,N/A,N/A,N/A,N/A,,,,,,,,58.78,N/A,14121298.34,,
beta-alanine,9.6,Target Compound,20240709_QE2_HILIC_BCSCuAOXq2d_AYW1156_pool01xa,33,Processed,T1,pool01x,Unknown,,B:D1,,,415064,3934514,9.33,-0.27," C3H7NO2",M+H,N/A,N/A,N/A,N/A,90.055,90.0549,-1.0132 (ppm),0,0,N/A,Method,True,False,N/A,N/A,N/A,,,Pass,N/A,N/A,N/A,N/A,Confirmed,N/A,N/A,N/A,N/A,,,,,,,,23.98,N/A,5752525.80,,
beta-alanine,9.6,Target Compound,20240709_QE2_HILIC_BCSCuAOXq2d_AYW1156_pool01xb,34,Processed,T1,pool01x,Unknown,,B:D1,,,835001,9432811,9.32,-0.28," C3H7NO2",M+H,N/A,N/A,N/A,N/A,90.055,90.0549,-1.5216 (ppm),0,0,N/A,Method,True,False,N/A,N/A,N/A,,,Pass,N/A,N/A,N/A,N/A,Confirmed,N/A,N/A,N/A,N/A,,,,,,,,258.92,N/A,5752525.80,,
beta-alanine,9.6,Target Compound,20240709_QE2_HILIC_BCSCuAOXq2d_AYW1156_pool01xc,35,Processed,T1,pool01x,Unknown,,B:D1,,,440971,4975395,9.31,-0.29," C3H7NO2",M+H,N/A,N/A,N/A,N/A,90.055,90.055,-.3355 (ppm),0,0,N/A,Method,True,False,N/A,N/A,N/A,,,Pass,N/A,N/A,N/A,N/A,Confirmed,N/A,N/A,N/A,N/A,,,,,,,,93.29,N/A,5752525.80,,
beta-alanine,9.6,Target Compound,20240709_QE2_HILIC_BCSCuAOXq2d_AYW1156_pool01xd,36,Processed,T1,pool01x,Unknown,,B:D1,,,361577,4667383,9.32,-0.28," C3H7NO2",M+H,N/A,N/A,N/A,N/A,90.055,90.0549,-1.4368 (ppm),0,0,N/A,Manual,True,False,N/A,N/A,N/A,,,Pass,N/A,N/A,N/A,N/A,Confirmed,N/A,N/A,N/A,N/A,,,,,,,,62.12,N/A,5752525.80,,
beta-alanine,9.6,Target Compound,20240709_QE2_HILIC_BCSCuAOXq2d_blank1,37,Processed,T1,,Unknown,,B:A1,,,N/F,N/F,N/F,N/F," C3H7NO2",N/A,N/F,N/A,N/F,N/A,90.055,N/F,N/F,N/F,0,N/A,Method,True,False,N/A,N/A,N/A,,,Fail,N/A,N/A,N/A,N/A,NotFound,N/A,N/A,N/A,N/A,,,,,,,,N/A,N/A,1.00,,
beta-alanine,9.6,Target Compound,20240709_QE2_HILIC_BCSCuAOXq2d_blank1_20240710111342,38,Processed,T1,,Unknown,,B:A1,,,N/F,N/F,N/F,N/F," C3H7NO2",N/A,N/F,N/A,N/F,N/A,90.055,N/F,N/F,N/F,0,N/A,Method,True,False,N/A,N/A,N/A,,,Fail,N/A,N/A,N/A,N/A,NotFound,N/A,N/A,N/A,N/A,,,,,,,,N/A,N/A,1.00,,
beta-alanine,9.6,Target Compound,20240709_QE2_HILIC_BCSCuAOXq2d_blank1_20240710231833,39,Processed,T1,,Unknown,,B:A1,,,N/F,N/F,N/F,N/F," C3H7NO2",N/A,N/F,N/A,N/F,N/A,90.055,N/F,N/F,N/F,0,N/A,Method,True,False,N/A,N/A,N/A,,,Fail,N/A,N/A,N/A,N/A,NotFound,N/A,N/A,N/A,N/A,,,,,,,,N/A,N/A,1.00,,
beta-alanine,9.6,Target Compound,20240709_QE2_HILIC_BCSCuAOXq2d_blank2,40,Processed,T1,,Unknown,,B:A1,,,N/F,N/F,N/F,N/F," C3H7NO2",N/A,N/F,N/A,N/F,N/A,90.055,N/F,N/F,N/F,0,N/A,Method,True,False,N/A,N/A,N/A,,,Fail,N/A,N/A,N/A,N/A,NotFound,N/A,N/A,N/A,N/A,,,,,,,,N/A,N/A,1.00,,
beta-alanine,9.6,Target Compound,20240709_QE2_HILIC_BCSCuAOXq2d_blank2_20240710115054,41,Processed,T1,,Unknown,,B:A1,,,N/F,N/F,N/F,N/F," C3H7NO2",N/A,N/F,N/A,N/F,N/A,90.055,N/F,N/F,N/F,0,N/A,Method,True,False,N/A,N/A,N/A,,,Fail,N/A,N/A,N/A,N/A,NotFound,N/A,N/A,N/A,N/A,,,,,,,,N/A,N/A,1.00,,
beta-alanine,9.6,Target Compound,20240709_QE2_HILIC_BCSCuAOXq2d_blank2_20240710235116,42,Processed,T1,,Unknown,,B:A1,,,N/F,N/F,N/F,N/F," C3H7NO2",N/A,N/F,N/A,N/F,N/A,90.055,N/F,N/F,N/F,0,N/A,Method,True,False,N/A,N/A,N/A,,,Fail,N/A,N/A,N/A,N/A,NotFound,N/A,N/A,N/A,N/A,,,,,,,,N/A,N/A,1.00,,
