﻿Compound,RT,Type,Filename,Batch Order,Status,Peak Label,Group,Sample Type,Level,Sample ID,Sample Name,Comments,Height,Area,Actual RT,RT Delta,Formula,Adduct,Calculated Amt,Theoretical Amt,Sample Amt,Std Add Amount,m/z (Expected),m/z (Apex),m/z (Delta),Response Ratio,ISTD Amt,ISTD Response,Integration Mode,Active,Excluded,%Diff,%RSD,% CV,Channel,Final Units,PK,IR,IP,LS,FI,Confirm,Isotopic Pattern Score (%),Num Isotopes Matched,Lib Match Name,Library Score (%),Library Match Rank,SI/Dot Product,RSI/Rev Dot,Modification,Protein Name,Peptide Sequence,Ion Type,S/N,Ion Ratio,Group Average,Relative RT,Flag Details
Methionine sulfoxide,7.98,Target Compound,20240709_QE2_HILIC_BCSCuAOXq2d_AYW1130,1,Processed,T1,1V,Unknown,,B:A2,,,17701258,157086040,8.14,0.16,C5H11NO3S,M+H,N/A,N/A,N/A,N/A,166.0531,166.0534,1.7495 (ppm),0,0,N/A,Method,True,False,N/A,N/A,N/A,,,Pass,N/A,N/A,N/A,N/A,Confirmed,N/A,N/A,N/A,N/A,,,,,,,,INF,N/A,133972264.16,,
Methionine sulfoxide,7.98,Target Compound,20240709_QE2_HILIC_BCSCuAOXq2d_AYW1131,2,Processed,T1,1V,Unknown,,B:A3,,,13517538,121362449,8.13,0.15,C5H11NO3S,M+H,N/A,N/A,N/A,N/A,166.0531,166.0533,1.1062 (ppm),0,0,N/A,Method,True,False,N/A,N/A,N/A,,,Pass,N/A,N/A,N/A,N/A,Confirmed,N/A,N/A,N/A,N/A,,,,,,,,INF,N/A,133972264.16,,
Methionine sulfoxide,7.98,Target Compound,20240709_QE2_HILIC_BCSCuAOXq2d_AYW1132,3,Processed,T1,1V,Unknown,,B:A4,,,13457317,123468304,8.14,0.16,C5H11NO3S,M+H,N/A,N/A,N/A,N/A,166.0531,166.0532,.7387 (ppm),0,0,N/A,Method,True,False,N/A,N/A,N/A,,,Pass,N/A,N/A,N/A,N/A,Confirmed,N/A,N/A,N/A,N/A,,,,,,,,INF,N/A,133972264.16,,
Methionine sulfoxide,7.98,Target Compound,20240709_QE2_HILIC_BCSCuAOXq2d_AYW1133,4,Processed,T1,2B,Unknown,,B:A5,,,13568393,124261478,8.13,0.15,C5H11NO3S,M+H,N/A,N/A,N/A,N/A,166.0531,166.0533,1.4738 (ppm),0,0,N/A,Method,True,False,N/A,N/A,N/A,,,Pass,N/A,N/A,N/A,N/A,Confirmed,N/A,N/A,N/A,N/A,,,,,,,,INF,N/A,178995355.57,,
Methionine sulfoxide,7.98,Target Compound,20240709_QE2_HILIC_BCSCuAOXq2d_AYW1134,5,Processed,T1,2B,Unknown,,B:A6,,,22790744,200715077,8.17,0.19,C5H11NO3S,M+H,N/A,N/A,N/A,N/A,166.0531,166.0532,.8305 (ppm),0,0,N/A,Method,True,False,N/A,N/A,N/A,,,Pass,N/A,N/A,N/A,N/A,Confirmed,N/A,N/A,N/A,N/A,,,,,,,,INF,N/A,178995355.57,,
Methionine sulfoxide,7.98,Target Compound,20240709_QE2_HILIC_BCSCuAOXq2d_AYW1135,6,Processed,T1,2B,Unknown,,B:A7,,,22799256,212009512,8.17,0.19,C5H11NO3S,M+H,N/A,N/A,N/A,N/A,166.0531,166.0533,1.1981 (ppm),0,0,N/A,Method,True,False,N/A,N/A,N/A,,,Pass,N/A,N/A,N/A,N/A,Confirmed,N/A,N/A,N/A,N/A,,,,,,,,INF,N/A,178995355.57,,
Methionine sulfoxide,7.98,Target Compound,20240709_QE2_HILIC_BCSCuAOXq2d_AYW1136,7,Processed,T1,3C,Unknown,,B:A8,,,18254806,168837489,8.13,0.15,C5H11NO3S,M+H,N/A,N/A,N/A,N/A,166.0531,166.0533,1.1062 (ppm),0,0,N/A,Method,True,False,N/A,N/A,N/A,,,Pass,N/A,N/A,N/A,N/A,Confirmed,N/A,N/A,N/A,N/A,,,,,,,,INF,N/A,147881930.09,,
Methionine sulfoxide,7.98,Target Compound,20240709_QE2_HILIC_BCSCuAOXq2d_AYW1137,8,Processed,T1,3C,Unknown,,B:A9,,,20578916,179376334,8.14,0.16,C5H11NO3S,M+H,N/A,N/A,N/A,N/A,166.0531,166.0533,1.3819 (ppm),0,0,N/A,Method,True,False,N/A,N/A,N/A,,,Pass,N/A,N/A,N/A,N/A,Confirmed,N/A,N/A,N/A,N/A,,,,,,,,INF,N/A,147881930.09,,
Methionine sulfoxide,7.98,Target Compound,20240709_QE2_HILIC_BCSCuAOXq2d_AYW1138,9,Processed,T1,3C,Unknown,,B:B1,,,10143720,95431968,8.1,0.12,C5H11NO3S,M+H,N/A,N/A,N/A,N/A,166.0531,166.0533,1.1981 (ppm),0,0,N/A,Method,True,False,N/A,N/A,N/A,,,Pass,N/A,N/A,N/A,N/A,Confirmed,N/A,N/A,N/A,N/A,,,,,,,,INF,N/A,147881930.09,,
Methionine sulfoxide,7.98,Target Compound,20240709_QE2_HILIC_BCSCuAOXq2d_AYW1139,10,Processed,T1,4BC,Unknown,,B:B2,,,14355180,136330279,8.12,0.14,C5H11NO3S,M+H,N/A,N/A,N/A,N/A,166.0531,166.0533,1.0143 (ppm),0,0,N/A,Method,True,False,N/A,N/A,N/A,,,Pass,N/A,N/A,N/A,N/A,Confirmed,N/A,N/A,N/A,N/A,,,,,,,,INF,N/A,149863668.97,N/A,
Methionine sulfoxide,7.98,Target Compound,20240709_QE2_HILIC_BCSCuAOXq2d_AYW1140,11,Processed,T1,4BC,Unknown,,B:B3,,,16331357,148813822,8.1,0.12,C5H11NO3S,M+H,N/A,N/A,N/A,N/A,166.0531,166.0532,.6468 (ppm),0,0,N/A,Method,True,False,N/A,N/A,N/A,,,Pass,N/A,N/A,N/A,N/A,Confirmed,N/A,N/A,N/A,N/A,,,,,,,,INF,N/A,149863668.97,,
Methionine sulfoxide,7.98,Target Compound,20240709_QE2_HILIC_BCSCuAOXq2d_AYW1141,12,Processed,T1,4BC,Unknown,,B:B4,,,18252732,164446905,8.12,0.14,C5H11NO3S,M+H,N/A,N/A,N/A,N/A,166.0531,166.0533,1.1981 (ppm),0,0,N/A,Method,True,False,N/A,N/A,N/A,,,Pass,N/A,N/A,N/A,N/A,Confirmed,N/A,N/A,N/A,N/A,,,,,,,,INF,N/A,149863668.97,,
Methionine sulfoxide,7.98,Target Compound,20240709_QE2_HILIC_BCSCuAOXq2d_AYW1142,13,Processed,T1,5RV,Unknown,,B:B5,,,17831230,167653932,8.09,0.11,C5H11NO3S,M+H,N/A,N/A,N/A,N/A,166.0531,166.0533,1.3819 (ppm),0,0,N/A,Method,True,False,N/A,N/A,N/A,,,Pass,N/A,N/A,N/A,N/A,Confirmed,N/A,N/A,N/A,N/A,,,,,,,,INF,N/A,156890817.63,N/A,
Methionine sulfoxide,7.98,Target Compound,20240709_QE2_HILIC_BCSCuAOXq2d_AYW1143,14,Processed,T1,5RV,Unknown,,B:B6,,,17068866,151386923,8.13,0.15,C5H11NO3S,M+H,N/A,N/A,N/A,N/A,166.0531,166.0533,1.1981 (ppm),0,0,N/A,Method,True,False,N/A,N/A,N/A,,,Pass,N/A,N/A,N/A,N/A,Confirmed,N/A,N/A,N/A,N/A,,,,,,,,INF,N/A,156890817.63,,
Methionine sulfoxide,7.98,Target Compound,20240709_QE2_HILIC_BCSCuAOXq2d_AYW1144,15,Processed,T1,5RV,Unknown,,B:B7,,,18013680,151631597,8.12,0.14,C5H11NO3S,M+H,N/A,N/A,N/A,N/A,166.0531,166.0534,1.5657 (ppm),0,0,N/A,Method,True,False,N/A,N/A,N/A,,,Pass,N/A,N/A,N/A,N/A,Confirmed,N/A,N/A,N/A,N/A,,,,,,,,INF,N/A,156890817.63,,
Methionine sulfoxide,7.98,Target Compound,20240709_QE2_HILIC_BCSCuAOXq2d_AYW1145,16,Processed,T1,6RB,Unknown,,B:B8,,,14216099,135092068,8.12,0.14,C5H11NO3S,M+H,N/A,N/A,N/A,N/A,166.0531,166.0533,1.2900 (ppm),0,0,N/A,Method,True,False,N/A,N/A,N/A,,,Pass,N/A,N/A,N/A,N/A,Confirmed,N/A,N/A,N/A,N/A,,,,,,,,INF,N/A,115592693.79,,
Methionine sulfoxide,7.98,Target Compound,20240709_QE2_HILIC_BCSCuAOXq2d_AYW1146,17,Processed,T1,6RB,Unknown,,B:B9,,,10426226,95454772,8.11,0.13,C5H11NO3S,M+H,N/A,N/A,N/A,N/A,166.0531,166.0533,1.1062 (ppm),0,0,N/A,Method,True,False,N/A,N/A,N/A,,,Pass,N/A,N/A,N/A,N/A,Confirmed,N/A,N/A,N/A,N/A,,,,,,,,INF,N/A,115592693.79,,
Methionine sulfoxide,7.98,Target Compound,20240709_QE2_HILIC_BCSCuAOXq2d_AYW1147,18,Processed,T1,6RB,Unknown,,B:C1,,,12470809,116231242,8.11,0.13,C5H11NO3S,M+H,N/A,N/A,N/A,N/A,166.0531,166.0533,1.3819 (ppm),0,0,N/A,Method,True,False,N/A,N/A,N/A,,,Pass,N/A,N/A,N/A,N/A,Confirmed,N/A,N/A,N/A,N/A,,,,,,,,INF,N/A,115592693.79,,
Methionine sulfoxide,7.98,Target Compound,20240709_QE2_HILIC_BCSCuAOXq2d_AYW1148,19,Processed,T1,7RV,Unknown,,B:C2,,,16829174,146074566,8.13,0.15,C5H11NO3S,M+H,N/A,N/A,N/A,N/A,166.0531,166.0533,1.1981 (ppm),0,0,N/A,Method,True,False,N/A,N/A,N/A,,,Pass,N/A,N/A,N/A,N/A,Confirmed,N/A,N/A,N/A,N/A,,,,,,,,INF,N/A,142339776.73,,
Methionine sulfoxide,7.98,Target Compound,20240709_QE2_HILIC_BCSCuAOXq2d_AYW1149,20,Processed,T1,7RV,Unknown,,B:C3,,,15418547,138052760,8.13,0.15,C5H11NO3S,M+H,N/A,N/A,N/A,N/A,166.0531,166.0533,.9224 (ppm),0,0,N/A,Method,True,False,N/A,N/A,N/A,,,Pass,N/A,N/A,N/A,N/A,Confirmed,N/A,N/A,N/A,N/A,,,,,,,,INF,N/A,142339776.73,,
Methionine sulfoxide,7.98,Target Compound,20240709_QE2_HILIC_BCSCuAOXq2d_AYW1150,21,Processed,T1,7RV,Unknown,,B:C4,,,15699592,142892003,8.13,0.15,C5H11NO3S,M+H,N/A,N/A,N/A,N/A,166.0531,166.0534,1.5657 (ppm),0,0,N/A,Method,True,False,N/A,N/A,N/A,,,Pass,N/A,N/A,N/A,N/A,Confirmed,N/A,N/A,N/A,N/A,,,,,,,,INF,N/A,142339776.73,,
Methionine sulfoxide,7.98,Target Compound,20240709_QE2_HILIC_BCSCuAOXq2d_AYW1151,22,Processed,T1,8RB,Unknown,,B:C5,,,18192190,158352096,8.14,0.16,C5H11NO3S,M+H,N/A,N/A,N/A,N/A,166.0531,166.0533,1.4738 (ppm),0,0,N/A,Method,True,False,N/A,N/A,N/A,,,Pass,N/A,N/A,N/A,N/A,Confirmed,N/A,N/A,N/A,N/A,,,,,,,,INF,N/A,157414542.96,,
Methionine sulfoxide,7.98,Target Compound,20240709_QE2_HILIC_BCSCuAOXq2d_AYW1152,23,Processed,T1,8RB,Unknown,,B:C6,,,15788585,128380780,8.11,0.13,C5H11NO3S,M+H,N/A,N/A,N/A,N/A,166.0531,166.0533,1.2900 (ppm),0,0,N/A,Method,True,False,N/A,N/A,N/A,,,Pass,N/A,N/A,N/A,N/A,Confirmed,N/A,N/A,N/A,N/A,,,,,,,,INF,N/A,157414542.96,,
Methionine sulfoxide,7.98,Target Compound,20240709_QE2_HILIC_BCSCuAOXq2d_AYW1153,24,Processed,T1,8RB,Unknown,,B:C7,,,20728162,185510753,8.12,0.14,C5H11NO3S,M+H,N/A,N/A,N/A,N/A,166.0531,166.0533,1.0143 (ppm),0,0,N/A,Method,True,False,N/A,N/A,N/A,,,Pass,N/A,N/A,N/A,N/A,Confirmed,N/A,N/A,N/A,N/A,,,,,,,,INF,N/A,157414542.96,,
Methionine sulfoxide,7.98,Target Compound,20240709_QE2_HILIC_BCSCuAOXq2d_AYW1154_pool1xa,25,Processed,T1,pool1x,Unknown,,B:C8,,,16212879,146000728,8.12,0.14,C5H11NO3S,M+H,N/A,N/A,N/A,N/A,166.0531,166.0533,1.3819 (ppm),0,0,N/A,Method,True,False,N/A,N/A,N/A,,,Pass,N/A,N/A,N/A,N/A,Confirmed,N/A,N/A,N/A,N/A,,,,,,,,INF,N/A,151610816.32,,
Methionine sulfoxide,7.98,Target Compound,20240709_QE2_HILIC_BCSCuAOXq2d_AYW1154_pool1xb,26,Processed,T1,pool1x,Unknown,,B:C8,,,19781036,178954632,8.11,0.13,C5H11NO3S,M+H,N/A,N/A,N/A,N/A,166.0531,166.0532,.5549 (ppm),0,0,N/A,Method,True,False,N/A,N/A,N/A,,,Pass,N/A,N/A,N/A,N/A,Confirmed,N/A,N/A,N/A,N/A,,,,,,,,INF,N/A,151610816.32,,
Methionine sulfoxide,7.98,Target Compound,20240709_QE2_HILIC_BCSCuAOXq2d_AYW1154_pool1xc,27,Processed,T1,pool1x,Unknown,,B:C8,,,15337401,142385382,8.13,0.15,C5H11NO3S,M+H,N/A,N/A,N/A,N/A,166.0531,166.0533,1.3819 (ppm),0,0,N/A,Method,True,False,N/A,N/A,N/A,,,Pass,N/A,N/A,N/A,N/A,Confirmed,N/A,N/A,N/A,N/A,,,,,,,,INF,N/A,151610816.32,,
Methionine sulfoxide,7.98,Target Compound,20240709_QE2_HILIC_BCSCuAOXq2d_AYW1154_pool1xd,28,Processed,T1,pool1x,Unknown,,B:C8,,,16107100,139102523,8.11,0.13,C5H11NO3S,M+H,N/A,N/A,N/A,N/A,166.0531,166.0533,.9224 (ppm),0,0,N/A,Method,True,False,N/A,N/A,N/A,,,Pass,N/A,N/A,N/A,N/A,Confirmed,N/A,N/A,N/A,N/A,,,,,,,,INF,N/A,151610816.32,,
Methionine sulfoxide,7.98,Target Compound,20240709_QE2_HILIC_BCSCuAOXq2d_AYW1155_pool033xa,29,Processed,T1,pool033x,Unknown,,B:C9,,,4766896,52564044,8.05,0.07,C5H11NO3S,M+H,N/A,N/A,N/A,N/A,166.0531,166.0533,1.2900 (ppm),0,0,N/A,Method,True,False,N/A,N/A,N/A,,,Pass,N/A,N/A,N/A,N/A,Confirmed,N/A,N/A,N/A,N/A,,,,,,,,INF,N/A,51656384.40,,
Methionine sulfoxide,7.98,Target Compound,20240709_QE2_HILIC_BCSCuAOXq2d_AYW1155_pool033xb,30,Processed,T1,pool033x,Unknown,,B:C9,,,6290871,58723245,8.02,0.04,C5H11NO3S,M+H,N/A,N/A,N/A,N/A,166.0531,166.0532,.7387 (ppm),0,0,N/A,Method,True,False,N/A,N/A,N/A,,,Pass,N/A,N/A,N/A,N/A,Confirmed,N/A,N/A,N/A,N/A,,,,,,,,INF,N/A,51656384.40,,
Methionine sulfoxide,7.98,Target Compound,20240709_QE2_HILIC_BCSCuAOXq2d_AYW1155_pool033xc,31,Processed,T1,pool033x,Unknown,,B:C9,,,4802678,46379268,8.02,0.04,C5H11NO3S,M+H,N/A,N/A,N/A,N/A,166.0531,166.0534,1.8413 (ppm),0,0,N/A,Method,True,False,N/A,N/A,N/A,,,Pass,N/A,N/A,N/A,N/A,Confirmed,N/A,N/A,N/A,N/A,,,,,,,,INF,N/A,51656384.40,,
Methionine sulfoxide,7.98,Target Compound,20240709_QE2_HILIC_BCSCuAOXq2d_AYW1155_pool033xd,32,Processed,T1,pool033x,Unknown,,B:C9,,,4784117,48958980,8.02,0.04,C5H11NO3S,M+H,N/A,N/A,N/A,N/A,166.0531,166.0533,1.3819 (ppm),0,0,N/A,Method,True,False,N/A,N/A,N/A,,,Pass,N/A,N/A,N/A,N/A,Confirmed,N/A,N/A,N/A,N/A,,,,,,,,INF,N/A,51656384.40,,
Methionine sulfoxide,7.98,Target Compound,20240709_QE2_HILIC_BCSCuAOXq2d_AYW1156_pool01xa,33,Processed,T1,pool01x,Unknown,,B:D1,,,1137395,11868369,7.96,-0.02,C5H11NO3S,M+H,N/A,N/A,N/A,N/A,166.0531,166.0533,1.2900 (ppm),0,0,N/A,Method,True,False,N/A,N/A,N/A,,,Pass,N/A,N/A,N/A,N/A,Confirmed,N/A,N/A,N/A,N/A,,,,,,,,INF,N/A,13987013.89,,
Methionine sulfoxide,7.98,Target Compound,20240709_QE2_HILIC_BCSCuAOXq2d_AYW1156_pool01xb,34,Processed,T1,pool01x,Unknown,,B:D1,,,1780289,18467076,7.96,-0.02,C5H11NO3S,M+H,N/A,N/A,N/A,N/A,166.0531,166.0532,.7387 (ppm),0,0,N/A,Method,True,False,N/A,N/A,N/A,,,Pass,N/A,N/A,N/A,N/A,Confirmed,N/A,N/A,N/A,N/A,,,,,,,,INF,N/A,13987013.89,,
Methionine sulfoxide,7.98,Target Compound,20240709_QE2_HILIC_BCSCuAOXq2d_AYW1156_pool01xc,35,Processed,T1,pool01x,Unknown,,B:D1,,,1235621,12806661,7.95,-0.03,C5H11NO3S,M+H,N/A,N/A,N/A,N/A,166.0531,166.0534,2.0251 (ppm),0,0,N/A,Method,True,False,N/A,N/A,N/A,,,Pass,N/A,N/A,N/A,N/A,Confirmed,N/A,N/A,N/A,N/A,,,,,,,,INF,N/A,13987013.89,,
Methionine sulfoxide,7.98,Target Compound,20240709_QE2_HILIC_BCSCuAOXq2d_AYW1156_pool01xd,36,Processed,T1,pool01x,Unknown,,B:D1,,,1273519,12805949,7.93,-0.05,C5H11NO3S,M+H,N/A,N/A,N/A,N/A,166.0531,166.0533,1.0143 (ppm),0,0,N/A,Method,True,False,N/A,N/A,N/A,,,Pass,N/A,N/A,N/A,N/A,Confirmed,N/A,N/A,N/A,N/A,,,,,,,,INF,N/A,13987013.89,,
Methionine sulfoxide,7.98,Target Compound,20240709_QE2_HILIC_BCSCuAOXq2d_blank1,37,Processed,T1,,Unknown,,B:A1,,,93384,652207,7.97,-0.01,C5H11NO3S,M+H,N/A,N/A,N/A,N/A,166.0531,166.0534,1.5657 (ppm),0,0,N/A,Method,True,False,N/A,N/A,N/A,,,Pass,N/A,N/A,N/A,N/A,Confirmed,N/A,N/A,N/A,N/A,,,,,,,,INF,N/A,532969.78,,
Methionine sulfoxide,7.98,Target Compound,20240709_QE2_HILIC_BCSCuAOXq2d_blank1_20240710111342,38,Processed,T1,,Unknown,,B:A1,,,51602,333095,8.03,0.05,C5H11NO3S,M+H,N/A,N/A,N/A,N/A,166.0531,166.0533,1.1981 (ppm),0,0,N/A,Method,True,False,N/A,N/A,N/A,,,Pass,N/A,N/A,N/A,N/A,Confirmed,N/A,N/A,N/A,N/A,,,,,,,,11.56,N/A,532969.78,,
Methionine sulfoxide,7.98,Target Compound,20240709_QE2_HILIC_BCSCuAOXq2d_blank1_20240710231833,39,Processed,T1,,Unknown,,B:A1,,,23439,218134,7.93,-0.05,C5H11NO3S,M+H,N/A,N/A,N/A,N/A,166.0531,166.0533,1.0143 (ppm),0,0,N/A,Method,True,False,N/A,N/A,N/A,,,Pass,N/A,N/A,N/A,N/A,Confirmed,N/A,N/A,N/A,N/A,,,,,,,,INF,N/A,532969.78,,
Methionine sulfoxide,7.98,Target Compound,20240709_QE2_HILIC_BCSCuAOXq2d_blank2,40,Processed,T1,,Unknown,,B:A1,,,130931,1444356,7.97,-0.01,C5H11NO3S,M+H,N/A,N/A,N/A,N/A,166.0531,166.0533,1.1981 (ppm),0,0,N/A,Method,True,False,N/A,N/A,N/A,,,Pass,N/A,N/A,N/A,N/A,Confirmed,N/A,N/A,N/A,N/A,,,,,,,,INF,N/A,532969.78,,
Methionine sulfoxide,7.98,Target Compound,20240709_QE2_HILIC_BCSCuAOXq2d_blank2_20240710115054,41,Processed,T1,,Unknown,,B:A1,,,29711,248642,7.92,-0.06,C5H11NO3S,M+H,N/A,N/A,N/A,N/A,166.0531,166.0531,.0954 (ppm),0,0,N/A,Method,True,False,N/A,N/A,N/A,,,Pass,N/A,N/A,N/A,N/A,Confirmed,N/A,N/A,N/A,N/A,,,,,,,,INF,N/A,532969.78,,
Methionine sulfoxide,7.98,Target Compound,20240709_QE2_HILIC_BCSCuAOXq2d_blank2_20240710235116,42,Processed,T1,,Unknown,,B:A1,,,24886,301386,7.99,0.01,C5H11NO3S,M+H,N/A,N/A,N/A,N/A,166.0531,166.0532,.3711 (ppm),0,0,N/A,Method,True,False,N/A,N/A,N/A,,,Pass,N/A,N/A,N/A,N/A,Confirmed,N/A,N/A,N/A,N/A,,,,,,,,INF,N/A,532969.78,,
