﻿Compound,RT,Type,Filename,Batch Order,Status,Peak Label,Group,Sample Type,Level,Sample ID,Sample Name,Comments,Height,Area,Actual RT,RT Delta,Formula,Adduct,Calculated Amt,Theoretical Amt,Sample Amt,Std Add Amount,m/z (Expected),m/z (Apex),m/z (Delta),Response Ratio,ISTD Amt,ISTD Response,Integration Mode,Active,Excluded,%Diff,%RSD,% CV,Channel,Final Units,PK,IR,IP,LS,FI,Confirm,Isotopic Pattern Score (%),Num Isotopes Matched,Lib Match Name,Library Score (%),Library Match Rank,SI/Dot Product,RSI/Rev Dot,Modification,Protein Name,Peptide Sequence,Ion Type,S/N,Ion Ratio,Group Average,Relative RT,Flag Details
Isoleucine-13C6-15N,6.18,Target Compound,20240709_QE2_HILIC_BCSCuAOXq2d_AYW1130,1,Processed,T1,1V,Unknown,,B:A2,,,36120702,650923888,6.08,-0.10,[13]C6H13[15]NO2,M+H,N/A,N/A,N/A,N/A,139.1191,139.1192,.5114 (ppm),0,0,N/A,Method,True,False,N/A,N/A,N/A,,,Pass,N/A,N/A,N/A,N/A,Confirmed,N/A,N/A,N/A,N/A,,,,,,,,141698.70,N/A,708824095.34,,
Isoleucine-13C6-15N,6.18,Target Compound,20240709_QE2_HILIC_BCSCuAOXq2d_AYW1131,2,Processed,T1,1V,Unknown,,B:A3,,,40146056,821858158,6.08,-0.10,[13]C6H13[15]NO2,M+H,N/A,N/A,N/A,N/A,139.1191,139.1191,.2920 (ppm),0,0,N/A,Method,True,False,N/A,N/A,N/A,,,Pass,N/A,N/A,N/A,N/A,Confirmed,N/A,N/A,N/A,N/A,,,,,,,,44118.59,N/A,708824095.34,,
Isoleucine-13C6-15N,6.18,Target Compound,20240709_QE2_HILIC_BCSCuAOXq2d_AYW1132,3,Processed,T1,1V,Unknown,,B:A4,,,33529872,653690240,6.09,-0.09,[13]C6H13[15]NO2,M+H,N/A,N/A,N/A,N/A,139.1191,139.1191,.2920 (ppm),0,0,N/A,Method,True,False,N/A,N/A,N/A,,,Pass,N/A,N/A,N/A,N/A,Confirmed,N/A,N/A,N/A,N/A,,,,,,,,6602.08,N/A,708824095.34,,
Isoleucine-13C6-15N,6.18,Target Compound,20240709_QE2_HILIC_BCSCuAOXq2d_AYW1133,4,Processed,T1,2B,Unknown,,B:A5,,,34656836,661536320,6.08,-0.10,[13]C6H13[15]NO2,M+H,N/A,N/A,N/A,N/A,139.1191,139.1191,.0727 (ppm),0,0,N/A,Method,True,False,N/A,N/A,N/A,,,Pass,N/A,N/A,N/A,N/A,Confirmed,N/A,N/A,N/A,N/A,,,,,,,,3947.45,N/A,783577864.18,,
Isoleucine-13C6-15N,6.18,Target Compound,20240709_QE2_HILIC_BCSCuAOXq2d_AYW1134,5,Processed,T1,2B,Unknown,,B:A6,,,43360602,849099013,6.06,-0.12,[13]C6H13[15]NO2,M+H,N/A,N/A,N/A,N/A,139.1191,139.119,-.3661 (ppm),0,0,N/A,Method,True,False,N/A,N/A,N/A,,,Pass,N/A,N/A,N/A,N/A,Confirmed,N/A,N/A,N/A,N/A,,,,,,,,INF,N/A,783577864.18,,
Isoleucine-13C6-15N,6.18,Target Compound,20240709_QE2_HILIC_BCSCuAOXq2d_AYW1135,6,Processed,T1,2B,Unknown,,B:A7,,,45102065,840098259,6.06,-0.12,[13]C6H13[15]NO2,M+H,N/A,N/A,N/A,N/A,139.1191,139.1191,.0727 (ppm),0,0,N/A,Method,True,False,N/A,N/A,N/A,,,Pass,N/A,N/A,N/A,N/A,Confirmed,N/A,N/A,N/A,N/A,,,,,,,,INF,N/A,783577864.18,,
Isoleucine-13C6-15N,6.18,Target Compound,20240709_QE2_HILIC_BCSCuAOXq2d_AYW1136,7,Processed,T1,3C,Unknown,,B:A8,,,46113819,787859117,6.07,-0.11,[13]C6H13[15]NO2,M+H,N/A,N/A,N/A,N/A,139.1191,139.1191,.1823 (ppm),0,0,N/A,Method,True,False,N/A,N/A,N/A,,,Pass,N/A,N/A,N/A,N/A,Confirmed,N/A,N/A,N/A,N/A,,,,,,,,INF,N/A,755910467.61,,
Isoleucine-13C6-15N,6.18,Target Compound,20240709_QE2_HILIC_BCSCuAOXq2d_AYW1137,8,Processed,T1,3C,Unknown,,B:A9,,,49466210,895381054,6.08,-0.10,[13]C6H13[15]NO2,M+H,N/A,N/A,N/A,N/A,139.1191,139.1191,-.0370 (ppm),0,0,N/A,Method,True,False,N/A,N/A,N/A,,,Pass,N/A,N/A,N/A,N/A,Confirmed,N/A,N/A,N/A,N/A,,,,,,,,INF,N/A,755910467.61,,
Isoleucine-13C6-15N,6.18,Target Compound,20240709_QE2_HILIC_BCSCuAOXq2d_AYW1138,9,Processed,T1,3C,Unknown,,B:B1,,,30849507,584491232,6.05,-0.13,[13]C6H13[15]NO2,M+H,N/A,N/A,N/A,N/A,139.1191,139.1191,-.2564 (ppm),0,0,N/A,Method,True,False,N/A,N/A,N/A,,,Pass,N/A,N/A,N/A,N/A,Confirmed,N/A,N/A,N/A,N/A,,,,,,,,4038.85,N/A,755910467.61,,
Isoleucine-13C6-15N,6.18,Target Compound,20240709_QE2_HILIC_BCSCuAOXq2d_AYW1139,10,Processed,T1,4BC,Unknown,,B:B2,,,36013060,653260876,6.08,-0.10,[13]C6H13[15]NO2,M+H,N/A,N/A,N/A,N/A,139.1191,139.1191,.2920 (ppm),0,0,N/A,Method,True,False,N/A,N/A,N/A,,,Pass,N/A,N/A,N/A,N/A,Confirmed,N/A,N/A,N/A,N/A,,,,,,,,2386.35,N/A,738121887.21,N/A,
Isoleucine-13C6-15N,6.18,Target Compound,20240709_QE2_HILIC_BCSCuAOXq2d_AYW1140,11,Processed,T1,4BC,Unknown,,B:B3,,,33646771,625494825,6.07,-0.11,[13]C6H13[15]NO2,M+H,N/A,N/A,N/A,N/A,139.1191,139.119,-.3661 (ppm),0,0,N/A,Method,True,False,N/A,N/A,N/A,,,Pass,N/A,N/A,N/A,N/A,Confirmed,N/A,N/A,N/A,N/A,,,,,,,,INF,N/A,738121887.21,,
Isoleucine-13C6-15N,6.18,Target Compound,20240709_QE2_HILIC_BCSCuAOXq2d_AYW1141,12,Processed,T1,4BC,Unknown,,B:B4,,,50442057,935609960,6.11,-0.07,[13]C6H13[15]NO2,M+H,N/A,N/A,N/A,N/A,139.1191,139.1191,.0727 (ppm),0,0,N/A,Method,True,False,N/A,N/A,N/A,,,Pass,N/A,N/A,N/A,N/A,Confirmed,N/A,N/A,N/A,N/A,,,,,,,,56916.74,N/A,738121887.21,,
Isoleucine-13C6-15N,6.18,Target Compound,20240709_QE2_HILIC_BCSCuAOXq2d_AYW1142,13,Processed,T1,5RV,Unknown,,B:B5,,,33578964,615130052,6.07,-0.11,[13]C6H13[15]NO2,M+H,N/A,N/A,N/A,N/A,139.1191,139.1192,.5114 (ppm),0,0,N/A,Method,True,False,N/A,N/A,N/A,,,Pass,N/A,N/A,N/A,N/A,Confirmed,N/A,N/A,N/A,N/A,,,,,,,,5500.53,N/A,673672250.69,N/A,
Isoleucine-13C6-15N,6.18,Target Compound,20240709_QE2_HILIC_BCSCuAOXq2d_AYW1143,14,Processed,T1,5RV,Unknown,,B:B6,,,46426828,781729496,6.09,-0.09,[13]C6H13[15]NO2,M+H,N/A,N/A,N/A,N/A,139.1191,139.1191,.2920 (ppm),0,0,N/A,Method,True,False,N/A,N/A,N/A,,,Pass,N/A,N/A,N/A,N/A,Confirmed,N/A,N/A,N/A,N/A,,,,,,,,INF,N/A,673672250.69,,
Isoleucine-13C6-15N,6.18,Target Compound,20240709_QE2_HILIC_BCSCuAOXq2d_AYW1144,15,Processed,T1,5RV,Unknown,,B:B7,,,30724257,624157203,6.07,-0.11,[13]C6H13[15]NO2,M+H,N/A,N/A,N/A,N/A,139.1191,139.1191,.0727 (ppm),0,0,N/A,Method,True,False,N/A,N/A,N/A,,,Pass,N/A,N/A,N/A,N/A,Confirmed,N/A,N/A,N/A,N/A,,,,,,,,INF,N/A,673672250.69,,
Isoleucine-13C6-15N,6.18,Target Compound,20240709_QE2_HILIC_BCSCuAOXq2d_AYW1145,16,Processed,T1,6RB,Unknown,,B:B8,,,36095727,671812056,6.09,-0.09,[13]C6H13[15]NO2,M+H,N/A,N/A,N/A,N/A,139.1191,139.1191,.0727 (ppm),0,0,N/A,Method,True,False,N/A,N/A,N/A,,,Pass,N/A,N/A,N/A,N/A,Confirmed,N/A,N/A,N/A,N/A,,,,,,,,INF,N/A,616814403.88,,
Isoleucine-13C6-15N,6.18,Target Compound,20240709_QE2_HILIC_BCSCuAOXq2d_AYW1146,17,Processed,T1,6RB,Unknown,,B:B9,,,32560001,611247203,6.08,-0.10,[13]C6H13[15]NO2,M+H,N/A,N/A,N/A,N/A,139.1191,139.1191,.1823 (ppm),0,0,N/A,Method,True,False,N/A,N/A,N/A,,,Pass,N/A,N/A,N/A,N/A,Confirmed,N/A,N/A,N/A,N/A,,,,,,,,7944.63,N/A,616814403.88,,
Isoleucine-13C6-15N,6.18,Target Compound,20240709_QE2_HILIC_BCSCuAOXq2d_AYW1147,18,Processed,T1,6RB,Unknown,,B:C1,,,31205267,567383953,6.06,-0.12,[13]C6H13[15]NO2,M+H,N/A,N/A,N/A,N/A,139.1191,139.1191,-.2564 (ppm),0,0,N/A,Method,True,False,N/A,N/A,N/A,,,Pass,N/A,N/A,N/A,N/A,Confirmed,N/A,N/A,N/A,N/A,,,,,,,,INF,N/A,616814403.88,,
Isoleucine-13C6-15N,6.18,Target Compound,20240709_QE2_HILIC_BCSCuAOXq2d_AYW1148,19,Processed,T1,7RV,Unknown,,B:C2,,,28600825,517393436,6.04,-0.14,[13]C6H13[15]NO2,M+H,N/A,N/A,N/A,N/A,139.1191,139.1191,-.1467 (ppm),0,0,N/A,Method,True,False,N/A,N/A,N/A,,,Pass,N/A,N/A,N/A,N/A,Confirmed,N/A,N/A,N/A,N/A,,,,,,,,INF,N/A,711769574.14,,
Isoleucine-13C6-15N,6.18,Target Compound,20240709_QE2_HILIC_BCSCuAOXq2d_AYW1149,20,Processed,T1,7RV,Unknown,,B:C3,,,40974109,737669961,6.09,-0.09,[13]C6H13[15]NO2,M+H,N/A,N/A,N/A,N/A,139.1191,139.1191,-.1467 (ppm),0,0,N/A,Method,True,False,N/A,N/A,N/A,,,Pass,N/A,N/A,N/A,N/A,Confirmed,N/A,N/A,N/A,N/A,,,,,,,,INF,N/A,711769574.14,,
Isoleucine-13C6-15N,6.18,Target Compound,20240709_QE2_HILIC_BCSCuAOXq2d_AYW1150,21,Processed,T1,7RV,Unknown,,B:C4,,,46177718,880245325,6.09,-0.09,[13]C6H13[15]NO2,M+H,N/A,N/A,N/A,N/A,139.1191,139.1191,-.2564 (ppm),0,0,N/A,Method,True,False,N/A,N/A,N/A,,,Pass,N/A,N/A,N/A,N/A,Confirmed,N/A,N/A,N/A,N/A,,,,,,,,INF,N/A,711769574.14,,
Isoleucine-13C6-15N,6.18,Target Compound,20240709_QE2_HILIC_BCSCuAOXq2d_AYW1151,22,Processed,T1,8RB,Unknown,,B:C5,,,49944653,972579693,6.07,-0.11,[13]C6H13[15]NO2,M+H,N/A,N/A,N/A,N/A,139.1191,139.1192,.5114 (ppm),0,0,N/A,Method,True,False,N/A,N/A,N/A,,,Pass,N/A,N/A,N/A,N/A,Confirmed,N/A,N/A,N/A,N/A,,,,,,,,INF,N/A,815688220.06,,
Isoleucine-13C6-15N,6.18,Target Compound,20240709_QE2_HILIC_BCSCuAOXq2d_AYW1152,23,Processed,T1,8RB,Unknown,,B:C6,,,27338884,566564462,6.09,-0.09,[13]C6H13[15]NO2,M+H,N/A,N/A,N/A,N/A,139.1191,139.1191,-.1467 (ppm),0,0,N/A,Method,True,False,N/A,N/A,N/A,,,Pass,N/A,N/A,N/A,N/A,Confirmed,N/A,N/A,N/A,N/A,,,,,,,,INF,N/A,815688220.06,,
Isoleucine-13C6-15N,6.18,Target Compound,20240709_QE2_HILIC_BCSCuAOXq2d_AYW1153,24,Processed,T1,8RB,Unknown,,B:C7,,,47963766,907920505,6.06,-0.12,[13]C6H13[15]NO2,M+H,N/A,N/A,N/A,N/A,139.1191,139.1191,-.1467 (ppm),0,0,N/A,Method,True,False,N/A,N/A,N/A,,,Pass,N/A,N/A,N/A,N/A,Confirmed,N/A,N/A,N/A,N/A,,,,,,,,INF,N/A,815688220.06,,
Isoleucine-13C6-15N,6.18,Target Compound,20240709_QE2_HILIC_BCSCuAOXq2d_AYW1154_pool1xa,25,Processed,T1,pool1x,Unknown,,B:C8,,,42387329,771119435,6.08,-0.10,[13]C6H13[15]NO2,M+H,N/A,N/A,N/A,N/A,139.1191,139.1191,.1823 (ppm),0,0,N/A,Method,True,False,N/A,N/A,N/A,,,Pass,N/A,N/A,N/A,N/A,Confirmed,N/A,N/A,N/A,N/A,,,,,,,,INF,N/A,729733196.48,,
Isoleucine-13C6-15N,6.18,Target Compound,20240709_QE2_HILIC_BCSCuAOXq2d_AYW1154_pool1xb,26,Processed,T1,pool1x,Unknown,,B:C8,,,45544993,826550061,6.1,-0.08,[13]C6H13[15]NO2,M+H,N/A,N/A,N/A,N/A,139.1191,139.119,-.6951 (ppm),0,0,N/A,Method,True,False,N/A,N/A,N/A,,,Pass,N/A,N/A,N/A,N/A,Confirmed,N/A,N/A,N/A,N/A,,,,,,,,INF,N/A,729733196.48,,
Isoleucine-13C6-15N,6.18,Target Compound,20240709_QE2_HILIC_BCSCuAOXq2d_AYW1154_pool1xc,27,Processed,T1,pool1x,Unknown,,B:C8,,,39924603,757502473,6.08,-0.10,[13]C6H13[15]NO2,M+H,N/A,N/A,N/A,N/A,139.1191,139.1192,.7307 (ppm),0,0,N/A,Method,True,False,N/A,N/A,N/A,,,Pass,N/A,N/A,N/A,N/A,Confirmed,N/A,N/A,N/A,N/A,,,,,,,,INF,N/A,729733196.48,,
Isoleucine-13C6-15N,6.18,Target Compound,20240709_QE2_HILIC_BCSCuAOXq2d_AYW1154_pool1xd,28,Processed,T1,pool1x,Unknown,,B:C8,,,30319293,563760817,6.09,-0.09,[13]C6H13[15]NO2,M+H,N/A,N/A,N/A,N/A,139.1191,139.1191,-.1467 (ppm),0,0,N/A,Method,True,False,N/A,N/A,N/A,,,Pass,N/A,N/A,N/A,N/A,Confirmed,N/A,N/A,N/A,N/A,,,,,,,,INF,N/A,729733196.48,,
Isoleucine-13C6-15N,6.18,Target Compound,20240709_QE2_HILIC_BCSCuAOXq2d_AYW1155_pool033xa,29,Processed,T1,pool033x,Unknown,,B:C9,,,12760481,252286315,6.05,-0.13,[13]C6H13[15]NO2,M+H,N/A,N/A,N/A,N/A,139.1191,139.1191,.2920 (ppm),0,0,N/A,Method,True,False,N/A,N/A,N/A,,,Pass,N/A,N/A,N/A,N/A,Confirmed,N/A,N/A,N/A,N/A,,,,,,,,INF,N/A,224941101.43,,
Isoleucine-13C6-15N,6.18,Target Compound,20240709_QE2_HILIC_BCSCuAOXq2d_AYW1155_pool033xb,30,Processed,T1,pool033x,Unknown,,B:C9,,,12657402,249934743,6.03,-0.15,[13]C6H13[15]NO2,M+H,N/A,N/A,N/A,N/A,139.1191,139.1191,-.2564 (ppm),0,0,N/A,Method,True,False,N/A,N/A,N/A,,,Pass,N/A,N/A,N/A,N/A,Confirmed,N/A,N/A,N/A,N/A,,,,,,,,INF,N/A,224941101.43,,
Isoleucine-13C6-15N,6.18,Target Compound,20240709_QE2_HILIC_BCSCuAOXq2d_AYW1155_pool033xc,31,Processed,T1,pool033x,Unknown,,B:C9,,,11092850,215974177,6.02,-0.16,[13]C6H13[15]NO2,M+H,N/A,N/A,N/A,N/A,139.1191,139.1192,.6211 (ppm),0,0,N/A,Method,True,False,N/A,N/A,N/A,,,Pass,N/A,N/A,N/A,N/A,Confirmed,N/A,N/A,N/A,N/A,,,,,,,,2459.12,N/A,224941101.43,,
Isoleucine-13C6-15N,6.18,Target Compound,20240709_QE2_HILIC_BCSCuAOXq2d_AYW1155_pool033xd,32,Processed,T1,pool033x,Unknown,,B:C9,,,9088680,181569170,5.97,-0.21,[13]C6H13[15]NO2,M+H,N/A,N/A,N/A,N/A,139.1191,139.1192,.6211 (ppm),0,0,N/A,Method,True,False,N/A,N/A,N/A,,,Pass,N/A,N/A,N/A,N/A,Confirmed,N/A,N/A,N/A,N/A,,,,,,,,INF,N/A,224941101.43,,
Isoleucine-13C6-15N,6.18,Target Compound,20240709_QE2_HILIC_BCSCuAOXq2d_AYW1156_pool01xa,33,Processed,T1,pool01x,Unknown,,B:D1,,,6088072,81611054,6.09,-0.09,[13]C6H13[15]NO2,M+H,N/A,N/A,N/A,N/A,139.1191,139.1192,.8404 (ppm),0,0,N/A,Method,True,False,N/A,N/A,N/A,,,Pass,N/A,N/A,N/A,N/A,Confirmed,N/A,N/A,N/A,N/A,,,,,,,,INF,N/A,79394784.90,,
Isoleucine-13C6-15N,6.18,Target Compound,20240709_QE2_HILIC_BCSCuAOXq2d_AYW1156_pool01xb,34,Processed,T1,pool01x,Unknown,,B:D1,,,6411127,93870484,6.11,-0.07,[13]C6H13[15]NO2,M+H,N/A,N/A,N/A,N/A,139.1191,139.1191,-.0370 (ppm),0,0,N/A,Method,True,False,N/A,N/A,N/A,,,Pass,N/A,N/A,N/A,N/A,Confirmed,N/A,N/A,N/A,N/A,,,,,,,,INF,N/A,79394784.90,,
Isoleucine-13C6-15N,6.18,Target Compound,20240709_QE2_HILIC_BCSCuAOXq2d_AYW1156_pool01xc,35,Processed,T1,pool01x,Unknown,,B:D1,,,5751841,81268053,6.06,-0.12,[13]C6H13[15]NO2,M+H,N/A,N/A,N/A,N/A,139.1191,139.1192,.7307 (ppm),0,0,N/A,Method,True,False,N/A,N/A,N/A,,,Pass,N/A,N/A,N/A,N/A,Confirmed,N/A,N/A,N/A,N/A,,,,,,,,INF,N/A,79394784.90,,
Isoleucine-13C6-15N,6.18,Target Compound,20240709_QE2_HILIC_BCSCuAOXq2d_AYW1156_pool01xd,36,Processed,T1,pool01x,Unknown,,B:D1,,,4250272,60829548,6.04,-0.14,[13]C6H13[15]NO2,M+H,N/A,N/A,N/A,N/A,139.1191,139.1191,.2920 (ppm),0,0,N/A,Method,True,False,N/A,N/A,N/A,,,Pass,N/A,N/A,N/A,N/A,Confirmed,N/A,N/A,N/A,N/A,,,,,,,,INF,N/A,79394784.90,,
Isoleucine-13C6-15N,6.18,Target Compound,20240709_QE2_HILIC_BCSCuAOXq2d_blank1,37,Processed,T1,,Unknown,,B:A1,,,27871,113554,5.86,-0.32,[13]C6H13[15]NO2,M+H,N/A,N/A,N/A,N/A,139.1191,139.1189,-1.2435 (ppm),0,0,N/A,Method,True,False,N/A,N/A,N/A,,,Pass,N/A,N/A,N/A,N/A,Confirmed,N/A,N/A,N/A,N/A,,,,,,,,INF,N/A,52051.34,,
Isoleucine-13C6-15N,6.18,Target Compound,20240709_QE2_HILIC_BCSCuAOXq2d_blank1_20240710111342,38,Processed,T1,,Unknown,,B:A1,,,N/F,N/F,N/F,N/F,[13]C6H13[15]NO2,N/A,N/F,N/A,N/F,N/A,139.1191,N/F,N/F,N/F,0,N/A,Method,True,False,N/A,N/A,N/A,,,Fail,N/A,N/A,N/A,N/A,NotFound,N/A,N/A,N/A,N/A,,,,,,,,N/A,N/A,52051.34,,
Isoleucine-13C6-15N,6.18,Target Compound,20240709_QE2_HILIC_BCSCuAOXq2d_blank1_20240710231833,39,Processed,T1,,Unknown,,B:A1,,,N/F,N/F,N/F,N/F,[13]C6H13[15]NO2,N/A,N/F,N/A,N/F,N/A,139.1191,N/F,N/F,N/F,0,N/A,Method,True,False,N/A,N/A,N/A,,,Fail,N/A,N/A,N/A,N/A,NotFound,N/A,N/A,N/A,N/A,,,,,,,,N/A,N/A,52051.34,,
Isoleucine-13C6-15N,6.18,Target Compound,20240709_QE2_HILIC_BCSCuAOXq2d_blank2,40,Processed,T1,,Unknown,,B:A1,,,26424,103757,5.91,-0.27,[13]C6H13[15]NO2,M+H,N/A,N/A,N/A,N/A,139.1191,139.1192,.7307 (ppm),0,0,N/A,Method,True,False,N/A,N/A,N/A,,,Pass,N/A,N/A,N/A,N/A,Confirmed,N/A,N/A,N/A,N/A,,,,,,,,INF,N/A,52051.34,,
Isoleucine-13C6-15N,6.18,Target Compound,20240709_QE2_HILIC_BCSCuAOXq2d_blank2_20240710115054,41,Processed,T1,,Unknown,,B:A1,,,12401,44186,6,-0.18,[13]C6H13[15]NO2,M+H,N/A,N/A,N/A,N/A,139.1191,139.1191,-.1467 (ppm),0,0,N/A,Method,True,False,N/A,N/A,N/A,,,Pass,N/A,N/A,N/A,N/A,Confirmed,N/A,N/A,N/A,N/A,,,,,,,,INF,N/A,52051.34,,
Isoleucine-13C6-15N,6.18,Target Compound,20240709_QE2_HILIC_BCSCuAOXq2d_blank2_20240710235116,42,Processed,T1,,Unknown,,B:A1,,,17940,50811,6.06,-0.12,[13]C6H13[15]NO2,M+H,N/A,N/A,N/A,N/A,139.1191,139.1192,.6211 (ppm),0,0,N/A,Method,True,False,N/A,N/A,N/A,,,Pass,N/A,N/A,N/A,N/A,Confirmed,N/A,N/A,N/A,N/A,,,,,,,,INF,N/A,52051.34,,
