﻿Compound,RT,Type,Filename,Batch Order,Status,Peak Label,Group,Sample Type,Level,Sample ID,Sample Name,Comments,Height,Area,Actual RT,RT Delta,Formula,Adduct,Calculated Amt,Theoretical Amt,Sample Amt,Std Add Amount,m/z (Expected),m/z (Apex),m/z (Delta),Response Ratio,ISTD Amt,ISTD Response,Integration Mode,Active,Excluded,%Diff,%RSD,% CV,Channel,Final Units,PK,IR,IP,LS,FI,Confirm,Isotopic Pattern Score (%),Num Isotopes Matched,Lib Match Name,Library Score (%),Library Match Rank,SI/Dot Product,RSI/Rev Dot,Modification,Protein Name,Peptide Sequence,Ion Type,S/N,Ion Ratio,Group Average,Relative RT,Flag Details
N-acetylmethionine,3.1,Target Compound,20240709_QE2_HILIC_BCSCuAOXq2d_AYW1130,1,Processed,T1,1V,Unknown,,B:A2,,,56176,1320754,2.92,-0.18,C7H13NO3S,M+H,N/A,N/A,N/A,N/A,192.0689,192.0694,2.6669 (ppm),0,0,N/A,Method,True,False,N/A,N/A,N/A,,,Pass,N/A,N/A,N/A,N/A,Confirmed,N/A,N/A,N/A,N/A,,,,,,,,INF,N/A,1321057.49,,
N-acetylmethionine,3.1,Target Compound,20240709_QE2_HILIC_BCSCuAOXq2d_AYW1131,2,Processed,T1,1V,Unknown,,B:A3,,,79492,1655983,2.91,-0.19,C7H13NO3S,M+H,N/A,N/A,N/A,N/A,192.0689,192.0691,1.1575 (ppm),0,0,N/A,Method,True,False,N/A,N/A,N/A,,,Pass,N/A,N/A,N/A,N/A,Confirmed,N/A,N/A,N/A,N/A,,,,,,,,INF,N/A,1321057.49,,
N-acetylmethionine,3.1,Target Compound,20240709_QE2_HILIC_BCSCuAOXq2d_AYW1132,3,Processed,T1,1V,Unknown,,B:A4,,,54641,986435,2.96,-0.14,C7H13NO3S,M+H,N/A,N/A,N/A,N/A,192.0689,192.0692,1.6341 (ppm),0,0,N/A,Method,True,False,N/A,N/A,N/A,,,Pass,N/A,N/A,N/A,N/A,Confirmed,N/A,N/A,N/A,N/A,,,,,,,,INF,N/A,1321057.49,,
N-acetylmethionine,3.1,Target Compound,20240709_QE2_HILIC_BCSCuAOXq2d_AYW1133,4,Processed,T1,2B,Unknown,,B:A5,,,58487,1322934,2.96,-0.14,C7H13NO3S,M+H,N/A,N/A,N/A,N/A,192.0689,192.0693,2.0314 (ppm),0,0,N/A,Method,True,False,N/A,N/A,N/A,,,Pass,N/A,N/A,N/A,N/A,Confirmed,N/A,N/A,N/A,N/A,,,,,,,,INF,N/A,2773184.70,,
N-acetylmethionine,3.1,Target Compound,20240709_QE2_HILIC_BCSCuAOXq2d_AYW1134,5,Processed,T1,2B,Unknown,,B:A6,,,144473,3428907,2.86,-0.24,C7H13NO3S,M+H,N/A,N/A,N/A,N/A,192.0689,192.0692,1.7930 (ppm),0,0,N/A,Method,True,False,N/A,N/A,N/A,,,Pass,N/A,N/A,N/A,N/A,Confirmed,N/A,N/A,N/A,N/A,,,,,,,,INF,N/A,2773184.70,,
N-acetylmethionine,3.1,Target Compound,20240709_QE2_HILIC_BCSCuAOXq2d_AYW1135,6,Processed,T1,2B,Unknown,,B:A7,,,156665,3567713,2.92,-0.18,C7H13NO3S,M+H,N/A,N/A,N/A,N/A,192.0689,192.0692,1.6341 (ppm),0,0,N/A,Method,True,False,N/A,N/A,N/A,,,Pass,N/A,N/A,N/A,N/A,Confirmed,N/A,N/A,N/A,N/A,,,,,,,,INF,N/A,2773184.70,,
N-acetylmethionine,3.1,Target Compound,20240709_QE2_HILIC_BCSCuAOXq2d_AYW1136,7,Processed,T1,3C,Unknown,,B:A8,,,109082,2253865,2.92,-0.18,C7H13NO3S,M+H,N/A,N/A,N/A,N/A,192.0689,192.0692,1.5547 (ppm),0,0,N/A,Method,True,False,N/A,N/A,N/A,,,Pass,N/A,N/A,N/A,N/A,Confirmed,N/A,N/A,N/A,N/A,,,,,,,,INF,N/A,1877288.78,,
N-acetylmethionine,3.1,Target Compound,20240709_QE2_HILIC_BCSCuAOXq2d_AYW1137,8,Processed,T1,3C,Unknown,,B:A9,,,115957,2243688,2.94,-0.16,C7H13NO3S,M+H,N/A,N/A,N/A,N/A,192.0689,192.0692,1.3958 (ppm),0,0,N/A,Method,True,False,N/A,N/A,N/A,,,Pass,N/A,N/A,N/A,N/A,Confirmed,N/A,N/A,N/A,N/A,,,,,,,,INF,N/A,1877288.78,,
N-acetylmethionine,3.1,Target Compound,20240709_QE2_HILIC_BCSCuAOXq2d_AYW1138,9,Processed,T1,3C,Unknown,,B:B1,,,57486,1134314,2.96,-0.14,C7H13NO3S,M+H,N/A,N/A,N/A,N/A,192.0689,192.069,.5219 (ppm),0,0,N/A,Method,True,False,N/A,N/A,N/A,,,Pass,N/A,N/A,N/A,N/A,Confirmed,N/A,N/A,N/A,N/A,,,,,,,,INF,N/A,1877288.78,,
N-acetylmethionine,3.1,Target Compound,20240709_QE2_HILIC_BCSCuAOXq2d_AYW1139,10,Processed,T1,4BC,Unknown,,B:B2,,,145971,3066856,2.95,-0.15,C7H13NO3S,M+H,N/A,N/A,N/A,N/A,192.0689,192.0694,2.5875 (ppm),0,0,N/A,Method,True,False,N/A,N/A,N/A,,,Pass,N/A,N/A,N/A,N/A,Confirmed,N/A,N/A,N/A,N/A,,,,,,,,INF,N/A,2517904.31,N/A,
N-acetylmethionine,3.1,Target Compound,20240709_QE2_HILIC_BCSCuAOXq2d_AYW1140,11,Processed,T1,4BC,Unknown,,B:B3,,,132385,2693664,2.94,-0.16,C7H13NO3S,M+H,N/A,N/A,N/A,N/A,192.0689,192.0691,.9191 (ppm),0,0,N/A,Method,True,False,N/A,N/A,N/A,,,Pass,N/A,N/A,N/A,N/A,Confirmed,N/A,N/A,N/A,N/A,,,,,,,,INF,N/A,2517904.31,,
N-acetylmethionine,3.1,Target Compound,20240709_QE2_HILIC_BCSCuAOXq2d_AYW1141,12,Processed,T1,4BC,Unknown,,B:B4,,,92588,1793193,2.96,-0.14,C7H13NO3S,M+H,N/A,N/A,N/A,N/A,192.0689,192.0692,1.5547 (ppm),0,0,N/A,Method,True,False,N/A,N/A,N/A,,,Pass,N/A,N/A,N/A,N/A,Confirmed,N/A,N/A,N/A,N/A,,,,,,,,INF,N/A,2517904.31,,
N-acetylmethionine,3.1,Target Compound,20240709_QE2_HILIC_BCSCuAOXq2d_AYW1142,13,Processed,T1,5RV,Unknown,,B:B5,,,65665,1518900,2.93,-0.17,C7H13NO3S,M+H,N/A,N/A,N/A,N/A,192.0689,192.0692,1.4752 (ppm),0,0,N/A,Method,True,False,N/A,N/A,N/A,,,Pass,N/A,N/A,N/A,N/A,Confirmed,N/A,N/A,N/A,N/A,,,,,,,,INF,N/A,1816046.83,N/A,
N-acetylmethionine,3.1,Target Compound,20240709_QE2_HILIC_BCSCuAOXq2d_AYW1143,14,Processed,T1,5RV,Unknown,,B:B6,,,90964,1873608,2.94,-0.16,C7H13NO3S,M+H,N/A,N/A,N/A,N/A,192.0689,192.0692,1.7136 (ppm),0,0,N/A,Method,True,False,N/A,N/A,N/A,,,Pass,N/A,N/A,N/A,N/A,Confirmed,N/A,N/A,N/A,N/A,,,,,,,,INF,N/A,1816046.83,,
N-acetylmethionine,3.1,Target Compound,20240709_QE2_HILIC_BCSCuAOXq2d_AYW1144,15,Processed,T1,5RV,Unknown,,B:B7,,,100452,2055632,2.96,-0.14,C7H13NO3S,M+H,N/A,N/A,N/A,N/A,192.0689,192.0693,2.1902 (ppm),0,0,N/A,Method,True,False,N/A,N/A,N/A,,,Pass,N/A,N/A,N/A,N/A,Confirmed,N/A,N/A,N/A,N/A,,,,,,,,INF,N/A,1816046.83,,
N-acetylmethionine,3.1,Target Compound,20240709_QE2_HILIC_BCSCuAOXq2d_AYW1145,16,Processed,T1,6RB,Unknown,,B:B8,,,104292,2459309,2.93,-0.17,C7H13NO3S,M+H,N/A,N/A,N/A,N/A,192.0689,192.0692,1.3958 (ppm),0,0,N/A,Method,True,False,N/A,N/A,N/A,,,Pass,N/A,N/A,N/A,N/A,Confirmed,N/A,N/A,N/A,N/A,,,,,,,,INF,N/A,2064420.05,,
N-acetylmethionine,3.1,Target Compound,20240709_QE2_HILIC_BCSCuAOXq2d_AYW1146,17,Processed,T1,6RB,Unknown,,B:B9,,,95453,2078902,2.94,-0.16,C7H13NO3S,M+H,N/A,N/A,N/A,N/A,192.0689,192.0692,1.3164 (ppm),0,0,N/A,Method,True,False,N/A,N/A,N/A,,,Pass,N/A,N/A,N/A,N/A,Confirmed,N/A,N/A,N/A,N/A,,,,,,,,INF,N/A,2064420.05,,
N-acetylmethionine,3.1,Target Compound,20240709_QE2_HILIC_BCSCuAOXq2d_AYW1147,18,Processed,T1,6RB,Unknown,,B:C1,,,82568,1655049,2.91,-0.19,C7H13NO3S,M+H,N/A,N/A,N/A,N/A,192.0689,192.0692,1.7930 (ppm),0,0,N/A,Method,True,False,N/A,N/A,N/A,,,Pass,N/A,N/A,N/A,N/A,Confirmed,N/A,N/A,N/A,N/A,,,,,,,,INF,N/A,2064420.05,,
N-acetylmethionine,3.1,Target Compound,20240709_QE2_HILIC_BCSCuAOXq2d_AYW1148,19,Processed,T1,7RV,Unknown,,B:C2,,,137985,2865524,2.95,-0.15,C7H13NO3S,M+H,N/A,N/A,N/A,N/A,192.0689,192.0692,1.5547 (ppm),0,0,N/A,Method,True,False,N/A,N/A,N/A,,,Pass,N/A,N/A,N/A,N/A,Confirmed,N/A,N/A,N/A,N/A,,,,,,,,INF,N/A,2134480.51,,
N-acetylmethionine,3.1,Target Compound,20240709_QE2_HILIC_BCSCuAOXq2d_AYW1149,20,Processed,T1,7RV,Unknown,,B:C3,,,101498,2120112,2.92,-0.18,C7H13NO3S,M+H,N/A,N/A,N/A,N/A,192.0689,192.0692,1.7136 (ppm),0,0,N/A,Method,True,False,N/A,N/A,N/A,,,Pass,N/A,N/A,N/A,N/A,Confirmed,N/A,N/A,N/A,N/A,,,,,,,,INF,N/A,2134480.51,,
N-acetylmethionine,3.1,Target Compound,20240709_QE2_HILIC_BCSCuAOXq2d_AYW1150,21,Processed,T1,7RV,Unknown,,B:C4,,,90878,1417806,2.94,-0.16,C7H13NO3S,M+H,N/A,N/A,N/A,N/A,192.0689,192.0694,2.4286 (ppm),0,0,N/A,Method,True,False,N/A,N/A,N/A,,,Pass,N/A,N/A,N/A,N/A,Confirmed,N/A,N/A,N/A,N/A,,,,,,,,INF,N/A,2134480.51,,
N-acetylmethionine,3.1,Target Compound,20240709_QE2_HILIC_BCSCuAOXq2d_AYW1151,22,Processed,T1,8RB,Unknown,,B:C5,,,86590,1651361,2.95,-0.15,C7H13NO3S,M+H,N/A,N/A,N/A,N/A,192.0689,192.0693,2.1902 (ppm),0,0,N/A,Method,True,False,N/A,N/A,N/A,,,Pass,N/A,N/A,N/A,N/A,Confirmed,N/A,N/A,N/A,N/A,,,,,,,,INF,N/A,3058049.39,,
N-acetylmethionine,3.1,Target Compound,20240709_QE2_HILIC_BCSCuAOXq2d_AYW1152,23,Processed,T1,8RB,Unknown,,B:C6,,,179047,3558324,2.94,-0.16,C7H13NO3S,M+H,N/A,N/A,N/A,N/A,192.0689,192.0691,1.1575 (ppm),0,0,N/A,Method,True,False,N/A,N/A,N/A,,,Pass,N/A,N/A,N/A,N/A,Confirmed,N/A,N/A,N/A,N/A,,,,,,,,INF,N/A,3058049.39,,
N-acetylmethionine,3.1,Target Compound,20240709_QE2_HILIC_BCSCuAOXq2d_AYW1153,24,Processed,T1,8RB,Unknown,,B:C7,,,201552,3964464,2.94,-0.16,C7H13NO3S,M+H,N/A,N/A,N/A,N/A,192.0689,192.0691,1.0780 (ppm),0,0,N/A,Method,True,False,N/A,N/A,N/A,,,Pass,N/A,N/A,N/A,N/A,Confirmed,N/A,N/A,N/A,N/A,,,,,,,,INF,N/A,3058049.39,,
N-acetylmethionine,3.1,Target Compound,20240709_QE2_HILIC_BCSCuAOXq2d_AYW1154_pool1xa,25,Processed,T1,pool1x,Unknown,,B:C8,,,111519,2525823,2.86,-0.24,C7H13NO3S,M+H,N/A,N/A,N/A,N/A,192.0689,192.0692,1.6341 (ppm),0,0,N/A,Method,True,False,N/A,N/A,N/A,,,Pass,N/A,N/A,N/A,N/A,Confirmed,N/A,N/A,N/A,N/A,,,,,,,,INF,N/A,2370096.83,,
N-acetylmethionine,3.1,Target Compound,20240709_QE2_HILIC_BCSCuAOXq2d_AYW1154_pool1xb,26,Processed,T1,pool1x,Unknown,,B:C8,,,85193,1911739,2.95,-0.15,C7H13NO3S,M+H,N/A,N/A,N/A,N/A,192.0689,192.0691,.9191 (ppm),0,0,N/A,Method,True,False,N/A,N/A,N/A,,,Pass,N/A,N/A,N/A,N/A,Confirmed,N/A,N/A,N/A,N/A,,,,,,,,INF,N/A,2370096.83,,
N-acetylmethionine,3.1,Target Compound,20240709_QE2_HILIC_BCSCuAOXq2d_AYW1154_pool1xc,27,Processed,T1,pool1x,Unknown,,B:C8,,,81013,1570586,2.93,-0.17,C7H13NO3S,M+H,N/A,N/A,N/A,N/A,192.0689,192.069,.7603 (ppm),0,0,N/A,Method,True,False,N/A,N/A,N/A,,,Pass,N/A,N/A,N/A,N/A,Confirmed,N/A,N/A,N/A,N/A,,,,,,,,INF,N/A,2370096.83,,
N-acetylmethionine,3.1,Target Compound,20240709_QE2_HILIC_BCSCuAOXq2d_AYW1154_pool1xd,28,Processed,T1,pool1x,Unknown,,B:C8,,,181606,3472239,2.92,-0.18,C7H13NO3S,M+H,N/A,N/A,N/A,N/A,192.0689,192.0691,1.0780 (ppm),0,0,N/A,Method,True,False,N/A,N/A,N/A,,,Pass,N/A,N/A,N/A,N/A,Confirmed,N/A,N/A,N/A,N/A,,,,,,,,INF,N/A,2370096.83,,
N-acetylmethionine,3.1,Target Compound,20240709_QE2_HILIC_BCSCuAOXq2d_AYW1155_pool033xa,29,Processed,T1,pool033x,Unknown,,B:C9,,,74321,1335553,2.92,-0.18,C7H13NO3S,M+H,N/A,N/A,N/A,N/A,192.0689,192.069,.3630 (ppm),0,0,N/A,Method,True,False,N/A,N/A,N/A,,,Pass,N/A,N/A,N/A,N/A,Confirmed,N/A,N/A,N/A,N/A,,,,,,,,INF,N/A,843501.82,,
N-acetylmethionine,3.1,Target Compound,20240709_QE2_HILIC_BCSCuAOXq2d_AYW1155_pool033xb,30,Processed,T1,pool033x,Unknown,,B:C9,,,41378,739458,2.93,-0.17,C7H13NO3S,M+H,N/A,N/A,N/A,N/A,192.0689,192.0693,1.9519 (ppm),0,0,N/A,Method,True,False,N/A,N/A,N/A,,,Pass,N/A,N/A,N/A,N/A,Confirmed,N/A,N/A,N/A,N/A,,,,,,,,INF,N/A,843501.82,,
N-acetylmethionine,3.1,Target Compound,20240709_QE2_HILIC_BCSCuAOXq2d_AYW1155_pool033xc,31,Processed,T1,pool033x,Unknown,,B:C9,,,19509,298404,2.92,-0.18,C7H13NO3S,M+H,N/A,N/A,N/A,N/A,192.0689,192.0692,1.3958 (ppm),0,0,N/A,Method,True,False,N/A,N/A,N/A,,,Pass,N/A,N/A,N/A,N/A,Confirmed,N/A,N/A,N/A,N/A,,,,,,,,INF,N/A,843501.82,,
N-acetylmethionine,3.1,Target Compound,20240709_QE2_HILIC_BCSCuAOXq2d_AYW1155_pool033xd,32,Processed,T1,pool033x,Unknown,,B:C9,,,47100,1000593,2.96,-0.14,C7H13NO3S,M+H,N/A,N/A,N/A,N/A,192.0689,192.0693,2.1902 (ppm),0,0,N/A,Method,True,False,N/A,N/A,N/A,,,Pass,N/A,N/A,N/A,N/A,Confirmed,N/A,N/A,N/A,N/A,,,,,,,,INF,N/A,843501.82,,
N-acetylmethionine,3.1,Target Compound,20240709_QE2_HILIC_BCSCuAOXq2d_AYW1156_pool01xa,33,Processed,T1,pool01x,Unknown,,B:D1,,,26103,211071,2.93,-0.17,C7H13NO3S,M+H,N/A,N/A,N/A,N/A,192.0689,192.0691,.9191 (ppm),0,0,N/A,Method,True,False,N/A,N/A,N/A,,,Pass,N/A,N/A,N/A,N/A,Confirmed,N/A,N/A,N/A,N/A,,,,,,,,INF,N/A,112434.92,,
N-acetylmethionine,3.1,Target Compound,20240709_QE2_HILIC_BCSCuAOXq2d_AYW1156_pool01xb,34,Processed,T1,pool01x,Unknown,,B:D1,,,5850,18132,3.01,-0.09,C7H13NO3S,M+H,N/A,N/A,N/A,N/A,192.0689,192.069,.6808 (ppm),0,0,N/A,Method,True,False,N/A,N/A,N/A,,,Pass,N/A,N/A,N/A,N/A,Confirmed,N/A,N/A,N/A,N/A,,,,,,,,INF,N/A,112434.92,,
N-acetylmethionine,3.1,Target Compound,20240709_QE2_HILIC_BCSCuAOXq2d_AYW1156_pool01xc,35,Processed,T1,pool01x,Unknown,,B:D1,,,7137,46662,2.8,-0.30,C7H13NO3S,M+H,N/A,N/A,N/A,N/A,192.0689,192.07,5.6858 (ppm),0,0,N/A,Method,True,False,N/A,N/A,N/A,,,Pass,N/A,N/A,N/A,N/A,Confirmed,N/A,N/A,N/A,N/A,,,,,,,,INF,N/A,112434.92,,
N-acetylmethionine,3.1,Target Compound,20240709_QE2_HILIC_BCSCuAOXq2d_AYW1156_pool01xd,36,Processed,T1,pool01x,Unknown,,B:D1,,,19167,173874,2.95,-0.15,C7H13NO3S,M+H,N/A,N/A,N/A,N/A,192.0689,192.0691,.9191 (ppm),0,0,N/A,Method,True,False,N/A,N/A,N/A,,,Pass,N/A,N/A,N/A,N/A,Confirmed,N/A,N/A,N/A,N/A,,,,,,,,INF,N/A,112434.92,,
N-acetylmethionine,3.1,Target Compound,20240709_QE2_HILIC_BCSCuAOXq2d_blank1,37,Processed,T1,,Unknown,,B:A1,,,N/F,N/F,N/F,N/F,C7H13NO3S,N/A,N/F,N/A,N/F,N/A,192.0689,N/F,N/F,N/F,0,N/A,Method,True,False,N/A,N/A,N/A,,,Fail,N/A,N/A,N/A,N/A,NotFound,N/A,N/A,N/A,N/A,,,,,,,,N/A,N/A,1.00,,
N-acetylmethionine,3.1,Target Compound,20240709_QE2_HILIC_BCSCuAOXq2d_blank1_20240710111342,38,Processed,T1,,Unknown,,B:A1,,,N/F,N/F,N/F,N/F,C7H13NO3S,N/A,N/F,N/A,N/F,N/A,192.0689,N/F,N/F,N/F,0,N/A,Method,True,False,N/A,N/A,N/A,,,Fail,N/A,N/A,N/A,N/A,NotFound,N/A,N/A,N/A,N/A,,,,,,,,N/A,N/A,1.00,,
N-acetylmethionine,3.1,Target Compound,20240709_QE2_HILIC_BCSCuAOXq2d_blank1_20240710231833,39,Processed,T1,,Unknown,,B:A1,,,N/F,N/F,N/F,N/F,C7H13NO3S,N/A,N/F,N/A,N/F,N/A,192.0689,N/F,N/F,N/F,0,N/A,Method,True,False,N/A,N/A,N/A,,,Fail,N/A,N/A,N/A,N/A,NotFound,N/A,N/A,N/A,N/A,,,,,,,,N/A,N/A,1.00,,
N-acetylmethionine,3.1,Target Compound,20240709_QE2_HILIC_BCSCuAOXq2d_blank2,40,Processed,T1,,Unknown,,B:A1,,,N/F,N/F,N/F,N/F,C7H13NO3S,N/A,N/F,N/A,N/F,N/A,192.0689,N/F,N/F,N/F,0,N/A,Method,True,False,N/A,N/A,N/A,,,Fail,N/A,N/A,N/A,N/A,NotFound,N/A,N/A,N/A,N/A,,,,,,,,N/A,N/A,1.00,,
N-acetylmethionine,3.1,Target Compound,20240709_QE2_HILIC_BCSCuAOXq2d_blank2_20240710115054,41,Processed,T1,,Unknown,,B:A1,,,N/F,N/F,N/F,N/F,C7H13NO3S,N/A,N/F,N/A,N/F,N/A,192.0689,N/F,N/F,N/F,0,N/A,Method,True,False,N/A,N/A,N/A,,,Fail,N/A,N/A,N/A,N/A,NotFound,N/A,N/A,N/A,N/A,,,,,,,,N/A,N/A,1.00,,
N-acetylmethionine,3.1,Target Compound,20240709_QE2_HILIC_BCSCuAOXq2d_blank2_20240710235116,42,Processed,T1,,Unknown,,B:A1,,,N/F,N/F,N/F,N/F,C7H13NO3S,N/A,N/F,N/A,N/F,N/A,192.0689,N/F,N/F,N/F,0,N/A,Method,True,False,N/A,N/A,N/A,,,Fail,N/A,N/A,N/A,N/A,NotFound,N/A,N/A,N/A,N/A,,,,,,,,N/A,N/A,1.00,,
