﻿Compound,RT,Type,Filename,Batch Order,Status,Peak Label,Group,Sample Type,Level,Sample ID,Sample Name,Comments,Height,Area,Actual RT,RT Delta,Formula,Adduct,Calculated Amt,Theoretical Amt,Sample Amt,Std Add Amount,m/z (Expected),m/z (Apex),m/z (Delta),Response Ratio,ISTD Amt,ISTD Response,Integration Mode,Active,Excluded,%Diff,%RSD,% CV,Channel,Final Units,PK,IR,IP,LS,FI,Confirm,Isotopic Pattern Score (%),Num Isotopes Matched,Lib Match Name,Library Score (%),Library Match Rank,SI/Dot Product,RSI/Rev Dot,Modification,Protein Name,Peptide Sequence,Ion Type,S/N,Ion Ratio,Group Average,Relative RT,Flag Details
malate,11.01,Target Compound,20240709_QE2_HILIC_BCSCuAOXq2d_AYW1130,1,Processed,T1,1V,Unknown,,B:A2,,,121372617,1273360201,10.79,-0.22,C4H6O5,M-H,N/A,N/A,N/A,N/A,133.0143,133.0143,.0958 (ppm),0,0,N/A,Method,True,False,N/A,N/A,N/A,,,Pass,N/A,N/A,N/A,N/A,Confirmed,N/A,N/A,N/A,N/A,,,,,,,,3445.13,N/A,1105584496.12,,
malate,11.01,Target Compound,20240709_QE2_HILIC_BCSCuAOXq2d_AYW1131,2,Processed,T1,1V,Unknown,,B:A3,,,95410982,1153468580,10.81,-0.20,C4H6O5,M-H,N/A,N/A,N/A,N/A,133.0143,133.0143,.3252 (ppm),0,0,N/A,Method,True,False,N/A,N/A,N/A,,,Pass,N/A,N/A,N/A,N/A,Confirmed,N/A,N/A,N/A,N/A,,,,,,,,2350.79,N/A,1105584496.12,,
malate,11.01,Target Compound,20240709_QE2_HILIC_BCSCuAOXq2d_AYW1132,3,Processed,T1,1V,Unknown,,B:A4,,,77125607,889924708,10.78,-0.23,C4H6O5,M-H,N/A,N/A,N/A,N/A,133.0143,133.0144,.5547 (ppm),0,0,N/A,Method,True,False,N/A,N/A,N/A,,,Pass,N/A,N/A,N/A,N/A,Confirmed,N/A,N/A,N/A,N/A,,,,,,,,2801.24,N/A,1105584496.12,,
malate,11.01,Target Compound,20240709_QE2_HILIC_BCSCuAOXq2d_AYW1133,4,Processed,T1,2B,Unknown,,B:A5,,,100957466,1193953879,10.79,-0.22,C4H6O5,M-H,N/A,N/A,N/A,N/A,133.0143,133.0144,.5547 (ppm),0,0,N/A,Method,True,False,N/A,N/A,N/A,,,Pass,N/A,N/A,N/A,N/A,Confirmed,N/A,N/A,N/A,N/A,,,,,,,,3491.31,N/A,1796005418.16,,
malate,11.01,Target Compound,20240709_QE2_HILIC_BCSCuAOXq2d_AYW1134,5,Processed,T1,2B,Unknown,,B:A6,,,175172557,2072573749,10.81,-0.20,C4H6O5,M-H,N/A,N/A,N/A,N/A,133.0143,133.0143,.3252 (ppm),0,0,N/A,Method,True,False,N/A,N/A,N/A,,,Pass,N/A,N/A,N/A,N/A,Confirmed,N/A,N/A,N/A,N/A,,,,,,,,5303.52,N/A,1796005418.16,,
malate,11.01,Target Compound,20240709_QE2_HILIC_BCSCuAOXq2d_AYW1135,6,Processed,T1,2B,Unknown,,B:A7,,,192998120,2121488627,10.79,-0.22,C4H6O5,M-H,N/A,N/A,N/A,N/A,133.0143,133.0143,.2105 (ppm),0,0,N/A,Method,True,False,N/A,N/A,N/A,,,Pass,N/A,N/A,N/A,N/A,Confirmed,N/A,N/A,N/A,N/A,,,,,,,,4772.68,N/A,1796005418.16,,
malate,11.01,Target Compound,20240709_QE2_HILIC_BCSCuAOXq2d_AYW1136,7,Processed,T1,3C,Unknown,,B:A8,,,128072462,1481756213,10.8,-0.21,C4H6O5,M-H,N/A,N/A,N/A,N/A,133.0143,133.0143,.2105 (ppm),0,0,N/A,Method,True,False,N/A,N/A,N/A,,,Pass,N/A,N/A,N/A,N/A,Confirmed,N/A,N/A,N/A,N/A,,,,,,,,3236.01,N/A,1168726101.06,,
malate,11.01,Target Compound,20240709_QE2_HILIC_BCSCuAOXq2d_AYW1137,8,Processed,T1,3C,Unknown,,B:A9,,,121564984,1381596802,10.81,-0.20,C4H6O5,M-H,N/A,N/A,N/A,N/A,133.0143,133.0143,-.1336 (ppm),0,0,N/A,Method,True,False,N/A,N/A,N/A,,,Pass,N/A,N/A,N/A,N/A,Confirmed,N/A,N/A,N/A,N/A,,,,,,,,2936.28,N/A,1168726101.06,,
malate,11.01,Target Compound,20240709_QE2_HILIC_BCSCuAOXq2d_AYW1138,9,Processed,T1,3C,Unknown,,B:B1,,,53967878,642825288,10.78,-0.23,C4H6O5,M-H,N/A,N/A,N/A,N/A,133.0143,133.0144,.4400 (ppm),0,0,N/A,Method,True,False,N/A,N/A,N/A,,,Pass,N/A,N/A,N/A,N/A,Confirmed,N/A,N/A,N/A,N/A,,,,,,,,2258.78,N/A,1168726101.06,,
malate,11.01,Target Compound,20240709_QE2_HILIC_BCSCuAOXq2d_AYW1139,10,Processed,T1,4BC,Unknown,,B:B2,,,90499133,1119700784,10.77,-0.24,C4H6O5,M-H,N/A,N/A,N/A,N/A,133.0143,133.0144,.5547 (ppm),0,0,N/A,Method,True,False,N/A,N/A,N/A,,,Pass,N/A,N/A,N/A,N/A,Confirmed,N/A,N/A,N/A,N/A,,,,,,,,2459.96,N/A,1220176995.74,N/A,
malate,11.01,Target Compound,20240709_QE2_HILIC_BCSCuAOXq2d_AYW1140,11,Processed,T1,4BC,Unknown,,B:B3,,,111989337,1233533210,10.79,-0.22,C4H6O5,M-H,N/A,N/A,N/A,N/A,133.0143,133.0143,-.0189 (ppm),0,0,N/A,Method,True,False,N/A,N/A,N/A,,,Pass,N/A,N/A,N/A,N/A,Confirmed,N/A,N/A,N/A,N/A,,,,,,,,3082.32,N/A,1220176995.74,,
malate,11.01,Target Compound,20240709_QE2_HILIC_BCSCuAOXq2d_AYW1141,12,Processed,T1,4BC,Unknown,,B:B4,,,110386576,1307296994,10.8,-0.21,C4H6O5,M-H,N/A,N/A,N/A,N/A,133.0143,133.0143,.2105 (ppm),0,0,N/A,Method,True,False,N/A,N/A,N/A,,,Pass,N/A,N/A,N/A,N/A,Confirmed,N/A,N/A,N/A,N/A,,,,,,,,1485.98,N/A,1220176995.74,,
malate,11.01,Target Compound,20240709_QE2_HILIC_BCSCuAOXq2d_AYW1142,13,Processed,T1,5RV,Unknown,,B:B5,,,103195930,1173362137,10.8,-0.21,C4H6O5,M-H,N/A,N/A,N/A,N/A,133.0143,133.0144,.4400 (ppm),0,0,N/A,Method,True,False,N/A,N/A,N/A,,,Pass,N/A,N/A,N/A,N/A,Confirmed,N/A,N/A,N/A,N/A,,,,,,,,2477.13,N/A,1167733519.81,N/A,
malate,11.01,Target Compound,20240709_QE2_HILIC_BCSCuAOXq2d_AYW1143,14,Processed,T1,5RV,Unknown,,B:B6,,,115308772,1375306266,10.8,-0.21,C4H6O5,M-H,N/A,N/A,N/A,N/A,133.0143,133.0143,.0958 (ppm),0,0,N/A,Method,True,False,N/A,N/A,N/A,,,Pass,N/A,N/A,N/A,N/A,Confirmed,N/A,N/A,N/A,N/A,,,,,,,,4112.87,N/A,1167733519.81,,
malate,11.01,Target Compound,20240709_QE2_HILIC_BCSCuAOXq2d_AYW1144,15,Processed,T1,5RV,Unknown,,B:B7,,,82222768,954532157,10.83,-0.18,C4H6O5,M-H,N/A,N/A,N/A,N/A,133.0143,133.0143,.0958 (ppm),0,0,N/A,Method,True,False,N/A,N/A,N/A,,,Pass,N/A,N/A,N/A,N/A,Confirmed,N/A,N/A,N/A,N/A,,,,,,,,3245.62,N/A,1167733519.81,,
malate,11.01,Target Compound,20240709_QE2_HILIC_BCSCuAOXq2d_AYW1145,16,Processed,T1,6RB,Unknown,,B:B8,,,126986348,1418589193,10.78,-0.23,C4H6O5,M-H,N/A,N/A,N/A,N/A,133.0143,133.0144,.4400 (ppm),0,0,N/A,Method,True,False,N/A,N/A,N/A,,,Pass,N/A,N/A,N/A,N/A,Confirmed,N/A,N/A,N/A,N/A,,,,,,,,3591.04,N/A,1146598927.23,,
malate,11.01,Target Compound,20240709_QE2_HILIC_BCSCuAOXq2d_AYW1146,17,Processed,T1,6RB,Unknown,,B:B9,,,91650400,1043903048,10.78,-0.23,C4H6O5,M-H,N/A,N/A,N/A,N/A,133.0143,133.0144,.4400 (ppm),0,0,N/A,Method,True,False,N/A,N/A,N/A,,,Pass,N/A,N/A,N/A,N/A,Confirmed,N/A,N/A,N/A,N/A,,,,,,,,3034.16,N/A,1146598927.23,,
malate,11.01,Target Compound,20240709_QE2_HILIC_BCSCuAOXq2d_AYW1147,18,Processed,T1,6RB,Unknown,,B:C1,,,84872580,977304541,10.8,-0.21,C4H6O5,M-H,N/A,N/A,N/A,N/A,133.0143,133.0143,.3252 (ppm),0,0,N/A,Method,True,False,N/A,N/A,N/A,,,Pass,N/A,N/A,N/A,N/A,Confirmed,N/A,N/A,N/A,N/A,,,,,,,,3151.15,N/A,1146598927.23,,
malate,11.01,Target Compound,20240709_QE2_HILIC_BCSCuAOXq2d_AYW1148,19,Processed,T1,7RV,Unknown,,B:C2,,,65995441,693921318,10.76,-0.25,C4H6O5,M-H,N/A,N/A,N/A,N/A,133.0143,133.0144,.4400 (ppm),0,0,N/A,Method,True,False,N/A,N/A,N/A,,,Pass,N/A,N/A,N/A,N/A,Confirmed,N/A,N/A,N/A,N/A,,,,,,,,2810.40,N/A,1026698596.07,,
malate,11.01,Target Compound,20240709_QE2_HILIC_BCSCuAOXq2d_AYW1149,20,Processed,T1,7RV,Unknown,,B:C3,,,104225038,1204420866,10.81,-0.20,C4H6O5,M-H,N/A,N/A,N/A,N/A,133.0143,133.0143,.2105 (ppm),0,0,N/A,Method,True,False,N/A,N/A,N/A,,,Pass,N/A,N/A,N/A,N/A,Confirmed,N/A,N/A,N/A,N/A,,,,,,,,2909.45,N/A,1026698596.07,,
malate,11.01,Target Compound,20240709_QE2_HILIC_BCSCuAOXq2d_AYW1150,21,Processed,T1,7RV,Unknown,,B:C4,,,104143630,1181753605,10.78,-0.23,C4H6O5,M-H,N/A,N/A,N/A,N/A,133.0143,133.0143,.3252 (ppm),0,0,N/A,Method,True,False,N/A,N/A,N/A,,,Pass,N/A,N/A,N/A,N/A,Confirmed,N/A,N/A,N/A,N/A,,,,,,,,2411.63,N/A,1026698596.07,,
malate,11.01,Target Compound,20240709_QE2_HILIC_BCSCuAOXq2d_AYW1151,22,Processed,T1,8RB,Unknown,,B:C5,,,122483032,1339042501,10.79,-0.22,C4H6O5,M-H,N/A,N/A,N/A,N/A,133.0143,133.0144,.6694 (ppm),0,0,N/A,Method,True,False,N/A,N/A,N/A,,,Pass,N/A,N/A,N/A,N/A,Confirmed,N/A,N/A,N/A,N/A,,,,,,,,2334.49,N/A,1220973623.96,,
malate,11.01,Target Compound,20240709_QE2_HILIC_BCSCuAOXq2d_AYW1152,23,Processed,T1,8RB,Unknown,,B:C6,,,56898595,644937447,10.79,-0.22,C4H6O5,M-H,N/A,N/A,N/A,N/A,133.0143,133.0144,.4400 (ppm),0,0,N/A,Method,True,False,N/A,N/A,N/A,,,Pass,N/A,N/A,N/A,N/A,Confirmed,N/A,N/A,N/A,N/A,,,,,,,,2493.52,N/A,1220973623.96,,
malate,11.01,Target Compound,20240709_QE2_HILIC_BCSCuAOXq2d_AYW1153,24,Processed,T1,8RB,Unknown,,B:C7,,,144448758,1678940924,10.79,-0.22,C4H6O5,M-H,N/A,N/A,N/A,N/A,133.0143,133.0143,.2105 (ppm),0,0,N/A,Method,True,False,N/A,N/A,N/A,,,Pass,N/A,N/A,N/A,N/A,Confirmed,N/A,N/A,N/A,N/A,,,,,,,,2430.96,N/A,1220973623.96,,
malate,11.01,Target Compound,20240709_QE2_HILIC_BCSCuAOXq2d_AYW1154_pool1xa,25,Processed,T1,pool1x,Unknown,,B:C8,,,121743546,1379732050,10.79,-0.22,C4H6O5,M-H,N/A,N/A,N/A,N/A,133.0143,133.0143,-.2483 (ppm),0,0,N/A,Method,True,False,N/A,N/A,N/A,,,Pass,N/A,N/A,N/A,N/A,Confirmed,N/A,N/A,N/A,N/A,,,,,,,,4326.92,N/A,1214684558.00,,
malate,11.01,Target Compound,20240709_QE2_HILIC_BCSCuAOXq2d_AYW1154_pool1xb,26,Processed,T1,pool1x,Unknown,,B:C8,,,128188228,1387771485,10.81,-0.20,C4H6O5,M-H,N/A,N/A,N/A,N/A,133.0143,133.0143,-.0189 (ppm),0,0,N/A,Method,True,False,N/A,N/A,N/A,,,Pass,N/A,N/A,N/A,N/A,Confirmed,N/A,N/A,N/A,N/A,,,,,,,,3192.52,N/A,1214684558.00,,
malate,11.01,Target Compound,20240709_QE2_HILIC_BCSCuAOXq2d_AYW1154_pool1xc,27,Processed,T1,pool1x,Unknown,,B:C8,,,113503979,1370433773,10.78,-0.23,C4H6O5,M-H,N/A,N/A,N/A,N/A,133.0143,133.0144,.4400 (ppm),0,0,N/A,Method,True,False,N/A,N/A,N/A,,,Pass,N/A,N/A,N/A,N/A,Confirmed,N/A,N/A,N/A,N/A,,,,,,,,3363.13,N/A,1214684558.00,,
malate,11.01,Target Compound,20240709_QE2_HILIC_BCSCuAOXq2d_AYW1154_pool1xd,28,Processed,T1,pool1x,Unknown,,B:C8,,,65267656,720800924,10.79,-0.22,C4H6O5,M-H,N/A,N/A,N/A,N/A,133.0143,133.0143,.3252 (ppm),0,0,N/A,Method,True,False,N/A,N/A,N/A,,,Pass,N/A,N/A,N/A,N/A,Confirmed,N/A,N/A,N/A,N/A,,,,,,,,4648.90,N/A,1214684558.00,,
malate,11.01,Target Compound,20240709_QE2_HILIC_BCSCuAOXq2d_AYW1155_pool033xa,29,Processed,T1,pool033x,Unknown,,B:C9,,,80570166,955516063,10.8,-0.21,C4H6O5,M-H,N/A,N/A,N/A,N/A,133.0143,133.0143,.0958 (ppm),0,0,N/A,Method,True,False,N/A,N/A,N/A,,,Pass,N/A,N/A,N/A,N/A,Confirmed,N/A,N/A,N/A,N/A,,,,,,,,4323.76,N/A,739687998.97,,
malate,11.01,Target Compound,20240709_QE2_HILIC_BCSCuAOXq2d_AYW1155_pool033xb,30,Processed,T1,pool033x,Unknown,,B:C9,,,69225740,856168881,10.77,-0.24,C4H6O5,M-H,N/A,N/A,N/A,N/A,133.0143,133.0143,.0958 (ppm),0,0,N/A,Method,True,False,N/A,N/A,N/A,,,Pass,N/A,N/A,N/A,N/A,Confirmed,N/A,N/A,N/A,N/A,,,,,,,,2890.63,N/A,739687998.97,,
malate,11.01,Target Compound,20240709_QE2_HILIC_BCSCuAOXq2d_AYW1155_pool033xc,31,Processed,T1,pool033x,Unknown,,B:C9,,,52681575,681580691,10.77,-0.24,C4H6O5,M-H,N/A,N/A,N/A,N/A,133.0143,133.0144,.8988 (ppm),0,0,N/A,Method,True,False,N/A,N/A,N/A,,,Pass,N/A,N/A,N/A,N/A,Confirmed,N/A,N/A,N/A,N/A,,,,,,,,3152.02,N/A,739687998.97,,
malate,11.01,Target Compound,20240709_QE2_HILIC_BCSCuAOXq2d_AYW1155_pool033xd,32,Processed,T1,pool033x,Unknown,,B:C9,,,35754472,465486361,10.78,-0.23,C4H6O5,M-H,N/A,N/A,N/A,N/A,133.0143,133.0144,.6694 (ppm),0,0,N/A,Method,True,False,N/A,N/A,N/A,,,Pass,N/A,N/A,N/A,N/A,Confirmed,N/A,N/A,N/A,N/A,,,,,,,,2932.26,N/A,739687998.97,,
malate,11.01,Target Compound,20240709_QE2_HILIC_BCSCuAOXq2d_AYW1156_pool01xa,33,Processed,T1,pool01x,Unknown,,B:D1,,,24871179,344536789,10.78,-0.23,C4H6O5,M-H,N/A,N/A,N/A,N/A,133.0143,133.0144,.4400 (ppm),0,0,N/A,Method,True,False,N/A,N/A,N/A,,,Pass,N/A,N/A,N/A,N/A,Confirmed,N/A,N/A,N/A,N/A,,,,,,,,1977.87,N/A,287917513.50,,
malate,11.01,Target Compound,20240709_QE2_HILIC_BCSCuAOXq2d_AYW1156_pool01xb,34,Processed,T1,pool01x,Unknown,,B:D1,,,27613675,357947540,10.79,-0.22,C4H6O5,M-H,N/A,N/A,N/A,N/A,133.0143,133.0143,.0958 (ppm),0,0,N/A,Method,True,False,N/A,N/A,N/A,,,Pass,N/A,N/A,N/A,N/A,Confirmed,N/A,N/A,N/A,N/A,,,,,,,,2000.10,N/A,287917513.50,,
malate,11.01,Target Compound,20240709_QE2_HILIC_BCSCuAOXq2d_AYW1156_pool01xc,35,Processed,T1,pool01x,Unknown,,B:D1,,,19640039,271323315,10.82,-0.19,C4H6O5,M-H,N/A,N/A,N/A,N/A,133.0143,133.0145,1.1282 (ppm),0,0,N/A,Method,True,False,N/A,N/A,N/A,,,Pass,N/A,N/A,N/A,N/A,Confirmed,N/A,N/A,N/A,N/A,,,,,,,,1336.75,N/A,287917513.50,,
malate,11.01,Target Compound,20240709_QE2_HILIC_BCSCuAOXq2d_AYW1156_pool01xd,36,Processed,T1,pool01x,Unknown,,B:D1,,,14010638,177862410,10.77,-0.24,C4H6O5,M-H,N/A,N/A,N/A,N/A,133.0143,133.0143,.2105 (ppm),0,0,N/A,Method,True,False,N/A,N/A,N/A,,,Pass,N/A,N/A,N/A,N/A,Confirmed,N/A,N/A,N/A,N/A,,,,,,,,431.91,N/A,287917513.50,,
malate,11.01,Target Compound,20240709_QE2_HILIC_BCSCuAOXq2d_blank1,37,Processed,T1,,Unknown,,B:A1,,,1003442,10998790,11.01,0.00,C4H6O5,M-H,N/A,N/A,N/A,N/A,133.0143,133.0143,-.0189 (ppm),0,0,N/A,Method,True,False,N/A,N/A,N/A,,,Pass,N/A,N/A,N/A,N/A,Confirmed,N/A,N/A,N/A,N/A,,,,,,,,73.27,N/A,6463055.15,,
malate,11.01,Target Compound,20240709_QE2_HILIC_BCSCuAOXq2d_blank1_20240710111342,38,Processed,T1,,Unknown,,B:A1,,,435273,11885705,10.78,-0.23,C4H6O5,M-H,N/A,N/A,N/A,N/A,133.0143,133.0144,.5547 (ppm),0,0,N/A,Method,True,False,N/A,N/A,N/A,,,Pass,N/A,N/A,N/A,N/A,Confirmed,N/A,N/A,N/A,N/A,,,,,,,,33.30,N/A,6463055.15,,
malate,11.01,Target Compound,20240709_QE2_HILIC_BCSCuAOXq2d_blank1_20240710231833,39,Processed,T1,,Unknown,,B:A1,,,N/F,N/F,N/F,N/F,C4H6O5,N/A,N/F,N/A,N/F,N/A,133.0143,N/F,N/F,N/F,0,N/A,Method,True,False,N/A,N/A,N/A,,,Fail,N/A,N/A,N/A,N/A,NotFound,N/A,N/A,N/A,N/A,,,,,,,,N/A,N/A,6463055.15,,
malate,11.01,Target Compound,20240709_QE2_HILIC_BCSCuAOXq2d_blank2,40,Processed,T1,,Unknown,,B:A1,,,713456,10752626,10.79,-0.22,C4H6O5,M-H,N/A,N/A,N/A,N/A,133.0143,133.0144,.5547 (ppm),0,0,N/A,Method,True,False,N/A,N/A,N/A,,,Pass,N/A,N/A,N/A,N/A,Confirmed,N/A,N/A,N/A,N/A,,,,,,,,39.38,N/A,6463055.15,,
malate,11.01,Target Compound,20240709_QE2_HILIC_BCSCuAOXq2d_blank2_20240710115054,41,Processed,T1,,Unknown,,B:A1,,,197707,2244694,10.77,-0.24,C4H6O5,M-H,N/A,N/A,N/A,N/A,133.0143,133.0144,.7841 (ppm),0,0,N/A,Method,True,False,N/A,N/A,N/A,,,Pass,N/A,N/A,N/A,N/A,Confirmed,N/A,N/A,N/A,N/A,,,,,,,,16.03,N/A,6463055.15,,
malate,11.01,Target Compound,20240709_QE2_HILIC_BCSCuAOXq2d_blank2_20240710235116,42,Processed,T1,,Unknown,,B:A1,,,104310,2896516,10.8,-0.21,C4H6O5,M-H,N/A,N/A,N/A,N/A,133.0143,133.0143,-.0189 (ppm),0,0,N/A,Method,True,False,N/A,N/A,N/A,,,Pass,N/A,N/A,N/A,N/A,Confirmed,N/A,N/A,N/A,N/A,,,,,,,,11.89,N/A,6463055.15,,
