﻿Compound,RT,Type,Filename,Batch Order,Status,Peak Label,Group,Sample Type,Level,Sample ID,Sample Name,Comments,Height,Area,Actual RT,RT Delta,Formula,Adduct,Calculated Amt,Theoretical Amt,Sample Amt,Std Add Amount,m/z (Expected),m/z (Apex),m/z (Delta),Response Ratio,ISTD Amt,ISTD Response,Integration Mode,Active,Excluded,%Diff,%RSD,% CV,Channel,Final Units,PK,IR,IP,LS,FI,Confirm,Isotopic Pattern Score (%),Num Isotopes Matched,Lib Match Name,Library Score (%),Library Match Rank,SI/Dot Product,RSI/Rev Dot,Modification,Protein Name,Peptide Sequence,Ion Type,S/N,Ion Ratio,Group Average,Relative RT,Flag Details
acetylcarnitine,5.56,Target Compound,20240709_QE2_HILIC_BCSCuAOXq2d_AYW1130,1,Processed,T1,1V,Unknown,,B:A2,,,2830520,45156538,5.78,0.22,C9H17NO4,M+H,N/A,N/A,N/A,N/A,204.123,204.1231,.6034 (ppm),0,0,N/A,Method,True,False,N/A,N/A,N/A,,,Pass,N/A,N/A,N/A,N/A,Confirmed,N/A,N/A,N/A,N/A,,,,,,,,138.28,N/A,42701112.07,,
acetylcarnitine,5.56,Target Compound,20240709_QE2_HILIC_BCSCuAOXq2d_AYW1131,2,Processed,T1,1V,Unknown,,B:A3,,,2733922,48058243,5.84,0.28,C9H17NO4,M+H,N/A,N/A,N/A,N/A,204.123,204.1231,.3044 (ppm),0,0,N/A,Method,True,False,N/A,N/A,N/A,,,Pass,N/A,N/A,N/A,N/A,Confirmed,N/A,N/A,N/A,N/A,,,,,,,,174.06,N/A,42701112.07,,
acetylcarnitine,5.56,Target Compound,20240709_QE2_HILIC_BCSCuAOXq2d_AYW1132,3,Processed,T1,1V,Unknown,,B:A4,,,1686142,34888555,5.87,0.31,C9H17NO4,M+H,N/A,N/A,N/A,N/A,204.123,204.123,-.0694 (ppm),0,0,N/A,Method,True,False,N/A,N/A,N/A,,,Pass,N/A,N/A,N/A,N/A,Confirmed,N/A,N/A,N/A,N/A,,,,,,,,88.11,N/A,42701112.07,,
acetylcarnitine,5.56,Target Compound,20240709_QE2_HILIC_BCSCuAOXq2d_AYW1133,4,Processed,T1,2B,Unknown,,B:A5,,,1638683,34044550,5.89,0.33,C9H17NO4,M+H,N/A,N/A,N/A,N/A,204.123,204.123,-.0694 (ppm),0,0,N/A,Method,True,False,N/A,N/A,N/A,,,Pass,N/A,N/A,N/A,N/A,Confirmed,N/A,N/A,N/A,N/A,,,,,,,,90.68,N/A,47558682.01,,
acetylcarnitine,5.56,Target Compound,20240709_QE2_HILIC_BCSCuAOXq2d_AYW1134,5,Processed,T1,2B,Unknown,,B:A6,,,3317768,60340373,5.89,0.33,C9H17NO4,M+H,N/A,N/A,N/A,N/A,204.123,204.123,-.1441 (ppm),0,0,N/A,Method,True,False,N/A,N/A,N/A,,,Pass,N/A,N/A,N/A,N/A,Confirmed,N/A,N/A,N/A,N/A,,,,,,,,178.87,N/A,47558682.01,,
acetylcarnitine,5.56,Target Compound,20240709_QE2_HILIC_BCSCuAOXq2d_AYW1135,6,Processed,T1,2B,Unknown,,B:A7,,,2300910,48291123,5.89,0.33,C9H17NO4,M+H,N/A,N/A,N/A,N/A,204.123,204.123,.1549 (ppm),0,0,N/A,Method,True,False,N/A,N/A,N/A,,,Pass,N/A,N/A,N/A,N/A,Confirmed,N/A,N/A,N/A,N/A,,,,,,,,95.48,N/A,47558682.01,,
acetylcarnitine,5.56,Target Compound,20240709_QE2_HILIC_BCSCuAOXq2d_AYW1136,7,Processed,T1,3C,Unknown,,B:A8,,,2324587,52191954,5.75,0.19,C9H17NO4,M+H,N/A,N/A,N/A,N/A,204.123,204.123,.2296 (ppm),0,0,N/A,Method,True,False,N/A,N/A,N/A,,,Pass,N/A,N/A,N/A,N/A,Confirmed,N/A,N/A,N/A,N/A,,,,,,,,77.32,N/A,35534827.52,,
acetylcarnitine,5.56,Target Compound,20240709_QE2_HILIC_BCSCuAOXq2d_AYW1137,8,Processed,T1,3C,Unknown,,B:A9,,,2532348,54412528,5.89,0.33,C9H17NO4,M+H,N/A,N/A,N/A,N/A,204.123,204.123,.1549 (ppm),0,0,N/A,Method,True,False,N/A,N/A,N/A,,,Pass,N/A,N/A,N/A,N/A,Confirmed,N/A,N/A,N/A,N/A,,,,,,,,150.94,N/A,35534827.52,,
acetylcarnitine,5.56,Target Compound,20240709_QE2_HILIC_BCSCuAOXq2d_AYW1138,9,Processed,T1,3C,Unknown,,B:B1,,,N/F,N/F,N/F,N/F,C9H17NO4,M+H,N/F,N/A,N/F,N/A,204.123,N/F,N/F,N/F,0,N/A,Method,True,False,N/A,N/A,N/A,,,Fail,N/A,N/A,N/A,N/A,NotFound,N/A,N/A,N/A,N/A,,,,,,,,N/A,N/A,35534827.52,,
acetylcarnitine,5.56,Target Compound,20240709_QE2_HILIC_BCSCuAOXq2d_AYW1139,10,Processed,T1,4BC,Unknown,,B:B2,,,N/F,N/F,N/F,N/F,C9H17NO4,M+H,N/F,N/A,N/F,N/A,204.123,N/F,N/F,N/F,0,N/A,Method,True,False,N/A,N/A,N/A,,,Fail,N/A,N/A,N/A,N/A,NotFound,N/A,N/A,N/A,N/A,,,,,,,,N/A,N/A,25895866.58,N/A,
acetylcarnitine,5.56,Target Compound,20240709_QE2_HILIC_BCSCuAOXq2d_AYW1140,11,Processed,T1,4BC,Unknown,,B:B3,,,1737217,36926363,5.88,0.32,C9H17NO4,M+H,N/A,N/A,N/A,N/A,204.123,204.1229,-.3684 (ppm),0,0,N/A,Method,True,False,N/A,N/A,N/A,,,Pass,N/A,N/A,N/A,N/A,Confirmed,N/A,N/A,N/A,N/A,,,,,,,,136.99,N/A,25895866.58,,
acetylcarnitine,5.56,Target Compound,20240709_QE2_HILIC_BCSCuAOXq2d_AYW1141,12,Processed,T1,4BC,Unknown,,B:B4,,,1869204,40761237,5.89,0.33,C9H17NO4,M+H,N/A,N/A,N/A,N/A,204.123,204.123,.0801 (ppm),0,0,N/A,Method,True,False,N/A,N/A,N/A,,,Pass,N/A,N/A,N/A,N/A,Confirmed,N/A,N/A,N/A,N/A,,,,,,,,97.40,N/A,25895866.58,,
acetylcarnitine,5.56,Target Compound,20240709_QE2_HILIC_BCSCuAOXq2d_AYW1142,13,Processed,T1,5RV,Unknown,,B:B5,,,3886040,89360156,5.77,0.21,C9H17NO4,M+H,N/A,N/A,N/A,N/A,204.123,204.123,.2296 (ppm),0,0,N/A,Method,True,False,N/A,N/A,N/A,,,Pass,N/A,N/A,N/A,N/A,Confirmed,N/A,N/A,N/A,N/A,,,,,,,,298.17,N/A,92611271.78,N/A,
acetylcarnitine,5.56,Target Compound,20240709_QE2_HILIC_BCSCuAOXq2d_AYW1143,14,Processed,T1,5RV,Unknown,,B:B6,,,4268323,98501269,5.75,0.19,C9H17NO4,M+H,N/A,N/A,N/A,N/A,204.123,204.123,.0801 (ppm),0,0,N/A,Method,True,False,N/A,N/A,N/A,,,Pass,N/A,N/A,N/A,N/A,Confirmed,N/A,N/A,N/A,N/A,,,,,,,,200.44,N/A,92611271.78,,
acetylcarnitine,5.56,Target Compound,20240709_QE2_HILIC_BCSCuAOXq2d_AYW1144,15,Processed,T1,5RV,Unknown,,B:B7,,,5163185,89972390,5.88,0.32,C9H17NO4,M+H,N/A,N/A,N/A,N/A,204.123,204.123,.1549 (ppm),0,0,N/A,Method,True,False,N/A,N/A,N/A,,,Pass,N/A,N/A,N/A,N/A,Confirmed,N/A,N/A,N/A,N/A,,,,,,,,494.02,N/A,92611271.78,,
acetylcarnitine,5.56,Target Compound,20240709_QE2_HILIC_BCSCuAOXq2d_AYW1145,16,Processed,T1,6RB,Unknown,,B:B8,,,N/F,N/F,N/F,N/F,C9H17NO4,M+H,N/F,N/A,N/F,N/A,204.123,N/F,N/F,N/F,0,N/A,Method,True,False,N/A,N/A,N/A,,,Fail,N/A,N/A,N/A,N/A,NotFound,N/A,N/A,N/A,N/A,,,,,,,,N/A,N/A,45915389.25,,
acetylcarnitine,5.56,Target Compound,20240709_QE2_HILIC_BCSCuAOXq2d_AYW1146,17,Processed,T1,6RB,Unknown,,B:B9,,,2770032,58032999,5.89,0.33,C9H17NO4,M+H,N/A,N/A,N/A,N/A,204.123,204.123,.0054 (ppm),0,0,N/A,Method,True,False,N/A,N/A,N/A,,,Pass,N/A,N/A,N/A,N/A,Confirmed,N/A,N/A,N/A,N/A,,,,,,,,629.73,N/A,45915389.25,,
acetylcarnitine,5.56,Target Compound,20240709_QE2_HILIC_BCSCuAOXq2d_AYW1147,18,Processed,T1,6RB,Unknown,,B:C1,,,4937814,79713169,5.81,0.25,C9H17NO4,M+H,N/A,N/A,N/A,N/A,204.123,204.123,-.1441 (ppm),0,0,N/A,Method,True,False,N/A,N/A,N/A,,,Pass,N/A,N/A,N/A,N/A,Confirmed,N/A,N/A,N/A,N/A,,,,,,,,331.38,N/A,45915389.25,,
acetylcarnitine,5.56,Target Compound,20240709_QE2_HILIC_BCSCuAOXq2d_AYW1148,19,Processed,T1,7RV,Unknown,,B:C2,,,2683893,65727543,5.73,0.17,C9H17NO4,M+H,N/A,N/A,N/A,N/A,204.123,204.1229,-.5179 (ppm),0,0,N/A,Method,True,False,N/A,N/A,N/A,,,Pass,N/A,N/A,N/A,N/A,Confirmed,N/A,N/A,N/A,N/A,,,,,,,,485.32,N/A,71053416.77,,
acetylcarnitine,5.56,Target Compound,20240709_QE2_HILIC_BCSCuAOXq2d_AYW1149,20,Processed,T1,7RV,Unknown,,B:C3,,,N/F,N/F,N/F,N/F,C9H17NO4,M+H,N/F,N/A,N/F,N/A,204.123,N/F,N/F,N/F,0,N/A,Method,True,False,N/A,N/A,N/A,,,Fail,N/A,N/A,N/A,N/A,NotFound,N/A,N/A,N/A,N/A,,,,,,,,N/A,N/A,71053416.77,,
acetylcarnitine,5.56,Target Compound,20240709_QE2_HILIC_BCSCuAOXq2d_AYW1150,21,Processed,T1,7RV,Unknown,,B:C4,,,8798311,147432707,5.82,0.26,C9H17NO4,M+H,N/A,N/A,N/A,N/A,204.123,204.123,.0801 (ppm),0,0,N/A,Method,True,False,N/A,N/A,N/A,,,Pass,N/A,N/A,N/A,N/A,Confirmed,N/A,N/A,N/A,N/A,,,,,,,,467.01,N/A,71053416.77,,
acetylcarnitine,5.56,Target Compound,20240709_QE2_HILIC_BCSCuAOXq2d_AYW1151,22,Processed,T1,8RB,Unknown,,B:C5,,,7137373,121877499,5.88,0.32,C9H17NO4,M+H,N/A,N/A,N/A,N/A,204.123,204.1231,.3791 (ppm),0,0,N/A,Method,True,False,N/A,N/A,N/A,,,Pass,N/A,N/A,N/A,N/A,Confirmed,N/A,N/A,N/A,N/A,,,,,,,,388.48,N/A,112233857.16,,
acetylcarnitine,5.56,Target Compound,20240709_QE2_HILIC_BCSCuAOXq2d_AYW1152,23,Processed,T1,8RB,Unknown,,B:C6,,,4834663,81546472,5.82,0.26,C9H17NO4,M+H,N/A,N/A,N/A,N/A,204.123,204.1231,.4539 (ppm),0,0,N/A,Method,True,False,N/A,N/A,N/A,,,Pass,N/A,N/A,N/A,N/A,Confirmed,N/A,N/A,N/A,N/A,,,,,,,,1514.66,N/A,112233857.16,,
acetylcarnitine,5.56,Target Compound,20240709_QE2_HILIC_BCSCuAOXq2d_AYW1153,24,Processed,T1,8RB,Unknown,,B:C7,,,6911899,133277600,5.89,0.33,C9H17NO4,M+H,N/A,N/A,N/A,N/A,204.123,204.123,-.0694 (ppm),0,0,N/A,Method,True,False,N/A,N/A,N/A,,,Pass,N/A,N/A,N/A,N/A,Confirmed,N/A,N/A,N/A,N/A,,,,,,,,299.89,N/A,112233857.16,,
acetylcarnitine,5.56,Target Compound,20240709_QE2_HILIC_BCSCuAOXq2d_AYW1154_pool1xa,25,Processed,T1,pool1x,Unknown,,B:C8,,,3613702,81354748,5.89,0.33,C9H17NO4,M+H,N/A,N/A,N/A,N/A,204.123,204.123,.0801 (ppm),0,0,N/A,Method,True,False,N/A,N/A,N/A,,,Pass,N/A,N/A,N/A,N/A,Confirmed,N/A,N/A,N/A,N/A,,,,,,,,120.33,N/A,54412034.81,,
acetylcarnitine,5.56,Target Compound,20240709_QE2_HILIC_BCSCuAOXq2d_AYW1154_pool1xb,26,Processed,T1,pool1x,Unknown,,B:C8,,,N/F,N/F,N/F,N/F,C9H17NO4,M+H,N/F,N/A,N/F,N/A,204.123,N/F,N/F,N/F,0,N/A,Method,True,False,N/A,N/A,N/A,,,Fail,N/A,N/A,N/A,N/A,NotFound,N/A,N/A,N/A,N/A,,,,,,,,N/A,N/A,54412034.81,,
acetylcarnitine,5.56,Target Compound,20240709_QE2_HILIC_BCSCuAOXq2d_AYW1154_pool1xc,27,Processed,T1,pool1x,Unknown,,B:C8,,,3769162,75475993,5.89,0.33,C9H17NO4,M+H,N/A,N/A,N/A,N/A,204.123,204.1231,.6034 (ppm),0,0,N/A,Method,True,False,N/A,N/A,N/A,,,Pass,N/A,N/A,N/A,N/A,Confirmed,N/A,N/A,N/A,N/A,,,,,,,,396.00,N/A,54412034.81,,
acetylcarnitine,5.56,Target Compound,20240709_QE2_HILIC_BCSCuAOXq2d_AYW1154_pool1xd,28,Processed,T1,pool1x,Unknown,,B:C8,,,3298263,60817398,5.85,0.29,C9H17NO4,M+H,N/A,N/A,N/A,N/A,204.123,204.1229,-.3684 (ppm),0,0,N/A,Method,True,False,N/A,N/A,N/A,,,Pass,N/A,N/A,N/A,N/A,Confirmed,N/A,N/A,N/A,N/A,,,,,,,,422.80,N/A,54412034.81,,
acetylcarnitine,5.56,Target Compound,20240709_QE2_HILIC_BCSCuAOXq2d_AYW1155_pool033xa,29,Processed,T1,pool033x,Unknown,,B:C9,,,3979080,85565943,5.76,0.20,C9H17NO4,M+H,N/A,N/A,N/A,N/A,204.123,204.123,.2296 (ppm),0,0,N/A,Method,True,False,N/A,N/A,N/A,,,Pass,N/A,N/A,N/A,N/A,Confirmed,N/A,N/A,N/A,N/A,,,,,,,,188.36,N/A,62049523.30,,
acetylcarnitine,5.56,Target Compound,20240709_QE2_HILIC_BCSCuAOXq2d_AYW1155_pool033xb,30,Processed,T1,pool033x,Unknown,,B:C9,,,2996019,60356611,5.83,0.27,C9H17NO4,M+H,N/A,N/A,N/A,N/A,204.123,204.123,-.0694 (ppm),0,0,N/A,Method,True,False,N/A,N/A,N/A,,,Pass,N/A,N/A,N/A,N/A,Confirmed,N/A,N/A,N/A,N/A,,,,,,,,171.84,N/A,62049523.30,,
acetylcarnitine,5.56,Target Compound,20240709_QE2_HILIC_BCSCuAOXq2d_AYW1155_pool033xc,31,Processed,T1,pool033x,Unknown,,B:C9,,,2684085,55900431,5.75,0.19,C9H17NO4,M+H,N/A,N/A,N/A,N/A,204.123,204.1232,.9772 (ppm),0,0,N/A,Method,True,False,N/A,N/A,N/A,,,Pass,N/A,N/A,N/A,N/A,Confirmed,N/A,N/A,N/A,N/A,,,,,,,,199.68,N/A,62049523.30,,
acetylcarnitine,5.56,Target Compound,20240709_QE2_HILIC_BCSCuAOXq2d_AYW1155_pool033xd,32,Processed,T1,pool033x,Unknown,,B:C9,,,2380753,46375109,5.73,0.17,C9H17NO4,M+H,N/A,N/A,N/A,N/A,204.123,204.1231,.6782 (ppm),0,0,N/A,Method,True,False,N/A,N/A,N/A,,,Pass,N/A,N/A,N/A,N/A,Confirmed,N/A,N/A,N/A,N/A,,,,,,,,156.66,N/A,62049523.30,,
acetylcarnitine,5.56,Target Compound,20240709_QE2_HILIC_BCSCuAOXq2d_AYW1156_pool01xa,33,Processed,T1,pool01x,Unknown,,B:D1,,,1603838,34231260,5.67,0.11,C9H17NO4,M+H,N/A,N/A,N/A,N/A,204.123,204.1232,.7529 (ppm),0,0,N/A,Method,True,False,N/A,N/A,N/A,,,Pass,N/A,N/A,N/A,N/A,Confirmed,N/A,N/A,N/A,N/A,,,,,,,,50.72,N/A,22552214.29,,
acetylcarnitine,5.56,Target Compound,20240709_QE2_HILIC_BCSCuAOXq2d_AYW1156_pool01xb,34,Processed,T1,pool01x,Unknown,,B:D1,,,1057729,21401853,5.78,0.22,C9H17NO4,M+H,N/A,N/A,N/A,N/A,204.123,204.123,.0054 (ppm),0,0,N/A,Method,True,False,N/A,N/A,N/A,,,Pass,N/A,N/A,N/A,N/A,Confirmed,N/A,N/A,N/A,N/A,,,,,,,,60.06,N/A,22552214.29,,
acetylcarnitine,5.56,Target Compound,20240709_QE2_HILIC_BCSCuAOXq2d_AYW1156_pool01xc,35,Processed,T1,pool01x,Unknown,,B:D1,,,948892,19404524,5.71,0.15,C9H17NO4,M+H,N/A,N/A,N/A,N/A,204.123,204.1232,1.1267 (ppm),0,0,N/A,Method,True,False,N/A,N/A,N/A,,,Pass,N/A,N/A,N/A,N/A,Confirmed,N/A,N/A,N/A,N/A,,,,,,,,138.89,N/A,22552214.29,,
acetylcarnitine,5.56,Target Compound,20240709_QE2_HILIC_BCSCuAOXq2d_AYW1156_pool01xd,36,Processed,T1,pool01x,Unknown,,B:D1,,,762925,15171220,5.76,0.20,C9H17NO4,M+H,N/A,N/A,N/A,N/A,204.123,204.123,.2296 (ppm),0,0,N/A,Method,True,False,N/A,N/A,N/A,,,Pass,N/A,N/A,N/A,N/A,Confirmed,N/A,N/A,N/A,N/A,,,,,,,,64.59,N/A,22552214.29,,
acetylcarnitine,5.56,Target Compound,20240709_QE2_HILIC_BCSCuAOXq2d_blank1,37,Processed,T1,,Unknown,,B:A1,,,N/F,N/F,N/F,N/F,C9H17NO4,N/A,N/F,N/A,N/F,N/A,204.123,N/F,N/F,N/F,0,N/A,Method,True,False,N/A,N/A,N/A,,,Fail,N/A,N/A,N/A,N/A,NotFound,N/A,N/A,N/A,N/A,,,,,,,,N/A,N/A,5293122.69,,
acetylcarnitine,5.56,Target Compound,20240709_QE2_HILIC_BCSCuAOXq2d_blank1_20240710111342,38,Processed,T1,,Unknown,,B:A1,,,N/F,N/F,N/F,N/F,C9H17NO4,N/A,N/F,N/A,N/F,N/A,204.123,N/F,N/F,N/F,0,N/A,Method,True,False,N/A,N/A,N/A,,,Fail,N/A,N/A,N/A,N/A,NotFound,N/A,N/A,N/A,N/A,,,,,,,,N/A,N/A,5293122.69,,
acetylcarnitine,5.56,Target Compound,20240709_QE2_HILIC_BCSCuAOXq2d_blank1_20240710231833,39,Processed,T1,,Unknown,,B:A1,,,N/F,N/F,N/F,N/F,C9H17NO4,N/A,N/F,N/A,N/F,N/A,204.123,N/F,N/F,N/F,0,N/A,Method,True,False,N/A,N/A,N/A,,,Fail,N/A,N/A,N/A,N/A,NotFound,N/A,N/A,N/A,N/A,,,,,,,,N/A,N/A,5293122.69,,
acetylcarnitine,5.56,Target Compound,20240709_QE2_HILIC_BCSCuAOXq2d_blank2,40,Processed,T1,,Unknown,,B:A1,,,1839722,27594547,5.79,0.23,C9H17NO4,M+H,N/A,N/A,N/A,N/A,204.123,204.1231,.6034 (ppm),0,0,N/A,Method,True,False,N/A,N/A,N/A,,,Pass,N/A,N/A,N/A,N/A,Confirmed,N/A,N/A,N/A,N/A,,,,,,,,139.74,N/A,5293122.69,,
acetylcarnitine,5.56,Target Compound,20240709_QE2_HILIC_BCSCuAOXq2d_blank2_20240710115054,41,Processed,T1,,Unknown,,B:A1,,,197847,2412058,5.72,0.16,C9H17NO4,M+H,N/A,N/A,N/A,N/A,204.123,204.1232,.9024 (ppm),0,0,N/A,Method,True,False,N/A,N/A,N/A,,,Pass,N/A,N/A,N/A,N/A,Confirmed,N/A,N/A,N/A,N/A,,,,,,,,34.39,N/A,5293122.69,,
acetylcarnitine,5.56,Target Compound,20240709_QE2_HILIC_BCSCuAOXq2d_blank2_20240710235116,42,Processed,T1,,Unknown,,B:A1,,,147477,1752131,5.8,0.24,C9H17NO4,M+H,N/A,N/A,N/A,N/A,204.123,204.1231,.5287 (ppm),0,0,N/A,Method,True,False,N/A,N/A,N/A,,,Pass,N/A,N/A,N/A,N/A,Confirmed,N/A,N/A,N/A,N/A,,,,,,,,12.10,N/A,5293122.69,,
