﻿Compound,RT,Type,Filename,Batch Order,Status,Peak Label,Group,Sample Type,Level,Sample ID,Sample Name,Comments,Height,Area,Actual RT,RT Delta,Formula,Adduct,Calculated Amt,Theoretical Amt,Sample Amt,Std Add Amount,m/z (Expected),m/z (Apex),m/z (Delta),Response Ratio,ISTD Amt,ISTD Response,Integration Mode,Active,Excluded,%Diff,%RSD,% CV,Channel,Final Units,PK,IR,IP,LS,FI,Confirm,Isotopic Pattern Score (%),Num Isotopes Matched,Lib Match Name,Library Score (%),Library Match Rank,SI/Dot Product,RSI/Rev Dot,Modification,Protein Name,Peptide Sequence,Ion Type,S/N,Ion Ratio,Group Average,Relative RT,Flag Details
ornithine,12.68,Target Compound,20240709_QE2_HILIC_BCSCuAOXq2d_AYW1130,1,Processed,T1,1V,Unknown,,B:A2,,,1011310,21420836,12.76,0.08,C5H12N2O2,M+H,N/A,N/A,N/A,N/A,133.0972,133.0973,.6765 (ppm),0,0,N/A,Method,True,False,N/A,N/A,N/A,,,Pass,N/A,N/A,N/A,N/A,Confirmed,N/A,N/A,N/A,N/A,,,,,,,,INF,N/A,21208868.68,,
ornithine,12.68,Target Compound,20240709_QE2_HILIC_BCSCuAOXq2d_AYW1131,2,Processed,T1,1V,Unknown,,B:A3,,,974572,20998261,12.77,0.09,C5H12N2O2,M+H,N/A,N/A,N/A,N/A,133.0972,133.0973,.5618 (ppm),0,0,N/A,Method,True,False,N/A,N/A,N/A,,,Pass,N/A,N/A,N/A,N/A,Confirmed,N/A,N/A,N/A,N/A,,,,,,,,INF,N/A,21208868.68,,
ornithine,12.68,Target Compound,20240709_QE2_HILIC_BCSCuAOXq2d_AYW1132,3,Processed,T1,1V,Unknown,,B:A4,,,1024091,21207509,12.77,0.09,C5H12N2O2,M+H,N/A,N/A,N/A,N/A,133.0972,133.0973,.5618 (ppm),0,0,N/A,Method,True,False,N/A,N/A,N/A,,,Pass,N/A,N/A,N/A,N/A,Confirmed,N/A,N/A,N/A,N/A,,,,,,,,866.19,N/A,21208868.68,,
ornithine,12.68,Target Compound,20240709_QE2_HILIC_BCSCuAOXq2d_AYW1133,4,Processed,T1,2B,Unknown,,B:A5,,,1201855,20437417,12.74,0.06,C5H12N2O2,M+H,N/A,N/A,N/A,N/A,133.0972,133.0972,.3326 (ppm),0,0,N/A,Method,True,False,N/A,N/A,N/A,,,Pass,N/A,N/A,N/A,N/A,Confirmed,N/A,N/A,N/A,N/A,,,,,,,,INF,N/A,26863790.27,,
ornithine,12.68,Target Compound,20240709_QE2_HILIC_BCSCuAOXq2d_AYW1134,5,Processed,T1,2B,Unknown,,B:A6,,,1403738,30240055,12.82,0.14,C5H12N2O2,M+H,N/A,N/A,N/A,N/A,133.0972,133.0972,.1033 (ppm),0,0,N/A,Method,True,False,N/A,N/A,N/A,,,Pass,N/A,N/A,N/A,N/A,Confirmed,N/A,N/A,N/A,N/A,,,,,,,,3279.97,N/A,26863790.27,,
ornithine,12.68,Target Compound,20240709_QE2_HILIC_BCSCuAOXq2d_AYW1135,6,Processed,T1,2B,Unknown,,B:A7,,,1417079,29913899,12.76,0.08,C5H12N2O2,M+H,N/A,N/A,N/A,N/A,133.0972,133.0972,.3326 (ppm),0,0,N/A,Method,True,False,N/A,N/A,N/A,,,Pass,N/A,N/A,N/A,N/A,Confirmed,N/A,N/A,N/A,N/A,,,,,,,,2028.19,N/A,26863790.27,,
ornithine,12.68,Target Compound,20240709_QE2_HILIC_BCSCuAOXq2d_AYW1136,7,Processed,T1,3C,Unknown,,B:A8,,,1330665,27949604,12.73,0.05,C5H12N2O2,M+H,N/A,N/A,N/A,N/A,133.0972,133.0972,.2179 (ppm),0,0,N/A,Method,True,False,N/A,N/A,N/A,,,Pass,N/A,N/A,N/A,N/A,Confirmed,N/A,N/A,N/A,N/A,,,,,,,,INF,N/A,22931879.83,,
ornithine,12.68,Target Compound,20240709_QE2_HILIC_BCSCuAOXq2d_AYW1137,8,Processed,T1,3C,Unknown,,B:A9,,,1386683,28956782,12.74,0.06,C5H12N2O2,M+H,N/A,N/A,N/A,N/A,133.0972,133.0972,.2179 (ppm),0,0,N/A,Method,True,False,N/A,N/A,N/A,,,Pass,N/A,N/A,N/A,N/A,Confirmed,N/A,N/A,N/A,N/A,,,,,,,,INF,N/A,22931879.83,,
ornithine,12.68,Target Compound,20240709_QE2_HILIC_BCSCuAOXq2d_AYW1138,9,Processed,T1,3C,Unknown,,B:B1,,,638049,11889253,12.74,0.06,C5H12N2O2,M+H,N/A,N/A,N/A,N/A,133.0972,133.0973,.4472 (ppm),0,0,N/A,Method,True,False,N/A,N/A,N/A,,,Pass,N/A,N/A,N/A,N/A,Confirmed,N/A,N/A,N/A,N/A,,,,,,,,INF,N/A,22931879.83,,
ornithine,12.68,Target Compound,20240709_QE2_HILIC_BCSCuAOXq2d_AYW1139,10,Processed,T1,4BC,Unknown,,B:B2,,,868282,17658495,12.79,0.11,C5H12N2O2,M+H,N/A,N/A,N/A,N/A,133.0972,133.0973,.9058 (ppm),0,0,N/A,Method,True,False,N/A,N/A,N/A,,,Pass,N/A,N/A,N/A,N/A,Confirmed,N/A,N/A,N/A,N/A,,,,,,,,INF,N/A,21865828.85,N/A,
ornithine,12.68,Target Compound,20240709_QE2_HILIC_BCSCuAOXq2d_AYW1140,11,Processed,T1,4BC,Unknown,,B:B3,,,1039241,22197644,12.69,0.01,C5H12N2O2,M+H,N/A,N/A,N/A,N/A,133.0972,133.0972,.1033 (ppm),0,0,N/A,Method,True,False,N/A,N/A,N/A,,,Pass,N/A,N/A,N/A,N/A,Confirmed,N/A,N/A,N/A,N/A,,,,,,,,INF,N/A,21865828.85,,
ornithine,12.68,Target Compound,20240709_QE2_HILIC_BCSCuAOXq2d_AYW1141,12,Processed,T1,4BC,Unknown,,B:B4,,,1288299,25741348,12.79,0.11,C5H12N2O2,M+H,N/A,N/A,N/A,N/A,133.0972,133.0973,.7911 (ppm),0,0,N/A,Method,True,False,N/A,N/A,N/A,,,Pass,N/A,N/A,N/A,N/A,Confirmed,N/A,N/A,N/A,N/A,,,,,,,,INF,N/A,21865828.85,,
ornithine,12.68,Target Compound,20240709_QE2_HILIC_BCSCuAOXq2d_AYW1142,13,Processed,T1,5RV,Unknown,,B:B5,,,1006205,20455628,12.82,0.14,C5H12N2O2,M+H,N/A,N/A,N/A,N/A,133.0972,133.0973,.6765 (ppm),0,0,N/A,Method,True,False,N/A,N/A,N/A,,,Pass,N/A,N/A,N/A,N/A,Confirmed,N/A,N/A,N/A,N/A,,,,,,,,2008.22,N/A,24046492.01,N/A,
ornithine,12.68,Target Compound,20240709_QE2_HILIC_BCSCuAOXq2d_AYW1143,14,Processed,T1,5RV,Unknown,,B:B6,,,1478981,28266524,12.76,0.08,C5H12N2O2,M+H,N/A,N/A,N/A,N/A,133.0972,133.0973,.9058 (ppm),0,0,N/A,Method,True,False,N/A,N/A,N/A,,,Pass,N/A,N/A,N/A,N/A,Confirmed,N/A,N/A,N/A,N/A,,,,,,,,1792.94,N/A,24046492.01,,
ornithine,12.68,Target Compound,20240709_QE2_HILIC_BCSCuAOXq2d_AYW1144,15,Processed,T1,5RV,Unknown,,B:B7,,,1192664,23417324,12.78,0.10,C5H12N2O2,M+H,N/A,N/A,N/A,N/A,133.0972,133.0973,1.0204 (ppm),0,0,N/A,Method,True,False,N/A,N/A,N/A,,,Pass,N/A,N/A,N/A,N/A,Confirmed,N/A,N/A,N/A,N/A,,,,,,,,INF,N/A,24046492.01,,
ornithine,12.68,Target Compound,20240709_QE2_HILIC_BCSCuAOXq2d_AYW1145,16,Processed,T1,6RB,Unknown,,B:B8,,,728506,15265606,12.75,0.07,C5H12N2O2,M+H,N/A,N/A,N/A,N/A,133.0972,133.0974,1.2497 (ppm),0,0,N/A,Method,True,False,N/A,N/A,N/A,,,Pass,N/A,N/A,N/A,N/A,Confirmed,N/A,N/A,N/A,N/A,,,,,,,,INF,N/A,16022326.39,,
ornithine,12.68,Target Compound,20240709_QE2_HILIC_BCSCuAOXq2d_AYW1146,17,Processed,T1,6RB,Unknown,,B:B9,,,659804,12781298,12.79,0.11,C5H12N2O2,M+H,N/A,N/A,N/A,N/A,133.0972,133.0973,.4472 (ppm),0,0,N/A,Method,True,False,N/A,N/A,N/A,,,Pass,N/A,N/A,N/A,N/A,Confirmed,N/A,N/A,N/A,N/A,,,,,,,,INF,N/A,16022326.39,,
ornithine,12.68,Target Compound,20240709_QE2_HILIC_BCSCuAOXq2d_AYW1147,18,Processed,T1,6RB,Unknown,,B:C1,,,896741,20020075,12.81,0.13,C5H12N2O2,M+H,N/A,N/A,N/A,N/A,133.0972,133.0973,.7911 (ppm),0,0,N/A,Method,True,False,N/A,N/A,N/A,,,Pass,N/A,N/A,N/A,N/A,Confirmed,N/A,N/A,N/A,N/A,,,,,,,,INF,N/A,16022326.39,,
ornithine,12.68,Target Compound,20240709_QE2_HILIC_BCSCuAOXq2d_AYW1148,19,Processed,T1,7RV,Unknown,,B:C2,,,1103133,21459000,12.78,0.10,C5H12N2O2,M+H,N/A,N/A,N/A,N/A,133.0972,133.0972,.2179 (ppm),0,0,N/A,Method,True,False,N/A,N/A,N/A,,,Pass,N/A,N/A,N/A,N/A,Confirmed,N/A,N/A,N/A,N/A,,,,,,,,INF,N/A,26268824.98,,
ornithine,12.68,Target Compound,20240709_QE2_HILIC_BCSCuAOXq2d_AYW1149,20,Processed,T1,7RV,Unknown,,B:C3,,,1240023,24290785,12.8,0.12,C5H12N2O2,M+H,N/A,N/A,N/A,N/A,133.0972,133.0972,-.0114 (ppm),0,0,N/A,Method,True,False,N/A,N/A,N/A,,,Pass,N/A,N/A,N/A,N/A,Confirmed,N/A,N/A,N/A,N/A,,,,,,,,INF,N/A,26268824.98,,
ornithine,12.68,Target Compound,20240709_QE2_HILIC_BCSCuAOXq2d_AYW1150,21,Processed,T1,7RV,Unknown,,B:C4,,,1525647,33056690,12.74,0.06,C5H12N2O2,M+H,N/A,N/A,N/A,N/A,133.0972,133.0973,.5618 (ppm),0,0,N/A,Method,True,False,N/A,N/A,N/A,,,Pass,N/A,N/A,N/A,N/A,Confirmed,N/A,N/A,N/A,N/A,,,,,,,,INF,N/A,26268824.98,,
ornithine,12.68,Target Compound,20240709_QE2_HILIC_BCSCuAOXq2d_AYW1151,22,Processed,T1,8RB,Unknown,,B:C5,,,1439805,28380951,12.78,0.10,C5H12N2O2,M+H,N/A,N/A,N/A,N/A,133.0972,133.0973,.6765 (ppm),0,0,N/A,Method,True,False,N/A,N/A,N/A,,,Pass,N/A,N/A,N/A,N/A,Confirmed,N/A,N/A,N/A,N/A,,,,,,,,INF,N/A,23068177.13,,
ornithine,12.68,Target Compound,20240709_QE2_HILIC_BCSCuAOXq2d_AYW1152,23,Processed,T1,8RB,Unknown,,B:C6,,,795290,15412878,12.76,0.08,C5H12N2O2,M+H,N/A,N/A,N/A,N/A,133.0972,133.0973,.5618 (ppm),0,0,N/A,Method,True,False,N/A,N/A,N/A,,,Pass,N/A,N/A,N/A,N/A,Confirmed,N/A,N/A,N/A,N/A,,,,,,,,INF,N/A,23068177.13,,
ornithine,12.68,Target Compound,20240709_QE2_HILIC_BCSCuAOXq2d_AYW1153,24,Processed,T1,8RB,Unknown,,B:C7,,,1306029,25410703,12.79,0.11,C5H12N2O2,M+H,N/A,N/A,N/A,N/A,133.0972,133.0973,.7911 (ppm),0,0,N/A,Method,True,False,N/A,N/A,N/A,,,Pass,N/A,N/A,N/A,N/A,Confirmed,N/A,N/A,N/A,N/A,,,,,,,,INF,N/A,23068177.13,,
ornithine,12.68,Target Compound,20240709_QE2_HILIC_BCSCuAOXq2d_AYW1154_pool1xa,25,Processed,T1,pool1x,Unknown,,B:C8,,,1256678,25104832,12.75,0.07,C5H12N2O2,M+H,N/A,N/A,N/A,N/A,133.0972,133.0973,.5618 (ppm),0,0,N/A,Method,True,False,N/A,N/A,N/A,,,Pass,N/A,N/A,N/A,N/A,Confirmed,N/A,N/A,N/A,N/A,,,,,,,,337.04,N/A,21676699.94,,
ornithine,12.68,Target Compound,20240709_QE2_HILIC_BCSCuAOXq2d_AYW1154_pool1xb,26,Processed,T1,pool1x,Unknown,,B:C8,,,1249062,23318500,12.78,0.10,C5H12N2O2,M+H,N/A,N/A,N/A,N/A,133.0972,133.0972,.1033 (ppm),0,0,N/A,Method,True,False,N/A,N/A,N/A,,,Pass,N/A,N/A,N/A,N/A,Confirmed,N/A,N/A,N/A,N/A,,,,,,,,1440.94,N/A,21676699.94,,
ornithine,12.68,Target Compound,20240709_QE2_HILIC_BCSCuAOXq2d_AYW1154_pool1xc,27,Processed,T1,pool1x,Unknown,,B:C8,,,856467,19860387,12.75,0.07,C5H12N2O2,M+H,N/A,N/A,N/A,N/A,133.0972,133.0973,.5618 (ppm),0,0,N/A,Method,True,False,N/A,N/A,N/A,,,Pass,N/A,N/A,N/A,N/A,Confirmed,N/A,N/A,N/A,N/A,,,,,,,,INF,N/A,21676699.94,,
ornithine,12.68,Target Compound,20240709_QE2_HILIC_BCSCuAOXq2d_AYW1154_pool1xd,28,Processed,T1,pool1x,Unknown,,B:C8,,,930604,18423080,12.76,0.08,C5H12N2O2,M+H,N/A,N/A,N/A,N/A,133.0972,133.0972,-.3553 (ppm),0,0,N/A,Method,True,False,N/A,N/A,N/A,,,Pass,N/A,N/A,N/A,N/A,Confirmed,N/A,N/A,N/A,N/A,,,,,,,,INF,N/A,21676699.94,,
ornithine,12.68,Target Compound,20240709_QE2_HILIC_BCSCuAOXq2d_AYW1155_pool033xa,29,Processed,T1,pool033x,Unknown,,B:C9,,,457119,8164519,12.79,0.11,C5H12N2O2,M+H,N/A,N/A,N/A,N/A,133.0972,133.0972,.1033 (ppm),0,0,N/A,Method,True,False,N/A,N/A,N/A,,,Pass,N/A,N/A,N/A,N/A,Confirmed,N/A,N/A,N/A,N/A,,,,,,,,113.61,N/A,8950568.19,,
ornithine,12.68,Target Compound,20240709_QE2_HILIC_BCSCuAOXq2d_AYW1155_pool033xb,30,Processed,T1,pool033x,Unknown,,B:C9,,,574350,12198372,12.82,0.14,C5H12N2O2,M+H,N/A,N/A,N/A,N/A,133.0972,133.0973,.6765 (ppm),0,0,N/A,Method,True,False,N/A,N/A,N/A,,,Pass,N/A,N/A,N/A,N/A,Confirmed,N/A,N/A,N/A,N/A,,,,,,,,341.49,N/A,8950568.19,,
ornithine,12.68,Target Compound,20240709_QE2_HILIC_BCSCuAOXq2d_AYW1155_pool033xc,31,Processed,T1,pool033x,Unknown,,B:C9,,,356279,7605537,12.8,0.12,C5H12N2O2,M+H,N/A,N/A,N/A,N/A,133.0972,133.0974,1.2497 (ppm),0,0,N/A,Method,True,False,N/A,N/A,N/A,,,Pass,N/A,N/A,N/A,N/A,Confirmed,N/A,N/A,N/A,N/A,,,,,,,,154.10,N/A,8950568.19,,
ornithine,12.68,Target Compound,20240709_QE2_HILIC_BCSCuAOXq2d_AYW1155_pool033xd,32,Processed,T1,pool033x,Unknown,,B:C9,,,345581,7833845,12.77,0.09,C5H12N2O2,M+H,N/A,N/A,N/A,N/A,133.0972,133.0972,.1033 (ppm),0,0,N/A,Method,True,False,N/A,N/A,N/A,,,Pass,N/A,N/A,N/A,N/A,Confirmed,N/A,N/A,N/A,N/A,,,,,,,,INF,N/A,8950568.19,,
ornithine,12.68,Target Compound,20240709_QE2_HILIC_BCSCuAOXq2d_AYW1156_pool01xa,33,Processed,T1,pool01x,Unknown,,B:D1,,,123010,2450845,12.8,0.12,C5H12N2O2,M+H,N/A,N/A,N/A,N/A,133.0972,133.0972,.3326 (ppm),0,0,N/A,Method,True,False,N/A,N/A,N/A,,,Pass,N/A,N/A,N/A,N/A,Confirmed,N/A,N/A,N/A,N/A,,,,,,,,20.59,N/A,2695639.65,,
ornithine,12.68,Target Compound,20240709_QE2_HILIC_BCSCuAOXq2d_AYW1156_pool01xb,34,Processed,T1,pool01x,Unknown,,B:D1,,,167022,3283792,12.8,0.12,C5H12N2O2,M+H,N/A,N/A,N/A,N/A,133.0972,133.0972,-.0114 (ppm),0,0,N/A,Method,True,False,N/A,N/A,N/A,,,Pass,N/A,N/A,N/A,N/A,Confirmed,N/A,N/A,N/A,N/A,,,,,,,,45.50,N/A,2695639.65,,
ornithine,12.68,Target Compound,20240709_QE2_HILIC_BCSCuAOXq2d_AYW1156_pool01xc,35,Processed,T1,pool01x,Unknown,,B:D1,,,155776,2812006,12.81,0.13,C5H12N2O2,M+H,N/A,N/A,N/A,N/A,133.0972,133.0973,.9058 (ppm),0,0,N/A,Method,True,False,N/A,N/A,N/A,,,Pass,N/A,N/A,N/A,N/A,Confirmed,N/A,N/A,N/A,N/A,,,,,,,,50.39,N/A,2695639.65,,
ornithine,12.68,Target Compound,20240709_QE2_HILIC_BCSCuAOXq2d_AYW1156_pool01xd,36,Processed,T1,pool01x,Unknown,,B:D1,,,99586,2235916,12.87,0.19,C5H12N2O2,M+H,N/A,N/A,N/A,N/A,133.0972,133.0972,.1033 (ppm),0,0,N/A,Method,True,False,N/A,N/A,N/A,,,Pass,N/A,N/A,N/A,N/A,Confirmed,N/A,N/A,N/A,N/A,,,,,,,,763.99,N/A,2695639.65,,
ornithine,12.68,Target Compound,20240709_QE2_HILIC_BCSCuAOXq2d_blank1,37,Processed,T1,,Unknown,,B:A1,,,N/F,N/F,N/F,N/F,C5H12N2O2,N/A,N/F,N/A,N/F,N/A,133.0972,N/F,N/F,N/F,0,N/A,Method,True,False,N/A,N/A,N/A,,,Fail,N/A,N/A,N/A,N/A,NotFound,N/A,N/A,N/A,N/A,,,,,,,,N/A,N/A,1.00,,
ornithine,12.68,Target Compound,20240709_QE2_HILIC_BCSCuAOXq2d_blank1_20240710111342,38,Processed,T1,,Unknown,,B:A1,,,N/F,N/F,N/F,N/F,C5H12N2O2,N/A,N/F,N/A,N/F,N/A,133.0972,N/F,N/F,N/F,0,N/A,Method,True,False,N/A,N/A,N/A,,,Fail,N/A,N/A,N/A,N/A,NotFound,N/A,N/A,N/A,N/A,,,,,,,,N/A,N/A,1.00,,
ornithine,12.68,Target Compound,20240709_QE2_HILIC_BCSCuAOXq2d_blank1_20240710231833,39,Processed,T1,,Unknown,,B:A1,,,N/F,N/F,N/F,N/F,C5H12N2O2,N/A,N/F,N/A,N/F,N/A,133.0972,N/F,N/F,N/F,0,N/A,Method,True,False,N/A,N/A,N/A,,,Fail,N/A,N/A,N/A,N/A,NotFound,N/A,N/A,N/A,N/A,,,,,,,,N/A,N/A,1.00,,
ornithine,12.68,Target Compound,20240709_QE2_HILIC_BCSCuAOXq2d_blank2,40,Processed,T1,,Unknown,,B:A1,,,N/F,N/F,N/F,N/F,C5H12N2O2,N/A,N/F,N/A,N/F,N/A,133.0972,N/F,N/F,N/F,0,N/A,Method,True,False,N/A,N/A,N/A,,,Fail,N/A,N/A,N/A,N/A,NotFound,N/A,N/A,N/A,N/A,,,,,,,,N/A,N/A,1.00,,
ornithine,12.68,Target Compound,20240709_QE2_HILIC_BCSCuAOXq2d_blank2_20240710115054,41,Processed,T1,,Unknown,,B:A1,,,N/F,N/F,N/F,N/F,C5H12N2O2,N/A,N/F,N/A,N/F,N/A,133.0972,N/F,N/F,N/F,0,N/A,Method,True,False,N/A,N/A,N/A,,,Fail,N/A,N/A,N/A,N/A,NotFound,N/A,N/A,N/A,N/A,,,,,,,,N/A,N/A,1.00,,
ornithine,12.68,Target Compound,20240709_QE2_HILIC_BCSCuAOXq2d_blank2_20240710235116,42,Processed,T1,,Unknown,,B:A1,,,N/F,N/F,N/F,N/F,C5H12N2O2,N/A,N/F,N/A,N/F,N/A,133.0972,N/F,N/F,N/F,0,N/A,Method,True,False,N/A,N/A,N/A,,,Fail,N/A,N/A,N/A,N/A,NotFound,N/A,N/A,N/A,N/A,,,,,,,,N/A,N/A,1.00,,
