﻿Compound,RT,Type,Filename,Batch Order,Status,Peak Label,Group,Sample Type,Level,Sample ID,Sample Name,Comments,Height,Area,Actual RT,RT Delta,Formula,Adduct,Calculated Amt,Theoretical Amt,Sample Amt,Std Add Amount,m/z (Expected),m/z (Apex),m/z (Delta),Response Ratio,ISTD Amt,ISTD Response,Integration Mode,Active,Excluded,%Diff,%RSD,% CV,Channel,Final Units,PK,IR,IP,LS,FI,Confirm,Isotopic Pattern Score (%),Num Isotopes Matched,Lib Match Name,Library Score (%),Library Match Rank,SI/Dot Product,RSI/Rev Dot,Modification,Protein Name,Peptide Sequence,Ion Type,S/N,Ion Ratio,Group Average,Relative RT,Flag Details
citrate,12.3,Target Compound,20240709_QE2_HILIC_BCSCuAOXq2d_AYW1130,1,Processed,T1,1V,Unknown,,B:A2,,,49413301,1149487692,12.29,-0.01,C6H8O7,M-H,N/A,N/A,N/A,N/A,191.0197,191.02,1.5130 (ppm),0,0,N/A,Method,True,False,N/A,N/A,N/A,,,Pass,N/A,N/A,N/A,N/A,Confirmed,N/A,N/A,N/A,N/A,,,,,,,,566.86,N/A,980449602.67,,
citrate,12.3,Target Compound,20240709_QE2_HILIC_BCSCuAOXq2d_AYW1131,2,Processed,T1,1V,Unknown,,B:A3,,,43390914,1043689378,12.26,-0.04,C6H8O7,M-H,N/A,N/A,N/A,N/A,191.0197,191.0199,1.1935 (ppm),0,0,N/A,Method,True,False,N/A,N/A,N/A,,,Pass,N/A,N/A,N/A,N/A,Confirmed,N/A,N/A,N/A,N/A,,,,,,,,514.37,N/A,980449602.67,,
citrate,12.3,Target Compound,20240709_QE2_HILIC_BCSCuAOXq2d_AYW1132,3,Processed,T1,1V,Unknown,,B:A4,,,30255565,748171737,12.27,-0.03,C6H8O7,M-H,N/A,N/A,N/A,N/A,191.0197,191.0201,1.8325 (ppm),0,0,N/A,Method,True,False,N/A,N/A,N/A,,,Pass,N/A,N/A,N/A,N/A,Confirmed,N/A,N/A,N/A,N/A,,,,,,,,608.41,N/A,980449602.67,,
citrate,12.3,Target Compound,20240709_QE2_HILIC_BCSCuAOXq2d_AYW1133,4,Processed,T1,2B,Unknown,,B:A5,,,26080470,495822501,12.28,-0.02,C6H8O7,M-H,N/A,N/A,N/A,N/A,191.0197,191.02,1.5929 (ppm),0,0,N/A,Method,True,False,N/A,N/A,N/A,,,Pass,N/A,N/A,N/A,N/A,Confirmed,N/A,N/A,N/A,N/A,,,,,,,,431.14,N/A,942960827.98,,
citrate,12.3,Target Compound,20240709_QE2_HILIC_BCSCuAOXq2d_AYW1134,5,Processed,T1,2B,Unknown,,B:A6,,,44812163,1145317186,12.28,-0.02,C6H8O7,M-H,N/A,N/A,N/A,N/A,191.0197,191.02,1.3532 (ppm),0,0,N/A,Method,True,False,N/A,N/A,N/A,,,Pass,N/A,N/A,N/A,N/A,Confirmed,N/A,N/A,N/A,N/A,,,,,,,,450.96,N/A,942960827.98,,
citrate,12.3,Target Compound,20240709_QE2_HILIC_BCSCuAOXq2d_AYW1135,6,Processed,T1,2B,Unknown,,B:A7,,,44262359,1187742797,12.25,-0.05,C6H8O7,M-H,N/A,N/A,N/A,N/A,191.0197,191.02,1.5130 (ppm),0,0,N/A,Method,True,False,N/A,N/A,N/A,,,Pass,N/A,N/A,N/A,N/A,Confirmed,N/A,N/A,N/A,N/A,,,,,,,,605.53,N/A,942960827.98,,
citrate,12.3,Target Compound,20240709_QE2_HILIC_BCSCuAOXq2d_AYW1136,7,Processed,T1,3C,Unknown,,B:A8,,,65955040,1617246270,12.32,0.02,C6H8O7,M-H,N/A,N/A,N/A,N/A,191.0197,191.02,1.3532 (ppm),0,0,N/A,Method,True,False,N/A,N/A,N/A,,,Pass,N/A,N/A,N/A,N/A,Confirmed,N/A,N/A,N/A,N/A,,,,,,,,494.27,N/A,1242997980.70,,
citrate,12.3,Target Compound,20240709_QE2_HILIC_BCSCuAOXq2d_AYW1137,8,Processed,T1,3C,Unknown,,B:A9,,,60572251,1581416158,12.26,-0.04,C6H8O7,M-H,N/A,N/A,N/A,N/A,191.0197,191.0199,1.0337 (ppm),0,0,N/A,Method,True,False,N/A,N/A,N/A,,,Pass,N/A,N/A,N/A,N/A,Confirmed,N/A,N/A,N/A,N/A,,,,,,,,644.17,N/A,1242997980.70,,
citrate,12.3,Target Compound,20240709_QE2_HILIC_BCSCuAOXq2d_AYW1138,9,Processed,T1,3C,Unknown,,B:B1,,,20886660,530331514,12.24,-0.06,C6H8O7,M-H,N/A,N/A,N/A,N/A,191.0197,191.02,1.3532 (ppm),0,0,N/A,Method,True,False,N/A,N/A,N/A,,,Pass,N/A,N/A,N/A,N/A,Confirmed,N/A,N/A,N/A,N/A,,,,,,,,407.97,N/A,1242997980.70,,
citrate,12.3,Target Compound,20240709_QE2_HILIC_BCSCuAOXq2d_AYW1139,10,Processed,T1,4BC,Unknown,,B:B2,,,37707550,1104481760,12.3,0.00,C6H8O7,M-H,N/A,N/A,N/A,N/A,191.0197,191.02,1.5130 (ppm),0,0,N/A,Method,True,False,N/A,N/A,N/A,,,Pass,N/A,N/A,N/A,N/A,Confirmed,N/A,N/A,N/A,N/A,,,,,,,,495.38,N/A,1117433492.56,N/A,
citrate,12.3,Target Compound,20240709_QE2_HILIC_BCSCuAOXq2d_AYW1140,11,Processed,T1,4BC,Unknown,,B:B3,,,39216716,1099174696,12.27,-0.03,C6H8O7,M-H,N/A,N/A,N/A,N/A,191.0197,191.02,1.5130 (ppm),0,0,N/A,Method,True,False,N/A,N/A,N/A,,,Pass,N/A,N/A,N/A,N/A,Confirmed,N/A,N/A,N/A,N/A,,,,,,,,699.15,N/A,1117433492.56,,
citrate,12.3,Target Compound,20240709_QE2_HILIC_BCSCuAOXq2d_AYW1141,12,Processed,T1,4BC,Unknown,,B:B4,,,58651649,1148644021,12.25,-0.05,C6H8O7,M-H,N/A,N/A,N/A,N/A,191.0197,191.0199,1.1935 (ppm),0,0,N/A,Method,True,False,N/A,N/A,N/A,,,Pass,N/A,N/A,N/A,N/A,Confirmed,N/A,N/A,N/A,N/A,,,,,,,,896.83,N/A,1117433492.56,,
citrate,12.3,Target Compound,20240709_QE2_HILIC_BCSCuAOXq2d_AYW1142,13,Processed,T1,5RV,Unknown,,B:B5,,,42874737,1109647594,12.26,-0.04,C6H8O7,M-H,N/A,N/A,N/A,N/A,191.0197,191.02,1.4331 (ppm),0,0,N/A,Method,True,False,N/A,N/A,N/A,,,Pass,N/A,N/A,N/A,N/A,Confirmed,N/A,N/A,N/A,N/A,,,,,,,,679.79,N/A,1284680908.52,N/A,
citrate,12.3,Target Compound,20240709_QE2_HILIC_BCSCuAOXq2d_AYW1143,14,Processed,T1,5RV,Unknown,,B:B6,,,65899609,1795020019,12.27,-0.03,C6H8O7,M-H,N/A,N/A,N/A,N/A,191.0197,191.0199,1.1136 (ppm),0,0,N/A,Method,True,False,N/A,N/A,N/A,,,Pass,N/A,N/A,N/A,N/A,Confirmed,N/A,N/A,N/A,N/A,,,,,,,,986.15,N/A,1284680908.52,,
citrate,12.3,Target Compound,20240709_QE2_HILIC_BCSCuAOXq2d_AYW1144,15,Processed,T1,5RV,Unknown,,B:B7,,,41392340,949375112,12.24,-0.06,C6H8O7,M-H,N/A,N/A,N/A,N/A,191.0197,191.02,1.7526 (ppm),0,0,N/A,Method,True,False,N/A,N/A,N/A,,,Pass,N/A,N/A,N/A,N/A,Confirmed,N/A,N/A,N/A,N/A,,,,,,,,553.06,N/A,1284680908.52,,
citrate,12.3,Target Compound,20240709_QE2_HILIC_BCSCuAOXq2d_AYW1145,16,Processed,T1,6RB,Unknown,,B:B8,,,25475320,555047864,12.29,-0.01,C6H8O7,M-H,N/A,N/A,N/A,N/A,191.0197,191.0201,2.0722 (ppm),0,0,N/A,Method,True,False,N/A,N/A,N/A,,,Pass,N/A,N/A,N/A,N/A,Confirmed,N/A,N/A,N/A,N/A,,,,,,,,376.05,N/A,407107729.02,,
citrate,12.3,Target Compound,20240709_QE2_HILIC_BCSCuAOXq2d_AYW1146,17,Processed,T1,6RB,Unknown,,B:B9,,,15405944,341370231,12.25,-0.05,C6H8O7,M-H,N/A,N/A,N/A,N/A,191.0197,191.02,1.5929 (ppm),0,0,N/A,Method,True,False,N/A,N/A,N/A,,,Pass,N/A,N/A,N/A,N/A,Confirmed,N/A,N/A,N/A,N/A,,,,,,,,447.71,N/A,407107729.02,,
citrate,12.3,Target Compound,20240709_QE2_HILIC_BCSCuAOXq2d_AYW1147,18,Processed,T1,6RB,Unknown,,B:C1,,,15159840,324905092,12.24,-0.06,C6H8O7,M-H,N/A,N/A,N/A,N/A,191.0197,191.02,1.6728 (ppm),0,0,N/A,Method,True,False,N/A,N/A,N/A,,,Pass,N/A,N/A,N/A,N/A,Confirmed,N/A,N/A,N/A,N/A,,,,,,,,288.55,N/A,407107729.02,,
citrate,12.3,Target Compound,20240709_QE2_HILIC_BCSCuAOXq2d_AYW1148,19,Processed,T1,7RV,Unknown,,B:C2,,,33779658,871026553,12.29,-0.01,C6H8O7,M-H,N/A,N/A,N/A,N/A,191.0197,191.02,1.5929 (ppm),0,0,N/A,Method,True,False,N/A,N/A,N/A,,,Pass,N/A,N/A,N/A,N/A,Confirmed,N/A,N/A,N/A,N/A,,,,,,,,799.64,N/A,1127028086.33,,
citrate,12.3,Target Compound,20240709_QE2_HILIC_BCSCuAOXq2d_AYW1149,20,Processed,T1,7RV,Unknown,,B:C3,,,44321027,1363986351,12.31,0.01,C6H8O7,M-H,N/A,N/A,N/A,N/A,191.0197,191.02,1.5130 (ppm),0,0,N/A,Method,True,False,N/A,N/A,N/A,,,Pass,N/A,N/A,N/A,N/A,Confirmed,N/A,N/A,N/A,N/A,,,,,,,,572.33,N/A,1127028086.33,,
citrate,12.3,Target Compound,20240709_QE2_HILIC_BCSCuAOXq2d_AYW1150,21,Processed,T1,7RV,Unknown,,B:C4,,,55160805,1146071355,12.28,-0.02,C6H8O7,M-H,N/A,N/A,N/A,N/A,191.0197,191.0199,1.2734 (ppm),0,0,N/A,Method,True,False,N/A,N/A,N/A,,,Pass,N/A,N/A,N/A,N/A,Confirmed,N/A,N/A,N/A,N/A,,,,,,,,1000.57,N/A,1127028086.33,,
citrate,12.3,Target Compound,20240709_QE2_HILIC_BCSCuAOXq2d_AYW1151,22,Processed,T1,8RB,Unknown,,B:C5,,,46537130,1115970134,12.26,-0.04,C6H8O7,M-H,N/A,N/A,N/A,N/A,191.0197,191.02,1.5130 (ppm),0,0,N/A,Method,True,False,N/A,N/A,N/A,,,Pass,N/A,N/A,N/A,N/A,Confirmed,N/A,N/A,N/A,N/A,,,,,,,,457.66,N/A,1126206720.50,,
citrate,12.3,Target Compound,20240709_QE2_HILIC_BCSCuAOXq2d_AYW1152,23,Processed,T1,8RB,Unknown,,B:C6,,,31120332,735285425,12.27,-0.03,C6H8O7,M-H,N/A,N/A,N/A,N/A,191.0197,191.0201,1.8325 (ppm),0,0,N/A,Method,True,False,N/A,N/A,N/A,,,Pass,N/A,N/A,N/A,N/A,Confirmed,N/A,N/A,N/A,N/A,,,,,,,,599.21,N/A,1126206720.50,,
citrate,12.3,Target Compound,20240709_QE2_HILIC_BCSCuAOXq2d_AYW1153,24,Processed,T1,8RB,Unknown,,B:C7,,,61978477,1527364602,12.26,-0.04,C6H8O7,M-H,N/A,N/A,N/A,N/A,191.0197,191.02,1.6728 (ppm),0,0,N/A,Method,True,False,N/A,N/A,N/A,,,Pass,N/A,N/A,N/A,N/A,Confirmed,N/A,N/A,N/A,N/A,,,,,,,,668.96,N/A,1126206720.50,,
citrate,12.3,Target Compound,20240709_QE2_HILIC_BCSCuAOXq2d_AYW1154_pool1xa,25,Processed,T1,pool1x,Unknown,,B:C8,,,46392301,1107220161,12.31,0.01,C6H8O7,M-H,N/A,N/A,N/A,N/A,191.0197,191.0199,1.1935 (ppm),0,0,N/A,Method,True,False,N/A,N/A,N/A,,,Pass,N/A,N/A,N/A,N/A,Confirmed,N/A,N/A,N/A,N/A,,,,,,,,530.38,N/A,971046813.44,,
citrate,12.3,Target Compound,20240709_QE2_HILIC_BCSCuAOXq2d_AYW1154_pool1xb,26,Processed,T1,pool1x,Unknown,,B:C8,,,47606117,1031932578,12.24,-0.06,C6H8O7,M-H,N/A,N/A,N/A,N/A,191.0197,191.0199,.9538 (ppm),0,0,N/A,Method,True,False,N/A,N/A,N/A,,,Pass,N/A,N/A,N/A,N/A,Confirmed,N/A,N/A,N/A,N/A,,,,,,,,648.15,N/A,971046813.44,,
citrate,12.3,Target Compound,20240709_QE2_HILIC_BCSCuAOXq2d_AYW1154_pool1xc,27,Processed,T1,pool1x,Unknown,,B:C8,,,40765482,956306657,12.29,-0.01,C6H8O7,M-H,N/A,N/A,N/A,N/A,191.0197,191.0201,1.8325 (ppm),0,0,N/A,Method,True,False,N/A,N/A,N/A,,,Pass,N/A,N/A,N/A,N/A,Confirmed,N/A,N/A,N/A,N/A,,,,,,,,577.93,N/A,971046813.44,,
citrate,12.3,Target Compound,20240709_QE2_HILIC_BCSCuAOXq2d_AYW1154_pool1xd,28,Processed,T1,pool1x,Unknown,,B:C8,,,30810341,788727858,12.27,-0.03,C6H8O7,M-H,N/A,N/A,N/A,N/A,191.0197,191.02,1.5130 (ppm),0,0,N/A,Method,True,False,N/A,N/A,N/A,,,Pass,N/A,N/A,N/A,N/A,Confirmed,N/A,N/A,N/A,N/A,,,,,,,,809.11,N/A,971046813.44,,
citrate,12.3,Target Compound,20240709_QE2_HILIC_BCSCuAOXq2d_AYW1155_pool033xa,29,Processed,T1,pool033x,Unknown,,B:C9,,,14629843,260856239,12.23,-0.07,C6H8O7,M-H,N/A,N/A,N/A,N/A,191.0197,191.02,1.5130 (ppm),0,0,N/A,Manual,True,False,N/A,N/A,N/A,,,Pass,N/A,N/A,N/A,N/A,Confirmed,N/A,N/A,N/A,N/A,,,,,,,,728.13,N/A,209000357.65,,
citrate,12.3,Target Compound,20240709_QE2_HILIC_BCSCuAOXq2d_AYW1155_pool033xb,30,Processed,T1,pool033x,Unknown,,B:C9,,,15430191,258822096,12.23,-0.07,C6H8O7,M-H,N/A,N/A,N/A,N/A,191.0197,191.02,1.3532 (ppm),0,0,N/A,Method,True,False,N/A,N/A,N/A,,,Pass,N/A,N/A,N/A,N/A,Confirmed,N/A,N/A,N/A,N/A,,,,,,,,250.44,N/A,209000357.65,,
citrate,12.3,Target Compound,20240709_QE2_HILIC_BCSCuAOXq2d_AYW1155_pool033xc,31,Processed,T1,pool033x,Unknown,,B:C9,,,10037055,174372523,12.21,-0.09,C6H8O7,M-H,N/A,N/A,N/A,N/A,191.0197,191.0201,2.3118 (ppm),0,0,N/A,Method,True,False,N/A,N/A,N/A,,,Pass,N/A,N/A,N/A,N/A,Confirmed,N/A,N/A,N/A,N/A,,,,,,,,686.47,N/A,209000357.65,,
citrate,12.3,Target Compound,20240709_QE2_HILIC_BCSCuAOXq2d_AYW1155_pool033xd,32,Processed,T1,pool033x,Unknown,,B:C9,,,8326361,141950574,12.22,-0.08,C6H8O7,M-H,N/A,N/A,N/A,N/A,191.0197,191.0201,2.1521 (ppm),0,0,N/A,Method,True,False,N/A,N/A,N/A,,,Pass,N/A,N/A,N/A,N/A,Confirmed,N/A,N/A,N/A,N/A,,,,,,,,185.94,N/A,209000357.65,,
citrate,12.3,Target Compound,20240709_QE2_HILIC_BCSCuAOXq2d_AYW1156_pool01xa,33,Processed,T1,pool01x,Unknown,,B:D1,,,2321914,30920146,12.01,-0.29,C6H8O7,M-H,N/A,N/A,N/A,N/A,191.0197,191.02,1.3532 (ppm),0,0,N/A,Method,True,False,N/A,N/A,N/A,,,Pass,N/A,N/A,N/A,N/A,Confirmed,N/A,N/A,N/A,N/A,,,,,,,,39.60,N/A,21010557.43,,
citrate,12.3,Target Compound,20240709_QE2_HILIC_BCSCuAOXq2d_AYW1156_pool01xb,34,Processed,T1,pool01x,Unknown,,B:D1,,,1675708,28647998,12,-0.30,C6H8O7,M-H,N/A,N/A,N/A,N/A,191.0197,191.02,1.5130 (ppm),0,0,N/A,Method,True,False,N/A,N/A,N/A,,,Pass,N/A,N/A,N/A,N/A,Confirmed,N/A,N/A,N/A,N/A,,,,,,,,263.76,N/A,21010557.43,,
citrate,12.3,Target Compound,20240709_QE2_HILIC_BCSCuAOXq2d_AYW1156_pool01xc,35,Processed,T1,pool01x,Unknown,,B:D1,,,1349489,18778494,11.99,-0.31,C6H8O7,M-H,N/A,N/A,N/A,N/A,191.0197,191.0202,2.4716 (ppm),0,0,N/A,Method,True,False,N/A,N/A,N/A,,,Pass,N/A,N/A,N/A,N/A,Confirmed,N/A,N/A,N/A,N/A,,,,,,,,276.52,N/A,21010557.43,,
citrate,12.3,Target Compound,20240709_QE2_HILIC_BCSCuAOXq2d_AYW1156_pool01xd,36,Processed,T1,pool01x,Unknown,,B:D1,,,530631,5695593,12.27,-0.03,C6H8O7,M-H,N/A,N/A,N/A,N/A,191.0197,191.0201,1.8325 (ppm),0,0,N/A,Method,True,False,N/A,N/A,N/A,,,Pass,N/A,N/A,N/A,N/A,Confirmed,N/A,N/A,N/A,N/A,,,,,,,,18.56,N/A,21010557.43,,
citrate,12.3,Target Compound,20240709_QE2_HILIC_BCSCuAOXq2d_blank1,37,Processed,T1,,Unknown,,B:A1,,,26819972,861249587,12.11,-0.19,C6H8O7,M-H,N/A,N/A,N/A,N/A,191.0197,191.0199,.9538 (ppm),0,0,N/A,Method,True,False,N/A,N/A,N/A,,,Pass,N/A,N/A,N/A,N/A,Confirmed,N/A,N/A,N/A,N/A,,,,,,,,418.98,N/A,143541597.77,,
citrate,12.3,Target Compound,20240709_QE2_HILIC_BCSCuAOXq2d_blank1_20240710111342,38,Processed,T1,,Unknown,,B:A1,,,N/F,N/F,N/F,N/F,C6H8O7,N/A,N/F,N/A,N/F,N/A,191.0197,N/F,N/F,N/F,0,N/A,Method,True,False,N/A,N/A,N/A,,,Fail,N/A,N/A,N/A,N/A,NotFound,N/A,N/A,N/A,N/A,,,,,,,,N/A,N/A,143541597.77,,
citrate,12.3,Target Compound,20240709_QE2_HILIC_BCSCuAOXq2d_blank1_20240710231833,39,Processed,T1,,Unknown,,B:A1,,,N/F,N/F,N/F,N/F,C6H8O7,N/A,N/F,N/A,N/F,N/A,191.0197,N/F,N/F,N/F,0,N/A,Method,True,False,N/A,N/A,N/A,,,Fail,N/A,N/A,N/A,N/A,NotFound,N/A,N/A,N/A,N/A,,,,,,,,N/A,N/A,143541597.77,,
citrate,12.3,Target Compound,20240709_QE2_HILIC_BCSCuAOXq2d_blank2,40,Processed,T1,,Unknown,,B:A1,,,N/F,N/F,N/F,N/F,C6H8O7,N/A,N/F,N/A,N/F,N/A,191.0197,N/F,N/F,N/F,0,N/A,Method,True,False,N/A,N/A,N/A,,,Fail,N/A,N/A,N/A,N/A,NotFound,N/A,N/A,N/A,N/A,,,,,,,,N/A,N/A,143541597.77,,
citrate,12.3,Target Compound,20240709_QE2_HILIC_BCSCuAOXq2d_blank2_20240710115054,41,Processed,T1,,Unknown,,B:A1,,,N/F,N/F,N/F,N/F,C6H8O7,N/A,N/F,N/A,N/F,N/A,191.0197,N/F,N/F,N/F,0,N/A,Method,True,False,N/A,N/A,N/A,,,Fail,N/A,N/A,N/A,N/A,NotFound,N/A,N/A,N/A,N/A,,,,,,,,N/A,N/A,143541597.77,,
citrate,12.3,Target Compound,20240709_QE2_HILIC_BCSCuAOXq2d_blank2_20240710235116,42,Processed,T1,,Unknown,,B:A1,,,N/F,N/F,N/F,N/F,C6H8O7,N/A,N/F,N/A,N/F,N/A,191.0197,N/F,N/F,N/F,0,N/A,Method,True,False,N/A,N/A,N/A,,,Fail,N/A,N/A,N/A,N/A,NotFound,N/A,N/A,N/A,N/A,,,,,,,,N/A,N/A,143541597.77,,
