﻿Compound,RT,Type,Filename,Batch Order,Status,Peak Label,Group,Sample Type,Level,Sample ID,Sample Name,Comments,Height,Area,Actual RT,RT Delta,Formula,Adduct,Calculated Amt,Theoretical Amt,Sample Amt,Std Add Amount,m/z (Expected),m/z (Apex),m/z (Delta),Response Ratio,ISTD Amt,ISTD Response,Integration Mode,Active,Excluded,%Diff,%RSD,% CV,Channel,Final Units,PK,IR,IP,LS,FI,Confirm,Isotopic Pattern Score (%),Num Isotopes Matched,Lib Match Name,Library Score (%),Library Match Rank,SI/Dot Product,RSI/Rev Dot,Modification,Protein Name,Peptide Sequence,Ion Type,S/N,Ion Ratio,Group Average,Relative RT,Flag Details
Glycerol 3-Phosphate,9.96,Target Compound,20240709_QE2_HILIC_BCSCuAOXq2d_AYW1130,1,Processed,T1,1V,Unknown,,B:A2,,,1854167,20161098,9.96,0.00,C3H9O6P,M+H,N/A,N/A,N/A,N/A,173.021,173.0211,.3302 (ppm),0,0,N/A,Method,True,False,N/A,N/A,N/A,,,Pass,N/A,N/A,N/A,N/A,Confirmed,N/A,N/A,N/A,N/A,,,,,,,,INF,N/A,16951541.58,,
Glycerol 3-Phosphate,9.96,Target Compound,20240709_QE2_HILIC_BCSCuAOXq2d_AYW1131,2,Processed,T1,1V,Unknown,,B:A3,,,1690279,17509029,9.97,0.01,C3H9O6P,M+H,N/A,N/A,N/A,N/A,173.021,173.021,-.1990 (ppm),0,0,N/A,Method,True,False,N/A,N/A,N/A,,,Pass,N/A,N/A,N/A,N/A,Confirmed,N/A,N/A,N/A,N/A,,,,,,,,INF,N/A,16951541.58,,
Glycerol 3-Phosphate,9.96,Target Compound,20240709_QE2_HILIC_BCSCuAOXq2d_AYW1132,3,Processed,T1,1V,Unknown,,B:A4,,,1300438,13184498,9.99,0.03,C3H9O6P,M+H,N/A,N/A,N/A,N/A,173.021,173.021,.1538 (ppm),0,0,N/A,Method,True,False,N/A,N/A,N/A,,,Pass,N/A,N/A,N/A,N/A,Confirmed,N/A,N/A,N/A,N/A,,,,,,,,INF,N/A,16951541.58,,
Glycerol 3-Phosphate,9.96,Target Compound,20240709_QE2_HILIC_BCSCuAOXq2d_AYW1133,4,Processed,T1,2B,Unknown,,B:A5,,,6709473,62939182,9.98,0.02,C3H9O6P,M+H,N/A,N/A,N/A,N/A,173.021,173.021,.0656 (ppm),0,0,N/A,Method,True,False,N/A,N/A,N/A,,,Pass,N/A,N/A,N/A,N/A,Confirmed,N/A,N/A,N/A,N/A,,,,,,,,INF,N/A,99311309.98,,
Glycerol 3-Phosphate,9.96,Target Compound,20240709_QE2_HILIC_BCSCuAOXq2d_AYW1134,5,Processed,T1,2B,Unknown,,B:A6,,,9519381,110517219,10.01,0.05,C3H9O6P,M+H,N/A,N/A,N/A,N/A,173.021,173.021,-.2871 (ppm),0,0,N/A,Method,True,False,N/A,N/A,N/A,,,Pass,N/A,N/A,N/A,N/A,Confirmed,N/A,N/A,N/A,N/A,,,,,,,,INF,N/A,99311309.98,,
Glycerol 3-Phosphate,9.96,Target Compound,20240709_QE2_HILIC_BCSCuAOXq2d_AYW1135,6,Processed,T1,2B,Unknown,,B:A7,,,11305673,124477530,9.98,0.02,C3H9O6P,M+H,N/A,N/A,N/A,N/A,173.021,173.021,-.0226 (ppm),0,0,N/A,Method,True,False,N/A,N/A,N/A,,,Pass,N/A,N/A,N/A,N/A,Confirmed,N/A,N/A,N/A,N/A,,,,,,,,INF,N/A,99311309.98,,
Glycerol 3-Phosphate,9.96,Target Compound,20240709_QE2_HILIC_BCSCuAOXq2d_AYW1136,7,Processed,T1,3C,Unknown,,B:A8,,,2489395,24642770,9.99,0.03,C3H9O6P,M+H,N/A,N/A,N/A,N/A,173.021,173.021,.2420 (ppm),0,0,N/A,Method,True,False,N/A,N/A,N/A,,,Pass,N/A,N/A,N/A,N/A,Confirmed,N/A,N/A,N/A,N/A,,,,,,,,INF,N/A,18571410.99,,
Glycerol 3-Phosphate,9.96,Target Compound,20240709_QE2_HILIC_BCSCuAOXq2d_AYW1137,8,Processed,T1,3C,Unknown,,B:A9,,,2014698,21498242,9.98,0.02,C3H9O6P,M+H,N/A,N/A,N/A,N/A,173.021,173.0209,-.6399 (ppm),0,0,N/A,Method,True,False,N/A,N/A,N/A,,,Pass,N/A,N/A,N/A,N/A,Confirmed,N/A,N/A,N/A,N/A,,,,,,,,INF,N/A,18571410.99,,
Glycerol 3-Phosphate,9.96,Target Compound,20240709_QE2_HILIC_BCSCuAOXq2d_AYW1138,9,Processed,T1,3C,Unknown,,B:B1,,,819188,9573221,9.96,0.00,C3H9O6P,M+H,N/A,N/A,N/A,N/A,173.021,173.021,-.2871 (ppm),0,0,N/A,Method,True,False,N/A,N/A,N/A,,,Pass,N/A,N/A,N/A,N/A,Confirmed,N/A,N/A,N/A,N/A,,,,,,,,INF,N/A,18571410.99,,
Glycerol 3-Phosphate,9.96,Target Compound,20240709_QE2_HILIC_BCSCuAOXq2d_AYW1139,10,Processed,T1,4BC,Unknown,,B:B2,,,1524949,15472398,9.99,0.03,C3H9O6P,M+H,N/A,N/A,N/A,N/A,173.021,173.0211,.3302 (ppm),0,0,N/A,Method,True,False,N/A,N/A,N/A,,,Pass,N/A,N/A,N/A,N/A,Confirmed,N/A,N/A,N/A,N/A,,,,,,,,INF,N/A,13160534.00,N/A,
Glycerol 3-Phosphate,9.96,Target Compound,20240709_QE2_HILIC_BCSCuAOXq2d_AYW1140,11,Processed,T1,4BC,Unknown,,B:B3,,,1372406,13005645,10,0.04,C3H9O6P,M+H,N/A,N/A,N/A,N/A,173.021,173.0209,-.3753 (ppm),0,0,N/A,Method,True,False,N/A,N/A,N/A,,,Pass,N/A,N/A,N/A,N/A,Confirmed,N/A,N/A,N/A,N/A,,,,,,,,INF,N/A,13160534.00,,
Glycerol 3-Phosphate,9.96,Target Compound,20240709_QE2_HILIC_BCSCuAOXq2d_AYW1141,12,Processed,T1,4BC,Unknown,,B:B4,,,1150087,11003559,9.99,0.03,C3H9O6P,M+H,N/A,N/A,N/A,N/A,173.021,173.021,-.1108 (ppm),0,0,N/A,Method,True,False,N/A,N/A,N/A,,,Pass,N/A,N/A,N/A,N/A,Confirmed,N/A,N/A,N/A,N/A,,,,,,,,INF,N/A,13160534.00,,
Glycerol 3-Phosphate,9.96,Target Compound,20240709_QE2_HILIC_BCSCuAOXq2d_AYW1142,13,Processed,T1,5RV,Unknown,,B:B5,,,997971,11659592,9.99,0.03,C3H9O6P,M+H,N/A,N/A,N/A,N/A,173.021,173.0211,.4184 (ppm),0,0,N/A,Method,True,False,N/A,N/A,N/A,,,Pass,N/A,N/A,N/A,N/A,Confirmed,N/A,N/A,N/A,N/A,,,,,,,,INF,N/A,11864310.37,N/A,
Glycerol 3-Phosphate,9.96,Target Compound,20240709_QE2_HILIC_BCSCuAOXq2d_AYW1143,14,Processed,T1,5RV,Unknown,,B:B6,,,1035694,12153709,9.99,0.03,C3H9O6P,M+H,N/A,N/A,N/A,N/A,173.021,173.021,.1538 (ppm),0,0,N/A,Method,True,False,N/A,N/A,N/A,,,Pass,N/A,N/A,N/A,N/A,Confirmed,N/A,N/A,N/A,N/A,,,,,,,,INF,N/A,11864310.37,,
Glycerol 3-Phosphate,9.96,Target Compound,20240709_QE2_HILIC_BCSCuAOXq2d_AYW1144,15,Processed,T1,5RV,Unknown,,B:B7,,,1102639,11779630,9.97,0.01,C3H9O6P,M+H,N/A,N/A,N/A,N/A,173.021,173.0211,.6829 (ppm),0,0,N/A,Method,True,False,N/A,N/A,N/A,,,Pass,N/A,N/A,N/A,N/A,Confirmed,N/A,N/A,N/A,N/A,,,,,,,,INF,N/A,11864310.37,,
Glycerol 3-Phosphate,9.96,Target Compound,20240709_QE2_HILIC_BCSCuAOXq2d_AYW1145,16,Processed,T1,6RB,Unknown,,B:B8,,,5948536,62256572,9.97,0.01,C3H9O6P,M+H,N/A,N/A,N/A,N/A,173.021,173.021,-.1108 (ppm),0,0,N/A,Method,True,False,N/A,N/A,N/A,,,Pass,N/A,N/A,N/A,N/A,Confirmed,N/A,N/A,N/A,N/A,,,,,,,,INF,N/A,55062536.93,,
Glycerol 3-Phosphate,9.96,Target Compound,20240709_QE2_HILIC_BCSCuAOXq2d_AYW1146,17,Processed,T1,6RB,Unknown,,B:B9,,,4345702,45994913,10.01,0.05,C3H9O6P,M+H,N/A,N/A,N/A,N/A,173.021,173.021,-.1108 (ppm),0,0,N/A,Method,True,False,N/A,N/A,N/A,,,Pass,N/A,N/A,N/A,N/A,Confirmed,N/A,N/A,N/A,N/A,,,,,,,,INF,N/A,55062536.93,,
Glycerol 3-Phosphate,9.96,Target Compound,20240709_QE2_HILIC_BCSCuAOXq2d_AYW1147,18,Processed,T1,6RB,Unknown,,B:C1,,,5075989,56936126,9.99,0.03,C3H9O6P,M+H,N/A,N/A,N/A,N/A,173.021,173.021,-.1108 (ppm),0,0,N/A,Method,True,False,N/A,N/A,N/A,,,Pass,N/A,N/A,N/A,N/A,Confirmed,N/A,N/A,N/A,N/A,,,,,,,,INF,N/A,55062536.93,,
Glycerol 3-Phosphate,9.96,Target Compound,20240709_QE2_HILIC_BCSCuAOXq2d_AYW1148,19,Processed,T1,7RV,Unknown,,B:C2,,,1531068,16052469,10,0.04,C3H9O6P,M+H,N/A,N/A,N/A,N/A,173.021,173.021,.0656 (ppm),0,0,N/A,Method,True,False,N/A,N/A,N/A,,,Pass,N/A,N/A,N/A,N/A,Confirmed,N/A,N/A,N/A,N/A,,,,,,,,INF,N/A,13192942.97,,
Glycerol 3-Phosphate,9.96,Target Compound,20240709_QE2_HILIC_BCSCuAOXq2d_AYW1149,20,Processed,T1,7RV,Unknown,,B:C3,,,1172871,12096067,9.97,0.01,C3H9O6P,M+H,N/A,N/A,N/A,N/A,173.021,173.0209,-.4635 (ppm),0,0,N/A,Method,True,False,N/A,N/A,N/A,,,Pass,N/A,N/A,N/A,N/A,Confirmed,N/A,N/A,N/A,N/A,,,,,,,,INF,N/A,13192942.97,,
Glycerol 3-Phosphate,9.96,Target Compound,20240709_QE2_HILIC_BCSCuAOXq2d_AYW1150,21,Processed,T1,7RV,Unknown,,B:C4,,,1072526,11430293,9.97,0.01,C3H9O6P,M+H,N/A,N/A,N/A,N/A,173.021,173.021,.0656 (ppm),0,0,N/A,Method,True,False,N/A,N/A,N/A,,,Pass,N/A,N/A,N/A,N/A,Confirmed,N/A,N/A,N/A,N/A,,,,,,,,INF,N/A,13192942.97,,
Glycerol 3-Phosphate,9.96,Target Compound,20240709_QE2_HILIC_BCSCuAOXq2d_AYW1151,22,Processed,T1,8RB,Unknown,,B:C5,,,3999523,43013423,9.98,0.02,C3H9O6P,M+H,N/A,N/A,N/A,N/A,173.021,173.021,.1538 (ppm),0,0,N/A,Method,True,False,N/A,N/A,N/A,,,Pass,N/A,N/A,N/A,N/A,Confirmed,N/A,N/A,N/A,N/A,,,,,,,,INF,N/A,50727856.23,,
Glycerol 3-Phosphate,9.96,Target Compound,20240709_QE2_HILIC_BCSCuAOXq2d_AYW1152,23,Processed,T1,8RB,Unknown,,B:C6,,,5104317,50973660,9.98,0.02,C3H9O6P,M+H,N/A,N/A,N/A,N/A,173.021,173.021,-.1990 (ppm),0,0,N/A,Method,True,False,N/A,N/A,N/A,,,Pass,N/A,N/A,N/A,N/A,Confirmed,N/A,N/A,N/A,N/A,,,,,,,,INF,N/A,50727856.23,,
Glycerol 3-Phosphate,9.96,Target Compound,20240709_QE2_HILIC_BCSCuAOXq2d_AYW1153,24,Processed,T1,8RB,Unknown,,B:C7,,,5264647,58196486,9.99,0.03,C3H9O6P,M+H,N/A,N/A,N/A,N/A,173.021,173.021,-.2871 (ppm),0,0,N/A,Method,True,False,N/A,N/A,N/A,,,Pass,N/A,N/A,N/A,N/A,Confirmed,N/A,N/A,N/A,N/A,,,,,,,,INF,N/A,50727856.23,,
Glycerol 3-Phosphate,9.96,Target Compound,20240709_QE2_HILIC_BCSCuAOXq2d_AYW1154_pool1xa,25,Processed,T1,pool1x,Unknown,,B:C8,,,3985026,45786884,10.01,0.05,C3H9O6P,M+H,N/A,N/A,N/A,N/A,173.021,173.021,-.2871 (ppm),0,0,N/A,Method,True,False,N/A,N/A,N/A,,,Pass,N/A,N/A,N/A,N/A,Confirmed,N/A,N/A,N/A,N/A,,,,,,,,INF,N/A,38232660.96,,
Glycerol 3-Phosphate,9.96,Target Compound,20240709_QE2_HILIC_BCSCuAOXq2d_AYW1154_pool1xb,26,Processed,T1,pool1x,Unknown,,B:C8,,,2692293,29891095,10,0.04,C3H9O6P,M+H,N/A,N/A,N/A,N/A,173.021,173.0209,-.6399 (ppm),0,0,N/A,Method,True,False,N/A,N/A,N/A,,,Pass,N/A,N/A,N/A,N/A,Confirmed,N/A,N/A,N/A,N/A,,,,,,,,INF,N/A,38232660.96,,
Glycerol 3-Phosphate,9.96,Target Compound,20240709_QE2_HILIC_BCSCuAOXq2d_AYW1154_pool1xc,27,Processed,T1,pool1x,Unknown,,B:C8,,,2884065,31646826,10,0.04,C3H9O6P,M+H,N/A,N/A,N/A,N/A,173.021,173.021,-.0226 (ppm),0,0,N/A,Method,True,False,N/A,N/A,N/A,,,Pass,N/A,N/A,N/A,N/A,Confirmed,N/A,N/A,N/A,N/A,,,,,,,,INF,N/A,38232660.96,,
Glycerol 3-Phosphate,9.96,Target Compound,20240709_QE2_HILIC_BCSCuAOXq2d_AYW1154_pool1xd,28,Processed,T1,pool1x,Unknown,,B:C8,,,3893963,45605839,9.98,0.02,C3H9O6P,M+H,N/A,N/A,N/A,N/A,173.021,173.0209,-.8163 (ppm),0,0,N/A,Method,True,False,N/A,N/A,N/A,,,Pass,N/A,N/A,N/A,N/A,Confirmed,N/A,N/A,N/A,N/A,,,,,,,,INF,N/A,38232660.96,,
Glycerol 3-Phosphate,9.96,Target Compound,20240709_QE2_HILIC_BCSCuAOXq2d_AYW1155_pool033xa,29,Processed,T1,pool033x,Unknown,,B:C9,,,1685583,18456053,9.98,0.02,C3H9O6P,M+H,N/A,N/A,N/A,N/A,173.021,173.021,-.0226 (ppm),0,0,N/A,Method,True,False,N/A,N/A,N/A,,,Pass,N/A,N/A,N/A,N/A,Confirmed,N/A,N/A,N/A,N/A,,,,,,,,INF,N/A,14408438.37,,
Glycerol 3-Phosphate,9.96,Target Compound,20240709_QE2_HILIC_BCSCuAOXq2d_AYW1155_pool033xb,30,Processed,T1,pool033x,Unknown,,B:C9,,,1266460,13843411,9.98,0.02,C3H9O6P,M+H,N/A,N/A,N/A,N/A,173.021,173.0209,-.4635 (ppm),0,0,N/A,Method,True,False,N/A,N/A,N/A,,,Pass,N/A,N/A,N/A,N/A,Confirmed,N/A,N/A,N/A,N/A,,,,,,,,INF,N/A,14408438.37,,
Glycerol 3-Phosphate,9.96,Target Compound,20240709_QE2_HILIC_BCSCuAOXq2d_AYW1155_pool033xc,31,Processed,T1,pool033x,Unknown,,B:C9,,,917918,9071334,9.97,0.01,C3H9O6P,M+H,N/A,N/A,N/A,N/A,173.021,173.021,.0656 (ppm),0,0,N/A,Method,True,False,N/A,N/A,N/A,,,Pass,N/A,N/A,N/A,N/A,Confirmed,N/A,N/A,N/A,N/A,,,,,,,,INF,N/A,14408438.37,,
Glycerol 3-Phosphate,9.96,Target Compound,20240709_QE2_HILIC_BCSCuAOXq2d_AYW1155_pool033xd,32,Processed,T1,pool033x,Unknown,,B:C9,,,1538019,16262955,9.98,0.02,C3H9O6P,M+H,N/A,N/A,N/A,N/A,173.021,173.021,.2420 (ppm),0,0,N/A,Method,True,False,N/A,N/A,N/A,,,Pass,N/A,N/A,N/A,N/A,Confirmed,N/A,N/A,N/A,N/A,,,,,,,,INF,N/A,14408438.37,,
Glycerol 3-Phosphate,9.96,Target Compound,20240709_QE2_HILIC_BCSCuAOXq2d_AYW1156_pool01xa,33,Processed,T1,pool01x,Unknown,,B:D1,,,457482,5266821,9.96,0.00,C3H9O6P,M+H,N/A,N/A,N/A,N/A,173.021,173.0211,.5948 (ppm),0,0,N/A,Method,True,False,N/A,N/A,N/A,,,Pass,N/A,N/A,N/A,N/A,Confirmed,N/A,N/A,N/A,N/A,,,,,,,,INF,N/A,4567713.92,,
Glycerol 3-Phosphate,9.96,Target Compound,20240709_QE2_HILIC_BCSCuAOXq2d_AYW1156_pool01xb,34,Processed,T1,pool01x,Unknown,,B:D1,,,445169,4723456,9.97,0.01,C3H9O6P,M+H,N/A,N/A,N/A,N/A,173.021,173.0208,-.9045 (ppm),0,0,N/A,Method,True,False,N/A,N/A,N/A,,,Pass,N/A,N/A,N/A,N/A,Confirmed,N/A,N/A,N/A,N/A,,,,,,,,INF,N/A,4567713.92,,
Glycerol 3-Phosphate,9.96,Target Compound,20240709_QE2_HILIC_BCSCuAOXq2d_AYW1156_pool01xc,35,Processed,T1,pool01x,Unknown,,B:D1,,,283284,3299389,9.97,0.01,C3H9O6P,M+H,N/A,N/A,N/A,N/A,173.021,173.0211,.6829 (ppm),0,0,N/A,Method,True,False,N/A,N/A,N/A,,,Pass,N/A,N/A,N/A,N/A,Confirmed,N/A,N/A,N/A,N/A,,,,,,,,INF,N/A,4567713.92,,
Glycerol 3-Phosphate,9.96,Target Compound,20240709_QE2_HILIC_BCSCuAOXq2d_AYW1156_pool01xd,36,Processed,T1,pool01x,Unknown,,B:D1,,,450475,4981189,9.99,0.03,C3H9O6P,M+H,N/A,N/A,N/A,N/A,173.021,173.021,.2420 (ppm),0,0,N/A,Method,True,False,N/A,N/A,N/A,,,Pass,N/A,N/A,N/A,N/A,Confirmed,N/A,N/A,N/A,N/A,,,,,,,,INF,N/A,4567713.92,,
Glycerol 3-Phosphate,9.96,Target Compound,20240709_QE2_HILIC_BCSCuAOXq2d_blank1,37,Processed,T1,,Unknown,,B:A1,,,N/F,N/F,N/F,N/F,C3H9O6P,N/A,N/F,N/A,N/F,N/A,173.021,N/F,N/F,N/F,0,N/A,Method,True,False,N/A,N/A,N/A,,,Fail,N/A,N/A,N/A,N/A,NotFound,N/A,N/A,N/A,N/A,,,,,,,,N/A,N/A,1.00,,
Glycerol 3-Phosphate,9.96,Target Compound,20240709_QE2_HILIC_BCSCuAOXq2d_blank1_20240710111342,38,Processed,T1,,Unknown,,B:A1,,,N/F,N/F,N/F,N/F,C3H9O6P,N/A,N/F,N/A,N/F,N/A,173.021,N/F,N/F,N/F,0,N/A,Method,True,False,N/A,N/A,N/A,,,Fail,N/A,N/A,N/A,N/A,NotFound,N/A,N/A,N/A,N/A,,,,,,,,N/A,N/A,1.00,,
Glycerol 3-Phosphate,9.96,Target Compound,20240709_QE2_HILIC_BCSCuAOXq2d_blank1_20240710231833,39,Processed,T1,,Unknown,,B:A1,,,N/F,N/F,N/F,N/F,C3H9O6P,N/A,N/F,N/A,N/F,N/A,173.021,N/F,N/F,N/F,0,N/A,Method,True,False,N/A,N/A,N/A,,,Fail,N/A,N/A,N/A,N/A,NotFound,N/A,N/A,N/A,N/A,,,,,,,,N/A,N/A,1.00,,
Glycerol 3-Phosphate,9.96,Target Compound,20240709_QE2_HILIC_BCSCuAOXq2d_blank2,40,Processed,T1,,Unknown,,B:A1,,,N/F,N/F,N/F,N/F,C3H9O6P,N/A,N/F,N/A,N/F,N/A,173.021,N/F,N/F,N/F,0,N/A,Method,True,False,N/A,N/A,N/A,,,Fail,N/A,N/A,N/A,N/A,NotFound,N/A,N/A,N/A,N/A,,,,,,,,N/A,N/A,1.00,,
Glycerol 3-Phosphate,9.96,Target Compound,20240709_QE2_HILIC_BCSCuAOXq2d_blank2_20240710115054,41,Processed,T1,,Unknown,,B:A1,,,N/F,N/F,N/F,N/F,C3H9O6P,N/A,N/F,N/A,N/F,N/A,173.021,N/F,N/F,N/F,0,N/A,Method,True,False,N/A,N/A,N/A,,,Fail,N/A,N/A,N/A,N/A,NotFound,N/A,N/A,N/A,N/A,,,,,,,,N/A,N/A,1.00,,
Glycerol 3-Phosphate,9.96,Target Compound,20240709_QE2_HILIC_BCSCuAOXq2d_blank2_20240710235116,42,Processed,T1,,Unknown,,B:A1,,,N/F,N/F,N/F,N/F,C3H9O6P,N/A,N/F,N/A,N/F,N/A,173.021,N/F,N/F,N/F,0,N/A,Method,True,False,N/A,N/A,N/A,,,Fail,N/A,N/A,N/A,N/A,NotFound,N/A,N/A,N/A,N/A,,,,,,,,N/A,N/A,1.00,,
