﻿Compound,RT,Type,Filename,Batch Order,Status,Peak Label,Group,Sample Type,Level,Sample ID,Sample Name,Comments,Height,Area,Actual RT,RT Delta,Formula,Adduct,Calculated Amt,Theoretical Amt,Sample Amt,Std Add Amount,m/z (Expected),m/z (Apex),m/z (Delta),Response Ratio,ISTD Amt,ISTD Response,Integration Mode,Active,Excluded,%Diff,%RSD,% CV,Channel,Final Units,PK,IR,IP,LS,FI,Confirm,Isotopic Pattern Score (%),Num Isotopes Matched,Lib Match Name,Library Score (%),Library Match Rank,SI/Dot Product,RSI/Rev Dot,Modification,Protein Name,Peptide Sequence,Ion Type,S/N,Ion Ratio,Group Average,Relative RT,Flag Details
AMP,9.2,Target Compound,20240709_QE2_HILIC_BCSCuAOXq2d_AYW1130,1,Processed,T1,1V,Unknown,,B:A2,,,736473,8720601,9.11,-0.09,C10H14N5O7P,M-H,N/A,N/A,N/A,N/A,346.0558,346.0564,1.7237 (ppm),0,0,N/A,Method,True,False,N/A,N/A,N/A,,,Pass,N/A,N/A,N/A,N/A,Confirmed,N/A,N/A,N/A,N/A,,,,,,,,INF,N/A,8919639.52,,
AMP,9.2,Target Compound,20240709_QE2_HILIC_BCSCuAOXq2d_AYW1131,2,Processed,T1,1V,Unknown,,B:A3,,,774863,9886885,9.12,-0.08,C10H14N5O7P,M-H,N/A,N/A,N/A,N/A,346.0558,346.0564,1.8119 (ppm),0,0,N/A,Method,True,False,N/A,N/A,N/A,,,Pass,N/A,N/A,N/A,N/A,Confirmed,N/A,N/A,N/A,N/A,,,,,,,,INF,N/A,8919639.52,,
AMP,9.2,Target Compound,20240709_QE2_HILIC_BCSCuAOXq2d_AYW1132,3,Processed,T1,1V,Unknown,,B:A4,,,636494,8151433,9.17,-0.03,C10H14N5O7P,M-H,N/A,N/A,N/A,N/A,346.0558,346.0563,1.5473 (ppm),0,0,N/A,Method,True,False,N/A,N/A,N/A,,,Pass,N/A,N/A,N/A,N/A,Confirmed,N/A,N/A,N/A,N/A,,,,,,,,INF,N/A,8919639.52,,
AMP,9.2,Target Compound,20240709_QE2_HILIC_BCSCuAOXq2d_AYW1133,4,Processed,T1,2B,Unknown,,B:A5,,,1336142,15131264,9.15,-0.05,C10H14N5O7P,M-H,N/A,N/A,N/A,N/A,346.0558,346.0564,1.8119 (ppm),0,0,N/A,Method,True,False,N/A,N/A,N/A,,,Pass,N/A,N/A,N/A,N/A,Confirmed,N/A,N/A,N/A,N/A,,,,,,,,INF,N/A,21333307.51,,
AMP,9.2,Target Compound,20240709_QE2_HILIC_BCSCuAOXq2d_AYW1134,5,Processed,T1,2B,Unknown,,B:A6,,,2200783,28258978,9.16,-0.04,C10H14N5O7P,M-H,N/A,N/A,N/A,N/A,346.0558,346.0563,1.4591 (ppm),0,0,N/A,Method,True,False,N/A,N/A,N/A,,,Pass,N/A,N/A,N/A,N/A,Confirmed,N/A,N/A,N/A,N/A,,,,,,,,INF,N/A,21333307.51,,
AMP,9.2,Target Compound,20240709_QE2_HILIC_BCSCuAOXq2d_AYW1135,6,Processed,T1,2B,Unknown,,B:A7,,,1593119,20609681,9.16,-0.04,C10H14N5O7P,M-H,N/A,N/A,N/A,N/A,346.0558,346.0563,1.5473 (ppm),0,0,N/A,Method,True,False,N/A,N/A,N/A,,,Pass,N/A,N/A,N/A,N/A,Confirmed,N/A,N/A,N/A,N/A,,,,,,,,INF,N/A,21333307.51,,
AMP,9.2,Target Compound,20240709_QE2_HILIC_BCSCuAOXq2d_AYW1136,7,Processed,T1,3C,Unknown,,B:A8,,,868467,10666193,9.15,-0.05,C10H14N5O7P,M-H,N/A,N/A,N/A,N/A,346.0558,346.0564,1.8119 (ppm),0,0,N/A,Method,True,False,N/A,N/A,N/A,,,Pass,N/A,N/A,N/A,N/A,Confirmed,N/A,N/A,N/A,N/A,,,,,,,,INF,N/A,8619487.45,,
AMP,9.2,Target Compound,20240709_QE2_HILIC_BCSCuAOXq2d_AYW1137,8,Processed,T1,3C,Unknown,,B:A9,,,877150,10405298,9.16,-0.04,C10H14N5O7P,M-H,N/A,N/A,N/A,N/A,346.0558,346.0565,2.0764 (ppm),0,0,N/A,Method,True,False,N/A,N/A,N/A,,,Pass,N/A,N/A,N/A,N/A,Confirmed,N/A,N/A,N/A,N/A,,,,,,,,INF,N/A,8619487.45,,
AMP,9.2,Target Compound,20240709_QE2_HILIC_BCSCuAOXq2d_AYW1138,9,Processed,T1,3C,Unknown,,B:B1,,,423432,4786971,9.13,-0.07,C10H14N5O7P,M-H,N/A,N/A,N/A,N/A,346.0558,346.0565,1.9000 (ppm),0,0,N/A,Method,True,False,N/A,N/A,N/A,,,Pass,N/A,N/A,N/A,N/A,Confirmed,N/A,N/A,N/A,N/A,,,,,,,,INF,N/A,8619487.45,,
AMP,9.2,Target Compound,20240709_QE2_HILIC_BCSCuAOXq2d_AYW1139,10,Processed,T1,4BC,Unknown,,B:B2,,,789194,9074690,9.14,-0.06,C10H14N5O7P,M-H,N/A,N/A,N/A,N/A,346.0558,346.0564,1.7237 (ppm),0,0,N/A,Method,True,False,N/A,N/A,N/A,,,Pass,N/A,N/A,N/A,N/A,Confirmed,N/A,N/A,N/A,N/A,,,,,,,,INF,N/A,8350757.54,N/A,
AMP,9.2,Target Compound,20240709_QE2_HILIC_BCSCuAOXq2d_AYW1140,11,Processed,T1,4BC,Unknown,,B:B3,,,666966,7681949,9.15,-0.05,C10H14N5O7P,M-H,N/A,N/A,N/A,N/A,346.0558,346.0564,1.7237 (ppm),0,0,N/A,Method,True,False,N/A,N/A,N/A,,,Pass,N/A,N/A,N/A,N/A,Confirmed,N/A,N/A,N/A,N/A,,,,,,,,INF,N/A,8350757.54,,
AMP,9.2,Target Compound,20240709_QE2_HILIC_BCSCuAOXq2d_AYW1141,12,Processed,T1,4BC,Unknown,,B:B4,,,683227,8295634,9.14,-0.06,C10H14N5O7P,M-H,N/A,N/A,N/A,N/A,346.0558,346.0564,1.8119 (ppm),0,0,N/A,Method,True,False,N/A,N/A,N/A,,,Pass,N/A,N/A,N/A,N/A,Confirmed,N/A,N/A,N/A,N/A,,,,,,,,INF,N/A,8350757.54,,
AMP,9.2,Target Compound,20240709_QE2_HILIC_BCSCuAOXq2d_AYW1142,13,Processed,T1,5RV,Unknown,,B:B5,,,728218,9363712,9.11,-0.09,C10H14N5O7P,M-H,N/A,N/A,N/A,N/A,346.0558,346.0566,2.2528 (ppm),0,0,N/A,Method,True,False,N/A,N/A,N/A,,,Pass,N/A,N/A,N/A,N/A,Confirmed,N/A,N/A,N/A,N/A,,,,,,,,INF,N/A,8999817.10,N/A,
AMP,9.2,Target Compound,20240709_QE2_HILIC_BCSCuAOXq2d_AYW1143,14,Processed,T1,5RV,Unknown,,B:B6,,,790270,10591598,9.17,-0.03,C10H14N5O7P,M-H,N/A,N/A,N/A,N/A,346.0558,346.0564,1.6355 (ppm),0,0,N/A,Method,True,False,N/A,N/A,N/A,,,Pass,N/A,N/A,N/A,N/A,Confirmed,N/A,N/A,N/A,N/A,,,,,,,,INF,N/A,8999817.10,,
AMP,9.2,Target Compound,20240709_QE2_HILIC_BCSCuAOXq2d_AYW1144,15,Processed,T1,5RV,Unknown,,B:B7,,,653838,7044141,9.14,-0.06,C10H14N5O7P,M-H,N/A,N/A,N/A,N/A,346.0558,346.0563,1.5473 (ppm),0,0,N/A,Method,True,False,N/A,N/A,N/A,,,Pass,N/A,N/A,N/A,N/A,Confirmed,N/A,N/A,N/A,N/A,,,,,,,,INF,N/A,8999817.10,,
AMP,9.2,Target Compound,20240709_QE2_HILIC_BCSCuAOXq2d_AYW1145,16,Processed,T1,6RB,Unknown,,B:B8,,,1188496,13626041,9.14,-0.06,C10H14N5O7P,M-H,N/A,N/A,N/A,N/A,346.0558,346.0564,1.7237 (ppm),0,0,N/A,Method,True,False,N/A,N/A,N/A,,,Pass,N/A,N/A,N/A,N/A,Confirmed,N/A,N/A,N/A,N/A,,,,,,,,INF,N/A,10828611.71,,
AMP,9.2,Target Compound,20240709_QE2_HILIC_BCSCuAOXq2d_AYW1146,17,Processed,T1,6RB,Unknown,,B:B9,,,795139,9454834,9.14,-0.06,C10H14N5O7P,M-H,N/A,N/A,N/A,N/A,346.0558,346.0564,1.8119 (ppm),0,0,N/A,Method,True,False,N/A,N/A,N/A,,,Pass,N/A,N/A,N/A,N/A,Confirmed,N/A,N/A,N/A,N/A,,,,,,,,INF,N/A,10828611.71,,
AMP,9.2,Target Compound,20240709_QE2_HILIC_BCSCuAOXq2d_AYW1147,18,Processed,T1,6RB,Unknown,,B:C1,,,829914,9404961,9.14,-0.06,C10H14N5O7P,M-H,N/A,N/A,N/A,N/A,346.0558,346.0563,1.4591 (ppm),0,0,N/A,Method,True,False,N/A,N/A,N/A,,,Pass,N/A,N/A,N/A,N/A,Confirmed,N/A,N/A,N/A,N/A,,,,,,,,INF,N/A,10828611.71,,
AMP,9.2,Target Compound,20240709_QE2_HILIC_BCSCuAOXq2d_AYW1148,19,Processed,T1,7RV,Unknown,,B:C2,,,572944,8226401,9.13,-0.07,C10H14N5O7P,M-H,N/A,N/A,N/A,N/A,346.0558,346.0566,2.2528 (ppm),0,0,N/A,Method,True,False,N/A,N/A,N/A,,,Pass,N/A,N/A,N/A,N/A,Confirmed,N/A,N/A,N/A,N/A,,,,,,,,INF,N/A,7565568.78,,
AMP,9.2,Target Compound,20240709_QE2_HILIC_BCSCuAOXq2d_AYW1149,20,Processed,T1,7RV,Unknown,,B:C3,,,592315,7130721,9.17,-0.03,C10H14N5O7P,M-H,N/A,N/A,N/A,N/A,346.0558,346.0565,2.0764 (ppm),0,0,N/A,Method,True,False,N/A,N/A,N/A,,,Pass,N/A,N/A,N/A,N/A,Confirmed,N/A,N/A,N/A,N/A,,,,,,,,INF,N/A,7565568.78,,
AMP,9.2,Target Compound,20240709_QE2_HILIC_BCSCuAOXq2d_AYW1150,21,Processed,T1,7RV,Unknown,,B:C4,,,546274,7339584,9.15,-0.05,C10H14N5O7P,M-H,N/A,N/A,N/A,N/A,346.0558,346.0563,1.4591 (ppm),0,0,N/A,Method,True,False,N/A,N/A,N/A,,,Pass,N/A,N/A,N/A,N/A,Confirmed,N/A,N/A,N/A,N/A,,,,,,,,INF,N/A,7565568.78,,
AMP,9.2,Target Compound,20240709_QE2_HILIC_BCSCuAOXq2d_AYW1151,22,Processed,T1,8RB,Unknown,,B:C5,,,845570,9370584,9.16,-0.04,C10H14N5O7P,M-H,N/A,N/A,N/A,N/A,346.0558,346.0563,1.5473 (ppm),0,0,N/A,Method,True,False,N/A,N/A,N/A,,,Pass,N/A,N/A,N/A,N/A,Confirmed,N/A,N/A,N/A,N/A,,,,,,,,INF,N/A,9097321.19,,
AMP,9.2,Target Compound,20240709_QE2_HILIC_BCSCuAOXq2d_AYW1152,23,Processed,T1,8RB,Unknown,,B:C6,,,648827,7669570,9.11,-0.09,C10H14N5O7P,M-H,N/A,N/A,N/A,N/A,346.0558,346.0567,2.6055 (ppm),0,0,N/A,Method,True,False,N/A,N/A,N/A,,,Pass,N/A,N/A,N/A,N/A,Confirmed,N/A,N/A,N/A,N/A,,,,,,,,INF,N/A,9097321.19,,
AMP,9.2,Target Compound,20240709_QE2_HILIC_BCSCuAOXq2d_AYW1153,24,Processed,T1,8RB,Unknown,,B:C7,,,1011403,10251810,9.14,-0.06,C10H14N5O7P,M-H,N/A,N/A,N/A,N/A,346.0558,346.0564,1.7237 (ppm),0,0,N/A,Method,True,False,N/A,N/A,N/A,,,Pass,N/A,N/A,N/A,N/A,Confirmed,N/A,N/A,N/A,N/A,,,,,,,,INF,N/A,9097321.19,,
AMP,9.2,Target Compound,20240709_QE2_HILIC_BCSCuAOXq2d_AYW1154_pool1xa,25,Processed,T1,pool1x,Unknown,,B:C8,,,920055,11188955,9.14,-0.06,C10H14N5O7P,M-H,N/A,N/A,N/A,N/A,346.0558,346.0564,1.6355 (ppm),0,0,N/A,Method,True,False,N/A,N/A,N/A,,,Pass,N/A,N/A,N/A,N/A,Confirmed,N/A,N/A,N/A,N/A,,,,,,,,INF,N/A,11696923.21,,
AMP,9.2,Target Compound,20240709_QE2_HILIC_BCSCuAOXq2d_AYW1154_pool1xb,26,Processed,T1,pool1x,Unknown,,B:C8,,,1138709,12880596,9.16,-0.04,C10H14N5O7P,M-H,N/A,N/A,N/A,N/A,346.0558,346.0564,1.6355 (ppm),0,0,N/A,Method,True,False,N/A,N/A,N/A,,,Pass,N/A,N/A,N/A,N/A,Confirmed,N/A,N/A,N/A,N/A,,,,,,,,INF,N/A,11696923.21,,
AMP,9.2,Target Compound,20240709_QE2_HILIC_BCSCuAOXq2d_AYW1154_pool1xc,27,Processed,T1,pool1x,Unknown,,B:C8,,,976272,10799351,9.13,-0.07,C10H14N5O7P,M-H,N/A,N/A,N/A,N/A,346.0558,346.0564,1.8119 (ppm),0,0,N/A,Method,True,False,N/A,N/A,N/A,,,Pass,N/A,N/A,N/A,N/A,Confirmed,N/A,N/A,N/A,N/A,,,,,,,,INF,N/A,11696923.21,,
AMP,9.2,Target Compound,20240709_QE2_HILIC_BCSCuAOXq2d_AYW1154_pool1xd,28,Processed,T1,pool1x,Unknown,,B:C8,,,1070892,11918791,9.13,-0.07,C10H14N5O7P,M-H,N/A,N/A,N/A,N/A,346.0558,346.0565,1.9000 (ppm),0,0,N/A,Method,True,False,N/A,N/A,N/A,,,Pass,N/A,N/A,N/A,N/A,Confirmed,N/A,N/A,N/A,N/A,,,,,,,,INF,N/A,11696923.21,,
AMP,9.2,Target Compound,20240709_QE2_HILIC_BCSCuAOXq2d_AYW1155_pool033xa,29,Processed,T1,pool033x,Unknown,,B:C9,,,444252,5755505,9.13,-0.07,C10H14N5O7P,M-H,N/A,N/A,N/A,N/A,346.0558,346.0566,2.3410 (ppm),0,0,N/A,Method,True,False,N/A,N/A,N/A,,,Pass,N/A,N/A,N/A,N/A,Confirmed,N/A,N/A,N/A,N/A,,,,,,,,INF,N/A,4471299.28,,
AMP,9.2,Target Compound,20240709_QE2_HILIC_BCSCuAOXq2d_AYW1155_pool033xb,30,Processed,T1,pool033x,Unknown,,B:C9,,,391507,4091029,9.15,-0.05,C10H14N5O7P,M-H,N/A,N/A,N/A,N/A,346.0558,346.0564,1.6355 (ppm),0,0,N/A,Method,True,False,N/A,N/A,N/A,,,Pass,N/A,N/A,N/A,N/A,Confirmed,N/A,N/A,N/A,N/A,,,,,,,,INF,N/A,4471299.28,,
AMP,9.2,Target Compound,20240709_QE2_HILIC_BCSCuAOXq2d_AYW1155_pool033xc,31,Processed,T1,pool033x,Unknown,,B:C9,,,299546,3697848,9.16,-0.04,C10H14N5O7P,M-H,N/A,N/A,N/A,N/A,346.0558,346.0567,2.5173 (ppm),0,0,N/A,Method,True,False,N/A,N/A,N/A,,,Pass,N/A,N/A,N/A,N/A,Confirmed,N/A,N/A,N/A,N/A,,,,,,,,INF,N/A,4471299.28,,
AMP,9.2,Target Compound,20240709_QE2_HILIC_BCSCuAOXq2d_AYW1155_pool033xd,32,Processed,T1,pool033x,Unknown,,B:C9,,,359818,4340815,9.13,-0.07,C10H14N5O7P,M-H,N/A,N/A,N/A,N/A,346.0558,346.0565,2.1646 (ppm),0,0,N/A,Method,True,False,N/A,N/A,N/A,,,Pass,N/A,N/A,N/A,N/A,Confirmed,N/A,N/A,N/A,N/A,,,,,,,,INF,N/A,4471299.28,,
AMP,9.2,Target Compound,20240709_QE2_HILIC_BCSCuAOXq2d_AYW1156_pool01xa,33,Processed,T1,pool01x,Unknown,,B:D1,,,156220,2518953,9.1,-0.10,C10H14N5O7P,M-H,N/A,N/A,N/A,N/A,346.0558,346.0566,2.2528 (ppm),0,0,N/A,Method,True,False,N/A,N/A,N/A,,,Pass,N/A,N/A,N/A,N/A,Confirmed,N/A,N/A,N/A,N/A,,,,,,,,INF,N/A,1869688.10,,
AMP,9.2,Target Compound,20240709_QE2_HILIC_BCSCuAOXq2d_AYW1156_pool01xb,34,Processed,T1,pool01x,Unknown,,B:D1,,,155719,1736886,9.11,-0.09,C10H14N5O7P,M-H,N/A,N/A,N/A,N/A,346.0558,346.0562,1.0182 (ppm),0,0,N/A,Method,True,False,N/A,N/A,N/A,,,Pass,N/A,N/A,N/A,N/A,Confirmed,N/A,N/A,N/A,N/A,,,,,,,,INF,N/A,1869688.10,,
AMP,9.2,Target Compound,20240709_QE2_HILIC_BCSCuAOXq2d_AYW1156_pool01xc,35,Processed,T1,pool01x,Unknown,,B:D1,,,137925,1491739,9.15,-0.05,C10H14N5O7P,M-H,N/A,N/A,N/A,N/A,346.0558,346.0568,2.9583 (ppm),0,0,N/A,Method,True,False,N/A,N/A,N/A,,,Pass,N/A,N/A,N/A,N/A,Confirmed,N/A,N/A,N/A,N/A,,,,,,,,INF,N/A,1869688.10,,
AMP,9.2,Target Compound,20240709_QE2_HILIC_BCSCuAOXq2d_AYW1156_pool01xd,36,Processed,T1,pool01x,Unknown,,B:D1,,,117870,1731174,9.08,-0.12,C10H14N5O7P,M-H,N/A,N/A,N/A,N/A,346.0558,346.0567,2.6055 (ppm),0,0,N/A,Method,True,False,N/A,N/A,N/A,,,Pass,N/A,N/A,N/A,N/A,Confirmed,N/A,N/A,N/A,N/A,,,,,,,,INF,N/A,1869688.10,,
AMP,9.2,Target Compound,20240709_QE2_HILIC_BCSCuAOXq2d_blank1,37,Processed,T1,,Unknown,,B:A1,,,158069,1912036,9.3,0.10,C10H14N5O7P,M-H,N/A,N/A,N/A,N/A,346.0558,346.0562,1.1064 (ppm),0,0,N/A,Method,True,False,N/A,N/A,N/A,,,Pass,N/A,N/A,N/A,N/A,Confirmed,N/A,N/A,N/A,N/A,,,,,,,,INF,N/A,1928609.51,,
AMP,9.2,Target Compound,20240709_QE2_HILIC_BCSCuAOXq2d_blank1_20240710111342,38,Processed,T1,,Unknown,,B:A1,,,222211,3976393,8.9,-0.30,C10H14N5O7P,M-H,N/A,N/A,N/A,N/A,346.0558,346.0562,1.2827 (ppm),0,0,N/A,Method,True,False,N/A,N/A,N/A,,,Pass,N/A,N/A,N/A,N/A,Confirmed,N/A,N/A,N/A,N/A,,,,,,,,20.19,N/A,1928609.51,,
AMP,9.2,Target Compound,20240709_QE2_HILIC_BCSCuAOXq2d_blank1_20240710231833,39,Processed,T1,,Unknown,,B:A1,,,96003,976026,9.12,-0.08,C10H14N5O7P,M-H,N/A,N/A,N/A,N/A,346.0558,346.0569,3.1347 (ppm),0,0,N/A,Method,True,False,N/A,N/A,N/A,,,Pass,N/A,N/A,N/A,N/A,Confirmed,N/A,N/A,N/A,N/A,,,,,,,,INF,N/A,1928609.51,,
AMP,9.2,Target Compound,20240709_QE2_HILIC_BCSCuAOXq2d_blank2,40,Processed,T1,,Unknown,,B:A1,,,200064,2104422,9.11,-0.09,C10H14N5O7P,M-H,N/A,N/A,N/A,N/A,346.0558,346.0563,1.4591 (ppm),0,0,N/A,Method,True,False,N/A,N/A,N/A,,,Pass,N/A,N/A,N/A,N/A,Confirmed,N/A,N/A,N/A,N/A,,,,,,,,INF,N/A,1928609.51,,
AMP,9.2,Target Compound,20240709_QE2_HILIC_BCSCuAOXq2d_blank2_20240710115054,41,Processed,T1,,Unknown,,B:A1,,,178867,1703937,9.1,-0.10,C10H14N5O7P,M-H,N/A,N/A,N/A,N/A,346.0558,346.0566,2.2528 (ppm),0,0,N/A,Method,True,False,N/A,N/A,N/A,,,Pass,N/A,N/A,N/A,N/A,Confirmed,N/A,N/A,N/A,N/A,,,,,,,,INF,N/A,1928609.51,,
AMP,9.2,Target Compound,20240709_QE2_HILIC_BCSCuAOXq2d_blank2_20240710235116,42,Processed,T1,,Unknown,,B:A1,,,84096,898843,9.12,-0.08,C10H14N5O7P,M-H,N/A,N/A,N/A,N/A,346.0558,346.0565,1.9882 (ppm),0,0,N/A,Method,True,False,N/A,N/A,N/A,,,Pass,N/A,N/A,N/A,N/A,Confirmed,N/A,N/A,N/A,N/A,,,,,,,,INF,N/A,1928609.51,,
