﻿Compound,RT,Type,Filename,Batch Order,Status,Peak Label,Group,Sample Type,Level,Sample ID,Sample Name,Comments,Height,Area,Actual RT,RT Delta,Formula,Adduct,Calculated Amt,Theoretical Amt,Sample Amt,Std Add Amount,m/z (Expected),m/z (Apex),m/z (Delta),Response Ratio,ISTD Amt,ISTD Response,Integration Mode,Active,Excluded,%Diff,%RSD,% CV,Channel,Final Units,PK,IR,IP,LS,FI,Confirm,Isotopic Pattern Score (%),Num Isotopes Matched,Lib Match Name,Library Score (%),Library Match Rank,SI/Dot Product,RSI/Rev Dot,Modification,Protein Name,Peptide Sequence,Ion Type,S/N,Ion Ratio,Group Average,Relative RT,Flag Details
tyrosine-13C9-15N,7.68,Target Compound,20240709_QE2_HILIC_BCSCuAOXq2d_AYW1130,1,Processed,T1,1V,Unknown,,B:A2,,,36484200,497341462,7.57,-0.11,[13]C9H11[15]NO3,M+H,N/A,N/A,N/A,N/A,192.1084,192.1086,.8656 (ppm),0,0,N/A,Method,True,False,N/A,N/A,N/A,,,Pass,N/A,N/A,N/A,N/A,Confirmed,N/A,N/A,N/A,N/A,,,,,,,,INF,N/A,461338822.33,,
tyrosine-13C9-15N,7.68,Target Compound,20240709_QE2_HILIC_BCSCuAOXq2d_AYW1131,2,Processed,T1,1V,Unknown,,B:A3,,,32129198,453696497,7.58,-0.10,[13]C9H11[15]NO3,M+H,N/A,N/A,N/A,N/A,192.1084,192.1085,.3890 (ppm),0,0,N/A,Method,True,False,N/A,N/A,N/A,,,Pass,N/A,N/A,N/A,N/A,Confirmed,N/A,N/A,N/A,N/A,,,,,,,,INF,N/A,461338822.33,,
tyrosine-13C9-15N,7.68,Target Compound,20240709_QE2_HILIC_BCSCuAOXq2d_AYW1132,3,Processed,T1,1V,Unknown,,B:A4,,,30174437,432978508,7.6,-0.08,[13]C9H11[15]NO3,M+H,N/A,N/A,N/A,N/A,192.1084,192.1084,.1507 (ppm),0,0,N/A,Method,True,False,N/A,N/A,N/A,,,Pass,N/A,N/A,N/A,N/A,Confirmed,N/A,N/A,N/A,N/A,,,,,,,,INF,N/A,461338822.33,,
tyrosine-13C9-15N,7.68,Target Compound,20240709_QE2_HILIC_BCSCuAOXq2d_AYW1133,4,Processed,T1,2B,Unknown,,B:A5,,,26226237,386476066,7.56,-0.12,[13]C9H11[15]NO3,M+H,N/A,N/A,N/A,N/A,192.1084,192.1084,.2302 (ppm),0,0,N/A,Method,True,False,N/A,N/A,N/A,,,Pass,N/A,N/A,N/A,N/A,Confirmed,N/A,N/A,N/A,N/A,,,,,,,,INF,N/A,463577699.75,,
tyrosine-13C9-15N,7.68,Target Compound,20240709_QE2_HILIC_BCSCuAOXq2d_AYW1134,5,Processed,T1,2B,Unknown,,B:A6,,,34636126,481123438,7.58,-0.10,[13]C9H11[15]NO3,M+H,N/A,N/A,N/A,N/A,192.1084,192.1084,-.0081 (ppm),0,0,N/A,Method,True,False,N/A,N/A,N/A,,,Pass,N/A,N/A,N/A,N/A,Confirmed,N/A,N/A,N/A,N/A,,,,,,,,INF,N/A,463577699.75,,
tyrosine-13C9-15N,7.68,Target Compound,20240709_QE2_HILIC_BCSCuAOXq2d_AYW1135,6,Processed,T1,2B,Unknown,,B:A7,,,35586474,523133596,7.58,-0.10,[13]C9H11[15]NO3,M+H,N/A,N/A,N/A,N/A,192.1084,192.1084,-.0876 (ppm),0,0,N/A,Method,True,False,N/A,N/A,N/A,,,Pass,N/A,N/A,N/A,N/A,Confirmed,N/A,N/A,N/A,N/A,,,,,,,,INF,N/A,463577699.75,,
tyrosine-13C9-15N,7.68,Target Compound,20240709_QE2_HILIC_BCSCuAOXq2d_AYW1136,7,Processed,T1,3C,Unknown,,B:A8,,,33291226,482580812,7.56,-0.12,[13]C9H11[15]NO3,M+H,N/A,N/A,N/A,N/A,192.1084,192.1084,.1507 (ppm),0,0,N/A,Method,True,False,N/A,N/A,N/A,,,Pass,N/A,N/A,N/A,N/A,Confirmed,N/A,N/A,N/A,N/A,,,,,,,,INF,N/A,489117638.61,,
tyrosine-13C9-15N,7.68,Target Compound,20240709_QE2_HILIC_BCSCuAOXq2d_AYW1137,8,Processed,T1,3C,Unknown,,B:A9,,,40231704,584667411,7.58,-0.10,[13]C9H11[15]NO3,M+H,N/A,N/A,N/A,N/A,192.1084,192.1084,.1507 (ppm),0,0,N/A,Method,True,False,N/A,N/A,N/A,,,Pass,N/A,N/A,N/A,N/A,Confirmed,N/A,N/A,N/A,N/A,,,,,,,,INF,N/A,489117638.61,,
tyrosine-13C9-15N,7.68,Target Compound,20240709_QE2_HILIC_BCSCuAOXq2d_AYW1138,9,Processed,T1,3C,Unknown,,B:B1,,,28271438,400104693,7.56,-0.12,[13]C9H11[15]NO3,M+H,N/A,N/A,N/A,N/A,192.1084,192.1084,.0713 (ppm),0,0,N/A,Method,True,False,N/A,N/A,N/A,,,Pass,N/A,N/A,N/A,N/A,Confirmed,N/A,N/A,N/A,N/A,,,,,,,,INF,N/A,489117638.61,,
tyrosine-13C9-15N,7.68,Target Compound,20240709_QE2_HILIC_BCSCuAOXq2d_AYW1139,10,Processed,T1,4BC,Unknown,,B:B2,,,32857803,472862973,7.58,-0.10,[13]C9H11[15]NO3,M+H,N/A,N/A,N/A,N/A,192.1084,192.1085,.3096 (ppm),0,0,N/A,Method,True,False,N/A,N/A,N/A,,,Pass,N/A,N/A,N/A,N/A,Confirmed,N/A,N/A,N/A,N/A,,,,,,,,INF,N/A,478031624.12,N/A,
tyrosine-13C9-15N,7.68,Target Compound,20240709_QE2_HILIC_BCSCuAOXq2d_AYW1140,11,Processed,T1,4BC,Unknown,,B:B3,,,26648294,388708460,7.58,-0.10,[13]C9H11[15]NO3,M+H,N/A,N/A,N/A,N/A,192.1084,192.1084,-.2464 (ppm),0,0,N/A,Method,True,False,N/A,N/A,N/A,,,Pass,N/A,N/A,N/A,N/A,Confirmed,N/A,N/A,N/A,N/A,,,,,,,,INF,N/A,478031624.12,,
tyrosine-13C9-15N,7.68,Target Compound,20240709_QE2_HILIC_BCSCuAOXq2d_AYW1141,12,Processed,T1,4BC,Unknown,,B:B4,,,38085237,572523439,7.61,-0.07,[13]C9H11[15]NO3,M+H,N/A,N/A,N/A,N/A,192.1084,192.1085,.6273 (ppm),0,0,N/A,Method,True,False,N/A,N/A,N/A,,,Pass,N/A,N/A,N/A,N/A,Confirmed,N/A,N/A,N/A,N/A,,,,,,,,INF,N/A,478031624.12,,
tyrosine-13C9-15N,7.68,Target Compound,20240709_QE2_HILIC_BCSCuAOXq2d_AYW1142,13,Processed,T1,5RV,Unknown,,B:B5,,,29258965,434794495,7.57,-0.11,[13]C9H11[15]NO3,M+H,N/A,N/A,N/A,N/A,192.1084,192.1085,.6273 (ppm),0,0,N/A,Method,True,False,N/A,N/A,N/A,,,Pass,N/A,N/A,N/A,N/A,Confirmed,N/A,N/A,N/A,N/A,,,,,,,,INF,N/A,458957276.96,N/A,
tyrosine-13C9-15N,7.68,Target Compound,20240709_QE2_HILIC_BCSCuAOXq2d_AYW1143,14,Processed,T1,5RV,Unknown,,B:B6,,,36876160,485815734,7.56,-0.12,[13]C9H11[15]NO3,M+H,N/A,N/A,N/A,N/A,192.1084,192.1085,.5479 (ppm),0,0,N/A,Method,True,False,N/A,N/A,N/A,,,Pass,N/A,N/A,N/A,N/A,Confirmed,N/A,N/A,N/A,N/A,,,,,,,,INF,N/A,458957276.96,,
tyrosine-13C9-15N,7.68,Target Compound,20240709_QE2_HILIC_BCSCuAOXq2d_AYW1144,15,Processed,T1,5RV,Unknown,,B:B7,,,30041299,456261602,7.58,-0.10,[13]C9H11[15]NO3,M+H,N/A,N/A,N/A,N/A,192.1084,192.1086,.7861 (ppm),0,0,N/A,Method,True,False,N/A,N/A,N/A,,,Pass,N/A,N/A,N/A,N/A,Confirmed,N/A,N/A,N/A,N/A,,,,,,,,INF,N/A,458957276.96,,
tyrosine-13C9-15N,7.68,Target Compound,20240709_QE2_HILIC_BCSCuAOXq2d_AYW1145,16,Processed,T1,6RB,Unknown,,B:B8,,,29973250,427226848,7.57,-0.11,[13]C9H11[15]NO3,M+H,N/A,N/A,N/A,N/A,192.1084,192.1086,.7861 (ppm),0,0,N/A,Method,True,False,N/A,N/A,N/A,,,Pass,N/A,N/A,N/A,N/A,Confirmed,N/A,N/A,N/A,N/A,,,,,,,,INF,N/A,400298631.47,,
tyrosine-13C9-15N,7.68,Target Compound,20240709_QE2_HILIC_BCSCuAOXq2d_AYW1146,17,Processed,T1,6RB,Unknown,,B:B9,,,30410245,407838565,7.59,-0.09,[13]C9H11[15]NO3,M+H,N/A,N/A,N/A,N/A,192.1084,192.1085,.3096 (ppm),0,0,N/A,Method,True,False,N/A,N/A,N/A,,,Pass,N/A,N/A,N/A,N/A,Confirmed,N/A,N/A,N/A,N/A,,,,,,,,INF,N/A,400298631.47,,
tyrosine-13C9-15N,7.68,Target Compound,20240709_QE2_HILIC_BCSCuAOXq2d_AYW1147,18,Processed,T1,6RB,Unknown,,B:C1,,,25114378,365830481,7.59,-0.09,[13]C9H11[15]NO3,M+H,N/A,N/A,N/A,N/A,192.1084,192.1085,.4684 (ppm),0,0,N/A,Method,True,False,N/A,N/A,N/A,,,Pass,N/A,N/A,N/A,N/A,Confirmed,N/A,N/A,N/A,N/A,,,,,,,,INF,N/A,400298631.47,,
tyrosine-13C9-15N,7.68,Target Compound,20240709_QE2_HILIC_BCSCuAOXq2d_AYW1148,19,Processed,T1,7RV,Unknown,,B:C2,,,31293467,435757035,7.59,-0.09,[13]C9H11[15]NO3,M+H,N/A,N/A,N/A,N/A,192.1084,192.1084,.2302 (ppm),0,0,N/A,Method,True,False,N/A,N/A,N/A,,,Pass,N/A,N/A,N/A,N/A,Confirmed,N/A,N/A,N/A,N/A,,,,,,,,INF,N/A,446119227.25,,
tyrosine-13C9-15N,7.68,Target Compound,20240709_QE2_HILIC_BCSCuAOXq2d_AYW1149,20,Processed,T1,7RV,Unknown,,B:C3,,,34719059,459779748,7.56,-0.12,[13]C9H11[15]NO3,M+H,N/A,N/A,N/A,N/A,192.1084,192.1084,.1507 (ppm),0,0,N/A,Method,True,False,N/A,N/A,N/A,,,Pass,N/A,N/A,N/A,N/A,Confirmed,N/A,N/A,N/A,N/A,,,,,,,,INF,N/A,446119227.25,,
tyrosine-13C9-15N,7.68,Target Compound,20240709_QE2_HILIC_BCSCuAOXq2d_AYW1150,21,Processed,T1,7RV,Unknown,,B:C4,,,32402773,442820899,7.59,-0.09,[13]C9H11[15]NO3,M+H,N/A,N/A,N/A,N/A,192.1084,192.1085,.3890 (ppm),0,0,N/A,Method,True,False,N/A,N/A,N/A,,,Pass,N/A,N/A,N/A,N/A,Confirmed,N/A,N/A,N/A,N/A,,,,,,,,INF,N/A,446119227.25,,
tyrosine-13C9-15N,7.68,Target Compound,20240709_QE2_HILIC_BCSCuAOXq2d_AYW1151,22,Processed,T1,8RB,Unknown,,B:C5,,,36380259,532734502,7.6,-0.08,[13]C9H11[15]NO3,M+H,N/A,N/A,N/A,N/A,192.1084,192.1085,.7067 (ppm),0,0,N/A,Method,True,False,N/A,N/A,N/A,,,Pass,N/A,N/A,N/A,N/A,Confirmed,N/A,N/A,N/A,N/A,,,,,,,,INF,N/A,489494510.73,,
tyrosine-13C9-15N,7.68,Target Compound,20240709_QE2_HILIC_BCSCuAOXq2d_AYW1152,23,Processed,T1,8RB,Unknown,,B:C6,,,26332137,379140332,7.59,-0.09,[13]C9H11[15]NO3,M+H,N/A,N/A,N/A,N/A,192.1084,192.1086,.9450 (ppm),0,0,N/A,Method,True,False,N/A,N/A,N/A,,,Pass,N/A,N/A,N/A,N/A,Confirmed,N/A,N/A,N/A,N/A,,,,,,,,INF,N/A,489494510.73,,
tyrosine-13C9-15N,7.68,Target Compound,20240709_QE2_HILIC_BCSCuAOXq2d_AYW1153,24,Processed,T1,8RB,Unknown,,B:C7,,,40350432,556608699,7.58,-0.10,[13]C9H11[15]NO3,M+H,N/A,N/A,N/A,N/A,192.1084,192.1085,.3890 (ppm),0,0,N/A,Method,True,False,N/A,N/A,N/A,,,Pass,N/A,N/A,N/A,N/A,Confirmed,N/A,N/A,N/A,N/A,,,,,,,,INF,N/A,489494510.73,,
tyrosine-13C9-15N,7.68,Target Compound,20240709_QE2_HILIC_BCSCuAOXq2d_AYW1154_pool1xa,25,Processed,T1,pool1x,Unknown,,B:C8,,,31853902,434588569,7.58,-0.10,[13]C9H11[15]NO3,M+H,N/A,N/A,N/A,N/A,192.1084,192.1085,.7067 (ppm),0,0,N/A,Method,True,False,N/A,N/A,N/A,,,Pass,N/A,N/A,N/A,N/A,Confirmed,N/A,N/A,N/A,N/A,,,,,,,,INF,N/A,456653530.06,,
tyrosine-13C9-15N,7.68,Target Compound,20240709_QE2_HILIC_BCSCuAOXq2d_AYW1154_pool1xb,26,Processed,T1,pool1x,Unknown,,B:C8,,,36798674,526696043,7.57,-0.11,[13]C9H11[15]NO3,M+H,N/A,N/A,N/A,N/A,192.1084,192.1083,-.4053 (ppm),0,0,N/A,Method,True,False,N/A,N/A,N/A,,,Pass,N/A,N/A,N/A,N/A,Confirmed,N/A,N/A,N/A,N/A,,,,,,,,INF,N/A,456653530.06,,
tyrosine-13C9-15N,7.68,Target Compound,20240709_QE2_HILIC_BCSCuAOXq2d_AYW1154_pool1xc,27,Processed,T1,pool1x,Unknown,,B:C8,,,31989043,452996239,7.58,-0.10,[13]C9H11[15]NO3,M+H,N/A,N/A,N/A,N/A,192.1084,192.1085,.3890 (ppm),0,0,N/A,Method,True,False,N/A,N/A,N/A,,,Pass,N/A,N/A,N/A,N/A,Confirmed,N/A,N/A,N/A,N/A,,,,,,,,INF,N/A,456653530.06,,
tyrosine-13C9-15N,7.68,Target Compound,20240709_QE2_HILIC_BCSCuAOXq2d_AYW1154_pool1xd,28,Processed,T1,pool1x,Unknown,,B:C8,,,30353071,412333269,7.57,-0.11,[13]C9H11[15]NO3,M+H,N/A,N/A,N/A,N/A,192.1084,192.1084,-.0081 (ppm),0,0,N/A,Method,True,False,N/A,N/A,N/A,,,Pass,N/A,N/A,N/A,N/A,Confirmed,N/A,N/A,N/A,N/A,,,,,,,,INF,N/A,456653530.06,,
tyrosine-13C9-15N,7.68,Target Compound,20240709_QE2_HILIC_BCSCuAOXq2d_AYW1155_pool033xa,29,Processed,T1,pool033x,Unknown,,B:C9,,,12202033,179858141,7.53,-0.15,[13]C9H11[15]NO3,M+H,N/A,N/A,N/A,N/A,192.1084,192.1085,.4684 (ppm),0,0,N/A,Method,True,False,N/A,N/A,N/A,,,Pass,N/A,N/A,N/A,N/A,Confirmed,N/A,N/A,N/A,N/A,,,,,,,,INF,N/A,175343683.45,,
tyrosine-13C9-15N,7.68,Target Compound,20240709_QE2_HILIC_BCSCuAOXq2d_AYW1155_pool033xb,30,Processed,T1,pool033x,Unknown,,B:C9,,,12415399,197010256,7.55,-0.13,[13]C9H11[15]NO3,M+H,N/A,N/A,N/A,N/A,192.1084,192.1084,-.1670 (ppm),0,0,N/A,Method,True,False,N/A,N/A,N/A,,,Pass,N/A,N/A,N/A,N/A,Confirmed,N/A,N/A,N/A,N/A,,,,,,,,INF,N/A,175343683.45,,
tyrosine-13C9-15N,7.68,Target Compound,20240709_QE2_HILIC_BCSCuAOXq2d_AYW1155_pool033xc,31,Processed,T1,pool033x,Unknown,,B:C9,,,11065238,162393637,7.52,-0.16,[13]C9H11[15]NO3,M+H,N/A,N/A,N/A,N/A,192.1084,192.1086,.7861 (ppm),0,0,N/A,Method,True,False,N/A,N/A,N/A,,,Pass,N/A,N/A,N/A,N/A,Confirmed,N/A,N/A,N/A,N/A,,,,,,,,INF,N/A,175343683.45,,
tyrosine-13C9-15N,7.68,Target Compound,20240709_QE2_HILIC_BCSCuAOXq2d_AYW1155_pool033xd,32,Processed,T1,pool033x,Unknown,,B:C9,,,11298812,162112699,7.52,-0.16,[13]C9H11[15]NO3,M+H,N/A,N/A,N/A,N/A,192.1084,192.1086,.7861 (ppm),0,0,N/A,Method,True,False,N/A,N/A,N/A,,,Pass,N/A,N/A,N/A,N/A,Confirmed,N/A,N/A,N/A,N/A,,,,,,,,INF,N/A,175343683.45,,
tyrosine-13C9-15N,7.68,Target Compound,20240709_QE2_HILIC_BCSCuAOXq2d_AYW1156_pool01xa,33,Processed,T1,pool01x,Unknown,,B:D1,,,3827760,54926941,7.51,-0.17,[13]C9H11[15]NO3,M+H,N/A,N/A,N/A,N/A,192.1084,192.1086,.7861 (ppm),0,0,N/A,Method,True,False,N/A,N/A,N/A,,,Pass,N/A,N/A,N/A,N/A,Confirmed,N/A,N/A,N/A,N/A,,,,,,,,INF,N/A,63126808.68,,
tyrosine-13C9-15N,7.68,Target Compound,20240709_QE2_HILIC_BCSCuAOXq2d_AYW1156_pool01xb,34,Processed,T1,pool01x,Unknown,,B:D1,,,5021969,75226196,7.54,-0.14,[13]C9H11[15]NO3,M+H,N/A,N/A,N/A,N/A,192.1084,192.1084,.1507 (ppm),0,0,N/A,Method,True,False,N/A,N/A,N/A,,,Pass,N/A,N/A,N/A,N/A,Confirmed,N/A,N/A,N/A,N/A,,,,,,,,INF,N/A,63126808.68,,
tyrosine-13C9-15N,7.68,Target Compound,20240709_QE2_HILIC_BCSCuAOXq2d_AYW1156_pool01xc,35,Processed,T1,pool01x,Unknown,,B:D1,,,4266362,61543787,7.52,-0.16,[13]C9H11[15]NO3,M+H,N/A,N/A,N/A,N/A,192.1084,192.1086,1.0244 (ppm),0,0,N/A,Method,True,False,N/A,N/A,N/A,,,Pass,N/A,N/A,N/A,N/A,Confirmed,N/A,N/A,N/A,N/A,,,,,,,,INF,N/A,63126808.68,,
tyrosine-13C9-15N,7.68,Target Compound,20240709_QE2_HILIC_BCSCuAOXq2d_AYW1156_pool01xd,36,Processed,T1,pool01x,Unknown,,B:D1,,,4786173,60810310,7.5,-0.18,[13]C9H11[15]NO3,M+H,N/A,N/A,N/A,N/A,192.1084,192.1084,.2302 (ppm),0,0,N/A,Method,True,False,N/A,N/A,N/A,,,Pass,N/A,N/A,N/A,N/A,Confirmed,N/A,N/A,N/A,N/A,,,,,,,,INF,N/A,63126808.68,,
tyrosine-13C9-15N,7.68,Target Compound,20240709_QE2_HILIC_BCSCuAOXq2d_blank1,37,Processed,T1,,Unknown,,B:A1,,,N/F,N/F,N/F,N/F,[13]C9H11[15]NO3,N/A,N/F,N/A,N/F,N/A,192.1084,N/F,N/F,N/F,0,N/A,Method,True,False,N/A,N/A,N/A,,,Fail,N/A,N/A,N/A,N/A,NotFound,N/A,N/A,N/A,N/A,,,,,,,,N/A,N/A,18361.92,,
tyrosine-13C9-15N,7.68,Target Compound,20240709_QE2_HILIC_BCSCuAOXq2d_blank1_20240710111342,38,Processed,T1,,Unknown,,B:A1,,,18489,67367,7.8,0.12,[13]C9H11[15]NO3,M+H,N/A,N/A,N/A,N/A,192.1084,192.1084,-.0876 (ppm),0,0,N/A,Method,True,False,N/A,N/A,N/A,,,Pass,N/A,N/A,N/A,N/A,Confirmed,N/A,N/A,N/A,N/A,,,,,,,,INF,N/A,18361.92,,
tyrosine-13C9-15N,7.68,Target Compound,20240709_QE2_HILIC_BCSCuAOXq2d_blank1_20240710231833,39,Processed,T1,,Unknown,,B:A1,,,N/F,N/F,N/F,N/F,[13]C9H11[15]NO3,N/A,N/F,N/A,N/F,N/A,192.1084,N/F,N/F,N/F,0,N/A,Method,True,False,N/A,N/A,N/A,,,Fail,N/A,N/A,N/A,N/A,NotFound,N/A,N/A,N/A,N/A,,,,,,,,N/A,N/A,18361.92,,
tyrosine-13C9-15N,7.68,Target Compound,20240709_QE2_HILIC_BCSCuAOXq2d_blank2,40,Processed,T1,,Unknown,,B:A1,,,N/F,N/F,N/F,N/F,[13]C9H11[15]NO3,N/A,N/F,N/A,N/F,N/A,192.1084,N/F,N/F,N/F,0,N/A,Method,True,False,N/A,N/A,N/A,,,Fail,N/A,N/A,N/A,N/A,NotFound,N/A,N/A,N/A,N/A,,,,,,,,N/A,N/A,18361.92,,
tyrosine-13C9-15N,7.68,Target Compound,20240709_QE2_HILIC_BCSCuAOXq2d_blank2_20240710115054,41,Processed,T1,,Unknown,,B:A1,,,11517,42805,7.46,-0.22,[13]C9H11[15]NO3,M+H,N/A,N/A,N/A,N/A,192.1084,192.1091,3.8044 (ppm),0,0,N/A,Method,True,False,N/A,N/A,N/A,,,Pass,N/A,N/A,N/A,N/A,Confirmed,N/A,N/A,N/A,N/A,,,,,,,,INF,N/A,18361.92,,
tyrosine-13C9-15N,7.68,Target Compound,20240709_QE2_HILIC_BCSCuAOXq2d_blank2_20240710235116,42,Processed,T1,,Unknown,,B:A1,,,N/F,N/F,N/F,N/F,[13]C9H11[15]NO3,N/A,N/F,N/A,N/F,N/A,192.1084,N/F,N/F,N/F,0,N/A,Method,True,False,N/A,N/A,N/A,,,Fail,N/A,N/A,N/A,N/A,NotFound,N/A,N/A,N/A,N/A,,,,,,,,N/A,N/A,18361.92,,
