﻿Compound,RT,Type,Filename,Batch Order,Status,Peak Label,Group,Sample Type,Level,Sample ID,Sample Name,Comments,Height,Area,Actual RT,RT Delta,Formula,Adduct,Calculated Amt,Theoretical Amt,Sample Amt,Std Add Amount,m/z (Expected),m/z (Apex),m/z (Delta),Response Ratio,ISTD Amt,ISTD Response,Integration Mode,Active,Excluded,%Diff,%RSD,% CV,Channel,Final Units,PK,IR,IP,LS,FI,Confirm,Isotopic Pattern Score (%),Num Isotopes Matched,Lib Match Name,Library Score (%),Library Match Rank,SI/Dot Product,RSI/Rev Dot,Modification,Protein Name,Peptide Sequence,Ion Type,S/N,Ion Ratio,Group Average,Relative RT,Flag Details
glutamate,9.78,Target Compound,20240709_QE2_HILIC_BCSCuAOXq2d_AYW1130,1,Processed,T1,1V,Unknown,,B:A2,,,239638993,2509600388,9.61,-0.17,C5H9NO4,M-H,N/A,N/A,N/A,N/A,146.0459,146.046,.5117 (ppm),0,0,N/A,Method,True,False,N/A,N/A,N/A,,,Pass,N/A,N/A,N/A,N/A,Confirmed,N/A,N/A,N/A,N/A,,,,,,,,13499.08,N/A,2445204056.92,,
glutamate,9.78,Target Compound,20240709_QE2_HILIC_BCSCuAOXq2d_AYW1131,2,Processed,T1,1V,Unknown,,B:A3,,,230110318,2417518216,9.62,-0.16,C5H9NO4,M-H,N/A,N/A,N/A,N/A,146.0459,146.046,.6162 (ppm),0,0,N/A,Method,True,False,N/A,N/A,N/A,,,Pass,N/A,N/A,N/A,N/A,Confirmed,N/A,N/A,N/A,N/A,,,,,,,,6961.22,N/A,2445204056.92,,
glutamate,9.78,Target Compound,20240709_QE2_HILIC_BCSCuAOXq2d_AYW1132,3,Processed,T1,1V,Unknown,,B:A4,,,216907940,2408493567,9.59,-0.19,C5H9NO4,M-H,N/A,N/A,N/A,N/A,146.0459,146.046,.8251 (ppm),0,0,N/A,Method,True,False,N/A,N/A,N/A,,,Pass,N/A,N/A,N/A,N/A,Confirmed,N/A,N/A,N/A,N/A,,,,,,,,7339.68,N/A,2445204056.92,,
glutamate,9.78,Target Compound,20240709_QE2_HILIC_BCSCuAOXq2d_AYW1133,4,Processed,T1,2B,Unknown,,B:A5,,,171086458,1971828180,9.58,-0.20,C5H9NO4,M-H,N/A,N/A,N/A,N/A,146.0459,146.046,.6162 (ppm),0,0,N/A,Method,True,False,N/A,N/A,N/A,,,Pass,N/A,N/A,N/A,N/A,Confirmed,N/A,N/A,N/A,N/A,,,,,,,,6377.99,N/A,2256080397.48,,
glutamate,9.78,Target Compound,20240709_QE2_HILIC_BCSCuAOXq2d_AYW1134,5,Processed,T1,2B,Unknown,,B:A6,,,233276790,2513065952,9.6,-0.18,C5H9NO4,M-H,N/A,N/A,N/A,N/A,146.0459,146.046,.7207 (ppm),0,0,N/A,Method,True,False,N/A,N/A,N/A,,,Pass,N/A,N/A,N/A,N/A,Confirmed,N/A,N/A,N/A,N/A,,,,,,,,8808.53,N/A,2256080397.48,,
glutamate,9.78,Target Compound,20240709_QE2_HILIC_BCSCuAOXq2d_AYW1135,6,Processed,T1,2B,Unknown,,B:A7,,,219030037,2283347060,9.6,-0.18,C5H9NO4,M-H,N/A,N/A,N/A,N/A,146.0459,146.046,.4072 (ppm),0,0,N/A,Method,True,False,N/A,N/A,N/A,,,Pass,N/A,N/A,N/A,N/A,Confirmed,N/A,N/A,N/A,N/A,,,,,,,,6693.65,N/A,2256080397.48,,
glutamate,9.78,Target Compound,20240709_QE2_HILIC_BCSCuAOXq2d_AYW1136,7,Processed,T1,3C,Unknown,,B:A8,,,276727323,2985554237,9.59,-0.19,C5H9NO4,M-H,N/A,N/A,N/A,N/A,146.0459,146.046,.4072 (ppm),0,0,N/A,Method,True,False,N/A,N/A,N/A,,,Pass,N/A,N/A,N/A,N/A,Confirmed,N/A,N/A,N/A,N/A,,,,,,,,9136.91,N/A,2478201943.83,,
glutamate,9.78,Target Compound,20240709_QE2_HILIC_BCSCuAOXq2d_AYW1137,8,Processed,T1,3C,Unknown,,B:A9,,,254492725,2682753781,9.6,-0.18,C5H9NO4,M-H,N/A,N/A,N/A,N/A,146.0459,146.046,.4072 (ppm),0,0,N/A,Method,True,False,N/A,N/A,N/A,,,Pass,N/A,N/A,N/A,N/A,Confirmed,N/A,N/A,N/A,N/A,,,,,,,,12720.78,N/A,2478201943.83,,
glutamate,9.78,Target Compound,20240709_QE2_HILIC_BCSCuAOXq2d_AYW1138,9,Processed,T1,3C,Unknown,,B:B1,,,161905401,1766297813,9.61,-0.17,C5H9NO4,M-H,N/A,N/A,N/A,N/A,146.0459,146.046,.9296 (ppm),0,0,N/A,Method,True,False,N/A,N/A,N/A,,,Pass,N/A,N/A,N/A,N/A,Confirmed,N/A,N/A,N/A,N/A,,,,,,,,7880.17,N/A,2478201943.83,,
glutamate,9.78,Target Compound,20240709_QE2_HILIC_BCSCuAOXq2d_AYW1139,10,Processed,T1,4BC,Unknown,,B:B2,,,223357917,2363240032,9.61,-0.17,C5H9NO4,M-H,N/A,N/A,N/A,N/A,146.0459,146.046,.5117 (ppm),0,0,N/A,Method,True,False,N/A,N/A,N/A,,,Pass,N/A,N/A,N/A,N/A,Confirmed,N/A,N/A,N/A,N/A,,,,,,,,10288.83,N/A,2306001899.58,N/A,
glutamate,9.78,Target Compound,20240709_QE2_HILIC_BCSCuAOXq2d_AYW1140,11,Processed,T1,4BC,Unknown,,B:B3,,,208455323,2334383377,9.59,-0.19,C5H9NO4,M-H,N/A,N/A,N/A,N/A,146.0459,146.046,.5117 (ppm),0,0,N/A,Method,True,False,N/A,N/A,N/A,,,Pass,N/A,N/A,N/A,N/A,Confirmed,N/A,N/A,N/A,N/A,,,,,,,,12784.93,N/A,2306001899.58,,
glutamate,9.78,Target Compound,20240709_QE2_HILIC_BCSCuAOXq2d_AYW1141,12,Processed,T1,4BC,Unknown,,B:B4,,,212504415,2220382290,9.61,-0.17,C5H9NO4,M-H,N/A,N/A,N/A,N/A,146.0459,146.0459,.3027 (ppm),0,0,N/A,Method,True,False,N/A,N/A,N/A,,,Pass,N/A,N/A,N/A,N/A,Confirmed,N/A,N/A,N/A,N/A,,,,,,,,5650.62,N/A,2306001899.58,,
glutamate,9.78,Target Compound,20240709_QE2_HILIC_BCSCuAOXq2d_AYW1142,13,Processed,T1,5RV,Unknown,,B:B5,,,281482560,3150470279,9.58,-0.20,C5H9NO4,M-H,N/A,N/A,N/A,N/A,146.0459,146.046,.6162 (ppm),0,0,N/A,Method,True,False,N/A,N/A,N/A,,,Pass,N/A,N/A,N/A,N/A,Confirmed,N/A,N/A,N/A,N/A,,,,,,,,11238.87,N/A,2784123295.46,N/A,
glutamate,9.78,Target Compound,20240709_QE2_HILIC_BCSCuAOXq2d_AYW1143,14,Processed,T1,5RV,Unknown,,B:B6,,,265496111,2888076175,9.59,-0.19,C5H9NO4,M-H,N/A,N/A,N/A,N/A,146.0459,146.046,.4072 (ppm),0,0,N/A,Method,True,False,N/A,N/A,N/A,,,Pass,N/A,N/A,N/A,N/A,Confirmed,N/A,N/A,N/A,N/A,,,,,,,,10292.64,N/A,2784123295.46,,
glutamate,9.78,Target Compound,20240709_QE2_HILIC_BCSCuAOXq2d_AYW1144,15,Processed,T1,5RV,Unknown,,B:B7,,,206153992,2313823433,9.59,-0.19,C5H9NO4,M-H,N/A,N/A,N/A,N/A,146.0459,146.046,.6162 (ppm),0,0,N/A,Method,True,False,N/A,N/A,N/A,,,Pass,N/A,N/A,N/A,N/A,Confirmed,N/A,N/A,N/A,N/A,,,,,,,,7673.36,N/A,2784123295.46,,
glutamate,9.78,Target Compound,20240709_QE2_HILIC_BCSCuAOXq2d_AYW1145,16,Processed,T1,6RB,Unknown,,B:B8,,,208785050,2447012775,9.61,-0.17,C5H9NO4,M-H,N/A,N/A,N/A,N/A,146.0459,146.046,.6162 (ppm),0,0,N/A,Method,True,False,N/A,N/A,N/A,,,Pass,N/A,N/A,N/A,N/A,Confirmed,N/A,N/A,N/A,N/A,,,,,,,,6805.05,N/A,2021226921.65,,
glutamate,9.78,Target Compound,20240709_QE2_HILIC_BCSCuAOXq2d_AYW1146,17,Processed,T1,6RB,Unknown,,B:B9,,,152876751,1768756012,9.61,-0.17,C5H9NO4,M-H,N/A,N/A,N/A,N/A,146.0459,146.0461,1.1386 (ppm),0,0,N/A,Method,True,False,N/A,N/A,N/A,,,Pass,N/A,N/A,N/A,N/A,Confirmed,N/A,N/A,N/A,N/A,,,,,,,,10028.10,N/A,2021226921.65,,
glutamate,9.78,Target Compound,20240709_QE2_HILIC_BCSCuAOXq2d_AYW1147,18,Processed,T1,6RB,Unknown,,B:C1,,,170216611,1847911978,9.61,-0.17,C5H9NO4,M-H,N/A,N/A,N/A,N/A,146.0459,146.046,.8251 (ppm),0,0,N/A,Method,True,False,N/A,N/A,N/A,,,Pass,N/A,N/A,N/A,N/A,Confirmed,N/A,N/A,N/A,N/A,,,,,,,,8823.87,N/A,2021226921.65,,
glutamate,9.78,Target Compound,20240709_QE2_HILIC_BCSCuAOXq2d_AYW1148,19,Processed,T1,7RV,Unknown,,B:C2,,,208904691,2062024906,9.6,-0.18,C5H9NO4,M-H,N/A,N/A,N/A,N/A,146.0459,146.046,.8251 (ppm),0,0,N/A,Method,True,False,N/A,N/A,N/A,,,Pass,N/A,N/A,N/A,N/A,Confirmed,N/A,N/A,N/A,N/A,,,,,,,,123218.53,N/A,2427652767.22,,
glutamate,9.78,Target Compound,20240709_QE2_HILIC_BCSCuAOXq2d_AYW1149,20,Processed,T1,7RV,Unknown,,B:C3,,,247111147,2623597512,9.6,-0.18,C5H9NO4,M-H,N/A,N/A,N/A,N/A,146.0459,146.046,.7207 (ppm),0,0,N/A,Method,True,False,N/A,N/A,N/A,,,Pass,N/A,N/A,N/A,N/A,Confirmed,N/A,N/A,N/A,N/A,,,,,,,,6782.32,N/A,2427652767.22,,
glutamate,9.78,Target Compound,20240709_QE2_HILIC_BCSCuAOXq2d_AYW1150,21,Processed,T1,7RV,Unknown,,B:C4,,,239307459,2597335883,9.62,-0.16,C5H9NO4,M-H,N/A,N/A,N/A,N/A,146.0459,146.046,.6162 (ppm),0,0,N/A,Method,True,False,N/A,N/A,N/A,,,Pass,N/A,N/A,N/A,N/A,Confirmed,N/A,N/A,N/A,N/A,,,,,,,,12051.84,N/A,2427652767.22,,
glutamate,9.78,Target Compound,20240709_QE2_HILIC_BCSCuAOXq2d_AYW1151,22,Processed,T1,8RB,Unknown,,B:C5,,,259822013,2630807646,9.6,-0.18,C5H9NO4,M-H,N/A,N/A,N/A,N/A,146.0459,146.046,.8251 (ppm),0,0,N/A,Method,True,False,N/A,N/A,N/A,,,Pass,N/A,N/A,N/A,N/A,Confirmed,N/A,N/A,N/A,N/A,,,,,,,,8834.64,N/A,2345967938.24,,
glutamate,9.78,Target Compound,20240709_QE2_HILIC_BCSCuAOXq2d_AYW1152,23,Processed,T1,8RB,Unknown,,B:C6,,,176439248,1704087335,9.58,-0.20,C5H9NO4,M-H,N/A,N/A,N/A,N/A,146.0459,146.0461,1.0341 (ppm),0,0,N/A,Method,True,False,N/A,N/A,N/A,,,Pass,N/A,N/A,N/A,N/A,Confirmed,N/A,N/A,N/A,N/A,,,,,,,,14134.58,N/A,2345967938.24,,
glutamate,9.78,Target Compound,20240709_QE2_HILIC_BCSCuAOXq2d_AYW1153,24,Processed,T1,8RB,Unknown,,B:C7,,,252514732,2703008834,9.61,-0.17,C5H9NO4,M-H,N/A,N/A,N/A,N/A,146.0459,146.046,.5117 (ppm),0,0,N/A,Method,True,False,N/A,N/A,N/A,,,Pass,N/A,N/A,N/A,N/A,Confirmed,N/A,N/A,N/A,N/A,,,,,,,,6301.97,N/A,2345967938.24,,
glutamate,9.78,Target Compound,20240709_QE2_HILIC_BCSCuAOXq2d_AYW1154_pool1xa,25,Processed,T1,pool1x,Unknown,,B:C8,,,245155889,2538580243,9.61,-0.17,C5H9NO4,M-H,N/A,N/A,N/A,N/A,146.0459,146.0459,.0938 (ppm),0,0,N/A,Method,True,False,N/A,N/A,N/A,,,Pass,N/A,N/A,N/A,N/A,Confirmed,N/A,N/A,N/A,N/A,,,,,,,,12175.54,N/A,2324108619.28,,
glutamate,9.78,Target Compound,20240709_QE2_HILIC_BCSCuAOXq2d_AYW1154_pool1xb,26,Processed,T1,pool1x,Unknown,,B:C8,,,214142982,2353097567,9.63,-0.15,C5H9NO4,M-H,N/A,N/A,N/A,N/A,146.0459,146.0459,.0938 (ppm),0,0,N/A,Method,True,False,N/A,N/A,N/A,,,Pass,N/A,N/A,N/A,N/A,Confirmed,N/A,N/A,N/A,N/A,,,,,,,,7409.03,N/A,2324108619.28,,
glutamate,9.78,Target Compound,20240709_QE2_HILIC_BCSCuAOXq2d_AYW1154_pool1xc,27,Processed,T1,pool1x,Unknown,,B:C8,,,229450583,2454646561,9.6,-0.18,C5H9NO4,M-H,N/A,N/A,N/A,N/A,146.0459,146.0461,1.1386 (ppm),0,0,N/A,Method,True,False,N/A,N/A,N/A,,,Pass,N/A,N/A,N/A,N/A,Confirmed,N/A,N/A,N/A,N/A,,,,,,,,7158.20,N/A,2324108619.28,,
glutamate,9.78,Target Compound,20240709_QE2_HILIC_BCSCuAOXq2d_AYW1154_pool1xd,28,Processed,T1,pool1x,Unknown,,B:C8,,,197515652,1950110106,9.6,-0.18,C5H9NO4,M-H,N/A,N/A,N/A,N/A,146.0459,146.046,.6162 (ppm),0,0,N/A,Method,True,False,N/A,N/A,N/A,,,Pass,N/A,N/A,N/A,N/A,Confirmed,N/A,N/A,N/A,N/A,,,,,,,,24608.69,N/A,2324108619.28,,
glutamate,9.78,Target Compound,20240709_QE2_HILIC_BCSCuAOXq2d_AYW1155_pool033xa,29,Processed,T1,pool033x,Unknown,,B:C9,,,126288457,1341187326,9.6,-0.18,C5H9NO4,M-H,N/A,N/A,N/A,N/A,146.0459,146.046,.8251 (ppm),0,0,N/A,Method,True,False,N/A,N/A,N/A,,,Pass,N/A,N/A,N/A,N/A,Confirmed,N/A,N/A,N/A,N/A,,,,,,,,9282.17,N/A,1118471769.46,,
glutamate,9.78,Target Compound,20240709_QE2_HILIC_BCSCuAOXq2d_AYW1155_pool033xb,30,Processed,T1,pool033x,Unknown,,B:C9,,,102517156,1127781792,9.6,-0.18,C5H9NO4,M-H,N/A,N/A,N/A,N/A,146.0459,146.046,.6162 (ppm),0,0,N/A,Method,True,False,N/A,N/A,N/A,,,Pass,N/A,N/A,N/A,N/A,Confirmed,N/A,N/A,N/A,N/A,,,,,,,,4546.02,N/A,1118471769.46,,
glutamate,9.78,Target Compound,20240709_QE2_HILIC_BCSCuAOXq2d_AYW1155_pool033xc,31,Processed,T1,pool033x,Unknown,,B:C9,,,100259385,1117669622,9.59,-0.19,C5H9NO4,M-H,N/A,N/A,N/A,N/A,146.0459,146.0461,1.4520 (ppm),0,0,N/A,Method,True,False,N/A,N/A,N/A,,,Pass,N/A,N/A,N/A,N/A,Confirmed,N/A,N/A,N/A,N/A,,,,,,,,5799.57,N/A,1118471769.46,,
glutamate,9.78,Target Compound,20240709_QE2_HILIC_BCSCuAOXq2d_AYW1155_pool033xd,32,Processed,T1,pool033x,Unknown,,B:C9,,,83379472,887248338,9.58,-0.20,C5H9NO4,M-H,N/A,N/A,N/A,N/A,146.0459,146.046,.8251 (ppm),0,0,N/A,Method,True,False,N/A,N/A,N/A,,,Pass,N/A,N/A,N/A,N/A,Confirmed,N/A,N/A,N/A,N/A,,,,,,,,74700.94,N/A,1118471769.46,,
glutamate,9.78,Target Compound,20240709_QE2_HILIC_BCSCuAOXq2d_AYW1156_pool01xa,33,Processed,T1,pool01x,Unknown,,B:D1,,,51030300,572498408,9.6,-0.18,C5H9NO4,M-H,N/A,N/A,N/A,N/A,146.0459,146.046,.7207 (ppm),0,0,N/A,Method,True,False,N/A,N/A,N/A,,,Pass,N/A,N/A,N/A,N/A,Confirmed,N/A,N/A,N/A,N/A,,,,,,,,4074.19,N/A,513304826.35,,
glutamate,9.78,Target Compound,20240709_QE2_HILIC_BCSCuAOXq2d_AYW1156_pool01xb,34,Processed,T1,pool01x,Unknown,,B:D1,,,52310957,574265415,9.58,-0.20,C5H9NO4,M-H,N/A,N/A,N/A,N/A,146.0459,146.046,.6162 (ppm),0,0,N/A,Method,True,False,N/A,N/A,N/A,,,Pass,N/A,N/A,N/A,N/A,Confirmed,N/A,N/A,N/A,N/A,,,,,,,,7035.91,N/A,513304826.35,,
glutamate,9.78,Target Compound,20240709_QE2_HILIC_BCSCuAOXq2d_AYW1156_pool01xc,35,Processed,T1,pool01x,Unknown,,B:D1,,,44275799,505482356,9.58,-0.20,C5H9NO4,M-H,N/A,N/A,N/A,N/A,146.0459,146.0461,1.5565 (ppm),0,0,N/A,Method,True,False,N/A,N/A,N/A,,,Pass,N/A,N/A,N/A,N/A,Confirmed,N/A,N/A,N/A,N/A,,,,,,,,4144.41,N/A,513304826.35,,
glutamate,9.78,Target Compound,20240709_QE2_HILIC_BCSCuAOXq2d_AYW1156_pool01xd,36,Processed,T1,pool01x,Unknown,,B:D1,,,34582890,400973127,9.58,-0.20,C5H9NO4,M-H,N/A,N/A,N/A,N/A,146.0459,146.046,.7207 (ppm),0,0,N/A,Method,True,False,N/A,N/A,N/A,,,Pass,N/A,N/A,N/A,N/A,Confirmed,N/A,N/A,N/A,N/A,,,,,,,,5477.12,N/A,513304826.35,,
glutamate,9.78,Target Compound,20240709_QE2_HILIC_BCSCuAOXq2d_blank1,37,Processed,T1,,Unknown,,B:A1,,,498437,3334093,9.72,-0.06,C5H9NO4,M-H,N/A,N/A,N/A,N/A,146.0459,146.046,.6162 (ppm),0,0,N/A,Method,True,False,N/A,N/A,N/A,,,Pass,N/A,N/A,N/A,N/A,Confirmed,N/A,N/A,N/A,N/A,,,,,,,,17.24,N/A,1610942.88,,
glutamate,9.78,Target Compound,20240709_QE2_HILIC_BCSCuAOXq2d_blank1_20240710111342,38,Processed,T1,,Unknown,,B:A1,,,175218,1349065,9.78,0.00,C5H9NO4,M-H,N/A,N/A,N/A,N/A,146.0459,146.0461,1.5565 (ppm),0,0,N/A,Method,True,False,N/A,N/A,N/A,,,Pass,N/A,N/A,N/A,N/A,Confirmed,N/A,N/A,N/A,N/A,,,,,,,,9.37,N/A,1610942.88,,
glutamate,9.78,Target Compound,20240709_QE2_HILIC_BCSCuAOXq2d_blank1_20240710231833,39,Processed,T1,,Unknown,,B:A1,,,N/F,N/F,N/F,N/F,C5H9NO4,N/A,N/F,N/A,N/F,N/A,146.0459,N/F,N/F,N/F,0,N/A,Method,True,False,N/A,N/A,N/A,,,Fail,N/A,N/A,N/A,N/A,NotFound,N/A,N/A,N/A,N/A,,,,,,,,N/A,N/A,1610942.88,,
glutamate,9.78,Target Compound,20240709_QE2_HILIC_BCSCuAOXq2d_blank2,40,Processed,T1,,Unknown,,B:A1,,,494452,4259098,9.59,-0.19,C5H9NO4,M-H,N/A,N/A,N/A,N/A,146.0459,146.046,.7207 (ppm),0,0,N/A,Method,True,False,N/A,N/A,N/A,,,Pass,N/A,N/A,N/A,N/A,Confirmed,N/A,N/A,N/A,N/A,,,,,,,,24.00,N/A,1610942.88,,
glutamate,9.78,Target Compound,20240709_QE2_HILIC_BCSCuAOXq2d_blank2_20240710115054,41,Processed,T1,,Unknown,,B:A1,,,N/F,N/F,N/F,N/F,C5H9NO4,N/A,N/F,N/A,N/F,N/A,146.0459,N/F,N/F,N/F,0,N/A,Method,True,False,N/A,N/A,N/A,,,Fail,N/A,N/A,N/A,N/A,NotFound,N/A,N/A,N/A,N/A,,,,,,,,N/A,N/A,1610942.88,,
glutamate,9.78,Target Compound,20240709_QE2_HILIC_BCSCuAOXq2d_blank2_20240710235116,42,Processed,T1,,Unknown,,B:A1,,,91969,723401,9.53,-0.25,C5H9NO4,M-H,N/A,N/A,N/A,N/A,146.0459,146.046,.4072 (ppm),0,0,N/A,Method,True,False,N/A,N/A,N/A,,,Pass,N/A,N/A,N/A,N/A,Confirmed,N/A,N/A,N/A,N/A,,,,,,,,16.57,N/A,1610942.88,,
