﻿Compound,RT,Type,Filename,Batch Order,Status,Peak Label,Group,Sample Type,Level,Sample ID,Sample Name,Comments,Height,Area,Actual RT,RT Delta,Formula,Adduct,Calculated Amt,Theoretical Amt,Sample Amt,Std Add Amount,m/z (Expected),m/z (Apex),m/z (Delta),Response Ratio,ISTD Amt,ISTD Response,Integration Mode,Active,Excluded,%Diff,%RSD,% CV,Channel,Final Units,PK,IR,IP,LS,FI,Confirm,Isotopic Pattern Score (%),Num Isotopes Matched,Lib Match Name,Library Score (%),Library Match Rank,SI/Dot Product,RSI/Rev Dot,Modification,Protein Name,Peptide Sequence,Ion Type,S/N,Ion Ratio,Group Average,Relative RT,Flag Details
3-methyl-2-oxopentanoic_acid,2.49,Target Compound,20240709_QE2_HILIC_BCSCuAOXq2d_AYW1130,1,Processed,T1,1V,Unknown,,B:A2,,,8297962,34446490,2.34,-0.15,C6H10O3,M-H,N/A,N/A,N/A,N/A,129.0557,129.0558,1.0221 (ppm),0,0,N/A,Method,True,False,N/A,N/A,N/A,,,Pass,N/A,N/A,N/A,N/A,Confirmed,N/A,N/A,N/A,N/A,,,,,,,,43.05,N/A,38806345.83,,
3-methyl-2-oxopentanoic_acid,2.49,Target Compound,20240709_QE2_HILIC_BCSCuAOXq2d_AYW1131,2,Processed,T1,1V,Unknown,,B:A3,,,8675601,30309648,2.33,-0.16,C6H10O3,M-H,N/A,N/A,N/A,N/A,129.0557,129.0558,.9039 (ppm),0,0,N/A,Method,True,False,N/A,N/A,N/A,,,Pass,N/A,N/A,N/A,N/A,Confirmed,N/A,N/A,N/A,N/A,,,,,,,,35.43,N/A,38806345.83,,
3-methyl-2-oxopentanoic_acid,2.49,Target Compound,20240709_QE2_HILIC_BCSCuAOXq2d_AYW1132,3,Processed,T1,1V,Unknown,,B:A4,,,9673456,51662900,2.35,-0.14,C6H10O3,M-H,N/A,N/A,N/A,N/A,129.0557,129.0559,1.2586 (ppm),0,0,N/A,Method,True,False,N/A,N/A,N/A,,,Pass,N/A,N/A,N/A,N/A,Confirmed,N/A,N/A,N/A,N/A,,,,,,,,593.76,N/A,38806345.83,,
3-methyl-2-oxopentanoic_acid,2.49,Target Compound,20240709_QE2_HILIC_BCSCuAOXq2d_AYW1133,4,Processed,T1,2B,Unknown,,B:A5,,,7842560,42875055,2.35,-0.14,C6H10O3,M-H,N/A,N/A,N/A,N/A,129.0557,129.0559,1.2586 (ppm),0,0,N/A,Method,True,False,N/A,N/A,N/A,,,Pass,N/A,N/A,N/A,N/A,Confirmed,N/A,N/A,N/A,N/A,,,,,,,,396.80,N/A,67194668.09,,
3-methyl-2-oxopentanoic_acid,2.49,Target Compound,20240709_QE2_HILIC_BCSCuAOXq2d_AYW1134,5,Processed,T1,2B,Unknown,,B:A6,,,17040133,102237937,2.33,-0.16,C6H10O3,M-H,N/A,N/A,N/A,N/A,129.0557,129.0558,1.0221 (ppm),0,0,N/A,Method,True,False,N/A,N/A,N/A,,,Pass,N/A,N/A,N/A,N/A,Confirmed,N/A,N/A,N/A,N/A,,,,,,,,INF,N/A,67194668.09,,
3-methyl-2-oxopentanoic_acid,2.49,Target Compound,20240709_QE2_HILIC_BCSCuAOXq2d_AYW1135,6,Processed,T1,2B,Unknown,,B:A7,,,11553941,56471013,2.33,-0.16,C6H10O3,M-H,N/A,N/A,N/A,N/A,129.0557,129.0558,1.0221 (ppm),0,0,N/A,Method,True,False,N/A,N/A,N/A,,,Pass,N/A,N/A,N/A,N/A,Confirmed,N/A,N/A,N/A,N/A,,,,,,,,129.83,N/A,67194668.09,,
3-methyl-2-oxopentanoic_acid,2.49,Target Compound,20240709_QE2_HILIC_BCSCuAOXq2d_AYW1136,7,Processed,T1,3C,Unknown,,B:A8,,,11857822,62918208,2.34,-0.15,C6H10O3,M-H,N/A,N/A,N/A,N/A,129.0557,129.0558,.9039 (ppm),0,0,N/A,Method,True,False,N/A,N/A,N/A,,,Pass,N/A,N/A,N/A,N/A,Confirmed,N/A,N/A,N/A,N/A,,,,,,,,545.65,N/A,50428251.98,,
3-methyl-2-oxopentanoic_acid,2.49,Target Compound,20240709_QE2_HILIC_BCSCuAOXq2d_AYW1137,8,Processed,T1,3C,Unknown,,B:A9,,,11753885,56475445,2.33,-0.16,C6H10O3,M-H,N/A,N/A,N/A,N/A,129.0557,129.0558,1.1403 (ppm),0,0,N/A,Method,True,False,N/A,N/A,N/A,,,Pass,N/A,N/A,N/A,N/A,Confirmed,N/A,N/A,N/A,N/A,,,,,,,,160.82,N/A,50428251.98,,
3-methyl-2-oxopentanoic_acid,2.49,Target Compound,20240709_QE2_HILIC_BCSCuAOXq2d_AYW1138,9,Processed,T1,3C,Unknown,,B:B1,,,5709279,31891103,2.35,-0.14,C6H10O3,M-H,N/A,N/A,N/A,N/A,129.0557,129.0558,.7856 (ppm),0,0,N/A,Method,True,False,N/A,N/A,N/A,,,Pass,N/A,N/A,N/A,N/A,Confirmed,N/A,N/A,N/A,N/A,,,,,,,,INF,N/A,50428251.98,,
3-methyl-2-oxopentanoic_acid,2.49,Target Compound,20240709_QE2_HILIC_BCSCuAOXq2d_AYW1139,10,Processed,T1,4BC,Unknown,,B:B2,,,10619894,61613587,2.34,-0.15,C6H10O3,M-H,N/A,N/A,N/A,N/A,129.0557,129.0558,.9039 (ppm),0,0,N/A,Method,True,False,N/A,N/A,N/A,,,Pass,N/A,N/A,N/A,N/A,Confirmed,N/A,N/A,N/A,N/A,,,,,,,,222.29,N/A,65832170.49,N/A,
3-methyl-2-oxopentanoic_acid,2.49,Target Compound,20240709_QE2_HILIC_BCSCuAOXq2d_AYW1140,11,Processed,T1,4BC,Unknown,,B:B3,,,11268610,64159162,2.35,-0.14,C6H10O3,M-H,N/A,N/A,N/A,N/A,129.0557,129.0558,1.1403 (ppm),0,0,N/A,Method,True,False,N/A,N/A,N/A,,,Pass,N/A,N/A,N/A,N/A,Confirmed,N/A,N/A,N/A,N/A,,,,,,,,INF,N/A,65832170.49,,
3-methyl-2-oxopentanoic_acid,2.49,Target Compound,20240709_QE2_HILIC_BCSCuAOXq2d_AYW1141,12,Processed,T1,4BC,Unknown,,B:B4,,,13631767,71723762,2.33,-0.16,C6H10O3,M-H,N/A,N/A,N/A,N/A,129.0557,129.0558,.6674 (ppm),0,0,N/A,Method,True,False,N/A,N/A,N/A,,,Pass,N/A,N/A,N/A,N/A,Confirmed,N/A,N/A,N/A,N/A,,,,,,,,580.43,N/A,65832170.49,,
3-methyl-2-oxopentanoic_acid,2.49,Target Compound,20240709_QE2_HILIC_BCSCuAOXq2d_AYW1142,13,Processed,T1,5RV,Unknown,,B:B5,,,14149949,81903367,2.35,-0.14,C6H10O3,M-H,N/A,N/A,N/A,N/A,129.0557,129.0558,1.0221 (ppm),0,0,N/A,Method,True,False,N/A,N/A,N/A,,,Pass,N/A,N/A,N/A,N/A,Confirmed,N/A,N/A,N/A,N/A,,,,,,,,295.20,N/A,70129261.44,N/A,
3-methyl-2-oxopentanoic_acid,2.49,Target Compound,20240709_QE2_HILIC_BCSCuAOXq2d_AYW1143,14,Processed,T1,5RV,Unknown,,B:B6,,,11394370,62533827,2.33,-0.16,C6H10O3,M-H,N/A,N/A,N/A,N/A,129.0557,129.0558,.6674 (ppm),0,0,N/A,Method,True,False,N/A,N/A,N/A,,,Pass,N/A,N/A,N/A,N/A,Confirmed,N/A,N/A,N/A,N/A,,,,,,,,152.98,N/A,70129261.44,,
3-methyl-2-oxopentanoic_acid,2.49,Target Compound,20240709_QE2_HILIC_BCSCuAOXq2d_AYW1144,15,Processed,T1,5RV,Unknown,,B:B7,,,12881828,65950590,2.35,-0.14,C6H10O3,M-H,N/A,N/A,N/A,N/A,129.0557,129.0558,1.1403 (ppm),0,0,N/A,Method,True,False,N/A,N/A,N/A,,,Pass,N/A,N/A,N/A,N/A,Confirmed,N/A,N/A,N/A,N/A,,,,,,,,156.95,N/A,70129261.44,,
3-methyl-2-oxopentanoic_acid,2.49,Target Compound,20240709_QE2_HILIC_BCSCuAOXq2d_AYW1145,16,Processed,T1,6RB,Unknown,,B:B8,,,13167782,72753675,2.35,-0.14,C6H10O3,M-H,N/A,N/A,N/A,N/A,129.0557,129.0558,1.1403 (ppm),0,0,N/A,Method,True,False,N/A,N/A,N/A,,,Pass,N/A,N/A,N/A,N/A,Confirmed,N/A,N/A,N/A,N/A,,,,,,,,INF,N/A,52504384.64,,
3-methyl-2-oxopentanoic_acid,2.49,Target Compound,20240709_QE2_HILIC_BCSCuAOXq2d_AYW1146,17,Processed,T1,6RB,Unknown,,B:B9,,,8759789,43502800,2.35,-0.14,C6H10O3,M-H,N/A,N/A,N/A,N/A,129.0557,129.0559,1.7315 (ppm),0,0,N/A,Method,True,False,N/A,N/A,N/A,,,Pass,N/A,N/A,N/A,N/A,Confirmed,N/A,N/A,N/A,N/A,,,,,,,,283.58,N/A,52504384.64,,
3-methyl-2-oxopentanoic_acid,2.49,Target Compound,20240709_QE2_HILIC_BCSCuAOXq2d_AYW1147,18,Processed,T1,6RB,Unknown,,B:C1,,,7773751,41256680,2.35,-0.14,C6H10O3,M-H,N/A,N/A,N/A,N/A,129.0557,129.0558,.9039 (ppm),0,0,N/A,Method,True,False,N/A,N/A,N/A,,,Pass,N/A,N/A,N/A,N/A,Confirmed,N/A,N/A,N/A,N/A,,,,,,,,443.83,N/A,52504384.64,,
3-methyl-2-oxopentanoic_acid,2.49,Target Compound,20240709_QE2_HILIC_BCSCuAOXq2d_AYW1148,19,Processed,T1,7RV,Unknown,,B:C2,,,6886930,41970529,2.34,-0.15,C6H10O3,M-H,N/A,N/A,N/A,N/A,129.0557,129.0559,1.2586 (ppm),0,0,N/A,Method,True,False,N/A,N/A,N/A,,,Pass,N/A,N/A,N/A,N/A,Confirmed,N/A,N/A,N/A,N/A,,,,,,,,291.08,N/A,52060339.58,,
3-methyl-2-oxopentanoic_acid,2.49,Target Compound,20240709_QE2_HILIC_BCSCuAOXq2d_AYW1149,20,Processed,T1,7RV,Unknown,,B:C3,,,11920763,64126613,2.34,-0.15,C6H10O3,M-H,N/A,N/A,N/A,N/A,129.0557,129.0558,.7856 (ppm),0,0,N/A,Method,True,False,N/A,N/A,N/A,,,Pass,N/A,N/A,N/A,N/A,Confirmed,N/A,N/A,N/A,N/A,,,,,,,,160.02,N/A,52060339.58,,
3-methyl-2-oxopentanoic_acid,2.49,Target Compound,20240709_QE2_HILIC_BCSCuAOXq2d_AYW1150,21,Processed,T1,7RV,Unknown,,B:C4,,,11345541,50083878,2.33,-0.16,C6H10O3,M-H,N/A,N/A,N/A,N/A,129.0557,129.0558,1.0221 (ppm),0,0,N/A,Method,True,False,N/A,N/A,N/A,,,Pass,N/A,N/A,N/A,N/A,Confirmed,N/A,N/A,N/A,N/A,,,,,,,,65.87,N/A,52060339.58,,
3-methyl-2-oxopentanoic_acid,2.49,Target Compound,20240709_QE2_HILIC_BCSCuAOXq2d_AYW1151,22,Processed,T1,8RB,Unknown,,B:C5,,,12209933,59717086,2.34,-0.15,C6H10O3,M-H,N/A,N/A,N/A,N/A,129.0557,129.0558,1.0221 (ppm),0,0,N/A,Method,True,False,N/A,N/A,N/A,,,Pass,N/A,N/A,N/A,N/A,Confirmed,N/A,N/A,N/A,N/A,,,,,,,,94.26,N/A,55743151.48,,
3-methyl-2-oxopentanoic_acid,2.49,Target Compound,20240709_QE2_HILIC_BCSCuAOXq2d_AYW1152,23,Processed,T1,8RB,Unknown,,B:C6,,,7172512,42847986,2.36,-0.13,C6H10O3,M-H,N/A,N/A,N/A,N/A,129.0557,129.0559,1.3768 (ppm),0,0,N/A,Method,True,False,N/A,N/A,N/A,,,Pass,N/A,N/A,N/A,N/A,Confirmed,N/A,N/A,N/A,N/A,,,,,,,,461.12,N/A,55743151.48,,
3-methyl-2-oxopentanoic_acid,2.49,Target Compound,20240709_QE2_HILIC_BCSCuAOXq2d_AYW1153,24,Processed,T1,8RB,Unknown,,B:C7,,,12812319,64664383,2.33,-0.16,C6H10O3,M-H,N/A,N/A,N/A,N/A,129.0557,129.0558,.7856 (ppm),0,0,N/A,Method,True,False,N/A,N/A,N/A,,,Pass,N/A,N/A,N/A,N/A,Confirmed,N/A,N/A,N/A,N/A,,,,,,,,134.56,N/A,55743151.48,,
3-methyl-2-oxopentanoic_acid,2.49,Target Compound,20240709_QE2_HILIC_BCSCuAOXq2d_AYW1154_pool1xa,25,Processed,T1,pool1x,Unknown,,B:C8,,,11554682,55598529,2.33,-0.16,C6H10O3,M-H,N/A,N/A,N/A,N/A,129.0557,129.0558,1.0221 (ppm),0,0,N/A,Method,True,False,N/A,N/A,N/A,,,Pass,N/A,N/A,N/A,N/A,Confirmed,N/A,N/A,N/A,N/A,,,,,,,,INF,N/A,53193387.15,,
3-methyl-2-oxopentanoic_acid,2.49,Target Compound,20240709_QE2_HILIC_BCSCuAOXq2d_AYW1154_pool1xb,26,Processed,T1,pool1x,Unknown,,B:C8,,,10585460,49789530,2.34,-0.15,C6H10O3,M-H,N/A,N/A,N/A,N/A,129.0557,129.0558,.5492 (ppm),0,0,N/A,Method,True,False,N/A,N/A,N/A,,,Pass,N/A,N/A,N/A,N/A,Confirmed,N/A,N/A,N/A,N/A,,,,,,,,68.96,N/A,53193387.15,,
3-methyl-2-oxopentanoic_acid,2.49,Target Compound,20240709_QE2_HILIC_BCSCuAOXq2d_AYW1154_pool1xc,27,Processed,T1,pool1x,Unknown,,B:C8,,,12948567,67189769,2.34,-0.15,C6H10O3,M-H,N/A,N/A,N/A,N/A,129.0557,129.0559,1.2586 (ppm),0,0,N/A,Method,True,False,N/A,N/A,N/A,,,Pass,N/A,N/A,N/A,N/A,Confirmed,N/A,N/A,N/A,N/A,,,,,,,,290.97,N/A,53193387.15,,
3-methyl-2-oxopentanoic_acid,2.49,Target Compound,20240709_QE2_HILIC_BCSCuAOXq2d_AYW1154_pool1xd,28,Processed,T1,pool1x,Unknown,,B:C8,,,8611139,40195720,2.34,-0.15,C6H10O3,M-H,N/A,N/A,N/A,N/A,129.0557,129.0558,.9039 (ppm),0,0,N/A,Method,True,False,N/A,N/A,N/A,,,Pass,N/A,N/A,N/A,N/A,Confirmed,N/A,N/A,N/A,N/A,,,,,,,,86.95,N/A,53193387.15,,
3-methyl-2-oxopentanoic_acid,2.49,Target Compound,20240709_QE2_HILIC_BCSCuAOXq2d_AYW1155_pool033xa,29,Processed,T1,pool033x,Unknown,,B:C9,,,3954626,24095786,2.34,-0.15,C6H10O3,M-H,N/A,N/A,N/A,N/A,129.0557,129.0558,1.0221 (ppm),0,0,N/A,Method,True,False,N/A,N/A,N/A,,,Pass,N/A,N/A,N/A,N/A,Confirmed,N/A,N/A,N/A,N/A,,,,,,,,INF,N/A,20524166.52,,
3-methyl-2-oxopentanoic_acid,2.49,Target Compound,20240709_QE2_HILIC_BCSCuAOXq2d_AYW1155_pool033xb,30,Processed,T1,pool033x,Unknown,,B:C9,,,3600859,20302130,2.32,-0.17,C6H10O3,M-H,N/A,N/A,N/A,N/A,129.0557,129.0558,.5492 (ppm),0,0,N/A,Method,True,False,N/A,N/A,N/A,,,Pass,N/A,N/A,N/A,N/A,Confirmed,N/A,N/A,N/A,N/A,,,,,,,,INF,N/A,20524166.52,,
3-methyl-2-oxopentanoic_acid,2.49,Target Compound,20240709_QE2_HILIC_BCSCuAOXq2d_AYW1155_pool033xc,31,Processed,T1,pool033x,Unknown,,B:C9,,,4241174,24733472,2.33,-0.16,C6H10O3,M-H,N/A,N/A,N/A,N/A,129.0557,129.0559,1.2586 (ppm),0,0,N/A,Method,True,False,N/A,N/A,N/A,,,Pass,N/A,N/A,N/A,N/A,Confirmed,N/A,N/A,N/A,N/A,,,,,,,,INF,N/A,20524166.52,,
3-methyl-2-oxopentanoic_acid,2.49,Target Compound,20240709_QE2_HILIC_BCSCuAOXq2d_AYW1155_pool033xd,32,Processed,T1,pool033x,Unknown,,B:C9,,,3012425,12965278,2.35,-0.14,C6H10O3,M-H,N/A,N/A,N/A,N/A,129.0557,129.0558,.9039 (ppm),0,0,N/A,Method,True,False,N/A,N/A,N/A,,,Pass,N/A,N/A,N/A,N/A,Confirmed,N/A,N/A,N/A,N/A,,,,,,,,64.53,N/A,20524166.52,,
3-methyl-2-oxopentanoic_acid,2.49,Target Compound,20240709_QE2_HILIC_BCSCuAOXq2d_AYW1156_pool01xa,33,Processed,T1,pool01x,Unknown,,B:D1,,,1500695,7891313,2.32,-0.17,C6H10O3,M-H,N/A,N/A,N/A,N/A,129.0557,129.0558,1.0221 (ppm),0,0,N/A,Method,True,False,N/A,N/A,N/A,,,Pass,N/A,N/A,N/A,N/A,Confirmed,N/A,N/A,N/A,N/A,,,,,,,,INF,N/A,5464663.46,,
3-methyl-2-oxopentanoic_acid,2.49,Target Compound,20240709_QE2_HILIC_BCSCuAOXq2d_AYW1156_pool01xb,34,Processed,T1,pool01x,Unknown,,B:D1,,,N/F,N/F,N/F,N/F,C6H10O3,M-H,N/F,N/A,N/F,N/A,129.0557,N/F,N/F,N/F,0,N/A,Method,True,False,N/A,N/A,N/A,,,Fail,N/A,N/A,N/A,N/A,NotFound,N/A,N/A,N/A,N/A,,,,,,,,N/A,N/A,5464663.46,,
3-methyl-2-oxopentanoic_acid,2.49,Target Compound,20240709_QE2_HILIC_BCSCuAOXq2d_AYW1156_pool01xc,35,Processed,T1,pool01x,Unknown,,B:D1,,,1550451,8186802,2.34,-0.15,C6H10O3,M-H,N/A,N/A,N/A,N/A,129.0557,129.056,2.0862 (ppm),0,0,N/A,Method,True,False,N/A,N/A,N/A,,,Pass,N/A,N/A,N/A,N/A,Confirmed,N/A,N/A,N/A,N/A,,,,,,,,INF,N/A,5464663.46,,
3-methyl-2-oxopentanoic_acid,2.49,Target Compound,20240709_QE2_HILIC_BCSCuAOXq2d_AYW1156_pool01xd,36,Processed,T1,pool01x,Unknown,,B:D1,,,1140294,5780539,2.33,-0.16,C6H10O3,M-H,N/A,N/A,N/A,N/A,129.0557,129.0558,1.1403 (ppm),0,0,N/A,Method,True,False,N/A,N/A,N/A,,,Pass,N/A,N/A,N/A,N/A,Confirmed,N/A,N/A,N/A,N/A,,,,,,,,INF,N/A,5464663.46,,
3-methyl-2-oxopentanoic_acid,2.49,Target Compound,20240709_QE2_HILIC_BCSCuAOXq2d_blank1,37,Processed,T1,,Unknown,,B:A1,,,N/F,N/F,N/F,N/F,C6H10O3,N/A,N/F,N/A,N/F,N/A,129.0557,N/F,N/F,N/F,0,N/A,Method,True,False,N/A,N/A,N/A,,,Fail,N/A,N/A,N/A,N/A,NotFound,N/A,N/A,N/A,N/A,,,,,,,,N/A,N/A,1.00,,
3-methyl-2-oxopentanoic_acid,2.49,Target Compound,20240709_QE2_HILIC_BCSCuAOXq2d_blank1_20240710111342,38,Processed,T1,,Unknown,,B:A1,,,N/F,N/F,N/F,N/F,C6H10O3,N/A,N/F,N/A,N/F,N/A,129.0557,N/F,N/F,N/F,0,N/A,Method,True,False,N/A,N/A,N/A,,,Fail,N/A,N/A,N/A,N/A,NotFound,N/A,N/A,N/A,N/A,,,,,,,,N/A,N/A,1.00,,
3-methyl-2-oxopentanoic_acid,2.49,Target Compound,20240709_QE2_HILIC_BCSCuAOXq2d_blank1_20240710231833,39,Processed,T1,,Unknown,,B:A1,,,N/F,N/F,N/F,N/F,C6H10O3,N/A,N/F,N/A,N/F,N/A,129.0557,N/F,N/F,N/F,0,N/A,Method,True,False,N/A,N/A,N/A,,,Fail,N/A,N/A,N/A,N/A,NotFound,N/A,N/A,N/A,N/A,,,,,,,,N/A,N/A,1.00,,
3-methyl-2-oxopentanoic_acid,2.49,Target Compound,20240709_QE2_HILIC_BCSCuAOXq2d_blank2,40,Processed,T1,,Unknown,,B:A1,,,N/F,N/F,N/F,N/F,C6H10O3,N/A,N/F,N/A,N/F,N/A,129.0557,N/F,N/F,N/F,0,N/A,Method,True,False,N/A,N/A,N/A,,,Fail,N/A,N/A,N/A,N/A,NotFound,N/A,N/A,N/A,N/A,,,,,,,,N/A,N/A,1.00,,
3-methyl-2-oxopentanoic_acid,2.49,Target Compound,20240709_QE2_HILIC_BCSCuAOXq2d_blank2_20240710115054,41,Processed,T1,,Unknown,,B:A1,,,N/F,N/F,N/F,N/F,C6H10O3,N/A,N/F,N/A,N/F,N/A,129.0557,N/F,N/F,N/F,0,N/A,Method,True,False,N/A,N/A,N/A,,,Fail,N/A,N/A,N/A,N/A,NotFound,N/A,N/A,N/A,N/A,,,,,,,,N/A,N/A,1.00,,
3-methyl-2-oxopentanoic_acid,2.49,Target Compound,20240709_QE2_HILIC_BCSCuAOXq2d_blank2_20240710235116,42,Processed,T1,,Unknown,,B:A1,,,N/F,N/F,N/F,N/F,C6H10O3,N/A,N/F,N/A,N/F,N/A,129.0557,N/F,N/F,N/F,0,N/A,Method,True,False,N/A,N/A,N/A,,,Fail,N/A,N/A,N/A,N/A,NotFound,N/A,N/A,N/A,N/A,,,,,,,,N/A,N/A,1.00,,
