﻿Compound,RT,Type,Filename,Batch Order,Status,Peak Label,Group,Sample Type,Level,Sample ID,Sample Name,Comments,Height,Area,Actual RT,RT Delta,Formula,Adduct,Calculated Amt,Theoretical Amt,Sample Amt,Std Add Amount,m/z (Expected),m/z (Apex),m/z (Delta),Response Ratio,ISTD Amt,ISTD Response,Integration Mode,Active,Excluded,%Diff,%RSD,% CV,Channel,Final Units,PK,IR,IP,LS,FI,Confirm,Isotopic Pattern Score (%),Num Isotopes Matched,Lib Match Name,Library Score (%),Library Match Rank,SI/Dot Product,RSI/Rev Dot,Modification,Protein Name,Peptide Sequence,Ion Type,S/N,Ion Ratio,Group Average,Relative RT,Flag Details
Ureidosuccinic_acid,11.24,Target Compound,20240709_QE2_HILIC_BCSCuAOXq2d_AYW1130,1,Processed,T1,1V,Unknown,,B:A2,,,1962038,18643272,11.34,0.10,C5H8N2O5,M-H,N/A,N/A,N/A,N/A,175.036,175.0363,1.6305 (ppm),0,0,N/A,Method,True,False,N/A,N/A,N/A,,,Pass,N/A,N/A,N/A,N/A,Confirmed,N/A,N/A,N/A,N/A,,,,,,,,INF,N/A,16652701.23,,
Ureidosuccinic_acid,11.24,Target Compound,20240709_QE2_HILIC_BCSCuAOXq2d_AYW1131,2,Processed,T1,1V,Unknown,,B:A3,,,1627764,16555382,11.31,0.07,C5H8N2O5,M-H,N/A,N/A,N/A,N/A,175.036,175.0362,1.2818 (ppm),0,0,N/A,Method,True,False,N/A,N/A,N/A,,,Pass,N/A,N/A,N/A,N/A,Confirmed,N/A,N/A,N/A,N/A,,,,,,,,INF,N/A,16652701.23,,
Ureidosuccinic_acid,11.24,Target Compound,20240709_QE2_HILIC_BCSCuAOXq2d_AYW1132,3,Processed,T1,1V,Unknown,,B:A4,,,1485679,14759449,11.34,0.10,C5H8N2O5,M-H,N/A,N/A,N/A,N/A,175.036,175.0364,2.1536 (ppm),0,0,N/A,Method,True,False,N/A,N/A,N/A,,,Pass,N/A,N/A,N/A,N/A,Confirmed,N/A,N/A,N/A,N/A,,,,,,,,INF,N/A,16652701.23,,
Ureidosuccinic_acid,11.24,Target Compound,20240709_QE2_HILIC_BCSCuAOXq2d_AYW1133,4,Processed,T1,2B,Unknown,,B:A5,,,37304479,362967539,11.32,0.08,C5H8N2O5,M-H,N/A,N/A,N/A,N/A,175.036,175.0363,1.5433 (ppm),0,0,N/A,Method,True,False,N/A,N/A,N/A,,,Pass,N/A,N/A,N/A,N/A,Confirmed,N/A,N/A,N/A,N/A,,,,,,,,INF,N/A,501806748.05,,
Ureidosuccinic_acid,11.24,Target Compound,20240709_QE2_HILIC_BCSCuAOXq2d_AYW1134,5,Processed,T1,2B,Unknown,,B:A6,,,55219273,566493374,11.33,0.09,C5H8N2O5,M-H,N/A,N/A,N/A,N/A,175.036,175.0363,1.5433 (ppm),0,0,N/A,Method,True,False,N/A,N/A,N/A,,,Pass,N/A,N/A,N/A,N/A,Confirmed,N/A,N/A,N/A,N/A,,,,,,,,INF,N/A,501806748.05,,
Ureidosuccinic_acid,11.24,Target Compound,20240709_QE2_HILIC_BCSCuAOXq2d_AYW1135,6,Processed,T1,2B,Unknown,,B:A7,,,55759753,575959332,11.31,0.07,C5H8N2O5,M-H,N/A,N/A,N/A,N/A,175.036,175.0362,1.1946 (ppm),0,0,N/A,Method,True,False,N/A,N/A,N/A,,,Pass,N/A,N/A,N/A,N/A,Confirmed,N/A,N/A,N/A,N/A,,,,,,,,INF,N/A,501806748.05,,
Ureidosuccinic_acid,11.24,Target Compound,20240709_QE2_HILIC_BCSCuAOXq2d_AYW1136,7,Processed,T1,3C,Unknown,,B:A8,,,2105491,19343214,11.32,0.08,C5H8N2O5,M-H,N/A,N/A,N/A,N/A,175.036,175.0362,1.2818 (ppm),0,0,N/A,Method,True,False,N/A,N/A,N/A,,,Pass,N/A,N/A,N/A,N/A,Confirmed,N/A,N/A,N/A,N/A,,,,,,,,INF,N/A,15302667.45,,
Ureidosuccinic_acid,11.24,Target Compound,20240709_QE2_HILIC_BCSCuAOXq2d_AYW1137,8,Processed,T1,3C,Unknown,,B:A9,,,1994822,17950484,11.33,0.09,C5H8N2O5,M-H,N/A,N/A,N/A,N/A,175.036,175.0362,1.0203 (ppm),0,0,N/A,Method,True,False,N/A,N/A,N/A,,,Pass,N/A,N/A,N/A,N/A,Confirmed,N/A,N/A,N/A,N/A,,,,,,,,INF,N/A,15302667.45,,
Ureidosuccinic_acid,11.24,Target Compound,20240709_QE2_HILIC_BCSCuAOXq2d_AYW1138,9,Processed,T1,3C,Unknown,,B:B1,,,881595,8614304,11.3,0.06,C5H8N2O5,M-H,N/A,N/A,N/A,N/A,175.036,175.0363,1.5433 (ppm),0,0,N/A,Method,True,False,N/A,N/A,N/A,,,Pass,N/A,N/A,N/A,N/A,Confirmed,N/A,N/A,N/A,N/A,,,,,,,,INF,N/A,15302667.45,,
Ureidosuccinic_acid,11.24,Target Compound,20240709_QE2_HILIC_BCSCuAOXq2d_AYW1139,10,Processed,T1,4BC,Unknown,,B:B2,,,1853471,17416425,11.32,0.08,C5H8N2O5,M-H,N/A,N/A,N/A,N/A,175.036,175.0363,1.6305 (ppm),0,0,N/A,Method,True,False,N/A,N/A,N/A,,,Pass,N/A,N/A,N/A,N/A,Confirmed,N/A,N/A,N/A,N/A,,,,,,,,INF,N/A,17277641.42,N/A,
Ureidosuccinic_acid,11.24,Target Compound,20240709_QE2_HILIC_BCSCuAOXq2d_AYW1140,11,Processed,T1,4BC,Unknown,,B:B3,,,1509683,14535507,11.31,0.07,C5H8N2O5,M-H,N/A,N/A,N/A,N/A,175.036,175.0362,1.2818 (ppm),0,0,N/A,Method,True,False,N/A,N/A,N/A,,,Pass,N/A,N/A,N/A,N/A,Confirmed,N/A,N/A,N/A,N/A,,,,,,,,INF,N/A,17277641.42,,
Ureidosuccinic_acid,11.24,Target Compound,20240709_QE2_HILIC_BCSCuAOXq2d_AYW1141,12,Processed,T1,4BC,Unknown,,B:B4,,,2105000,19880992,11.32,0.08,C5H8N2O5,M-H,N/A,N/A,N/A,N/A,175.036,175.0362,1.3690 (ppm),0,0,N/A,Method,True,False,N/A,N/A,N/A,,,Pass,N/A,N/A,N/A,N/A,Confirmed,N/A,N/A,N/A,N/A,,,,,,,,INF,N/A,17277641.42,,
Ureidosuccinic_acid,11.24,Target Compound,20240709_QE2_HILIC_BCSCuAOXq2d_AYW1142,13,Processed,T1,5RV,Unknown,,B:B5,,,4746731,45803809,11.3,0.06,C5H8N2O5,M-H,N/A,N/A,N/A,N/A,175.036,175.0363,1.6305 (ppm),0,0,N/A,Method,True,False,N/A,N/A,N/A,,,Pass,N/A,N/A,N/A,N/A,Confirmed,N/A,N/A,N/A,N/A,,,,,,,,INF,N/A,49026637.90,N/A,
Ureidosuccinic_acid,11.24,Target Compound,20240709_QE2_HILIC_BCSCuAOXq2d_AYW1143,14,Processed,T1,5RV,Unknown,,B:B6,,,6662595,60176930,11.32,0.08,C5H8N2O5,M-H,N/A,N/A,N/A,N/A,175.036,175.0363,1.4562 (ppm),0,0,N/A,Method,True,False,N/A,N/A,N/A,,,Pass,N/A,N/A,N/A,N/A,Confirmed,N/A,N/A,N/A,N/A,,,,,,,,INF,N/A,49026637.90,,
Ureidosuccinic_acid,11.24,Target Compound,20240709_QE2_HILIC_BCSCuAOXq2d_AYW1144,15,Processed,T1,5RV,Unknown,,B:B7,,,4650368,41099175,11.33,0.09,C5H8N2O5,M-H,N/A,N/A,N/A,N/A,175.036,175.0363,1.8049 (ppm),0,0,N/A,Method,True,False,N/A,N/A,N/A,,,Pass,N/A,N/A,N/A,N/A,Confirmed,N/A,N/A,N/A,N/A,,,,,,,,INF,N/A,49026637.90,,
Ureidosuccinic_acid,11.24,Target Compound,20240709_QE2_HILIC_BCSCuAOXq2d_AYW1145,16,Processed,T1,6RB,Unknown,,B:B8,,,28419190,299139805,11.3,0.06,C5H8N2O5,M-H,N/A,N/A,N/A,N/A,175.036,175.0363,1.5433 (ppm),0,0,N/A,Method,True,False,N/A,N/A,N/A,,,Pass,N/A,N/A,N/A,N/A,Confirmed,N/A,N/A,N/A,N/A,,,,,,,,INF,N/A,242559734.27,,
Ureidosuccinic_acid,11.24,Target Compound,20240709_QE2_HILIC_BCSCuAOXq2d_AYW1146,17,Processed,T1,6RB,Unknown,,B:B9,,,17424269,186152644,11.31,0.07,C5H8N2O5,M-H,N/A,N/A,N/A,N/A,175.036,175.0363,1.7177 (ppm),0,0,N/A,Method,True,False,N/A,N/A,N/A,,,Pass,N/A,N/A,N/A,N/A,Confirmed,N/A,N/A,N/A,N/A,,,,,,,,INF,N/A,242559734.27,,
Ureidosuccinic_acid,11.24,Target Compound,20240709_QE2_HILIC_BCSCuAOXq2d_AYW1147,18,Processed,T1,6RB,Unknown,,B:C1,,,23185485,242386753,11.33,0.09,C5H8N2O5,M-H,N/A,N/A,N/A,N/A,175.036,175.0363,1.5433 (ppm),0,0,N/A,Method,True,False,N/A,N/A,N/A,,,Pass,N/A,N/A,N/A,N/A,Confirmed,N/A,N/A,N/A,N/A,,,,,,,,INF,N/A,242559734.27,,
Ureidosuccinic_acid,11.24,Target Compound,20240709_QE2_HILIC_BCSCuAOXq2d_AYW1148,19,Processed,T1,7RV,Unknown,,B:C2,,,637094,5804108,11.31,0.07,C5H8N2O5,M-H,N/A,N/A,N/A,N/A,175.036,175.0363,1.5433 (ppm),0,0,N/A,Method,True,False,N/A,N/A,N/A,,,Pass,N/A,N/A,N/A,N/A,Confirmed,N/A,N/A,N/A,N/A,,,,,,,,INF,N/A,8891189.46,,
Ureidosuccinic_acid,11.24,Target Compound,20240709_QE2_HILIC_BCSCuAOXq2d_AYW1149,20,Processed,T1,7RV,Unknown,,B:C3,,,1119669,9513103,11.33,0.09,C5H8N2O5,M-H,N/A,N/A,N/A,N/A,175.036,175.0363,1.6305 (ppm),0,0,N/A,Method,True,False,N/A,N/A,N/A,,,Pass,N/A,N/A,N/A,N/A,Confirmed,N/A,N/A,N/A,N/A,,,,,,,,INF,N/A,8891189.46,,
Ureidosuccinic_acid,11.24,Target Compound,20240709_QE2_HILIC_BCSCuAOXq2d_AYW1150,21,Processed,T1,7RV,Unknown,,B:C4,,,1177946,11356357,11.33,0.09,C5H8N2O5,M-H,N/A,N/A,N/A,N/A,175.036,175.0363,1.6305 (ppm),0,0,N/A,Method,True,False,N/A,N/A,N/A,,,Pass,N/A,N/A,N/A,N/A,Confirmed,N/A,N/A,N/A,N/A,,,,,,,,INF,N/A,8891189.46,,
Ureidosuccinic_acid,11.24,Target Compound,20240709_QE2_HILIC_BCSCuAOXq2d_AYW1151,22,Processed,T1,8RB,Unknown,,B:C5,,,3588406,33480322,11.31,0.07,C5H8N2O5,M-H,N/A,N/A,N/A,N/A,175.036,175.0363,1.6305 (ppm),0,0,N/A,Method,True,False,N/A,N/A,N/A,,,Pass,N/A,N/A,N/A,N/A,Confirmed,N/A,N/A,N/A,N/A,,,,,,,,INF,N/A,23362636.76,,
Ureidosuccinic_acid,11.24,Target Compound,20240709_QE2_HILIC_BCSCuAOXq2d_AYW1152,23,Processed,T1,8RB,Unknown,,B:C6,,,1269087,11558793,11.29,0.05,C5H8N2O5,M-H,N/A,N/A,N/A,N/A,175.036,175.0363,1.9792 (ppm),0,0,N/A,Method,True,False,N/A,N/A,N/A,,,Pass,N/A,N/A,N/A,N/A,Confirmed,N/A,N/A,N/A,N/A,,,,,,,,INF,N/A,23362636.76,,
Ureidosuccinic_acid,11.24,Target Compound,20240709_QE2_HILIC_BCSCuAOXq2d_AYW1153,24,Processed,T1,8RB,Unknown,,B:C7,,,2478959,25048796,11.34,0.10,C5H8N2O5,M-H,N/A,N/A,N/A,N/A,175.036,175.0363,1.4562 (ppm),0,0,N/A,Method,True,False,N/A,N/A,N/A,,,Pass,N/A,N/A,N/A,N/A,Confirmed,N/A,N/A,N/A,N/A,,,,,,,,INF,N/A,23362636.76,,
Ureidosuccinic_acid,11.24,Target Compound,20240709_QE2_HILIC_BCSCuAOXq2d_AYW1154_pool1xa,25,Processed,T1,pool1x,Unknown,,B:C8,,,12411493,127484056,11.31,0.07,C5H8N2O5,M-H,N/A,N/A,N/A,N/A,175.036,175.0362,1.0203 (ppm),0,0,N/A,Method,True,False,N/A,N/A,N/A,,,Pass,N/A,N/A,N/A,N/A,Confirmed,N/A,N/A,N/A,N/A,,,,,,,,INF,N/A,114500206.18,,
Ureidosuccinic_acid,11.24,Target Compound,20240709_QE2_HILIC_BCSCuAOXq2d_AYW1154_pool1xb,26,Processed,T1,pool1x,Unknown,,B:C8,,,13910129,132516041,11.34,0.10,C5H8N2O5,M-H,N/A,N/A,N/A,N/A,175.036,175.0362,1.0203 (ppm),0,0,N/A,Method,True,False,N/A,N/A,N/A,,,Pass,N/A,N/A,N/A,N/A,Confirmed,N/A,N/A,N/A,N/A,,,,,,,,INF,N/A,114500206.18,,
Ureidosuccinic_acid,11.24,Target Compound,20240709_QE2_HILIC_BCSCuAOXq2d_AYW1154_pool1xc,27,Processed,T1,pool1x,Unknown,,B:C8,,,11657588,112692097,11.33,0.09,C5H8N2O5,M-H,N/A,N/A,N/A,N/A,175.036,175.0363,1.9792 (ppm),0,0,N/A,Method,True,False,N/A,N/A,N/A,,,Pass,N/A,N/A,N/A,N/A,Confirmed,N/A,N/A,N/A,N/A,,,,,,,,INF,N/A,114500206.18,,
Ureidosuccinic_acid,11.24,Target Compound,20240709_QE2_HILIC_BCSCuAOXq2d_AYW1154_pool1xd,28,Processed,T1,pool1x,Unknown,,B:C8,,,8681690,85308630,11.32,0.08,C5H8N2O5,M-H,N/A,N/A,N/A,N/A,175.036,175.0363,1.5433 (ppm),0,0,N/A,Method,True,False,N/A,N/A,N/A,,,Pass,N/A,N/A,N/A,N/A,Confirmed,N/A,N/A,N/A,N/A,,,,,,,,INF,N/A,114500206.18,,
Ureidosuccinic_acid,11.24,Target Compound,20240709_QE2_HILIC_BCSCuAOXq2d_AYW1155_pool033xa,29,Processed,T1,pool033x,Unknown,,B:C9,,,12842792,125824465,11.3,0.06,C5H8N2O5,M-H,N/A,N/A,N/A,N/A,175.036,175.0362,1.2818 (ppm),0,0,N/A,Method,True,False,N/A,N/A,N/A,,,Pass,N/A,N/A,N/A,N/A,Confirmed,N/A,N/A,N/A,N/A,,,,,,,,INF,N/A,102953742.64,,
Ureidosuccinic_acid,11.24,Target Compound,20240709_QE2_HILIC_BCSCuAOXq2d_AYW1155_pool033xb,30,Processed,T1,pool033x,Unknown,,B:C9,,,12224329,117027062,11.33,0.09,C5H8N2O5,M-H,N/A,N/A,N/A,N/A,175.036,175.0362,1.1075 (ppm),0,0,N/A,Method,True,False,N/A,N/A,N/A,,,Pass,N/A,N/A,N/A,N/A,Confirmed,N/A,N/A,N/A,N/A,,,,,,,,INF,N/A,102953742.64,,
Ureidosuccinic_acid,11.24,Target Compound,20240709_QE2_HILIC_BCSCuAOXq2d_AYW1155_pool033xc,31,Processed,T1,pool033x,Unknown,,B:C9,,,10195285,95020234,11.32,0.08,C5H8N2O5,M-H,N/A,N/A,N/A,N/A,175.036,175.0364,2.1536 (ppm),0,0,N/A,Method,True,False,N/A,N/A,N/A,,,Pass,N/A,N/A,N/A,N/A,Confirmed,N/A,N/A,N/A,N/A,,,,,,,,INF,N/A,102953742.64,,
Ureidosuccinic_acid,11.24,Target Compound,20240709_QE2_HILIC_BCSCuAOXq2d_AYW1155_pool033xd,32,Processed,T1,pool033x,Unknown,,B:C9,,,7676232,73943209,11.29,0.05,C5H8N2O5,M-H,N/A,N/A,N/A,N/A,175.036,175.0363,1.8049 (ppm),0,0,N/A,Method,True,False,N/A,N/A,N/A,,,Pass,N/A,N/A,N/A,N/A,Confirmed,N/A,N/A,N/A,N/A,,,,,,,,INF,N/A,102953742.64,,
Ureidosuccinic_acid,11.24,Target Compound,20240709_QE2_HILIC_BCSCuAOXq2d_AYW1156_pool01xa,33,Processed,T1,pool01x,Unknown,,B:D1,,,4872098,47145089,11.31,0.07,C5H8N2O5,M-H,N/A,N/A,N/A,N/A,175.036,175.0363,1.5433 (ppm),0,0,N/A,Method,True,False,N/A,N/A,N/A,,,Pass,N/A,N/A,N/A,N/A,Confirmed,N/A,N/A,N/A,N/A,,,,,,,,INF,N/A,39508392.88,,
Ureidosuccinic_acid,11.24,Target Compound,20240709_QE2_HILIC_BCSCuAOXq2d_AYW1156_pool01xb,34,Processed,T1,pool01x,Unknown,,B:D1,,,5148079,46672526,11.29,0.05,C5H8N2O5,M-H,N/A,N/A,N/A,N/A,175.036,175.0362,1.3690 (ppm),0,0,N/A,Method,True,False,N/A,N/A,N/A,,,Pass,N/A,N/A,N/A,N/A,Confirmed,N/A,N/A,N/A,N/A,,,,,,,,INF,N/A,39508392.88,,
Ureidosuccinic_acid,11.24,Target Compound,20240709_QE2_HILIC_BCSCuAOXq2d_AYW1156_pool01xc,35,Processed,T1,pool01x,Unknown,,B:D1,,,4065704,37522835,11.3,0.06,C5H8N2O5,M-H,N/A,N/A,N/A,N/A,175.036,175.0364,2.1536 (ppm),0,0,N/A,Method,True,False,N/A,N/A,N/A,,,Pass,N/A,N/A,N/A,N/A,Confirmed,N/A,N/A,N/A,N/A,,,,,,,,INF,N/A,39508392.88,,
Ureidosuccinic_acid,11.24,Target Compound,20240709_QE2_HILIC_BCSCuAOXq2d_AYW1156_pool01xd,36,Processed,T1,pool01x,Unknown,,B:D1,,,2939577,26693121,11.3,0.06,C5H8N2O5,M-H,N/A,N/A,N/A,N/A,175.036,175.0363,1.4562 (ppm),0,0,N/A,Method,True,False,N/A,N/A,N/A,,,Pass,N/A,N/A,N/A,N/A,Confirmed,N/A,N/A,N/A,N/A,,,,,,,,INF,N/A,39508392.88,,
Ureidosuccinic_acid,11.24,Target Compound,20240709_QE2_HILIC_BCSCuAOXq2d_blank1,37,Processed,T1,,Unknown,,B:A1,,,N/F,N/F,N/F,N/F,C5H8N2O5,N/A,N/F,N/A,N/F,N/A,175.036,N/F,N/F,N/F,0,N/A,Method,True,False,N/A,N/A,N/A,,,Fail,N/A,N/A,N/A,N/A,NotFound,N/A,N/A,N/A,N/A,,,,,,,,N/A,N/A,1.00,,
Ureidosuccinic_acid,11.24,Target Compound,20240709_QE2_HILIC_BCSCuAOXq2d_blank1_20240710111342,38,Processed,T1,,Unknown,,B:A1,,,N/F,N/F,N/F,N/F,C5H8N2O5,N/A,N/F,N/A,N/F,N/A,175.036,N/F,N/F,N/F,0,N/A,Method,True,False,N/A,N/A,N/A,,,Fail,N/A,N/A,N/A,N/A,NotFound,N/A,N/A,N/A,N/A,,,,,,,,N/A,N/A,1.00,,
Ureidosuccinic_acid,11.24,Target Compound,20240709_QE2_HILIC_BCSCuAOXq2d_blank1_20240710231833,39,Processed,T1,,Unknown,,B:A1,,,N/F,N/F,N/F,N/F,C5H8N2O5,N/A,N/F,N/A,N/F,N/A,175.036,N/F,N/F,N/F,0,N/A,Method,True,False,N/A,N/A,N/A,,,Fail,N/A,N/A,N/A,N/A,NotFound,N/A,N/A,N/A,N/A,,,,,,,,N/A,N/A,1.00,,
Ureidosuccinic_acid,11.24,Target Compound,20240709_QE2_HILIC_BCSCuAOXq2d_blank2,40,Processed,T1,,Unknown,,B:A1,,,N/F,N/F,N/F,N/F,C5H8N2O5,N/A,N/F,N/A,N/F,N/A,175.036,N/F,N/F,N/F,0,N/A,Method,True,False,N/A,N/A,N/A,,,Fail,N/A,N/A,N/A,N/A,NotFound,N/A,N/A,N/A,N/A,,,,,,,,N/A,N/A,1.00,,
Ureidosuccinic_acid,11.24,Target Compound,20240709_QE2_HILIC_BCSCuAOXq2d_blank2_20240710115054,41,Processed,T1,,Unknown,,B:A1,,,N/F,N/F,N/F,N/F,C5H8N2O5,N/A,N/F,N/A,N/F,N/A,175.036,N/F,N/F,N/F,0,N/A,Method,True,False,N/A,N/A,N/A,,,Fail,N/A,N/A,N/A,N/A,NotFound,N/A,N/A,N/A,N/A,,,,,,,,N/A,N/A,1.00,,
Ureidosuccinic_acid,11.24,Target Compound,20240709_QE2_HILIC_BCSCuAOXq2d_blank2_20240710235116,42,Processed,T1,,Unknown,,B:A1,,,N/F,N/F,N/F,N/F,C5H8N2O5,N/A,N/F,N/A,N/F,N/A,175.036,N/F,N/F,N/F,0,N/A,Method,True,False,N/A,N/A,N/A,,,Fail,N/A,N/A,N/A,N/A,NotFound,N/A,N/A,N/A,N/A,,,,,,,,N/A,N/A,1.00,,
