﻿Compound,RT,Type,Filename,Batch Order,Status,Peak Label,Group,Sample Type,Level,Sample ID,Sample Name,Comments,Height,Area,Actual RT,RT Delta,Formula,Adduct,Calculated Amt,Theoretical Amt,Sample Amt,Std Add Amount,m/z (Expected),m/z (Apex),m/z (Delta),Response Ratio,ISTD Amt,ISTD Response,Integration Mode,Active,Excluded,%Diff,%RSD,% CV,Channel,Final Units,PK,IR,IP,LS,FI,Confirm,Isotopic Pattern Score (%),Num Isotopes Matched,Lib Match Name,Library Score (%),Library Match Rank,SI/Dot Product,RSI/Rev Dot,Modification,Protein Name,Peptide Sequence,Ion Type,S/N,Ion Ratio,Group Average,Relative RT,Flag Details
UMP,10.35,Target Compound,20240709_QE2_HILIC_BCSCuAOXq2d_AYW1130,1,Processed,T1,1V,Unknown,,B:A2,,,160366,1745222,10.17,-0.18,C9H13N2O9P,M-H,N/A,N/A,N/A,N/A,323.0286,323.029,1.2126 (ppm),0,0,N/A,Method,True,False,N/A,N/A,N/A,,,Pass,N/A,N/A,N/A,N/A,Confirmed,N/A,N/A,N/A,N/A,,,,,,,,INF,N/A,1638648.38,,
UMP,10.35,Target Compound,20240709_QE2_HILIC_BCSCuAOXq2d_AYW1131,2,Processed,T1,1V,Unknown,,B:A3,,,154560,1753311,10.18,-0.17,C9H13N2O9P,M-H,N/A,N/A,N/A,N/A,323.0286,323.029,1.1181 (ppm),0,0,N/A,Method,True,False,N/A,N/A,N/A,,,Pass,N/A,N/A,N/A,N/A,Confirmed,N/A,N/A,N/A,N/A,,,,,,,,INF,N/A,1638648.38,,
UMP,10.35,Target Compound,20240709_QE2_HILIC_BCSCuAOXq2d_AYW1132,3,Processed,T1,1V,Unknown,,B:A4,,,151071,1417412,10.18,-0.17,C9H13N2O9P,M-H,N/A,N/A,N/A,N/A,323.0286,323.0288,.7402 (ppm),0,0,N/A,Method,True,False,N/A,N/A,N/A,,,Pass,N/A,N/A,N/A,N/A,Confirmed,N/A,N/A,N/A,N/A,,,,,,,,INF,N/A,1638648.38,,
UMP,10.35,Target Compound,20240709_QE2_HILIC_BCSCuAOXq2d_AYW1133,4,Processed,T1,2B,Unknown,,B:A5,,,216915,2462663,10.17,-0.18,C9H13N2O9P,M-H,N/A,N/A,N/A,N/A,323.0286,323.0291,1.4960 (ppm),0,0,N/A,Method,True,False,N/A,N/A,N/A,,,Pass,N/A,N/A,N/A,N/A,Confirmed,N/A,N/A,N/A,N/A,,,,,,,,INF,N/A,3771183.28,,
UMP,10.35,Target Compound,20240709_QE2_HILIC_BCSCuAOXq2d_AYW1134,5,Processed,T1,2B,Unknown,,B:A6,,,465684,5567727,10.19,-0.16,C9H13N2O9P,M-H,N/A,N/A,N/A,N/A,323.0286,323.0294,2.3463 (ppm),0,0,N/A,Method,True,False,N/A,N/A,N/A,,,Pass,N/A,N/A,N/A,N/A,Confirmed,N/A,N/A,N/A,N/A,,,,,,,,INF,N/A,3771183.28,,
UMP,10.35,Target Compound,20240709_QE2_HILIC_BCSCuAOXq2d_AYW1135,6,Processed,T1,2B,Unknown,,B:A7,,,320235,3283160,10.19,-0.16,C9H13N2O9P,M-H,N/A,N/A,N/A,N/A,323.0286,323.029,1.2126 (ppm),0,0,N/A,Method,True,False,N/A,N/A,N/A,,,Pass,N/A,N/A,N/A,N/A,Confirmed,N/A,N/A,N/A,N/A,,,,,,,,INF,N/A,3771183.28,,
UMP,10.35,Target Compound,20240709_QE2_HILIC_BCSCuAOXq2d_AYW1136,7,Processed,T1,3C,Unknown,,B:A8,,,140265,1761579,10.18,-0.17,C9H13N2O9P,M-H,N/A,N/A,N/A,N/A,323.0286,323.0288,.7402 (ppm),0,0,N/A,Method,True,False,N/A,N/A,N/A,,,Pass,N/A,N/A,N/A,N/A,Confirmed,N/A,N/A,N/A,N/A,,,,,,,,INF,N/A,1419715.90,,
UMP,10.35,Target Compound,20240709_QE2_HILIC_BCSCuAOXq2d_AYW1137,8,Processed,T1,3C,Unknown,,B:A9,,,128304,1781591,10.17,-0.18,C9H13N2O9P,M-H,N/A,N/A,N/A,N/A,323.0286,323.0286,-.1100 (ppm),0,0,N/A,Method,True,False,N/A,N/A,N/A,,,Pass,N/A,N/A,N/A,N/A,Confirmed,N/A,N/A,N/A,N/A,,,,,,,,INF,N/A,1419715.90,,
UMP,10.35,Target Compound,20240709_QE2_HILIC_BCSCuAOXq2d_AYW1138,9,Processed,T1,3C,Unknown,,B:B1,,,69285,715978,10.17,-0.18,C9H13N2O9P,M-H,N/A,N/A,N/A,N/A,323.0286,323.0288,.7402 (ppm),0,0,N/A,Method,True,False,N/A,N/A,N/A,,,Pass,N/A,N/A,N/A,N/A,Confirmed,N/A,N/A,N/A,N/A,,,,,,,,INF,N/A,1419715.90,,
UMP,10.35,Target Compound,20240709_QE2_HILIC_BCSCuAOXq2d_AYW1139,10,Processed,T1,4BC,Unknown,,B:B2,,,137896,1414988,10.18,-0.17,C9H13N2O9P,M-H,N/A,N/A,N/A,N/A,323.0286,323.0281,-1.6216 (ppm),0,0,N/A,Method,True,False,N/A,N/A,N/A,,,Pass,N/A,N/A,N/A,N/A,Confirmed,N/A,N/A,N/A,N/A,,,,,,,,INF,N/A,1141633.81,N/A,
UMP,10.35,Target Compound,20240709_QE2_HILIC_BCSCuAOXq2d_AYW1140,11,Processed,T1,4BC,Unknown,,B:B3,,,84971,909987,10.16,-0.19,C9H13N2O9P,M-H,N/A,N/A,N/A,N/A,323.0286,323.0287,.2679 (ppm),0,0,N/A,Method,True,False,N/A,N/A,N/A,,,Pass,N/A,N/A,N/A,N/A,Confirmed,N/A,N/A,N/A,N/A,,,,,,,,INF,N/A,1141633.81,,
UMP,10.35,Target Compound,20240709_QE2_HILIC_BCSCuAOXq2d_AYW1141,12,Processed,T1,4BC,Unknown,,B:B4,,,117554,1099927,10.2,-0.15,C9H13N2O9P,M-H,N/A,N/A,N/A,N/A,323.0286,323.0288,.6457 (ppm),0,0,N/A,Method,True,False,N/A,N/A,N/A,,,Pass,N/A,N/A,N/A,N/A,Confirmed,N/A,N/A,N/A,N/A,,,,,,,,INF,N/A,1141633.81,,
UMP,10.35,Target Compound,20240709_QE2_HILIC_BCSCuAOXq2d_AYW1142,13,Processed,T1,5RV,Unknown,,B:B5,,,126328,1369045,10.15,-0.20,C9H13N2O9P,M-H,N/A,N/A,N/A,N/A,323.0286,323.0294,2.5352 (ppm),0,0,N/A,Method,True,False,N/A,N/A,N/A,,,Pass,N/A,N/A,N/A,N/A,Confirmed,N/A,N/A,N/A,N/A,,,,,,,,INF,N/A,1087295.27,N/A,
UMP,10.35,Target Compound,20240709_QE2_HILIC_BCSCuAOXq2d_AYW1143,14,Processed,T1,5RV,Unknown,,B:B6,,,113589,1352534,10.2,-0.15,C9H13N2O9P,M-H,N/A,N/A,N/A,N/A,323.0286,323.0291,1.6850 (ppm),0,0,N/A,Method,True,False,N/A,N/A,N/A,,,Pass,N/A,N/A,N/A,N/A,Confirmed,N/A,N/A,N/A,N/A,,,,,,,,INF,N/A,1087295.27,,
UMP,10.35,Target Compound,20240709_QE2_HILIC_BCSCuAOXq2d_AYW1144,15,Processed,T1,5RV,Unknown,,B:B7,,,55113,540307,10.21,-0.14,C9H13N2O9P,M-H,N/A,N/A,N/A,N/A,323.0286,323.0292,1.7794 (ppm),0,0,N/A,Method,True,False,N/A,N/A,N/A,,,Pass,N/A,N/A,N/A,N/A,Confirmed,N/A,N/A,N/A,N/A,,,,,,,,INF,N/A,1087295.27,,
UMP,10.35,Target Compound,20240709_QE2_HILIC_BCSCuAOXq2d_AYW1145,16,Processed,T1,6RB,Unknown,,B:B8,,,212132,2384182,10.18,-0.17,C9H13N2O9P,M-H,N/A,N/A,N/A,N/A,323.0286,323.029,1.3071 (ppm),0,0,N/A,Method,True,False,N/A,N/A,N/A,,,Pass,N/A,N/A,N/A,N/A,Confirmed,N/A,N/A,N/A,N/A,,,,,,,,INF,N/A,1797163.71,,
UMP,10.35,Target Compound,20240709_QE2_HILIC_BCSCuAOXq2d_AYW1146,17,Processed,T1,6RB,Unknown,,B:B9,,,147750,1477315,10.2,-0.15,C9H13N2O9P,M-H,N/A,N/A,N/A,N/A,323.0286,323.0289,.9292 (ppm),0,0,N/A,Method,True,False,N/A,N/A,N/A,,,Pass,N/A,N/A,N/A,N/A,Confirmed,N/A,N/A,N/A,N/A,,,,,,,,INF,N/A,1797163.71,,
UMP,10.35,Target Compound,20240709_QE2_HILIC_BCSCuAOXq2d_AYW1147,18,Processed,T1,6RB,Unknown,,B:C1,,,145836,1529994,10.2,-0.15,C9H13N2O9P,M-H,N/A,N/A,N/A,N/A,323.0286,323.0291,1.5905 (ppm),0,0,N/A,Method,True,False,N/A,N/A,N/A,,,Pass,N/A,N/A,N/A,N/A,Confirmed,N/A,N/A,N/A,N/A,,,,,,,,INF,N/A,1797163.71,,
UMP,10.35,Target Compound,20240709_QE2_HILIC_BCSCuAOXq2d_AYW1148,19,Processed,T1,7RV,Unknown,,B:C2,,,76488,632471,10.19,-0.16,C9H13N2O9P,M-H,N/A,N/A,N/A,N/A,323.0286,323.0291,1.6850 (ppm),0,0,N/A,Method,True,False,N/A,N/A,N/A,,,Pass,N/A,N/A,N/A,N/A,Confirmed,N/A,N/A,N/A,N/A,,,,,,,,INF,N/A,793548.08,,
UMP,10.35,Target Compound,20240709_QE2_HILIC_BCSCuAOXq2d_AYW1149,20,Processed,T1,7RV,Unknown,,B:C3,,,101021,934375,10.19,-0.16,C9H13N2O9P,M-H,N/A,N/A,N/A,N/A,323.0286,323.0292,1.9684 (ppm),0,0,N/A,Method,True,False,N/A,N/A,N/A,,,Pass,N/A,N/A,N/A,N/A,Confirmed,N/A,N/A,N/A,N/A,,,,,,,,INF,N/A,793548.08,,
UMP,10.35,Target Compound,20240709_QE2_HILIC_BCSCuAOXq2d_AYW1150,21,Processed,T1,7RV,Unknown,,B:C4,,,75113,813799,10.16,-0.19,C9H13N2O9P,M-H,N/A,N/A,N/A,N/A,323.0286,323.0291,1.4960 (ppm),0,0,N/A,Method,True,False,N/A,N/A,N/A,,,Pass,N/A,N/A,N/A,N/A,Confirmed,N/A,N/A,N/A,N/A,,,,,,,,INF,N/A,793548.08,,
UMP,10.35,Target Compound,20240709_QE2_HILIC_BCSCuAOXq2d_AYW1151,22,Processed,T1,8RB,Unknown,,B:C5,,,113846,1126360,10.19,-0.16,C9H13N2O9P,M-H,N/A,N/A,N/A,N/A,323.0286,323.0292,1.9684 (ppm),0,0,N/A,Method,True,False,N/A,N/A,N/A,,,Pass,N/A,N/A,N/A,N/A,Confirmed,N/A,N/A,N/A,N/A,,,,,,,,INF,N/A,1005051.23,,
UMP,10.35,Target Compound,20240709_QE2_HILIC_BCSCuAOXq2d_AYW1152,23,Processed,T1,8RB,Unknown,,B:C6,,,99661,915688,10.2,-0.15,C9H13N2O9P,M-H,N/A,N/A,N/A,N/A,323.0286,323.0293,2.0628 (ppm),0,0,N/A,Method,True,False,N/A,N/A,N/A,,,Pass,N/A,N/A,N/A,N/A,Confirmed,N/A,N/A,N/A,N/A,,,,,,,,INF,N/A,1005051.23,,
UMP,10.35,Target Compound,20240709_QE2_HILIC_BCSCuAOXq2d_AYW1153,24,Processed,T1,8RB,Unknown,,B:C7,,,96585,973105,10.17,-0.18,C9H13N2O9P,M-H,N/A,N/A,N/A,N/A,323.0286,323.0292,1.7794 (ppm),0,0,N/A,Method,True,False,N/A,N/A,N/A,,,Pass,N/A,N/A,N/A,N/A,Confirmed,N/A,N/A,N/A,N/A,,,,,,,,INF,N/A,1005051.23,,
UMP,10.35,Target Compound,20240709_QE2_HILIC_BCSCuAOXq2d_AYW1154_pool1xa,25,Processed,T1,pool1x,Unknown,,B:C8,,,203767,1839207,10.2,-0.15,C9H13N2O9P,M-H,N/A,N/A,N/A,N/A,323.0286,323.029,1.1181 (ppm),0,0,N/A,Method,True,False,N/A,N/A,N/A,,,Pass,N/A,N/A,N/A,N/A,Confirmed,N/A,N/A,N/A,N/A,,,,,,,,INF,N/A,1886699.15,,
UMP,10.35,Target Compound,20240709_QE2_HILIC_BCSCuAOXq2d_AYW1154_pool1xb,26,Processed,T1,pool1x,Unknown,,B:C8,,,167405,1943495,10.19,-0.16,C9H13N2O9P,M-H,N/A,N/A,N/A,N/A,323.0286,323.029,1.2126 (ppm),0,0,N/A,Method,True,False,N/A,N/A,N/A,,,Pass,N/A,N/A,N/A,N/A,Confirmed,N/A,N/A,N/A,N/A,,,,,,,,INF,N/A,1886699.15,,
UMP,10.35,Target Compound,20240709_QE2_HILIC_BCSCuAOXq2d_AYW1154_pool1xc,27,Processed,T1,pool1x,Unknown,,B:C8,,,166590,1897099,10.21,-0.14,C9H13N2O9P,M-H,N/A,N/A,N/A,N/A,323.0286,323.0292,1.9684 (ppm),0,0,N/A,Method,True,False,N/A,N/A,N/A,,,Pass,N/A,N/A,N/A,N/A,Confirmed,N/A,N/A,N/A,N/A,,,,,,,,INF,N/A,1886699.15,,
UMP,10.35,Target Compound,20240709_QE2_HILIC_BCSCuAOXq2d_AYW1154_pool1xd,28,Processed,T1,pool1x,Unknown,,B:C8,,,163653,1866996,10.17,-0.18,C9H13N2O9P,M-H,N/A,N/A,N/A,N/A,323.0286,323.0288,.5513 (ppm),0,0,N/A,Method,True,False,N/A,N/A,N/A,,,Pass,N/A,N/A,N/A,N/A,Confirmed,N/A,N/A,N/A,N/A,,,,,,,,INF,N/A,1886699.15,,
UMP,10.35,Target Compound,20240709_QE2_HILIC_BCSCuAOXq2d_AYW1155_pool033xa,29,Processed,T1,pool033x,Unknown,,B:C9,,,83991,934421,10.15,-0.20,C9H13N2O9P,M-H,N/A,N/A,N/A,N/A,323.0286,323.0293,2.0628 (ppm),0,0,N/A,Method,True,False,N/A,N/A,N/A,,,Pass,N/A,N/A,N/A,N/A,Confirmed,N/A,N/A,N/A,N/A,,,,,,,,INF,N/A,724336.33,,
UMP,10.35,Target Compound,20240709_QE2_HILIC_BCSCuAOXq2d_AYW1155_pool033xb,30,Processed,T1,pool033x,Unknown,,B:C9,,,66467,703921,10.17,-0.18,C9H13N2O9P,M-H,N/A,N/A,N/A,N/A,323.0286,323.0294,2.6297 (ppm),0,0,N/A,Method,True,False,N/A,N/A,N/A,,,Pass,N/A,N/A,N/A,N/A,Confirmed,N/A,N/A,N/A,N/A,,,,,,,,INF,N/A,724336.33,,
UMP,10.35,Target Compound,20240709_QE2_HILIC_BCSCuAOXq2d_AYW1155_pool033xc,31,Processed,T1,pool033x,Unknown,,B:C9,,,59984,557687,10.16,-0.19,C9H13N2O9P,M-H,N/A,N/A,N/A,N/A,323.0286,323.0294,2.4407 (ppm),0,0,N/A,Method,True,False,N/A,N/A,N/A,,,Pass,N/A,N/A,N/A,N/A,Confirmed,N/A,N/A,N/A,N/A,,,,,,,,INF,N/A,724336.33,,
UMP,10.35,Target Compound,20240709_QE2_HILIC_BCSCuAOXq2d_AYW1155_pool033xd,32,Processed,T1,pool033x,Unknown,,B:C9,,,66613,701317,10.15,-0.20,C9H13N2O9P,M-H,N/A,N/A,N/A,N/A,323.0286,323.0291,1.4015 (ppm),0,0,N/A,Method,True,False,N/A,N/A,N/A,,,Pass,N/A,N/A,N/A,N/A,Confirmed,N/A,N/A,N/A,N/A,,,,,,,,INF,N/A,724336.33,,
UMP,10.35,Target Compound,20240709_QE2_HILIC_BCSCuAOXq2d_AYW1156_pool01xa,33,Processed,T1,pool01x,Unknown,,B:D1,,,45545,487846,10.15,-0.20,C9H13N2O9P,M-H,N/A,N/A,N/A,N/A,323.0286,323.0291,1.5905 (ppm),0,0,N/A,Method,True,False,N/A,N/A,N/A,,,Pass,N/A,N/A,N/A,N/A,Confirmed,N/A,N/A,N/A,N/A,,,,,,,,INF,N/A,236960.33,,
UMP,10.35,Target Compound,20240709_QE2_HILIC_BCSCuAOXq2d_AYW1156_pool01xb,34,Processed,T1,pool01x,Unknown,,B:D1,,,24689,170487,10.18,-0.17,C9H13N2O9P,M-H,N/A,N/A,N/A,N/A,323.0286,323.0286,-.0156 (ppm),0,0,N/A,Method,True,False,N/A,N/A,N/A,,,Pass,N/A,N/A,N/A,N/A,Confirmed,N/A,N/A,N/A,N/A,,,,,,,,INF,N/A,236960.33,,
UMP,10.35,Target Compound,20240709_QE2_HILIC_BCSCuAOXq2d_AYW1156_pool01xc,35,Processed,T1,pool01x,Unknown,,B:D1,,,18750,167721,10.18,-0.17,C9H13N2O9P,M-H,N/A,N/A,N/A,N/A,323.0286,323.0297,3.4799 (ppm),0,0,N/A,Method,True,False,N/A,N/A,N/A,,,Pass,N/A,N/A,N/A,N/A,Confirmed,N/A,N/A,N/A,N/A,,,,,,,,INF,N/A,236960.33,,
UMP,10.35,Target Compound,20240709_QE2_HILIC_BCSCuAOXq2d_AYW1156_pool01xd,36,Processed,T1,pool01x,Unknown,,B:D1,,,24604,121788,10.16,-0.19,C9H13N2O9P,M-H,N/A,N/A,N/A,N/A,323.0286,323.0291,1.4960 (ppm),0,0,N/A,Method,True,False,N/A,N/A,N/A,,,Pass,N/A,N/A,N/A,N/A,Confirmed,N/A,N/A,N/A,N/A,,,,,,,,INF,N/A,236960.33,,
UMP,10.35,Target Compound,20240709_QE2_HILIC_BCSCuAOXq2d_blank1,37,Processed,T1,,Unknown,,B:A1,,,43663,478407,10.39,0.04,C9H13N2O9P,M-H,N/A,N/A,N/A,N/A,323.0286,323.0286,.0789 (ppm),0,0,N/A,Method,True,False,N/A,N/A,N/A,,,Pass,N/A,N/A,N/A,N/A,Confirmed,N/A,N/A,N/A,N/A,,,,,,,,INF,N/A,590640.11,,
UMP,10.35,Target Compound,20240709_QE2_HILIC_BCSCuAOXq2d_blank1_20240710111342,38,Processed,T1,,Unknown,,B:A1,,,91447,1622731,10.08,-0.27,C9H13N2O9P,M-H,N/A,N/A,N/A,N/A,323.0286,323.0292,1.8739 (ppm),0,0,N/A,Method,True,False,N/A,N/A,N/A,,,Pass,N/A,N/A,N/A,N/A,Confirmed,N/A,N/A,N/A,N/A,,,,,,,,INF,N/A,590640.11,,
UMP,10.35,Target Compound,20240709_QE2_HILIC_BCSCuAOXq2d_blank1_20240710231833,39,Processed,T1,,Unknown,,B:A1,,,24787,178829,10.16,-0.19,C9H13N2O9P,M-H,N/A,N/A,N/A,N/A,323.0286,323.0288,.6457 (ppm),0,0,N/A,Method,True,False,N/A,N/A,N/A,,,Pass,N/A,N/A,N/A,N/A,Confirmed,N/A,N/A,N/A,N/A,,,,,,,,INF,N/A,590640.11,,
UMP,10.35,Target Compound,20240709_QE2_HILIC_BCSCuAOXq2d_blank2,40,Processed,T1,,Unknown,,B:A1,,,63273,574593,10.16,-0.19,C9H13N2O9P,M-H,N/A,N/A,N/A,N/A,323.0286,323.029,1.2126 (ppm),0,0,N/A,Method,True,False,N/A,N/A,N/A,,,Pass,N/A,N/A,N/A,N/A,Confirmed,N/A,N/A,N/A,N/A,,,,,,,,INF,N/A,590640.11,,
UMP,10.35,Target Compound,20240709_QE2_HILIC_BCSCuAOXq2d_blank2_20240710115054,41,Processed,T1,,Unknown,,B:A1,,,40932,373944,10.18,-0.17,C9H13N2O9P,M-H,N/A,N/A,N/A,N/A,323.0286,323.029,1.1181 (ppm),0,0,N/A,Method,True,False,N/A,N/A,N/A,,,Pass,N/A,N/A,N/A,N/A,Confirmed,N/A,N/A,N/A,N/A,,,,,,,,INF,N/A,590640.11,,
UMP,10.35,Target Compound,20240709_QE2_HILIC_BCSCuAOXq2d_blank2_20240710235116,42,Processed,T1,,Unknown,,B:A1,,,29392,315336,10.19,-0.16,C9H13N2O9P,M-H,N/A,N/A,N/A,N/A,323.0286,323.03,4.2357 (ppm),0,0,N/A,Method,True,False,N/A,N/A,N/A,,,Pass,N/A,N/A,N/A,N/A,Confirmed,N/A,N/A,N/A,N/A,,,,,,,,INF,N/A,590640.11,,
