﻿Compound,RT,Type,Filename,Batch Order,Status,Peak Label,Group,Sample Type,Level,Sample ID,Sample Name,Comments,Height,Area,Actual RT,RT Delta,Formula,Adduct,Calculated Amt,Theoretical Amt,Sample Amt,Std Add Amount,m/z (Expected),m/z (Apex),m/z (Delta),Response Ratio,ISTD Amt,ISTD Response,Integration Mode,Active,Excluded,%Diff,%RSD,% CV,Channel,Final Units,PK,IR,IP,LS,FI,Confirm,Isotopic Pattern Score (%),Num Isotopes Matched,Lib Match Name,Library Score (%),Library Match Rank,SI/Dot Product,RSI/Rev Dot,Modification,Protein Name,Peptide Sequence,Ion Type,S/N,Ion Ratio,Group Average,Relative RT,Flag Details
lysine,13.89,Target Compound,20240709_QE2_HILIC_BCSCuAOXq2d_AYW1130,1,Processed,T1,1V,Unknown,,B:A2,,,1704722,31150774,13.87,-0.02,C6H14N2O2,M+H,N/A,N/A,N/A,N/A,147.1128,147.1129,.6783 (ppm),0,0,N/A,Method,True,False,N/A,N/A,N/A,,,Pass,N/A,N/A,N/A,N/A,Confirmed,N/A,N/A,N/A,N/A,,,,,,,,321.80,N/A,29244550.05,,
lysine,13.89,Target Compound,20240709_QE2_HILIC_BCSCuAOXq2d_AYW1131,2,Processed,T1,1V,Unknown,,B:A3,,,1510288,28217259,13.86,-0.03,C6H14N2O2,M+H,N/A,N/A,N/A,N/A,147.1128,147.1129,.4708 (ppm),0,0,N/A,Method,True,False,N/A,N/A,N/A,,,Pass,N/A,N/A,N/A,N/A,Confirmed,N/A,N/A,N/A,N/A,,,,,,,,288.44,N/A,29244550.05,,
lysine,13.89,Target Compound,20240709_QE2_HILIC_BCSCuAOXq2d_AYW1132,3,Processed,T1,1V,Unknown,,B:A4,,,1500159,28365618,13.86,-0.03,C6H14N2O2,M+H,N/A,N/A,N/A,N/A,147.1128,147.1129,.6783 (ppm),0,0,N/A,Method,True,False,N/A,N/A,N/A,,,Pass,N/A,N/A,N/A,N/A,Confirmed,N/A,N/A,N/A,N/A,,,,,,,,449.17,N/A,29244550.05,,
lysine,13.89,Target Compound,20240709_QE2_HILIC_BCSCuAOXq2d_AYW1133,4,Processed,T1,2B,Unknown,,B:A5,,,1999931,38563802,13.83,-0.06,C6H14N2O2,M+H,N/A,N/A,N/A,N/A,147.1128,147.1129,.6783 (ppm),0,0,N/A,Method,True,False,N/A,N/A,N/A,,,Pass,N/A,N/A,N/A,N/A,Confirmed,N/A,N/A,N/A,N/A,,,,,,,,8077.83,N/A,48196831.05,,
lysine,13.89,Target Compound,20240709_QE2_HILIC_BCSCuAOXq2d_AYW1134,5,Processed,T1,2B,Unknown,,B:A6,,,3006430,58620028,13.87,-0.02,C6H14N2O2,M+H,N/A,N/A,N/A,N/A,147.1128,147.1129,.3671 (ppm),0,0,N/A,Method,True,False,N/A,N/A,N/A,,,Pass,N/A,N/A,N/A,N/A,Confirmed,N/A,N/A,N/A,N/A,,,,,,,,348.61,N/A,48196831.05,,
lysine,13.89,Target Compound,20240709_QE2_HILIC_BCSCuAOXq2d_AYW1135,6,Processed,T1,2B,Unknown,,B:A7,,,2471568,47406664,13.84,-0.05,C6H14N2O2,M+H,N/A,N/A,N/A,N/A,147.1128,147.1129,.6783 (ppm),0,0,N/A,Method,True,False,N/A,N/A,N/A,,,Pass,N/A,N/A,N/A,N/A,Confirmed,N/A,N/A,N/A,N/A,,,,,,,,424.03,N/A,48196831.05,,
lysine,13.89,Target Compound,20240709_QE2_HILIC_BCSCuAOXq2d_AYW1136,7,Processed,T1,3C,Unknown,,B:A8,,,2287447,41409034,13.83,-0.06,C6H14N2O2,M+H,N/A,N/A,N/A,N/A,147.1128,147.1129,.6783 (ppm),0,0,N/A,Method,True,False,N/A,N/A,N/A,,,Pass,N/A,N/A,N/A,N/A,Confirmed,N/A,N/A,N/A,N/A,,,,,,,,346.72,N/A,33307357.80,,
lysine,13.89,Target Compound,20240709_QE2_HILIC_BCSCuAOXq2d_AYW1137,8,Processed,T1,3C,Unknown,,B:A9,,,2159794,39624718,13.87,-0.02,C6H14N2O2,M+H,N/A,N/A,N/A,N/A,147.1128,147.1129,.3671 (ppm),0,0,N/A,Method,True,False,N/A,N/A,N/A,,,Pass,N/A,N/A,N/A,N/A,Confirmed,N/A,N/A,N/A,N/A,,,,,,,,349.71,N/A,33307357.80,,
lysine,13.89,Target Compound,20240709_QE2_HILIC_BCSCuAOXq2d_AYW1138,9,Processed,T1,3C,Unknown,,B:B1,,,999501,18888321,13.83,-0.06,C6H14N2O2,M+H,N/A,N/A,N/A,N/A,147.1128,147.1129,.6783 (ppm),0,0,N/A,Method,True,False,N/A,N/A,N/A,,,Pass,N/A,N/A,N/A,N/A,Confirmed,N/A,N/A,N/A,N/A,,,,,,,,235.27,N/A,33307357.80,,
lysine,13.89,Target Compound,20240709_QE2_HILIC_BCSCuAOXq2d_AYW1139,10,Processed,T1,4BC,Unknown,,B:B2,,,1787087,34038820,13.88,-0.01,C6H14N2O2,M+H,N/A,N/A,N/A,N/A,147.1128,147.1129,.9894 (ppm),0,0,N/A,Method,True,False,N/A,N/A,N/A,,,Pass,N/A,N/A,N/A,N/A,Confirmed,N/A,N/A,N/A,N/A,,,,,,,,616.21,N/A,31171619.52,N/A,
lysine,13.89,Target Compound,20240709_QE2_HILIC_BCSCuAOXq2d_AYW1140,11,Processed,T1,4BC,Unknown,,B:B3,,,1479042,27261228,13.88,-0.01,C6H14N2O2,M+H,N/A,N/A,N/A,N/A,147.1128,147.1128,-.0478 (ppm),0,0,N/A,Method,True,False,N/A,N/A,N/A,,,Pass,N/A,N/A,N/A,N/A,Confirmed,N/A,N/A,N/A,N/A,,,,,,,,309.91,N/A,31171619.52,,
lysine,13.89,Target Compound,20240709_QE2_HILIC_BCSCuAOXq2d_AYW1141,12,Processed,T1,4BC,Unknown,,B:B4,,,1844379,32214811,13.85,-0.04,C6H14N2O2,M+H,N/A,N/A,N/A,N/A,147.1128,147.1129,.5745 (ppm),0,0,N/A,Method,True,False,N/A,N/A,N/A,,,Pass,N/A,N/A,N/A,N/A,Confirmed,N/A,N/A,N/A,N/A,,,,,,,,315.29,N/A,31171619.52,,
lysine,13.89,Target Compound,20240709_QE2_HILIC_BCSCuAOXq2d_AYW1142,13,Processed,T1,5RV,Unknown,,B:B5,,,1872764,35033410,13.86,-0.03,C6H14N2O2,M+H,N/A,N/A,N/A,N/A,147.1128,147.1129,.8857 (ppm),0,0,N/A,Method,True,False,N/A,N/A,N/A,,,Pass,N/A,N/A,N/A,N/A,Confirmed,N/A,N/A,N/A,N/A,,,,,,,,281.21,N/A,36663412.71,N/A,
lysine,13.89,Target Compound,20240709_QE2_HILIC_BCSCuAOXq2d_AYW1143,14,Processed,T1,5RV,Unknown,,B:B6,,,2064567,38632950,13.86,-0.03,C6H14N2O2,M+H,N/A,N/A,N/A,N/A,147.1128,147.1129,.5745 (ppm),0,0,N/A,Method,True,False,N/A,N/A,N/A,,,Pass,N/A,N/A,N/A,N/A,Confirmed,N/A,N/A,N/A,N/A,,,,,,,,237.55,N/A,36663412.71,,
lysine,13.89,Target Compound,20240709_QE2_HILIC_BCSCuAOXq2d_AYW1144,15,Processed,T1,5RV,Unknown,,B:B7,,,2038604,36323878,13.84,-0.05,C6H14N2O2,M+H,N/A,N/A,N/A,N/A,147.1128,147.1129,.7820 (ppm),0,0,N/A,Method,True,False,N/A,N/A,N/A,,,Pass,N/A,N/A,N/A,N/A,Confirmed,N/A,N/A,N/A,N/A,,,,,,,,INF,N/A,36663412.71,,
lysine,13.89,Target Compound,20240709_QE2_HILIC_BCSCuAOXq2d_AYW1145,16,Processed,T1,6RB,Unknown,,B:B8,,,1770657,33477170,13.85,-0.04,C6H14N2O2,M+H,N/A,N/A,N/A,N/A,147.1128,147.113,1.3006 (ppm),0,0,N/A,Method,True,False,N/A,N/A,N/A,,,Pass,N/A,N/A,N/A,N/A,Confirmed,N/A,N/A,N/A,N/A,,,,,,,,519.86,N/A,29884960.37,,
lysine,13.89,Target Compound,20240709_QE2_HILIC_BCSCuAOXq2d_AYW1146,17,Processed,T1,6RB,Unknown,,B:B9,,,1356719,24855021,13.86,-0.03,C6H14N2O2,M+H,N/A,N/A,N/A,N/A,147.1128,147.1129,.6783 (ppm),0,0,N/A,Method,True,False,N/A,N/A,N/A,,,Pass,N/A,N/A,N/A,N/A,Confirmed,N/A,N/A,N/A,N/A,,,,,,,,494.59,N/A,29884960.37,,
lysine,13.89,Target Compound,20240709_QE2_HILIC_BCSCuAOXq2d_AYW1147,18,Processed,T1,6RB,Unknown,,B:C1,,,1728141,31322690,13.88,-0.01,C6H14N2O2,M+H,N/A,N/A,N/A,N/A,147.1128,147.1129,.7820 (ppm),0,0,N/A,Method,True,False,N/A,N/A,N/A,,,Pass,N/A,N/A,N/A,N/A,Confirmed,N/A,N/A,N/A,N/A,,,,,,,,450.70,N/A,29884960.37,,
lysine,13.89,Target Compound,20240709_QE2_HILIC_BCSCuAOXq2d_AYW1148,19,Processed,T1,7RV,Unknown,,B:C2,,,1679457,28812000,13.86,-0.03,C6H14N2O2,M+H,N/A,N/A,N/A,N/A,147.1128,147.1128,.0559 (ppm),0,0,N/A,Method,True,False,N/A,N/A,N/A,,,Pass,N/A,N/A,N/A,N/A,Confirmed,N/A,N/A,N/A,N/A,,,,,,,,1895.66,N/A,32025171.80,,
lysine,13.89,Target Compound,20240709_QE2_HILIC_BCSCuAOXq2d_AYW1149,20,Processed,T1,7RV,Unknown,,B:C3,,,1892622,34945158,13.88,-0.01,C6H14N2O2,M+H,N/A,N/A,N/A,N/A,147.1128,147.1128,.2634 (ppm),0,0,N/A,Method,True,False,N/A,N/A,N/A,,,Pass,N/A,N/A,N/A,N/A,Confirmed,N/A,N/A,N/A,N/A,,,,,,,,500.73,N/A,32025171.80,,
lysine,13.89,Target Compound,20240709_QE2_HILIC_BCSCuAOXq2d_AYW1150,21,Processed,T1,7RV,Unknown,,B:C4,,,1811656,32318357,13.84,-0.05,C6H14N2O2,M+H,N/A,N/A,N/A,N/A,147.1128,147.1129,.6783 (ppm),0,0,N/A,Method,True,False,N/A,N/A,N/A,,,Pass,N/A,N/A,N/A,N/A,Confirmed,N/A,N/A,N/A,N/A,,,,,,,,169.72,N/A,32025171.80,,
lysine,13.89,Target Compound,20240709_QE2_HILIC_BCSCuAOXq2d_AYW1151,22,Processed,T1,8RB,Unknown,,B:C5,,,2807811,53484660,13.83,-0.06,C6H14N2O2,M+H,N/A,N/A,N/A,N/A,147.1128,147.1129,.8857 (ppm),0,0,N/A,Method,True,False,N/A,N/A,N/A,,,Pass,N/A,N/A,N/A,N/A,Confirmed,N/A,N/A,N/A,N/A,,,,,,,,503.74,N/A,41056267.22,,
lysine,13.89,Target Compound,20240709_QE2_HILIC_BCSCuAOXq2d_AYW1152,23,Processed,T1,8RB,Unknown,,B:C6,,,1511750,29044527,13.87,-0.02,C6H14N2O2,M+H,N/A,N/A,N/A,N/A,147.1128,147.1129,.4708 (ppm),0,0,N/A,Method,True,False,N/A,N/A,N/A,,,Pass,N/A,N/A,N/A,N/A,Confirmed,N/A,N/A,N/A,N/A,,,,,,,,6498.46,N/A,41056267.22,,
lysine,13.89,Target Compound,20240709_QE2_HILIC_BCSCuAOXq2d_AYW1153,24,Processed,T1,8RB,Unknown,,B:C7,,,2168604,40639615,13.87,-0.02,C6H14N2O2,M+H,N/A,N/A,N/A,N/A,147.1128,147.1129,.6783 (ppm),0,0,N/A,Method,True,False,N/A,N/A,N/A,,,Pass,N/A,N/A,N/A,N/A,Confirmed,N/A,N/A,N/A,N/A,,,,,,,,338.82,N/A,41056267.22,,
lysine,13.89,Target Compound,20240709_QE2_HILIC_BCSCuAOXq2d_AYW1154_pool1xa,25,Processed,T1,pool1x,Unknown,,B:C8,,,1867279,34169568,13.83,-0.06,C6H14N2O2,M+H,N/A,N/A,N/A,N/A,147.1128,147.1129,.8857 (ppm),0,0,N/A,Method,True,False,N/A,N/A,N/A,,,Pass,N/A,N/A,N/A,N/A,Confirmed,N/A,N/A,N/A,N/A,,,,,,,,415.52,N/A,35322967.80,,
lysine,13.89,Target Compound,20240709_QE2_HILIC_BCSCuAOXq2d_AYW1154_pool1xb,26,Processed,T1,pool1x,Unknown,,B:C8,,,2395339,41832950,13.87,-0.02,C6H14N2O2,M+H,N/A,N/A,N/A,N/A,147.1128,147.1128,-.2552 (ppm),0,0,N/A,Method,True,False,N/A,N/A,N/A,,,Pass,N/A,N/A,N/A,N/A,Confirmed,N/A,N/A,N/A,N/A,,,,,,,,423.27,N/A,35322967.80,,
lysine,13.89,Target Compound,20240709_QE2_HILIC_BCSCuAOXq2d_AYW1154_pool1xc,27,Processed,T1,pool1x,Unknown,,B:C8,,,1904979,34631241,13.84,-0.05,C6H14N2O2,M+H,N/A,N/A,N/A,N/A,147.1128,147.1129,.9894 (ppm),0,0,N/A,Method,True,False,N/A,N/A,N/A,,,Pass,N/A,N/A,N/A,N/A,Confirmed,N/A,N/A,N/A,N/A,,,,,,,,378.49,N/A,35322967.80,,
lysine,13.89,Target Compound,20240709_QE2_HILIC_BCSCuAOXq2d_AYW1154_pool1xd,28,Processed,T1,pool1x,Unknown,,B:C8,,,1675525,30658112,13.9,0.01,C6H14N2O2,M+H,N/A,N/A,N/A,N/A,147.1128,147.1129,.4708 (ppm),0,0,N/A,Method,True,False,N/A,N/A,N/A,,,Pass,N/A,N/A,N/A,N/A,Confirmed,N/A,N/A,N/A,N/A,,,,,,,,703.74,N/A,35322967.80,,
lysine,13.89,Target Compound,20240709_QE2_HILIC_BCSCuAOXq2d_AYW1155_pool033xa,29,Processed,T1,pool033x,Unknown,,B:C9,,,656310,12612781,13.92,0.03,C6H14N2O2,M+H,N/A,N/A,N/A,N/A,147.1128,147.1129,.5745 (ppm),0,0,N/A,Method,True,False,N/A,N/A,N/A,,,Pass,N/A,N/A,N/A,N/A,Confirmed,N/A,N/A,N/A,N/A,,,,,,,,116.49,N/A,12460231.35,,
lysine,13.89,Target Compound,20240709_QE2_HILIC_BCSCuAOXq2d_AYW1155_pool033xb,30,Processed,T1,pool033x,Unknown,,B:C9,,,845702,14428384,13.86,-0.03,C6H14N2O2,M+H,N/A,N/A,N/A,N/A,147.1128,147.1128,-.0478 (ppm),0,0,N/A,Method,True,False,N/A,N/A,N/A,,,Pass,N/A,N/A,N/A,N/A,Confirmed,N/A,N/A,N/A,N/A,,,,,,,,167.20,N/A,12460231.35,,
lysine,13.89,Target Compound,20240709_QE2_HILIC_BCSCuAOXq2d_AYW1155_pool033xc,31,Processed,T1,pool033x,Unknown,,B:C9,,,638826,11947501,13.87,-0.02,C6H14N2O2,M+H,N/A,N/A,N/A,N/A,147.1128,147.113,1.3006 (ppm),0,0,N/A,Method,True,False,N/A,N/A,N/A,,,Pass,N/A,N/A,N/A,N/A,Confirmed,N/A,N/A,N/A,N/A,,,,,,,,165.60,N/A,12460231.35,,
lysine,13.89,Target Compound,20240709_QE2_HILIC_BCSCuAOXq2d_AYW1155_pool033xd,32,Processed,T1,pool033x,Unknown,,B:C9,,,620725,10852260,13.89,0.00,C6H14N2O2,M+H,N/A,N/A,N/A,N/A,147.1128,147.1129,.5745 (ppm),0,0,N/A,Method,True,False,N/A,N/A,N/A,,,Pass,N/A,N/A,N/A,N/A,Confirmed,N/A,N/A,N/A,N/A,,,,,,,,INF,N/A,12460231.35,,
lysine,13.89,Target Compound,20240709_QE2_HILIC_BCSCuAOXq2d_AYW1156_pool01xa,33,Processed,T1,pool01x,Unknown,,B:D1,,,223173,3575037,13.89,0.00,C6H14N2O2,M+H,N/A,N/A,N/A,N/A,147.1128,147.1129,.6783 (ppm),0,0,N/A,Method,True,False,N/A,N/A,N/A,,,Pass,N/A,N/A,N/A,N/A,Confirmed,N/A,N/A,N/A,N/A,,,,,,,,25.09,N/A,3779516.50,,
lysine,13.89,Target Compound,20240709_QE2_HILIC_BCSCuAOXq2d_AYW1156_pool01xb,34,Processed,T1,pool01x,Unknown,,B:D1,,,240457,4435459,13.94,0.05,C6H14N2O2,M+H,N/A,N/A,N/A,N/A,147.1128,147.1127,-.4627 (ppm),0,0,N/A,Method,True,False,N/A,N/A,N/A,,,Pass,N/A,N/A,N/A,N/A,Confirmed,N/A,N/A,N/A,N/A,,,,,,,,41.06,N/A,3779516.50,,
lysine,13.89,Target Compound,20240709_QE2_HILIC_BCSCuAOXq2d_AYW1156_pool01xc,35,Processed,T1,pool01x,Unknown,,B:D1,,,217107,3997497,13.96,0.07,C6H14N2O2,M+H,N/A,N/A,N/A,N/A,147.1128,147.113,1.6118 (ppm),0,0,N/A,Method,True,False,N/A,N/A,N/A,,,Pass,N/A,N/A,N/A,N/A,Confirmed,N/A,N/A,N/A,N/A,,,,,,,,48.32,N/A,3779516.50,,
lysine,13.89,Target Compound,20240709_QE2_HILIC_BCSCuAOXq2d_AYW1156_pool01xd,36,Processed,T1,pool01x,Unknown,,B:D1,,,164749,3110072,13.94,0.05,C6H14N2O2,M+H,N/A,N/A,N/A,N/A,147.1128,147.1128,.1596 (ppm),0,0,N/A,Method,True,False,N/A,N/A,N/A,,,Pass,N/A,N/A,N/A,N/A,Confirmed,N/A,N/A,N/A,N/A,,,,,,,,777.94,N/A,3779516.50,,
lysine,13.89,Target Compound,20240709_QE2_HILIC_BCSCuAOXq2d_blank1,37,Processed,T1,,Unknown,,B:A1,,,66350,1951598,13.95,0.06,C6H14N2O2,M+H,N/A,N/A,N/A,N/A,147.1128,147.1128,.1596 (ppm),0,0,N/A,Method,True,False,N/A,N/A,N/A,,,Pass,N/A,N/A,N/A,N/A,Confirmed,N/A,N/A,N/A,N/A,,,,,,,,25.06,N/A,325266.36,,
lysine,13.89,Target Compound,20240709_QE2_HILIC_BCSCuAOXq2d_blank1_20240710111342,38,Processed,T1,,Unknown,,B:A1,,,N/F,N/F,N/F,N/F,C6H14N2O2,N/A,N/F,N/A,N/F,N/A,147.1128,N/F,N/F,N/F,0,N/A,Method,True,False,N/A,N/A,N/A,,,Fail,N/A,N/A,N/A,N/A,NotFound,N/A,N/A,N/A,N/A,,,,,,,,N/A,N/A,325266.36,,
lysine,13.89,Target Compound,20240709_QE2_HILIC_BCSCuAOXq2d_blank1_20240710231833,39,Processed,T1,,Unknown,,B:A1,,,N/F,N/F,N/F,N/F,C6H14N2O2,N/A,N/F,N/A,N/F,N/A,147.1128,N/F,N/F,N/F,0,N/A,Method,True,False,N/A,N/A,N/A,,,Fail,N/A,N/A,N/A,N/A,NotFound,N/A,N/A,N/A,N/A,,,,,,,,N/A,N/A,325266.36,,
lysine,13.89,Target Compound,20240709_QE2_HILIC_BCSCuAOXq2d_blank2,40,Processed,T1,,Unknown,,B:A1,,,N/F,N/F,N/F,N/F,C6H14N2O2,N/A,N/F,N/A,N/F,N/A,147.1128,N/F,N/F,N/F,0,N/A,Method,True,False,N/A,N/A,N/A,,,Fail,N/A,N/A,N/A,N/A,NotFound,N/A,N/A,N/A,N/A,,,,,,,,N/A,N/A,325266.36,,
lysine,13.89,Target Compound,20240709_QE2_HILIC_BCSCuAOXq2d_blank2_20240710115054,41,Processed,T1,,Unknown,,B:A1,,,N/F,N/F,N/F,N/F,C6H14N2O2,N/A,N/F,N/A,N/F,N/A,147.1128,N/F,N/F,N/F,0,N/A,Method,True,False,N/A,N/A,N/A,,,Fail,N/A,N/A,N/A,N/A,NotFound,N/A,N/A,N/A,N/A,,,,,,,,N/A,N/A,325266.36,,
lysine,13.89,Target Compound,20240709_QE2_HILIC_BCSCuAOXq2d_blank2_20240710235116,42,Processed,T1,,Unknown,,B:A1,,,N/F,N/F,N/F,N/F,C6H14N2O2,N/A,N/F,N/A,N/F,N/A,147.1128,N/F,N/F,N/F,0,N/A,Method,True,False,N/A,N/A,N/A,,,Fail,N/A,N/A,N/A,N/A,NotFound,N/A,N/A,N/A,N/A,,,,,,,,N/A,N/A,325266.36,,
