﻿Compound,RT,Type,Filename,Batch Order,Status,Peak Label,Group,Sample Type,Level,Sample ID,Sample Name,Comments,Height,Area,Actual RT,RT Delta,Formula,Adduct,Calculated Amt,Theoretical Amt,Sample Amt,Std Add Amount,m/z (Expected),m/z (Apex),m/z (Delta),Response Ratio,ISTD Amt,ISTD Response,Integration Mode,Active,Excluded,%Diff,%RSD,% CV,Channel,Final Units,PK,IR,IP,LS,FI,Confirm,Isotopic Pattern Score (%),Num Isotopes Matched,Lib Match Name,Library Score (%),Library Match Rank,SI/Dot Product,RSI/Rev Dot,Modification,Protein Name,Peptide Sequence,Ion Type,S/N,Ion Ratio,Group Average,Relative RT,Flag Details
homocitrulline,9.4,Target Compound,20240709_QE2_HILIC_BCSCuAOXq2d_AYW1130,1,Processed,T1,1V,Unknown,,B:A2,,,185400,2156541,9.27,-0.13,C7H15N3O3,M+H,N/A,N/A,N/A,N/A,190.119,190.1189,-.7050 (ppm),0,0,N/A,Method,True,False,N/A,N/A,N/A,,,Pass,N/A,N/A,N/A,N/A,Confirmed,N/A,N/A,N/A,N/A,,,,,,,,INF,N/A,1737110.42,,
homocitrulline,9.4,Target Compound,20240709_QE2_HILIC_BCSCuAOXq2d_AYW1131,2,Processed,T1,1V,Unknown,,B:A3,,,157613,1685990,9.26,-0.14,C7H15N3O3,M+H,N/A,N/A,N/A,N/A,190.119,190.1187,-1.3471 (ppm),0,0,N/A,Method,True,False,N/A,N/A,N/A,,,Pass,N/A,N/A,N/A,N/A,Confirmed,N/A,N/A,N/A,N/A,,,,,,,,INF,N/A,1737110.42,,
homocitrulline,9.4,Target Compound,20240709_QE2_HILIC_BCSCuAOXq2d_AYW1132,3,Processed,T1,1V,Unknown,,B:A4,,,133832,1368800,9.25,-0.15,C7H15N3O3,M+H,N/A,N/A,N/A,N/A,190.119,190.1189,-.4642 (ppm),0,0,N/A,Method,True,False,N/A,N/A,N/A,,,Pass,N/A,N/A,N/A,N/A,Confirmed,N/A,N/A,N/A,N/A,,,,,,,,INF,N/A,1737110.42,,
homocitrulline,9.4,Target Compound,20240709_QE2_HILIC_BCSCuAOXq2d_AYW1133,4,Processed,T1,2B,Unknown,,B:A5,,,167117,1652559,9.26,-0.14,C7H15N3O3,M+H,N/A,N/A,N/A,N/A,190.119,190.1186,-2.3102 (ppm),0,0,N/A,Method,True,False,N/A,N/A,N/A,,,Pass,N/A,N/A,N/A,N/A,Confirmed,N/A,N/A,N/A,N/A,,,,,,,,INF,N/A,2238574.24,,
homocitrulline,9.4,Target Compound,20240709_QE2_HILIC_BCSCuAOXq2d_AYW1134,5,Processed,T1,2B,Unknown,,B:A6,,,216340,2121444,9.27,-0.13,C7H15N3O3,M+H,N/A,N/A,N/A,N/A,190.119,190.1187,-1.7484 (ppm),0,0,N/A,Method,True,False,N/A,N/A,N/A,,,Pass,N/A,N/A,N/A,N/A,Confirmed,N/A,N/A,N/A,N/A,,,,,,,,INF,N/A,2238574.24,,
homocitrulline,9.4,Target Compound,20240709_QE2_HILIC_BCSCuAOXq2d_AYW1135,6,Processed,T1,2B,Unknown,,B:A7,,,271419,2941720,9.27,-0.13,C7H15N3O3,M+H,N/A,N/A,N/A,N/A,190.119,190.1187,-1.8286 (ppm),0,0,N/A,Method,True,False,N/A,N/A,N/A,,,Pass,N/A,N/A,N/A,N/A,Confirmed,N/A,N/A,N/A,N/A,,,,,,,,INF,N/A,2238574.24,,
homocitrulline,9.4,Target Compound,20240709_QE2_HILIC_BCSCuAOXq2d_AYW1136,7,Processed,T1,3C,Unknown,,B:A8,,,228221,2326636,9.25,-0.15,C7H15N3O3,M+H,N/A,N/A,N/A,N/A,190.119,190.1186,-2.0694 (ppm),0,0,N/A,Method,True,False,N/A,N/A,N/A,,,Pass,N/A,N/A,N/A,N/A,Confirmed,N/A,N/A,N/A,N/A,,,,,,,,INF,N/A,2063275.85,,
homocitrulline,9.4,Target Compound,20240709_QE2_HILIC_BCSCuAOXq2d_AYW1137,8,Processed,T1,3C,Unknown,,B:A9,,,187838,2700663,9.29,-0.11,C7H15N3O3,M+H,N/A,N/A,N/A,N/A,190.119,190.1187,-1.7484 (ppm),0,0,N/A,Method,True,False,N/A,N/A,N/A,,,Pass,N/A,N/A,N/A,N/A,Confirmed,N/A,N/A,N/A,N/A,,,,,,,,INF,N/A,2063275.85,,
homocitrulline,9.4,Target Compound,20240709_QE2_HILIC_BCSCuAOXq2d_AYW1138,9,Processed,T1,3C,Unknown,,B:B1,,,118609,1162528,9.24,-0.16,C7H15N3O3,M+H,N/A,N/A,N/A,N/A,190.119,190.1185,-2.7115 (ppm),0,0,N/A,Method,True,False,N/A,N/A,N/A,,,Pass,N/A,N/A,N/A,N/A,Confirmed,N/A,N/A,N/A,N/A,,,,,,,,INF,N/A,2063275.85,,
homocitrulline,9.4,Target Compound,20240709_QE2_HILIC_BCSCuAOXq2d_AYW1139,10,Processed,T1,4BC,Unknown,,B:B2,,,223606,2198980,9.25,-0.15,C7H15N3O3,M+H,N/A,N/A,N/A,N/A,190.119,190.1189,-.7853 (ppm),0,0,N/A,Method,True,False,N/A,N/A,N/A,,,Pass,N/A,N/A,N/A,N/A,Confirmed,N/A,N/A,N/A,N/A,,,,,,,,INF,N/A,1775600.14,N/A,
homocitrulline,9.4,Target Compound,20240709_QE2_HILIC_BCSCuAOXq2d_AYW1140,11,Processed,T1,4BC,Unknown,,B:B3,,,164094,1528545,9.28,-0.12,C7H15N3O3,M+H,N/A,N/A,N/A,N/A,190.119,190.1187,-1.4273 (ppm),0,0,N/A,Method,True,False,N/A,N/A,N/A,,,Pass,N/A,N/A,N/A,N/A,Confirmed,N/A,N/A,N/A,N/A,,,,,,,,INF,N/A,1775600.14,,
homocitrulline,9.4,Target Compound,20240709_QE2_HILIC_BCSCuAOXq2d_AYW1141,12,Processed,T1,4BC,Unknown,,B:B4,,,146974,1599276,9.28,-0.12,C7H15N3O3,M+H,N/A,N/A,N/A,N/A,190.119,190.1186,-2.0694 (ppm),0,0,N/A,Method,True,False,N/A,N/A,N/A,,,Pass,N/A,N/A,N/A,N/A,Confirmed,N/A,N/A,N/A,N/A,,,,,,,,INF,N/A,1775600.14,,
homocitrulline,9.4,Target Compound,20240709_QE2_HILIC_BCSCuAOXq2d_AYW1142,13,Processed,T1,5RV,Unknown,,B:B5,,,165039,1733164,9.25,-0.15,C7H15N3O3,M+H,N/A,N/A,N/A,N/A,190.119,190.1187,-1.3471 (ppm),0,0,N/A,Method,True,False,N/A,N/A,N/A,,,Pass,N/A,N/A,N/A,N/A,Confirmed,N/A,N/A,N/A,N/A,,,,,,,,INF,N/A,1813859.61,N/A,
homocitrulline,9.4,Target Compound,20240709_QE2_HILIC_BCSCuAOXq2d_AYW1143,14,Processed,T1,5RV,Unknown,,B:B6,,,238623,2023346,9.25,-0.15,C7H15N3O3,M+H,N/A,N/A,N/A,N/A,190.119,190.1186,-2.3102 (ppm),0,0,N/A,Method,True,False,N/A,N/A,N/A,,,Pass,N/A,N/A,N/A,N/A,Confirmed,N/A,N/A,N/A,N/A,,,,,,,,INF,N/A,1813859.61,,
homocitrulline,9.4,Target Compound,20240709_QE2_HILIC_BCSCuAOXq2d_AYW1144,15,Processed,T1,5RV,Unknown,,B:B7,,,184651,1685069,9.25,-0.15,C7H15N3O3,M+H,N/A,N/A,N/A,N/A,190.119,190.1188,-1.1866 (ppm),0,0,N/A,Method,True,False,N/A,N/A,N/A,,,Pass,N/A,N/A,N/A,N/A,Confirmed,N/A,N/A,N/A,N/A,,,,,,,,INF,N/A,1813859.61,,
homocitrulline,9.4,Target Compound,20240709_QE2_HILIC_BCSCuAOXq2d_AYW1145,16,Processed,T1,6RB,Unknown,,B:B8,,,156953,1682171,9.27,-0.13,C7H15N3O3,M+H,N/A,N/A,N/A,N/A,190.119,190.1188,-1.2668 (ppm),0,0,N/A,Method,True,False,N/A,N/A,N/A,,,Pass,N/A,N/A,N/A,N/A,Confirmed,N/A,N/A,N/A,N/A,,,,,,,,INF,N/A,1300789.91,,
homocitrulline,9.4,Target Compound,20240709_QE2_HILIC_BCSCuAOXq2d_AYW1146,17,Processed,T1,6RB,Unknown,,B:B9,,,108413,1047985,9.25,-0.15,C7H15N3O3,M+H,N/A,N/A,N/A,N/A,190.119,190.1188,-1.1866 (ppm),0,0,N/A,Method,True,False,N/A,N/A,N/A,,,Pass,N/A,N/A,N/A,N/A,Confirmed,N/A,N/A,N/A,N/A,,,,,,,,INF,N/A,1300789.91,,
homocitrulline,9.4,Target Compound,20240709_QE2_HILIC_BCSCuAOXq2d_AYW1147,18,Processed,T1,6RB,Unknown,,B:C1,,,115544,1172214,9.25,-0.15,C7H15N3O3,M+H,N/A,N/A,N/A,N/A,190.119,190.1188,-1.1063 (ppm),0,0,N/A,Method,True,False,N/A,N/A,N/A,,,Pass,N/A,N/A,N/A,N/A,Confirmed,N/A,N/A,N/A,N/A,,,,,,,,INF,N/A,1300789.91,,
homocitrulline,9.4,Target Compound,20240709_QE2_HILIC_BCSCuAOXq2d_AYW1148,19,Processed,T1,7RV,Unknown,,B:C2,,,186810,1985403,9.24,-0.16,C7H15N3O3,M+H,N/A,N/A,N/A,N/A,190.119,190.1187,-1.5076 (ppm),0,0,N/A,Method,True,False,N/A,N/A,N/A,,,Pass,N/A,N/A,N/A,N/A,Confirmed,N/A,N/A,N/A,N/A,,,,,,,,INF,N/A,1901444.79,,
homocitrulline,9.4,Target Compound,20240709_QE2_HILIC_BCSCuAOXq2d_AYW1149,20,Processed,T1,7RV,Unknown,,B:C3,,,181145,1989322,9.26,-0.14,C7H15N3O3,M+H,N/A,N/A,N/A,N/A,190.119,190.1186,-2.2299 (ppm),0,0,N/A,Method,True,False,N/A,N/A,N/A,,,Pass,N/A,N/A,N/A,N/A,Confirmed,N/A,N/A,N/A,N/A,,,,,,,,INF,N/A,1901444.79,,
homocitrulline,9.4,Target Compound,20240709_QE2_HILIC_BCSCuAOXq2d_AYW1150,21,Processed,T1,7RV,Unknown,,B:C4,,,190458,1729609,9.26,-0.14,C7H15N3O3,M+H,N/A,N/A,N/A,N/A,190.119,190.1187,-1.8286 (ppm),0,0,N/A,Method,True,False,N/A,N/A,N/A,,,Pass,N/A,N/A,N/A,N/A,Confirmed,N/A,N/A,N/A,N/A,,,,,,,,INF,N/A,1901444.79,,
homocitrulline,9.4,Target Compound,20240709_QE2_HILIC_BCSCuAOXq2d_AYW1151,22,Processed,T1,8RB,Unknown,,B:C5,,,205338,2155770,9.24,-0.16,C7H15N3O3,M+H,N/A,N/A,N/A,N/A,190.119,190.1187,-1.3471 (ppm),0,0,N/A,Method,True,False,N/A,N/A,N/A,,,Pass,N/A,N/A,N/A,N/A,Confirmed,N/A,N/A,N/A,N/A,,,,,,,,INF,N/A,1881151.02,,
homocitrulline,9.4,Target Compound,20240709_QE2_HILIC_BCSCuAOXq2d_AYW1152,23,Processed,T1,8RB,Unknown,,B:C6,,,163598,1591442,9.27,-0.13,C7H15N3O3,M+H,N/A,N/A,N/A,N/A,190.119,190.1188,-1.1866 (ppm),0,0,N/A,Method,True,False,N/A,N/A,N/A,,,Pass,N/A,N/A,N/A,N/A,Confirmed,N/A,N/A,N/A,N/A,,,,,,,,INF,N/A,1881151.02,,
homocitrulline,9.4,Target Compound,20240709_QE2_HILIC_BCSCuAOXq2d_AYW1153,24,Processed,T1,8RB,Unknown,,B:C7,,,189485,1896241,9.25,-0.15,C7H15N3O3,M+H,N/A,N/A,N/A,N/A,190.119,190.1188,-1.2668 (ppm),0,0,N/A,Method,True,False,N/A,N/A,N/A,,,Pass,N/A,N/A,N/A,N/A,Confirmed,N/A,N/A,N/A,N/A,,,,,,,,INF,N/A,1881151.02,,
homocitrulline,9.4,Target Compound,20240709_QE2_HILIC_BCSCuAOXq2d_AYW1154_pool1xa,25,Processed,T1,pool1x,Unknown,,B:C8,,,236489,2131029,9.27,-0.13,C7H15N3O3,M+H,N/A,N/A,N/A,N/A,190.119,190.1186,-1.9089 (ppm),0,0,N/A,Method,True,False,N/A,N/A,N/A,,,Pass,N/A,N/A,N/A,N/A,Confirmed,N/A,N/A,N/A,N/A,,,,,,,,INF,N/A,1817900.59,,
homocitrulline,9.4,Target Compound,20240709_QE2_HILIC_BCSCuAOXq2d_AYW1154_pool1xb,26,Processed,T1,pool1x,Unknown,,B:C8,,,187800,1749575,9.27,-0.13,C7H15N3O3,M+H,N/A,N/A,N/A,N/A,190.119,190.1185,-2.4707 (ppm),0,0,N/A,Method,True,False,N/A,N/A,N/A,,,Pass,N/A,N/A,N/A,N/A,Confirmed,N/A,N/A,N/A,N/A,,,,,,,,INF,N/A,1817900.59,,
homocitrulline,9.4,Target Compound,20240709_QE2_HILIC_BCSCuAOXq2d_AYW1154_pool1xc,27,Processed,T1,pool1x,Unknown,,B:C8,,,138303,1734174,9.28,-0.12,C7H15N3O3,M+H,N/A,N/A,N/A,N/A,190.119,190.1186,-2.1497 (ppm),0,0,N/A,Method,True,False,N/A,N/A,N/A,,,Pass,N/A,N/A,N/A,N/A,Confirmed,N/A,N/A,N/A,N/A,,,,,,,,INF,N/A,1817900.59,,
homocitrulline,9.4,Target Compound,20240709_QE2_HILIC_BCSCuAOXq2d_AYW1154_pool1xd,28,Processed,T1,pool1x,Unknown,,B:C8,,,174905,1656824,9.27,-0.13,C7H15N3O3,M+H,N/A,N/A,N/A,N/A,190.119,190.1187,-1.8286 (ppm),0,0,N/A,Method,True,False,N/A,N/A,N/A,,,Pass,N/A,N/A,N/A,N/A,Confirmed,N/A,N/A,N/A,N/A,,,,,,,,INF,N/A,1817900.59,,
homocitrulline,9.4,Target Compound,20240709_QE2_HILIC_BCSCuAOXq2d_AYW1155_pool033xa,29,Processed,T1,pool033x,Unknown,,B:C9,,,66564,758724,9.21,-0.19,C7H15N3O3,M+H,N/A,N/A,N/A,N/A,190.119,190.1187,-1.5878 (ppm),0,0,N/A,Method,True,False,N/A,N/A,N/A,,,Pass,N/A,N/A,N/A,N/A,Confirmed,N/A,N/A,N/A,N/A,,,,,,,,INF,N/A,624239.31,,
homocitrulline,9.4,Target Compound,20240709_QE2_HILIC_BCSCuAOXq2d_AYW1155_pool033xb,30,Processed,T1,pool033x,Unknown,,B:C9,,,67471,642847,9.26,-0.14,C7H15N3O3,M+H,N/A,N/A,N/A,N/A,190.119,190.1187,-1.7484 (ppm),0,0,N/A,Method,True,False,N/A,N/A,N/A,,,Pass,N/A,N/A,N/A,N/A,Confirmed,N/A,N/A,N/A,N/A,,,,,,,,INF,N/A,624239.31,,
homocitrulline,9.4,Target Compound,20240709_QE2_HILIC_BCSCuAOXq2d_AYW1155_pool033xc,31,Processed,T1,pool033x,Unknown,,B:C9,,,48798,488657,9.25,-0.15,C7H15N3O3,M+H,N/A,N/A,N/A,N/A,190.119,190.1187,-1.3471 (ppm),0,0,N/A,Method,True,False,N/A,N/A,N/A,,,Pass,N/A,N/A,N/A,N/A,Confirmed,N/A,N/A,N/A,N/A,,,,,,,,INF,N/A,624239.31,,
homocitrulline,9.4,Target Compound,20240709_QE2_HILIC_BCSCuAOXq2d_AYW1155_pool033xd,32,Processed,T1,pool033x,Unknown,,B:C9,,,64551,606729,9.19,-0.21,C7H15N3O3,M+H,N/A,N/A,N/A,N/A,190.119,190.1187,-1.4273 (ppm),0,0,N/A,Method,True,False,N/A,N/A,N/A,,,Pass,N/A,N/A,N/A,N/A,Confirmed,N/A,N/A,N/A,N/A,,,,,,,,INF,N/A,624239.31,,
homocitrulline,9.4,Target Compound,20240709_QE2_HILIC_BCSCuAOXq2d_AYW1156_pool01xa,33,Processed,T1,pool01x,Unknown,,B:D1,,,23756,136466,9.26,-0.14,C7H15N3O3,M+H,N/A,N/A,N/A,N/A,190.119,190.1187,-1.4273 (ppm),0,0,N/A,Method,True,False,N/A,N/A,N/A,,,Pass,N/A,N/A,N/A,N/A,Confirmed,N/A,N/A,N/A,N/A,,,,,,,,INF,N/A,158952.96,,
homocitrulline,9.4,Target Compound,20240709_QE2_HILIC_BCSCuAOXq2d_AYW1156_pool01xb,34,Processed,T1,pool01x,Unknown,,B:D1,,,25194,280937,9.22,-0.18,C7H15N3O3,M+H,N/A,N/A,N/A,N/A,190.119,190.1187,-1.8286 (ppm),0,0,N/A,Method,True,False,N/A,N/A,N/A,,,Pass,N/A,N/A,N/A,N/A,Confirmed,N/A,N/A,N/A,N/A,,,,,,,,INF,N/A,158952.96,,
homocitrulline,9.4,Target Compound,20240709_QE2_HILIC_BCSCuAOXq2d_AYW1156_pool01xc,35,Processed,T1,pool01x,Unknown,,B:D1,,,12723,103628,9.29,-0.11,C7H15N3O3,M+H,N/A,N/A,N/A,N/A,190.119,190.119,-.2234 (ppm),0,0,N/A,Method,True,False,N/A,N/A,N/A,,,Pass,N/A,N/A,N/A,N/A,Confirmed,N/A,N/A,N/A,N/A,,,,,,,,INF,N/A,158952.96,,
homocitrulline,9.4,Target Compound,20240709_QE2_HILIC_BCSCuAOXq2d_AYW1156_pool01xd,36,Processed,T1,pool01x,Unknown,,B:D1,,,17514,114781,9.24,-0.16,C7H15N3O3,M+H,N/A,N/A,N/A,N/A,190.119,190.1187,-1.6681 (ppm),0,0,N/A,Method,True,False,N/A,N/A,N/A,,,Pass,N/A,N/A,N/A,N/A,Confirmed,N/A,N/A,N/A,N/A,,,,,,,,INF,N/A,158952.96,,
homocitrulline,9.4,Target Compound,20240709_QE2_HILIC_BCSCuAOXq2d_blank1,37,Processed,T1,,Unknown,,B:A1,,,37374,248986,9.38,-0.02,C7H15N3O3,M+H,N/A,N/A,N/A,N/A,190.119,190.1187,-1.6681 (ppm),0,0,N/A,Method,True,False,N/A,N/A,N/A,,,Pass,N/A,N/A,N/A,N/A,Confirmed,N/A,N/A,N/A,N/A,,,,,,,,14.62,N/A,52405.15,,
homocitrulline,9.4,Target Compound,20240709_QE2_HILIC_BCSCuAOXq2d_blank1_20240710111342,38,Processed,T1,,Unknown,,B:A1,,,8115,44728,9.31,-0.09,C7H15N3O3,M+H,N/A,N/A,N/A,N/A,190.119,190.1186,-2.0694 (ppm),0,0,N/A,Method,True,False,N/A,N/A,N/A,,,Pass,N/A,N/A,N/A,N/A,Confirmed,N/A,N/A,N/A,N/A,,,,,,,,INF,N/A,52405.15,,
homocitrulline,9.4,Target Compound,20240709_QE2_HILIC_BCSCuAOXq2d_blank1_20240710231833,39,Processed,T1,,Unknown,,B:A1,,,N/F,N/F,N/F,N/F,C7H15N3O3,N/A,N/F,N/A,N/F,N/A,190.119,N/F,N/F,N/F,0,N/A,Method,True,False,N/A,N/A,N/A,,,Fail,N/A,N/A,N/A,N/A,NotFound,N/A,N/A,N/A,N/A,,,,,,,,N/A,N/A,52405.15,,
homocitrulline,9.4,Target Compound,20240709_QE2_HILIC_BCSCuAOXq2d_blank2,40,Processed,T1,,Unknown,,B:A1,,,6729,20717,9.2,-0.20,C7H15N3O3,M+H,N/A,N/A,N/A,N/A,190.119,190.1183,-3.4338 (ppm),0,0,N/A,Method,True,False,N/A,N/A,N/A,,,Pass,N/A,N/A,N/A,N/A,Confirmed,N/A,N/A,N/A,N/A,,,,,,,,INF,N/A,52405.15,,
homocitrulline,9.4,Target Compound,20240709_QE2_HILIC_BCSCuAOXq2d_blank2_20240710115054,41,Processed,T1,,Unknown,,B:A1,,,N/F,N/F,N/F,N/F,C7H15N3O3,N/A,N/F,N/A,N/F,N/A,190.119,N/F,N/F,N/F,0,N/A,Method,True,False,N/A,N/A,N/A,,,Fail,N/A,N/A,N/A,N/A,NotFound,N/A,N/A,N/A,N/A,,,,,,,,N/A,N/A,52405.15,,
homocitrulline,9.4,Target Compound,20240709_QE2_HILIC_BCSCuAOXq2d_blank2_20240710235116,42,Processed,T1,,Unknown,,B:A1,,,N/F,N/F,N/F,N/F,C7H15N3O3,N/A,N/F,N/A,N/F,N/A,190.119,N/F,N/F,N/F,0,N/A,Method,True,False,N/A,N/A,N/A,,,Fail,N/A,N/A,N/A,N/A,NotFound,N/A,N/A,N/A,N/A,,,,,,,,N/A,N/A,52405.15,,
