﻿Compound,RT,Type,Filename,Batch Order,Status,Peak Label,Group,Sample Type,Level,Sample ID,Sample Name,Comments,Height,Area,Actual RT,RT Delta,Formula,Adduct,Calculated Amt,Theoretical Amt,Sample Amt,Std Add Amount,m/z (Expected),m/z (Apex),m/z (Delta),Response Ratio,ISTD Amt,ISTD Response,Integration Mode,Active,Excluded,%Diff,%RSD,% CV,Channel,Final Units,PK,IR,IP,LS,FI,Confirm,Isotopic Pattern Score (%),Num Isotopes Matched,Lib Match Name,Library Score (%),Library Match Rank,SI/Dot Product,RSI/Rev Dot,Modification,Protein Name,Peptide Sequence,Ion Type,S/N,Ion Ratio,Group Average,Relative RT,Flag Details
NADPH,11.75,Target Compound,20240709_QE2_HILIC_BCSCuAOXq2d_AYW1130,1,Processed,T1,1V,Unknown,,B:A2,,,188780,4186551,11.75,0.00,C21H30N7O17P3,M+H,N/A,N/A,N/A,N/A,746.0984,746.0963,-2.7966 (ppm),0,0,N/A,Method,True,False,N/A,N/A,N/A,,,Pass,N/A,N/A,N/A,N/A,Confirmed,N/A,N/A,N/A,N/A,,,,,,,,INF,N/A,3704693.45,,
NADPH,11.75,Target Compound,20240709_QE2_HILIC_BCSCuAOXq2d_AYW1131,2,Processed,T1,1V,Unknown,,B:A3,,,179318,3577821,11.75,0.00,C21H30N7O17P3,M+H,N/A,N/A,N/A,N/A,746.0984,746.0953,-4.1873 (ppm),0,0,N/A,Method,True,False,N/A,N/A,N/A,,,Pass,N/A,N/A,N/A,N/A,Confirmed,N/A,N/A,N/A,N/A,,,,,,,,INF,N/A,3704693.45,,
NADPH,11.75,Target Compound,20240709_QE2_HILIC_BCSCuAOXq2d_AYW1132,3,Processed,T1,1V,Unknown,,B:A4,,,125155,3349709,11.75,0.00,C21H30N7O17P3,M+H,N/A,N/A,N/A,N/A,746.0984,746.0959,-3.2874 (ppm),0,0,N/A,Method,True,False,N/A,N/A,N/A,,,Pass,N/A,N/A,N/A,N/A,Confirmed,N/A,N/A,N/A,N/A,,,,,,,,INF,N/A,3704693.45,,
NADPH,11.75,Target Compound,20240709_QE2_HILIC_BCSCuAOXq2d_AYW1133,4,Processed,T1,2B,Unknown,,B:A5,,,144746,3130361,11.75,0.00,C21H30N7O17P3,M+H,N/A,N/A,N/A,N/A,746.0984,746.0951,-4.4327 (ppm),0,0,N/A,Method,True,False,N/A,N/A,N/A,,,Pass,N/A,N/A,N/A,N/A,Confirmed,N/A,N/A,N/A,N/A,,,,,,,,INF,N/A,4358218.08,,
NADPH,11.75,Target Compound,20240709_QE2_HILIC_BCSCuAOXq2d_AYW1134,5,Processed,T1,2B,Unknown,,B:A6,,,308616,4970031,11.75,0.00,C21H30N7O17P3,M+H,N/A,N/A,N/A,N/A,746.0984,746.0942,-5.5780 (ppm),0,0,N/A,Method,True,False,N/A,N/A,N/A,,,Pass,N/A,N/A,N/A,N/A,Confirmed,N/A,N/A,N/A,N/A,,,,,,,,INF,N/A,4358218.08,,
NADPH,11.75,Target Compound,20240709_QE2_HILIC_BCSCuAOXq2d_AYW1135,6,Processed,T1,2B,Unknown,,B:A7,,,260138,4974262,11.75,0.00,C21H30N7O17P3,M+H,N/A,N/A,N/A,N/A,746.0984,746.0955,-3.8601 (ppm),0,0,N/A,Method,True,False,N/A,N/A,N/A,,,Pass,N/A,N/A,N/A,N/A,Confirmed,N/A,N/A,N/A,N/A,,,,,,,,INF,N/A,4358218.08,,
NADPH,11.75,Target Compound,20240709_QE2_HILIC_BCSCuAOXq2d_AYW1136,7,Processed,T1,3C,Unknown,,B:A8,,,289850,5466263,11.75,0.00,C21H30N7O17P3,M+H,N/A,N/A,N/A,N/A,746.0984,746.0952,-4.3509 (ppm),0,0,N/A,Method,True,False,N/A,N/A,N/A,,,Pass,N/A,N/A,N/A,N/A,Confirmed,N/A,N/A,N/A,N/A,,,,,,,,INF,N/A,4152003.80,,
NADPH,11.75,Target Compound,20240709_QE2_HILIC_BCSCuAOXq2d_AYW1137,8,Processed,T1,3C,Unknown,,B:A9,,,285825,4665604,11.75,0.00,C21H30N7O17P3,M+H,N/A,N/A,N/A,N/A,746.0984,746.0947,-4.9235 (ppm),0,0,N/A,Method,True,False,N/A,N/A,N/A,,,Pass,N/A,N/A,N/A,N/A,Confirmed,N/A,N/A,N/A,N/A,,,,,,,,INF,N/A,4152003.80,,
NADPH,11.75,Target Compound,20240709_QE2_HILIC_BCSCuAOXq2d_AYW1138,9,Processed,T1,3C,Unknown,,B:B1,,,119475,2324145,11.75,0.00,C21H30N7O17P3,M+H,N/A,N/A,N/A,N/A,746.0984,746.0952,-4.3509 (ppm),0,0,N/A,Method,True,False,N/A,N/A,N/A,,,Pass,N/A,N/A,N/A,N/A,Confirmed,N/A,N/A,N/A,N/A,,,,,,,,INF,N/A,4152003.80,,
NADPH,11.75,Target Compound,20240709_QE2_HILIC_BCSCuAOXq2d_AYW1139,10,Processed,T1,4BC,Unknown,,B:B2,,,168351,3729949,11.75,0.00,C21H30N7O17P3,M+H,N/A,N/A,N/A,N/A,746.0984,746.0956,-3.6964 (ppm),0,0,N/A,Method,True,False,N/A,N/A,N/A,,,Pass,N/A,N/A,N/A,N/A,Confirmed,N/A,N/A,N/A,N/A,,,,,,,,INF,N/A,3704240.42,N/A,
NADPH,11.75,Target Compound,20240709_QE2_HILIC_BCSCuAOXq2d_AYW1140,11,Processed,T1,4BC,Unknown,,B:B3,,,190634,3650972,11.75,0.00,C21H30N7O17P3,M+H,N/A,N/A,N/A,N/A,746.0984,746.0942,-5.6598 (ppm),0,0,N/A,Method,True,False,N/A,N/A,N/A,,,Pass,N/A,N/A,N/A,N/A,Confirmed,N/A,N/A,N/A,N/A,,,,,,,,INF,N/A,3704240.42,,
NADPH,11.75,Target Compound,20240709_QE2_HILIC_BCSCuAOXq2d_AYW1141,12,Processed,T1,4BC,Unknown,,B:B4,,,178034,3731800,11.75,0.00,C21H30N7O17P3,M+H,N/A,N/A,N/A,N/A,746.0984,746.0963,-2.8784 (ppm),0,0,N/A,Method,True,False,N/A,N/A,N/A,,,Pass,N/A,N/A,N/A,N/A,Confirmed,N/A,N/A,N/A,N/A,,,,,,,,INF,N/A,3704240.42,,
NADPH,11.75,Target Compound,20240709_QE2_HILIC_BCSCuAOXq2d_AYW1142,13,Processed,T1,5RV,Unknown,,B:B5,,,183562,4740573,11.75,0.00,C21H30N7O17P3,M+H,N/A,N/A,N/A,N/A,746.0984,746.0954,-4.0237 (ppm),0,0,N/A,Method,True,False,N/A,N/A,N/A,,,Pass,N/A,N/A,N/A,N/A,Confirmed,N/A,N/A,N/A,N/A,,,,,,,,INF,N/A,4845452.24,N/A,
NADPH,11.75,Target Compound,20240709_QE2_HILIC_BCSCuAOXq2d_AYW1143,14,Processed,T1,5RV,Unknown,,B:B6,,,305456,5726965,11.75,0.00,C21H30N7O17P3,M+H,N/A,N/A,N/A,N/A,746.0984,746.0959,-3.3692 (ppm),0,0,N/A,Method,True,False,N/A,N/A,N/A,,,Pass,N/A,N/A,N/A,N/A,Confirmed,N/A,N/A,N/A,N/A,,,,,,,,INF,N/A,4845452.24,,
NADPH,11.75,Target Compound,20240709_QE2_HILIC_BCSCuAOXq2d_AYW1144,15,Processed,T1,5RV,Unknown,,B:B7,,,133588,4068819,11.75,0.00,C21H30N7O17P3,M+H,N/A,N/A,N/A,N/A,746.0984,746.0956,-3.7782 (ppm),0,0,N/A,Method,True,False,N/A,N/A,N/A,,,Pass,N/A,N/A,N/A,N/A,Confirmed,N/A,N/A,N/A,N/A,,,,,,,,INF,N/A,4845452.24,,
NADPH,11.75,Target Compound,20240709_QE2_HILIC_BCSCuAOXq2d_AYW1145,16,Processed,T1,6RB,Unknown,,B:B8,,,147011,3619701,11.75,0.00,C21H30N7O17P3,M+H,N/A,N/A,N/A,N/A,746.0984,746.0956,-3.6964 (ppm),0,0,N/A,Method,True,False,N/A,N/A,N/A,,,Pass,N/A,N/A,N/A,N/A,Confirmed,N/A,N/A,N/A,N/A,,,,,,,,INF,N/A,2927877.65,,
NADPH,11.75,Target Compound,20240709_QE2_HILIC_BCSCuAOXq2d_AYW1146,17,Processed,T1,6RB,Unknown,,B:B9,,,99598,2668101,11.75,0.00,C21H30N7O17P3,M+H,N/A,N/A,N/A,N/A,746.0984,746.0948,-4.7599 (ppm),0,0,N/A,Method,True,False,N/A,N/A,N/A,,,Pass,N/A,N/A,N/A,N/A,Confirmed,N/A,N/A,N/A,N/A,,,,,,,,INF,N/A,2927877.65,,
NADPH,11.75,Target Compound,20240709_QE2_HILIC_BCSCuAOXq2d_AYW1147,18,Processed,T1,6RB,Unknown,,B:C1,,,132987,2495831,11.75,0.00,C21H30N7O17P3,M+H,N/A,N/A,N/A,N/A,746.0984,746.0941,-5.7416 (ppm),0,0,N/A,Method,True,False,N/A,N/A,N/A,,,Pass,N/A,N/A,N/A,N/A,Confirmed,N/A,N/A,N/A,N/A,,,,,,,,INF,N/A,2927877.65,,
NADPH,11.75,Target Compound,20240709_QE2_HILIC_BCSCuAOXq2d_AYW1148,19,Processed,T1,7RV,Unknown,,B:C2,,,195604,4216509,11.75,0.00,C21H30N7O17P3,M+H,N/A,N/A,N/A,N/A,746.0984,746.0947,-4.9235 (ppm),0,0,N/A,Method,True,False,N/A,N/A,N/A,,,Pass,N/A,N/A,N/A,N/A,Confirmed,N/A,N/A,N/A,N/A,,,,,,,,INF,N/A,4092726.84,,
NADPH,11.75,Target Compound,20240709_QE2_HILIC_BCSCuAOXq2d_AYW1149,20,Processed,T1,7RV,Unknown,,B:C3,,,246603,4325807,11.75,0.00,C21H30N7O17P3,M+H,N/A,N/A,N/A,N/A,746.0984,746.0935,-6.5596 (ppm),0,0,N/A,Method,True,False,N/A,N/A,N/A,,,Pass,N/A,N/A,N/A,N/A,Confirmed,N/A,N/A,N/A,N/A,,,,,,,,INF,N/A,4092726.84,,
NADPH,11.75,Target Compound,20240709_QE2_HILIC_BCSCuAOXq2d_AYW1150,21,Processed,T1,7RV,Unknown,,B:C4,,,297814,3735864,11.75,0.00,C21H30N7O17P3,M+H,N/A,N/A,N/A,N/A,746.0984,N/A,N/A,0,0,N/A,Method,True,False,N/A,N/A,N/A,,,Pass,N/A,N/A,N/A,N/A,Confirmed,N/A,N/A,N/A,N/A,,,,,,,,INF,N/A,4092726.84,,
NADPH,11.75,Target Compound,20240709_QE2_HILIC_BCSCuAOXq2d_AYW1151,22,Processed,T1,8RB,Unknown,,B:C5,,,237124,4048127,11.75,0.00,C21H30N7O17P3,M+H,N/A,N/A,N/A,N/A,746.0984,746.0973,-1.4877 (ppm),0,0,N/A,Method,True,False,N/A,N/A,N/A,,,Pass,N/A,N/A,N/A,N/A,Confirmed,N/A,N/A,N/A,N/A,,,,,,,,INF,N/A,4148152.81,,
NADPH,11.75,Target Compound,20240709_QE2_HILIC_BCSCuAOXq2d_AYW1152,23,Processed,T1,8RB,Unknown,,B:C6,,,171080,3837901,11.75,0.00,C21H30N7O17P3,M+H,N/A,N/A,N/A,N/A,746.0984,746.0953,-4.1873 (ppm),0,0,N/A,Method,True,False,N/A,N/A,N/A,,,Pass,N/A,N/A,N/A,N/A,Confirmed,N/A,N/A,N/A,N/A,,,,,,,,INF,N/A,4148152.81,,
NADPH,11.75,Target Compound,20240709_QE2_HILIC_BCSCuAOXq2d_AYW1153,24,Processed,T1,8RB,Unknown,,B:C7,,,265589,4558430,11.75,0.00,C21H30N7O17P3,M+H,N/A,N/A,N/A,N/A,746.0984,746.0936,-6.3960 (ppm),0,0,N/A,Method,True,False,N/A,N/A,N/A,,,Pass,N/A,N/A,N/A,N/A,Confirmed,N/A,N/A,N/A,N/A,,,,,,,,INF,N/A,4148152.81,,
NADPH,11.75,Target Compound,20240709_QE2_HILIC_BCSCuAOXq2d_AYW1154_pool1xa,25,Processed,T1,pool1x,Unknown,,B:C8,,,353185,4564784,11.75,0.00,C21H30N7O17P3,M+H,N/A,N/A,N/A,N/A,746.0984,N/A,N/A,0,0,N/A,Method,True,False,N/A,N/A,N/A,,,Pass,N/A,N/A,N/A,N/A,Confirmed,N/A,N/A,N/A,N/A,,,,,,,,INF,N/A,4238802.99,,
NADPH,11.75,Target Compound,20240709_QE2_HILIC_BCSCuAOXq2d_AYW1154_pool1xb,26,Processed,T1,pool1x,Unknown,,B:C8,,,180722,3973106,11.75,0.00,C21H30N7O17P3,M+H,N/A,N/A,N/A,N/A,746.0984,746.0948,-4.8417 (ppm),0,0,N/A,Method,True,False,N/A,N/A,N/A,,,Pass,N/A,N/A,N/A,N/A,Confirmed,N/A,N/A,N/A,N/A,,,,,,,,INF,N/A,4238802.99,,
NADPH,11.75,Target Compound,20240709_QE2_HILIC_BCSCuAOXq2d_AYW1154_pool1xc,27,Processed,T1,pool1x,Unknown,,B:C8,,,123796,4085128,11.75,0.00,C21H30N7O17P3,M+H,N/A,N/A,N/A,N/A,746.0984,746.0953,-4.1055 (ppm),0,0,N/A,Method,True,False,N/A,N/A,N/A,,,Pass,N/A,N/A,N/A,N/A,Confirmed,N/A,N/A,N/A,N/A,,,,,,,,INF,N/A,4238802.99,,
NADPH,11.75,Target Compound,20240709_QE2_HILIC_BCSCuAOXq2d_AYW1154_pool1xd,28,Processed,T1,pool1x,Unknown,,B:C8,,,197341,4332193,11.75,0.00,C21H30N7O17P3,M+H,N/A,N/A,N/A,N/A,746.0984,746.0948,-4.8417 (ppm),0,0,N/A,Method,True,False,N/A,N/A,N/A,,,Pass,N/A,N/A,N/A,N/A,Confirmed,N/A,N/A,N/A,N/A,,,,,,,,INF,N/A,4238802.99,,
NADPH,11.75,Target Compound,20240709_QE2_HILIC_BCSCuAOXq2d_AYW1155_pool033xa,29,Processed,T1,pool033x,Unknown,,B:C9,,,158697,1521034,11.75,0.00,C21H30N7O17P3,M+H,N/A,N/A,N/A,N/A,746.0984,N/A,N/A,0,0,N/A,Method,True,False,N/A,N/A,N/A,,,Pass,N/A,N/A,N/A,N/A,Confirmed,N/A,N/A,N/A,N/A,,,,,,,,INF,N/A,1316895.85,,
NADPH,11.75,Target Compound,20240709_QE2_HILIC_BCSCuAOXq2d_AYW1155_pool033xb,30,Processed,T1,pool033x,Unknown,,B:C9,,,73363,1347475,11.75,0.00,C21H30N7O17P3,M+H,N/A,N/A,N/A,N/A,746.0984,746.0937,-6.3142 (ppm),0,0,N/A,Method,True,False,N/A,N/A,N/A,,,Pass,N/A,N/A,N/A,N/A,Confirmed,N/A,N/A,N/A,N/A,,,,,,,,INF,N/A,1316895.85,,
NADPH,11.75,Target Compound,20240709_QE2_HILIC_BCSCuAOXq2d_AYW1155_pool033xc,31,Processed,T1,pool033x,Unknown,,B:C9,,,46055,1181799,11.75,0.00,C21H30N7O17P3,M+H,N/A,N/A,N/A,N/A,746.0984,746.0951,-4.4327 (ppm),0,0,N/A,Method,True,False,N/A,N/A,N/A,,,Pass,N/A,N/A,N/A,N/A,Confirmed,N/A,N/A,N/A,N/A,,,,,,,,INF,N/A,1316895.85,,
NADPH,11.75,Target Compound,20240709_QE2_HILIC_BCSCuAOXq2d_AYW1155_pool033xd,32,Processed,T1,pool033x,Unknown,,B:C9,,,66509,1217276,11.75,0.00,C21H30N7O17P3,M+H,N/A,N/A,N/A,N/A,746.0984,746.0952,-4.2691 (ppm),0,0,N/A,Method,True,False,N/A,N/A,N/A,,,Pass,N/A,N/A,N/A,N/A,Confirmed,N/A,N/A,N/A,N/A,,,,,,,,INF,N/A,1316895.85,,
NADPH,11.75,Target Compound,20240709_QE2_HILIC_BCSCuAOXq2d_AYW1156_pool01xa,33,Processed,T1,pool01x,Unknown,,B:D1,,,49251,425315,11.75,0.00,C21H30N7O17P3,M+H,N/A,N/A,N/A,N/A,746.0984,N/A,N/A,0,0,N/A,Method,True,False,N/A,N/A,N/A,,,Pass,N/A,N/A,N/A,N/A,Confirmed,N/A,N/A,N/A,N/A,,,,,,,,INF,N/A,276616.65,,
NADPH,11.75,Target Compound,20240709_QE2_HILIC_BCSCuAOXq2d_AYW1156_pool01xb,34,Processed,T1,pool01x,Unknown,,B:D1,,,34895,338033,11.75,0.00,C21H30N7O17P3,M+H,N/A,N/A,N/A,N/A,746.0984,N/A,N/A,0,0,N/A,Method,True,False,N/A,N/A,N/A,,,Pass,N/A,N/A,N/A,N/A,Confirmed,N/A,N/A,N/A,N/A,,,,,,,,INF,N/A,276616.65,,
NADPH,11.75,Target Compound,20240709_QE2_HILIC_BCSCuAOXq2d_AYW1156_pool01xc,35,Processed,T1,pool01x,Unknown,,B:D1,,,13687,136514,11.75,0.00,C21H30N7O17P3,M+H,N/A,N/A,N/A,N/A,746.0984,N/A,N/A,0,0,N/A,Method,True,False,N/A,N/A,N/A,,,Pass,N/A,N/A,N/A,N/A,Confirmed,N/A,N/A,N/A,N/A,,,,,,,,INF,N/A,276616.65,,
NADPH,11.75,Target Compound,20240709_QE2_HILIC_BCSCuAOXq2d_AYW1156_pool01xd,36,Processed,T1,pool01x,Unknown,,B:D1,,,28085,206605,11.75,0.00,C21H30N7O17P3,M+H,N/A,N/A,N/A,N/A,746.0984,746.0966,-2.3876 (ppm),0,0,N/A,Method,True,False,N/A,N/A,N/A,,,Pass,N/A,N/A,N/A,N/A,Confirmed,N/A,N/A,N/A,N/A,,,,,,,,INF,N/A,276616.65,,
NADPH,11.75,Target Compound,20240709_QE2_HILIC_BCSCuAOXq2d_blank1,37,Processed,T1,,Unknown,,B:A1,,,26899,40214,11.75,0.00,C21H30N7O17P3,M+H,N/A,N/A,N/A,N/A,746.0984,N/A,N/A,0,0,N/A,Method,True,False,N/A,N/A,N/A,,,Pass,N/A,N/A,N/A,N/A,Confirmed,N/A,N/A,N/A,N/A,,,,,,,,INF,N/A,10503.41,,
NADPH,11.75,Target Compound,20240709_QE2_HILIC_BCSCuAOXq2d_blank1_20240710111342,38,Processed,T1,,Unknown,,B:A1,,,15157,22806,11.75,0.00,C21H30N7O17P3,M+H,N/A,N/A,N/A,N/A,746.0984,N/A,N/A,0,0,N/A,Method,True,False,N/A,N/A,N/A,,,Pass,N/A,N/A,N/A,N/A,Confirmed,N/A,N/A,N/A,N/A,,,,,,,,INF,N/A,10503.41,,
NADPH,11.75,Target Compound,20240709_QE2_HILIC_BCSCuAOXq2d_blank1_20240710231833,39,Processed,T1,,Unknown,,B:A1,,,N/F,N/F,N/F,N/F,C21H30N7O17P3,N/A,N/F,N/A,N/F,N/A,746.0984,N/F,N/F,N/F,0,N/A,Method,True,False,N/A,N/A,N/A,,,Fail,N/A,N/A,N/A,N/A,NotFound,N/A,N/A,N/A,N/A,,,,,,,,N/A,N/A,10503.41,,
NADPH,11.75,Target Compound,20240709_QE2_HILIC_BCSCuAOXq2d_blank2,40,Processed,T1,,Unknown,,B:A1,,,N/F,N/F,N/F,N/F,C21H30N7O17P3,N/A,N/F,N/A,N/F,N/A,746.0984,N/F,N/F,N/F,0,N/A,Method,True,False,N/A,N/A,N/A,,,Fail,N/A,N/A,N/A,N/A,NotFound,N/A,N/A,N/A,N/A,,,,,,,,N/A,N/A,10503.41,,
NADPH,11.75,Target Compound,20240709_QE2_HILIC_BCSCuAOXq2d_blank2_20240710115054,41,Processed,T1,,Unknown,,B:A1,,,N/F,N/F,N/F,N/F,C21H30N7O17P3,N/A,N/F,N/A,N/F,N/A,746.0984,N/F,N/F,N/F,0,N/A,Method,True,False,N/A,N/A,N/A,,,Fail,N/A,N/A,N/A,N/A,NotFound,N/A,N/A,N/A,N/A,,,,,,,,N/A,N/A,10503.41,,
NADPH,11.75,Target Compound,20240709_QE2_HILIC_BCSCuAOXq2d_blank2_20240710235116,42,Processed,T1,,Unknown,,B:A1,,,N/F,N/F,N/F,N/F,C21H30N7O17P3,N/A,N/F,N/A,N/F,N/A,746.0984,N/F,N/F,N/F,0,N/A,Method,True,False,N/A,N/A,N/A,,,Fail,N/A,N/A,N/A,N/A,NotFound,N/A,N/A,N/A,N/A,,,,,,,,N/A,N/A,10503.41,,
