﻿Compound,RT,Type,Filename,Batch Order,Status,Peak Label,Group,Sample Type,Level,Sample ID,Sample Name,Comments,Height,Area,Actual RT,RT Delta,Formula,Adduct,Calculated Amt,Theoretical Amt,Sample Amt,Std Add Amount,m/z (Expected),m/z (Apex),m/z (Delta),Response Ratio,ISTD Amt,ISTD Response,Integration Mode,Active,Excluded,%Diff,%RSD,% CV,Channel,Final Units,PK,IR,IP,LS,FI,Confirm,Isotopic Pattern Score (%),Num Isotopes Matched,Lib Match Name,Library Score (%),Library Match Rank,SI/Dot Product,RSI/Rev Dot,Modification,Protein Name,Peptide Sequence,Ion Type,S/N,Ion Ratio,Group Average,Relative RT,Flag Details
trans-urocanate,7,Target Compound,20240709_QE2_HILIC_BCSCuAOXq2d_AYW1130,1,Processed,T1,1V,Unknown,,B:A2,,,7636145,75496090,7.08,0.08,C6H6N2O2,M+H,N/A,N/A,N/A,N/A,139.05,139.0503,2.2167 (ppm),0,0,N/A,Method,True,False,N/A,N/A,N/A,,,Pass,N/A,N/A,N/A,N/A,Confirmed,N/A,N/A,N/A,N/A,,,,,,,,1825.21,N/A,76514484.75,,
trans-urocanate,7,Target Compound,20240709_QE2_HILIC_BCSCuAOXq2d_AYW1131,2,Processed,T1,1V,Unknown,,B:A3,,,8699746,81669758,7.09,0.09,C6H6N2O2,M+H,N/A,N/A,N/A,N/A,139.05,139.0503,2.1069 (ppm),0,0,N/A,Method,True,False,N/A,N/A,N/A,,,Pass,N/A,N/A,N/A,N/A,Confirmed,N/A,N/A,N/A,N/A,,,,,,,,2592.55,N/A,76514484.75,,
trans-urocanate,7,Target Compound,20240709_QE2_HILIC_BCSCuAOXq2d_AYW1132,3,Processed,T1,1V,Unknown,,B:A4,,,7799539,72377606,7.13,0.13,C6H6N2O2,M+H,N/A,N/A,N/A,N/A,139.05,139.0503,2.1069 (ppm),0,0,N/A,Method,True,False,N/A,N/A,N/A,,,Pass,N/A,N/A,N/A,N/A,Confirmed,N/A,N/A,N/A,N/A,,,,,,,,1744.49,N/A,76514484.75,,
trans-urocanate,7,Target Compound,20240709_QE2_HILIC_BCSCuAOXq2d_AYW1133,4,Processed,T1,2B,Unknown,,B:A5,,,6141483,54712498,7.04,0.04,C6H6N2O2,M+H,N/A,N/A,N/A,N/A,139.05,139.0503,2.4361 (ppm),0,0,N/A,Method,True,False,N/A,N/A,N/A,,,Pass,N/A,N/A,N/A,N/A,Confirmed,N/A,N/A,N/A,N/A,,,,,,,,1595.70,N/A,61270327.21,,
trans-urocanate,7,Target Compound,20240709_QE2_HILIC_BCSCuAOXq2d_AYW1134,5,Processed,T1,2B,Unknown,,B:A6,,,6000160,57260312,7.14,0.14,C6H6N2O2,M+H,N/A,N/A,N/A,N/A,139.05,139.0503,1.9972 (ppm),0,0,N/A,Method,True,False,N/A,N/A,N/A,,,Pass,N/A,N/A,N/A,N/A,Confirmed,N/A,N/A,N/A,N/A,,,,,,,,2038.46,N/A,61270327.21,,
trans-urocanate,7,Target Compound,20240709_QE2_HILIC_BCSCuAOXq2d_AYW1135,6,Processed,T1,2B,Unknown,,B:A7,,,7991572,71838172,7.11,0.11,C6H6N2O2,M+H,N/A,N/A,N/A,N/A,139.05,139.0504,2.5459 (ppm),0,0,N/A,Method,True,False,N/A,N/A,N/A,,,Pass,N/A,N/A,N/A,N/A,Confirmed,N/A,N/A,N/A,N/A,,,,,,,,1931.34,N/A,61270327.21,,
trans-urocanate,7,Target Compound,20240709_QE2_HILIC_BCSCuAOXq2d_AYW1136,7,Processed,T1,3C,Unknown,,B:A8,,,10335611,84578243,7.07,0.07,C6H6N2O2,M+H,N/A,N/A,N/A,N/A,139.05,139.0504,2.5459 (ppm),0,0,N/A,Method,True,False,N/A,N/A,N/A,,,Pass,N/A,N/A,N/A,N/A,Confirmed,N/A,N/A,N/A,N/A,,,,,,,,2366.40,N/A,74204489.50,,
trans-urocanate,7,Target Compound,20240709_QE2_HILIC_BCSCuAOXq2d_AYW1137,8,Processed,T1,3C,Unknown,,B:A9,,,8972249,85113603,7.14,0.14,C6H6N2O2,M+H,N/A,N/A,N/A,N/A,139.05,139.0503,1.8875 (ppm),0,0,N/A,Method,True,False,N/A,N/A,N/A,,,Pass,N/A,N/A,N/A,N/A,Confirmed,N/A,N/A,N/A,N/A,,,,,,,,1916.56,N/A,74204489.50,,
trans-urocanate,7,Target Compound,20240709_QE2_HILIC_BCSCuAOXq2d_AYW1138,9,Processed,T1,3C,Unknown,,B:B1,,,5602452,52921623,7.06,0.06,C6H6N2O2,M+H,N/A,N/A,N/A,N/A,139.05,139.0503,1.9972 (ppm),0,0,N/A,Method,True,False,N/A,N/A,N/A,,,Pass,N/A,N/A,N/A,N/A,Confirmed,N/A,N/A,N/A,N/A,,,,,,,,3198.47,N/A,74204489.50,,
trans-urocanate,7,Target Compound,20240709_QE2_HILIC_BCSCuAOXq2d_AYW1139,10,Processed,T1,4BC,Unknown,,B:B2,,,3851961,43902586,7.18,0.18,C6H6N2O2,M+H,N/A,N/A,N/A,N/A,139.05,139.0502,1.7777 (ppm),0,0,N/A,Method,True,False,N/A,N/A,N/A,,,Pass,N/A,N/A,N/A,N/A,Confirmed,N/A,N/A,N/A,N/A,,,,,,,,602.23,N/A,48280081.11,N/A,
trans-urocanate,7,Target Compound,20240709_QE2_HILIC_BCSCuAOXq2d_AYW1140,11,Processed,T1,4BC,Unknown,,B:B3,,,3600344,38506199,7.16,0.16,C6H6N2O2,M+H,N/A,N/A,N/A,N/A,139.05,139.0502,1.5583 (ppm),0,0,N/A,Method,True,False,N/A,N/A,N/A,,,Pass,N/A,N/A,N/A,N/A,Confirmed,N/A,N/A,N/A,N/A,,,,,,,,1254.24,N/A,48280081.11,,
trans-urocanate,7,Target Compound,20240709_QE2_HILIC_BCSCuAOXq2d_AYW1141,12,Processed,T1,4BC,Unknown,,B:B4,,,5833594,62431458,7.21,0.21,C6H6N2O2,M+H,N/A,N/A,N/A,N/A,139.05,139.0503,2.3264 (ppm),0,0,N/A,Method,True,False,N/A,N/A,N/A,,,Pass,N/A,N/A,N/A,N/A,Confirmed,N/A,N/A,N/A,N/A,,,,,,,,751.25,N/A,48280081.11,,
trans-urocanate,7,Target Compound,20240709_QE2_HILIC_BCSCuAOXq2d_AYW1142,13,Processed,T1,5RV,Unknown,,B:B5,,,2157582,28835413,7.25,0.25,C6H6N2O2,M+H,N/A,N/A,N/A,N/A,139.05,139.0503,2.3264 (ppm),0,0,N/A,Method,True,False,N/A,N/A,N/A,,,Pass,N/A,N/A,N/A,N/A,Confirmed,N/A,N/A,N/A,N/A,,,,,,,,533.80,N/A,35378409.71,N/A,
trans-urocanate,7,Target Compound,20240709_QE2_HILIC_BCSCuAOXq2d_AYW1143,14,Processed,T1,5RV,Unknown,,B:B6,,,4845449,54564145,7.17,0.17,C6H6N2O2,M+H,N/A,N/A,N/A,N/A,139.05,139.0503,2.4361 (ppm),0,0,N/A,Method,True,False,N/A,N/A,N/A,,,Pass,N/A,N/A,N/A,N/A,Confirmed,N/A,N/A,N/A,N/A,,,,,,,,1045.10,N/A,35378409.71,,
trans-urocanate,7,Target Compound,20240709_QE2_HILIC_BCSCuAOXq2d_AYW1144,15,Processed,T1,5RV,Unknown,,B:B7,,,1791061,22735671,7.23,0.23,C6H6N2O2,M+H,N/A,N/A,N/A,N/A,139.05,139.0503,2.4361 (ppm),0,0,N/A,Method,True,False,N/A,N/A,N/A,,,Pass,N/A,N/A,N/A,N/A,Confirmed,N/A,N/A,N/A,N/A,,,,,,,,476.08,N/A,35378409.71,,
trans-urocanate,7,Target Compound,20240709_QE2_HILIC_BCSCuAOXq2d_AYW1145,16,Processed,T1,6RB,Unknown,,B:B8,,,3338389,34679715,7.15,0.15,C6H6N2O2,M+H,N/A,N/A,N/A,N/A,139.05,139.0503,2.3264 (ppm),0,0,N/A,Method,True,False,N/A,N/A,N/A,,,Pass,N/A,N/A,N/A,N/A,Confirmed,N/A,N/A,N/A,N/A,,,,,,,,1360.63,N/A,31715136.98,,
trans-urocanate,7,Target Compound,20240709_QE2_HILIC_BCSCuAOXq2d_AYW1146,17,Processed,T1,6RB,Unknown,,B:B9,,,2391270,29785149,7.24,0.24,C6H6N2O2,M+H,N/A,N/A,N/A,N/A,139.05,139.0503,2.4361 (ppm),0,0,N/A,Method,True,False,N/A,N/A,N/A,,,Pass,N/A,N/A,N/A,N/A,Confirmed,N/A,N/A,N/A,N/A,,,,,,,,699.61,N/A,31715136.98,,
trans-urocanate,7,Target Compound,20240709_QE2_HILIC_BCSCuAOXq2d_AYW1147,18,Processed,T1,6RB,Unknown,,B:C1,,,2913825,30680547,7.19,0.19,C6H6N2O2,M+H,N/A,N/A,N/A,N/A,139.05,139.0503,2.1069 (ppm),0,0,N/A,Method,True,False,N/A,N/A,N/A,,,Pass,N/A,N/A,N/A,N/A,Confirmed,N/A,N/A,N/A,N/A,,,,,,,,1021.78,N/A,31715136.98,,
trans-urocanate,7,Target Compound,20240709_QE2_HILIC_BCSCuAOXq2d_AYW1148,19,Processed,T1,7RV,Unknown,,B:C2,,,5359757,55543483,7.17,0.17,C6H6N2O2,M+H,N/A,N/A,N/A,N/A,139.05,139.0503,1.9972 (ppm),0,0,N/A,Method,True,False,N/A,N/A,N/A,,,Pass,N/A,N/A,N/A,N/A,Confirmed,N/A,N/A,N/A,N/A,,,,,,,,2112.47,N/A,61251410.94,,
trans-urocanate,7,Target Compound,20240709_QE2_HILIC_BCSCuAOXq2d_AYW1149,20,Processed,T1,7RV,Unknown,,B:C3,,,6600195,62111358,7.15,0.15,C6H6N2O2,M+H,N/A,N/A,N/A,N/A,139.05,139.0502,1.5583 (ppm),0,0,N/A,Method,True,False,N/A,N/A,N/A,,,Pass,N/A,N/A,N/A,N/A,Confirmed,N/A,N/A,N/A,N/A,,,,,,,,1439.65,N/A,61251410.94,,
trans-urocanate,7,Target Compound,20240709_QE2_HILIC_BCSCuAOXq2d_AYW1150,21,Processed,T1,7RV,Unknown,,B:C4,,,7827628,66099392,7.15,0.15,C6H6N2O2,M+H,N/A,N/A,N/A,N/A,139.05,139.0503,2.2167 (ppm),0,0,N/A,Method,True,False,N/A,N/A,N/A,,,Pass,N/A,N/A,N/A,N/A,Confirmed,N/A,N/A,N/A,N/A,,,,,,,,2157.72,N/A,61251410.94,,
trans-urocanate,7,Target Compound,20240709_QE2_HILIC_BCSCuAOXq2d_AYW1151,22,Processed,T1,8RB,Unknown,,B:C5,,,2624400,34404253,7.2,0.20,C6H6N2O2,M+H,N/A,N/A,N/A,N/A,139.05,139.0503,2.2167 (ppm),0,0,N/A,Method,True,False,N/A,N/A,N/A,,,Pass,N/A,N/A,N/A,N/A,Confirmed,N/A,N/A,N/A,N/A,,,,,,,,1394.42,N/A,28252071.89,,
trans-urocanate,7,Target Compound,20240709_QE2_HILIC_BCSCuAOXq2d_AYW1152,23,Processed,T1,8RB,Unknown,,B:C6,,,1758612,20695077,7.22,0.22,C6H6N2O2,M+H,N/A,N/A,N/A,N/A,139.05,139.0503,1.9972 (ppm),0,0,N/A,Method,True,False,N/A,N/A,N/A,,,Pass,N/A,N/A,N/A,N/A,Confirmed,N/A,N/A,N/A,N/A,,,,,,,,370.02,N/A,28252071.89,,
trans-urocanate,7,Target Compound,20240709_QE2_HILIC_BCSCuAOXq2d_AYW1153,24,Processed,T1,8RB,Unknown,,B:C7,,,2164557,29656886,7.24,0.24,C6H6N2O2,M+H,N/A,N/A,N/A,N/A,139.05,139.0502,1.7777 (ppm),0,0,N/A,Method,True,False,N/A,N/A,N/A,,,Pass,N/A,N/A,N/A,N/A,Confirmed,N/A,N/A,N/A,N/A,,,,,,,,745.74,N/A,28252071.89,,
trans-urocanate,7,Target Compound,20240709_QE2_HILIC_BCSCuAOXq2d_AYW1154_pool1xa,25,Processed,T1,pool1x,Unknown,,B:C8,,,5409055,51416241,7.14,0.14,C6H6N2O2,M+H,N/A,N/A,N/A,N/A,139.05,139.0503,2.4361 (ppm),0,0,N/A,Method,True,False,N/A,N/A,N/A,,,Pass,N/A,N/A,N/A,N/A,Confirmed,N/A,N/A,N/A,N/A,,,,,,,,949.09,N/A,48813800.04,,
trans-urocanate,7,Target Compound,20240709_QE2_HILIC_BCSCuAOXq2d_AYW1154_pool1xb,26,Processed,T1,pool1x,Unknown,,B:C8,,,5335917,53908131,7.18,0.18,C6H6N2O2,M+H,N/A,N/A,N/A,N/A,139.05,139.0502,1.7777 (ppm),0,0,N/A,Method,True,False,N/A,N/A,N/A,,,Pass,N/A,N/A,N/A,N/A,Confirmed,N/A,N/A,N/A,N/A,,,,,,,,700.15,N/A,48813800.04,,
trans-urocanate,7,Target Compound,20240709_QE2_HILIC_BCSCuAOXq2d_AYW1154_pool1xc,27,Processed,T1,pool1x,Unknown,,B:C8,,,4369611,46943047,7.17,0.17,C6H6N2O2,M+H,N/A,N/A,N/A,N/A,139.05,139.0503,2.2167 (ppm),0,0,N/A,Method,True,False,N/A,N/A,N/A,,,Pass,N/A,N/A,N/A,N/A,Confirmed,N/A,N/A,N/A,N/A,,,,,,,,1911.41,N/A,48813800.04,,
trans-urocanate,7,Target Compound,20240709_QE2_HILIC_BCSCuAOXq2d_AYW1154_pool1xd,28,Processed,T1,pool1x,Unknown,,B:C8,,,4157421,42987781,7.15,0.15,C6H6N2O2,M+H,N/A,N/A,N/A,N/A,139.05,139.0502,1.7777 (ppm),0,0,N/A,Method,True,False,N/A,N/A,N/A,,,Pass,N/A,N/A,N/A,N/A,Confirmed,N/A,N/A,N/A,N/A,,,,,,,,2145.55,N/A,48813800.04,,
trans-urocanate,7,Target Compound,20240709_QE2_HILIC_BCSCuAOXq2d_AYW1155_pool033xa,29,Processed,T1,pool033x,Unknown,,B:C9,,,2787784,56078254,6.72,-0.28,C6H6N2O2,M+H,N/A,N/A,N/A,N/A,139.05,139.0503,2.3264 (ppm),0,0,N/A,Method,True,False,N/A,N/A,N/A,,,Pass,N/A,N/A,N/A,N/A,Confirmed,N/A,N/A,N/A,N/A,,,,,,,,1260.83,N/A,48904212.50,,
trans-urocanate,7,Target Compound,20240709_QE2_HILIC_BCSCuAOXq2d_AYW1155_pool033xb,30,Processed,T1,pool033x,Unknown,,B:C9,,,2626955,56264110,6.82,-0.18,C6H6N2O2,M+H,N/A,N/A,N/A,N/A,139.05,139.0503,1.8875 (ppm),0,0,N/A,Method,True,False,N/A,N/A,N/A,,,Pass,N/A,N/A,N/A,N/A,Confirmed,N/A,N/A,N/A,N/A,,,,,,,,2208.16,N/A,48904212.50,,
trans-urocanate,7,Target Compound,20240709_QE2_HILIC_BCSCuAOXq2d_AYW1155_pool033xc,31,Processed,T1,pool033x,Unknown,,B:C9,,,2079485,42747799,6.75,-0.25,C6H6N2O2,M+H,N/A,N/A,N/A,N/A,139.05,139.0504,2.7653 (ppm),0,0,N/A,Method,True,False,N/A,N/A,N/A,,,Pass,N/A,N/A,N/A,N/A,Confirmed,N/A,N/A,N/A,N/A,,,,,,,,957.22,N/A,48904212.50,,
trans-urocanate,7,Target Compound,20240709_QE2_HILIC_BCSCuAOXq2d_AYW1155_pool033xd,32,Processed,T1,pool033x,Unknown,,B:C9,,,1938329,40526687,6.74,-0.26,C6H6N2O2,M+H,N/A,N/A,N/A,N/A,139.05,139.0504,2.7653 (ppm),0,0,N/A,Method,True,False,N/A,N/A,N/A,,,Pass,N/A,N/A,N/A,N/A,Confirmed,N/A,N/A,N/A,N/A,,,,,,,,1241.17,N/A,48904212.50,,
trans-urocanate,7,Target Compound,20240709_QE2_HILIC_BCSCuAOXq2d_AYW1156_pool01xa,33,Processed,T1,pool01x,Unknown,,B:D1,,,716213,17087778,6.69,-0.31,C6H6N2O2,M+H,N/A,N/A,N/A,N/A,139.05,139.0503,2.1069 (ppm),0,0,N/A,Method,True,False,N/A,N/A,N/A,,,Pass,N/A,N/A,N/A,N/A,Confirmed,N/A,N/A,N/A,N/A,,,,,,,,293.86,N/A,16596825.26,,
trans-urocanate,7,Target Compound,20240709_QE2_HILIC_BCSCuAOXq2d_AYW1156_pool01xb,34,Processed,T1,pool01x,Unknown,,B:D1,,,791993,20843145,6.73,-0.27,C6H6N2O2,M+H,N/A,N/A,N/A,N/A,139.05,139.0502,1.7777 (ppm),0,0,N/A,Method,True,False,N/A,N/A,N/A,,,Pass,N/A,N/A,N/A,N/A,Confirmed,N/A,N/A,N/A,N/A,,,,,,,,297.30,N/A,16596825.26,,
trans-urocanate,7,Target Compound,20240709_QE2_HILIC_BCSCuAOXq2d_AYW1156_pool01xc,35,Processed,T1,pool01x,Unknown,,B:D1,,,635647,15792199,6.67,-0.33,C6H6N2O2,M+H,N/A,N/A,N/A,N/A,139.05,139.0503,2.4361 (ppm),0,0,N/A,Manual,True,False,N/A,N/A,N/A,,,Pass,N/A,N/A,N/A,N/A,Confirmed,N/A,N/A,N/A,N/A,,,,,,,,134.91,N/A,16596825.26,,
trans-urocanate,7,Target Compound,20240709_QE2_HILIC_BCSCuAOXq2d_AYW1156_pool01xd,36,Processed,T1,pool01x,Unknown,,B:D1,,,564383,12664179,6.65,-0.35,C6H6N2O2,M+H,N/A,N/A,N/A,N/A,139.05,139.0502,1.6680 (ppm),0,0,N/A,Manual,True,False,N/A,N/A,N/A,,,Pass,N/A,N/A,N/A,N/A,Confirmed,N/A,N/A,N/A,N/A,,,,,,,,153.52,N/A,16596825.26,,
trans-urocanate,7,Target Compound,20240709_QE2_HILIC_BCSCuAOXq2d_blank1,37,Processed,T1,,Unknown,,B:A1,,,N/F,N/F,N/F,N/F,C6H6N2O2,N/A,N/F,N/A,N/F,N/A,139.05,N/F,N/F,N/F,0,N/A,Method,True,False,N/A,N/A,N/A,,,Fail,N/A,N/A,N/A,N/A,NotFound,N/A,N/A,N/A,N/A,,,,,,,,N/A,N/A,281165.27,,
trans-urocanate,7,Target Compound,20240709_QE2_HILIC_BCSCuAOXq2d_blank1_20240710111342,38,Processed,T1,,Unknown,,B:A1,,,49359,1204871,6.7,-0.30,C6H6N2O2,M+H,N/A,N/A,N/A,N/A,139.05,139.0503,2.2167 (ppm),0,0,N/A,Method,True,False,N/A,N/A,N/A,,,Pass,N/A,N/A,N/A,N/A,Confirmed,N/A,N/A,N/A,N/A,,,,,,,,21.59,N/A,281165.27,,
trans-urocanate,7,Target Compound,20240709_QE2_HILIC_BCSCuAOXq2d_blank1_20240710231833,39,Processed,T1,,Unknown,,B:A1,,,N/F,N/F,N/F,N/F,C6H6N2O2,N/A,N/F,N/A,N/F,N/A,139.05,N/F,N/F,N/F,0,N/A,Method,True,False,N/A,N/A,N/A,,,Fail,N/A,N/A,N/A,N/A,NotFound,N/A,N/A,N/A,N/A,,,,,,,,N/A,N/A,281165.27,,
trans-urocanate,7,Target Compound,20240709_QE2_HILIC_BCSCuAOXq2d_blank2,40,Processed,T1,,Unknown,,B:A1,,,N/F,N/F,N/F,N/F,C6H6N2O2,N/A,N/F,N/A,N/F,N/A,139.05,N/F,N/F,N/F,0,N/A,Method,True,False,N/A,N/A,N/A,,,Fail,N/A,N/A,N/A,N/A,NotFound,N/A,N/A,N/A,N/A,,,,,,,,N/A,N/A,281165.27,,
trans-urocanate,7,Target Compound,20240709_QE2_HILIC_BCSCuAOXq2d_blank2_20240710115054,41,Processed,T1,,Unknown,,B:A1,,,36996,482121,6.68,-0.32,C6H6N2O2,M+H,N/A,N/A,N/A,N/A,139.05,139.0504,2.8751 (ppm),0,0,N/A,Method,True,False,N/A,N/A,N/A,,,Pass,N/A,N/A,N/A,N/A,Confirmed,N/A,N/A,N/A,N/A,,,,,,,,21.25,N/A,281165.27,,
trans-urocanate,7,Target Compound,20240709_QE2_HILIC_BCSCuAOXq2d_blank2_20240710235116,42,Processed,T1,,Unknown,,B:A1,,,N/F,N/F,N/F,N/F,C6H6N2O2,N/A,N/F,N/A,N/F,N/A,139.05,N/F,N/F,N/F,0,N/A,Method,True,False,N/A,N/A,N/A,,,Fail,N/A,N/A,N/A,N/A,NotFound,N/A,N/A,N/A,N/A,,,,,,,,N/A,N/A,281165.27,,
