﻿Compound,RT,Type,Filename,Batch Order,Status,Peak Label,Group,Sample Type,Level,Sample ID,Sample Name,Comments,Height,Area,Actual RT,RT Delta,Formula,Adduct,Calculated Amt,Theoretical Amt,Sample Amt,Std Add Amount,m/z (Expected),m/z (Apex),m/z (Delta),Response Ratio,ISTD Amt,ISTD Response,Integration Mode,Active,Excluded,%Diff,%RSD,% CV,Channel,Final Units,PK,IR,IP,LS,FI,Confirm,Isotopic Pattern Score (%),Num Isotopes Matched,Lib Match Name,Library Score (%),Library Match Rank,SI/Dot Product,RSI/Rev Dot,Modification,Protein Name,Peptide Sequence,Ion Type,S/N,Ion Ratio,Group Average,Relative RT,Flag Details
dihydroxyacetone_phosphate,10.44,Target Compound,20240709_QE2_HILIC_BCSCuAOXq2d_AYW1130,1,Processed,T1,1V,Unknown,,B:A2,,,102553,809242,10.25,-0.19,C3H7O6P,M-H,N/A,N/A,N/A,N/A,168.9908,168.9909,.3550 (ppm),0,0,N/A,Method,True,False,N/A,N/A,N/A,,,Pass,N/A,N/A,N/A,N/A,Confirmed,N/A,N/A,N/A,N/A,,,,,,,,INF,N/A,687688.54,,
dihydroxyacetone_phosphate,10.44,Target Compound,20240709_QE2_HILIC_BCSCuAOXq2d_AYW1131,2,Processed,T1,1V,Unknown,,B:A3,,,101984,729046,10.26,-0.18,C3H7O6P,M-H,N/A,N/A,N/A,N/A,168.9908,168.991,.9870 (ppm),0,0,N/A,Method,True,False,N/A,N/A,N/A,,,Pass,N/A,N/A,N/A,N/A,Confirmed,N/A,N/A,N/A,N/A,,,,,,,,INF,N/A,687688.54,,
dihydroxyacetone_phosphate,10.44,Target Compound,20240709_QE2_HILIC_BCSCuAOXq2d_AYW1132,3,Processed,T1,1V,Unknown,,B:A4,,,66069,524778,10.31,-0.13,C3H7O6P,M-H,N/A,N/A,N/A,N/A,168.9908,168.9911,1.5288 (ppm),0,0,N/A,Method,True,False,N/A,N/A,N/A,,,Pass,N/A,N/A,N/A,N/A,Confirmed,N/A,N/A,N/A,N/A,,,,,,,,INF,N/A,687688.54,,
dihydroxyacetone_phosphate,10.44,Target Compound,20240709_QE2_HILIC_BCSCuAOXq2d_AYW1133,4,Processed,T1,2B,Unknown,,B:A5,,,194348,1548805,10.29,-0.15,C3H7O6P,M-H,N/A,N/A,N/A,N/A,168.9908,168.991,1.4385 (ppm),0,0,N/A,Method,True,False,N/A,N/A,N/A,,,Pass,N/A,N/A,N/A,N/A,Confirmed,N/A,N/A,N/A,N/A,,,,,,,,INF,N/A,1748903.76,,
dihydroxyacetone_phosphate,10.44,Target Compound,20240709_QE2_HILIC_BCSCuAOXq2d_AYW1134,5,Processed,T1,2B,Unknown,,B:A6,,,204466,1862380,10.29,-0.15,C3H7O6P,M-H,N/A,N/A,N/A,N/A,168.9908,168.9909,.7161 (ppm),0,0,N/A,Method,True,False,N/A,N/A,N/A,,,Pass,N/A,N/A,N/A,N/A,Confirmed,N/A,N/A,N/A,N/A,,,,,,,,INF,N/A,1748903.76,,
dihydroxyacetone_phosphate,10.44,Target Compound,20240709_QE2_HILIC_BCSCuAOXq2d_AYW1135,6,Processed,T1,2B,Unknown,,B:A7,,,187693,1835526,10.27,-0.17,C3H7O6P,M-H,N/A,N/A,N/A,N/A,168.9908,168.9907,-.7286 (ppm),0,0,N/A,Method,True,False,N/A,N/A,N/A,,,Pass,N/A,N/A,N/A,N/A,Confirmed,N/A,N/A,N/A,N/A,,,,,,,,INF,N/A,1748903.76,,
dihydroxyacetone_phosphate,10.44,Target Compound,20240709_QE2_HILIC_BCSCuAOXq2d_AYW1136,7,Processed,T1,3C,Unknown,,B:A8,,,282497,1828943,10.25,-0.19,C3H7O6P,M-H,N/A,N/A,N/A,N/A,168.9908,168.991,1.2579 (ppm),0,0,N/A,Method,True,False,N/A,N/A,N/A,,,Pass,N/A,N/A,N/A,N/A,Confirmed,N/A,N/A,N/A,N/A,,,,,,,,INF,N/A,1321506.99,,
dihydroxyacetone_phosphate,10.44,Target Compound,20240709_QE2_HILIC_BCSCuAOXq2d_AYW1137,8,Processed,T1,3C,Unknown,,B:A9,,,152366,1306665,10.29,-0.15,C3H7O6P,M-H,N/A,N/A,N/A,N/A,168.9908,168.9909,.3550 (ppm),0,0,N/A,Method,True,False,N/A,N/A,N/A,,,Pass,N/A,N/A,N/A,N/A,Confirmed,N/A,N/A,N/A,N/A,,,,,,,,INF,N/A,1321506.99,,
dihydroxyacetone_phosphate,10.44,Target Compound,20240709_QE2_HILIC_BCSCuAOXq2d_AYW1138,9,Processed,T1,3C,Unknown,,B:B1,,,92640,828913,10.27,-0.17,C3H7O6P,M-H,N/A,N/A,N/A,N/A,168.9908,168.9909,.8064 (ppm),0,0,N/A,Method,True,False,N/A,N/A,N/A,,,Pass,N/A,N/A,N/A,N/A,Confirmed,N/A,N/A,N/A,N/A,,,,,,,,INF,N/A,1321506.99,,
dihydroxyacetone_phosphate,10.44,Target Compound,20240709_QE2_HILIC_BCSCuAOXq2d_AYW1139,10,Processed,T1,4BC,Unknown,,B:B2,,,247103,1902366,10.27,-0.17,C3H7O6P,M-H,N/A,N/A,N/A,N/A,168.9908,168.9909,.3550 (ppm),0,0,N/A,Method,True,False,N/A,N/A,N/A,,,Pass,N/A,N/A,N/A,N/A,Confirmed,N/A,N/A,N/A,N/A,,,,,,,,INF,N/A,3391070.32,N/A,
dihydroxyacetone_phosphate,10.44,Target Compound,20240709_QE2_HILIC_BCSCuAOXq2d_AYW1140,11,Processed,T1,4BC,Unknown,,B:B3,,,265643,2352526,10.21,-0.23,C3H7O6P,M-H,N/A,N/A,N/A,N/A,168.9908,168.9908,.1744 (ppm),0,0,N/A,Method,True,False,N/A,N/A,N/A,,,Pass,N/A,N/A,N/A,N/A,Confirmed,N/A,N/A,N/A,N/A,,,,,,,,INF,N/A,3391070.32,,
dihydroxyacetone_phosphate,10.44,Target Compound,20240709_QE2_HILIC_BCSCuAOXq2d_AYW1141,12,Processed,T1,4BC,Unknown,,B:B4,,,669126,5918319,10.25,-0.19,C3H7O6P,M-H,N/A,N/A,N/A,N/A,168.9908,168.9908,.0841 (ppm),0,0,N/A,Method,True,False,N/A,N/A,N/A,,,Pass,N/A,N/A,N/A,N/A,Confirmed,N/A,N/A,N/A,N/A,,,,,,,,INF,N/A,3391070.32,,
dihydroxyacetone_phosphate,10.44,Target Compound,20240709_QE2_HILIC_BCSCuAOXq2d_AYW1142,13,Processed,T1,5RV,Unknown,,B:B5,,,364001,3568113,10.22,-0.22,C3H7O6P,M-H,N/A,N/A,N/A,N/A,168.9908,168.9908,.2647 (ppm),0,0,N/A,Method,True,False,N/A,N/A,N/A,,,Pass,N/A,N/A,N/A,N/A,Confirmed,N/A,N/A,N/A,N/A,,,,,,,,INF,N/A,3019033.49,N/A,
dihydroxyacetone_phosphate,10.44,Target Compound,20240709_QE2_HILIC_BCSCuAOXq2d_AYW1143,14,Processed,T1,5RV,Unknown,,B:B6,,,180339,1093470,10.25,-0.19,C3H7O6P,M-H,N/A,N/A,N/A,N/A,168.9908,168.9909,.7161 (ppm),0,0,N/A,Method,True,False,N/A,N/A,N/A,,,Pass,N/A,N/A,N/A,N/A,Confirmed,N/A,N/A,N/A,N/A,,,,,,,,INF,N/A,3019033.49,,
dihydroxyacetone_phosphate,10.44,Target Compound,20240709_QE2_HILIC_BCSCuAOXq2d_AYW1144,15,Processed,T1,5RV,Unknown,,B:B7,,,447413,4395517,10.26,-0.18,C3H7O6P,M-H,N/A,N/A,N/A,N/A,168.9908,168.991,1.0773 (ppm),0,0,N/A,Method,True,False,N/A,N/A,N/A,,,Pass,N/A,N/A,N/A,N/A,Confirmed,N/A,N/A,N/A,N/A,,,,,,,,INF,N/A,3019033.49,,
dihydroxyacetone_phosphate,10.44,Target Compound,20240709_QE2_HILIC_BCSCuAOXq2d_AYW1145,16,Processed,T1,6RB,Unknown,,B:B8,,,268845,2462712,10.23,-0.21,C3H7O6P,M-H,N/A,N/A,N/A,N/A,168.9908,168.9909,.4453 (ppm),0,0,N/A,Method,True,False,N/A,N/A,N/A,,,Pass,N/A,N/A,N/A,N/A,Confirmed,N/A,N/A,N/A,N/A,,,,,,,,INF,N/A,3256439.20,,
dihydroxyacetone_phosphate,10.44,Target Compound,20240709_QE2_HILIC_BCSCuAOXq2d_AYW1146,17,Processed,T1,6RB,Unknown,,B:B9,,,390759,3488255,10.28,-0.16,C3H7O6P,M-H,N/A,N/A,N/A,N/A,168.9908,168.9909,.8064 (ppm),0,0,N/A,Method,True,False,N/A,N/A,N/A,,,Pass,N/A,N/A,N/A,N/A,Confirmed,N/A,N/A,N/A,N/A,,,,,,,,INF,N/A,3256439.20,,
dihydroxyacetone_phosphate,10.44,Target Compound,20240709_QE2_HILIC_BCSCuAOXq2d_AYW1147,18,Processed,T1,6RB,Unknown,,B:C1,,,414920,3818351,10.28,-0.16,C3H7O6P,M-H,N/A,N/A,N/A,N/A,168.9908,168.9909,.8064 (ppm),0,0,N/A,Method,True,False,N/A,N/A,N/A,,,Pass,N/A,N/A,N/A,N/A,Confirmed,N/A,N/A,N/A,N/A,,,,,,,,INF,N/A,3256439.20,,
dihydroxyacetone_phosphate,10.44,Target Compound,20240709_QE2_HILIC_BCSCuAOXq2d_AYW1148,19,Processed,T1,7RV,Unknown,,B:C2,,,336783,3015924,10.24,-0.20,C3H7O6P,M-H,N/A,N/A,N/A,N/A,168.9908,168.991,1.0773 (ppm),0,0,N/A,Method,True,False,N/A,N/A,N/A,,,Pass,N/A,N/A,N/A,N/A,Confirmed,N/A,N/A,N/A,N/A,,,,,,,,INF,N/A,2600916.99,,
dihydroxyacetone_phosphate,10.44,Target Compound,20240709_QE2_HILIC_BCSCuAOXq2d_AYW1149,20,Processed,T1,7RV,Unknown,,B:C3,,,156896,1247450,10.24,-0.20,C3H7O6P,M-H,N/A,N/A,N/A,N/A,168.9908,168.9908,-.0965 (ppm),0,0,N/A,Method,True,False,N/A,N/A,N/A,,,Pass,N/A,N/A,N/A,N/A,Confirmed,N/A,N/A,N/A,N/A,,,,,,,,INF,N/A,2600916.99,,
dihydroxyacetone_phosphate,10.44,Target Compound,20240709_QE2_HILIC_BCSCuAOXq2d_AYW1150,21,Processed,T1,7RV,Unknown,,B:C4,,,431386,3539377,10.28,-0.16,C3H7O6P,M-H,N/A,N/A,N/A,N/A,168.9908,168.9909,.5355 (ppm),0,0,N/A,Method,True,False,N/A,N/A,N/A,,,Pass,N/A,N/A,N/A,N/A,Confirmed,N/A,N/A,N/A,N/A,,,,,,,,INF,N/A,2600916.99,,
dihydroxyacetone_phosphate,10.44,Target Compound,20240709_QE2_HILIC_BCSCuAOXq2d_AYW1151,22,Processed,T1,8RB,Unknown,,B:C5,,,1040772,10582807,10.27,-0.17,C3H7O6P,M-H,N/A,N/A,N/A,N/A,168.9908,168.991,1.3482 (ppm),0,0,N/A,Method,True,False,N/A,N/A,N/A,,,Pass,N/A,N/A,N/A,N/A,Confirmed,N/A,N/A,N/A,N/A,,,,,,,,INF,N/A,11731605.43,,
dihydroxyacetone_phosphate,10.44,Target Compound,20240709_QE2_HILIC_BCSCuAOXq2d_AYW1152,23,Processed,T1,8RB,Unknown,,B:C6,,,1057888,9443586,10.27,-0.17,C3H7O6P,M-H,N/A,N/A,N/A,N/A,168.9908,168.991,1.0773 (ppm),0,0,N/A,Method,True,False,N/A,N/A,N/A,,,Pass,N/A,N/A,N/A,N/A,Confirmed,N/A,N/A,N/A,N/A,,,,,,,,INF,N/A,11731605.43,,
dihydroxyacetone_phosphate,10.44,Target Compound,20240709_QE2_HILIC_BCSCuAOXq2d_AYW1153,24,Processed,T1,8RB,Unknown,,B:C7,,,1568269,15168423,10.27,-0.17,C3H7O6P,M-H,N/A,N/A,N/A,N/A,168.9908,168.9909,.6258 (ppm),0,0,N/A,Method,True,False,N/A,N/A,N/A,,,Pass,N/A,N/A,N/A,N/A,Confirmed,N/A,N/A,N/A,N/A,,,,,,,,INF,N/A,11731605.43,,
dihydroxyacetone_phosphate,10.44,Target Compound,20240709_QE2_HILIC_BCSCuAOXq2d_AYW1154_pool1xa,25,Processed,T1,pool1x,Unknown,,B:C8,,,327057,3267705,10.3,-0.14,C3H7O6P,M-H,N/A,N/A,N/A,N/A,168.9908,168.9908,.2647 (ppm),0,0,N/A,Method,True,False,N/A,N/A,N/A,,,Pass,N/A,N/A,N/A,N/A,Confirmed,N/A,N/A,N/A,N/A,,,,,,,,INF,N/A,3535736.11,,
dihydroxyacetone_phosphate,10.44,Target Compound,20240709_QE2_HILIC_BCSCuAOXq2d_AYW1154_pool1xb,26,Processed,T1,pool1x,Unknown,,B:C8,,,403802,3681143,10.27,-0.17,C3H7O6P,M-H,N/A,N/A,N/A,N/A,168.9908,168.9908,-.2771 (ppm),0,0,N/A,Method,True,False,N/A,N/A,N/A,,,Pass,N/A,N/A,N/A,N/A,Confirmed,N/A,N/A,N/A,N/A,,,,,,,,INF,N/A,3535736.11,,
dihydroxyacetone_phosphate,10.44,Target Compound,20240709_QE2_HILIC_BCSCuAOXq2d_AYW1154_pool1xc,27,Processed,T1,pool1x,Unknown,,B:C8,,,396497,3866562,10.28,-0.16,C3H7O6P,M-H,N/A,N/A,N/A,N/A,168.9908,168.9911,1.5288 (ppm),0,0,N/A,Method,True,False,N/A,N/A,N/A,,,Pass,N/A,N/A,N/A,N/A,Confirmed,N/A,N/A,N/A,N/A,,,,,,,,INF,N/A,3535736.11,,
dihydroxyacetone_phosphate,10.44,Target Compound,20240709_QE2_HILIC_BCSCuAOXq2d_AYW1154_pool1xd,28,Processed,T1,pool1x,Unknown,,B:C8,,,332699,3327535,10.27,-0.17,C3H7O6P,M-H,N/A,N/A,N/A,N/A,168.9908,168.991,1.1676 (ppm),0,0,N/A,Method,True,False,N/A,N/A,N/A,,,Pass,N/A,N/A,N/A,N/A,Confirmed,N/A,N/A,N/A,N/A,,,,,,,,INF,N/A,3535736.11,,
dihydroxyacetone_phosphate,10.44,Target Compound,20240709_QE2_HILIC_BCSCuAOXq2d_AYW1155_pool033xa,29,Processed,T1,pool033x,Unknown,,B:C9,,,153206,1259814,10.27,-0.17,C3H7O6P,M-H,N/A,N/A,N/A,N/A,168.9908,168.9908,-.0965 (ppm),0,0,N/A,Method,True,False,N/A,N/A,N/A,,,Pass,N/A,N/A,N/A,N/A,Confirmed,N/A,N/A,N/A,N/A,,,,,,,,INF,N/A,994984.81,,
dihydroxyacetone_phosphate,10.44,Target Compound,20240709_QE2_HILIC_BCSCuAOXq2d_AYW1155_pool033xb,30,Processed,T1,pool033x,Unknown,,B:C9,,,120977,1050587,10.27,-0.17,C3H7O6P,M-H,N/A,N/A,N/A,N/A,168.9908,168.9908,.1744 (ppm),0,0,N/A,Method,True,False,N/A,N/A,N/A,,,Pass,N/A,N/A,N/A,N/A,Confirmed,N/A,N/A,N/A,N/A,,,,,,,,INF,N/A,994984.81,,
dihydroxyacetone_phosphate,10.44,Target Compound,20240709_QE2_HILIC_BCSCuAOXq2d_AYW1155_pool033xc,31,Processed,T1,pool033x,Unknown,,B:C9,,,114198,904849,10.23,-0.21,C3H7O6P,M-H,N/A,N/A,N/A,N/A,168.9908,168.9911,2.0705 (ppm),0,0,N/A,Method,True,False,N/A,N/A,N/A,,,Pass,N/A,N/A,N/A,N/A,Confirmed,N/A,N/A,N/A,N/A,,,,,,,,INF,N/A,994984.81,,
dihydroxyacetone_phosphate,10.44,Target Compound,20240709_QE2_HILIC_BCSCuAOXq2d_AYW1155_pool033xd,32,Processed,T1,pool033x,Unknown,,B:C9,,,83689,764688,10.25,-0.19,C3H7O6P,M-H,N/A,N/A,N/A,N/A,168.9908,168.991,1.4385 (ppm),0,0,N/A,Method,True,False,N/A,N/A,N/A,,,Pass,N/A,N/A,N/A,N/A,Confirmed,N/A,N/A,N/A,N/A,,,,,,,,INF,N/A,994984.81,,
dihydroxyacetone_phosphate,10.44,Target Compound,20240709_QE2_HILIC_BCSCuAOXq2d_AYW1156_pool01xa,33,Processed,T1,pool01x,Unknown,,B:D1,,,62135,321423,10.22,-0.22,C3H7O6P,M-H,N/A,N/A,N/A,N/A,168.9908,168.9909,.4453 (ppm),0,0,N/A,Method,True,False,N/A,N/A,N/A,,,Pass,N/A,N/A,N/A,N/A,Confirmed,N/A,N/A,N/A,N/A,,,,,,,,INF,N/A,197146.03,,
dihydroxyacetone_phosphate,10.44,Target Compound,20240709_QE2_HILIC_BCSCuAOXq2d_AYW1156_pool01xb,34,Processed,T1,pool01x,Unknown,,B:D1,,,43608,270368,10.26,-0.18,C3H7O6P,M-H,N/A,N/A,N/A,N/A,168.9908,168.991,1.1676 (ppm),0,0,N/A,Method,True,False,N/A,N/A,N/A,,,Pass,N/A,N/A,N/A,N/A,Confirmed,N/A,N/A,N/A,N/A,,,,,,,,INF,N/A,197146.03,,
dihydroxyacetone_phosphate,10.44,Target Compound,20240709_QE2_HILIC_BCSCuAOXq2d_AYW1156_pool01xc,35,Processed,T1,pool01x,Unknown,,B:D1,,,35711,196793,10.28,-0.16,C3H7O6P,M-H,N/A,N/A,N/A,N/A,168.9908,168.9911,1.7094 (ppm),0,0,N/A,Method,True,False,N/A,N/A,N/A,,,Pass,N/A,N/A,N/A,N/A,Confirmed,N/A,N/A,N/A,N/A,,,,,,,,INF,N/A,197146.03,,
dihydroxyacetone_phosphate,10.44,Target Compound,20240709_QE2_HILIC_BCSCuAOXq2d_AYW1156_pool01xd,36,Processed,T1,pool01x,Unknown,,B:D1,,,N/F,N/F,N/F,N/F,C3H7O6P,N/A,N/F,N/A,N/F,N/A,168.9908,N/F,N/F,N/F,0,N/A,Method,True,False,N/A,N/A,N/A,,,Fail,N/A,N/A,N/A,N/A,NotFound,N/A,N/A,N/A,N/A,,,,,,,,N/A,N/A,197146.03,,
dihydroxyacetone_phosphate,10.44,Target Compound,20240709_QE2_HILIC_BCSCuAOXq2d_blank1,37,Processed,T1,,Unknown,,B:A1,,,N/F,N/F,N/F,N/F,C3H7O6P,N/A,N/F,N/A,N/F,N/A,168.9908,N/F,N/F,N/F,0,N/A,Method,True,False,N/A,N/A,N/A,,,Fail,N/A,N/A,N/A,N/A,NotFound,N/A,N/A,N/A,N/A,,,,,,,,N/A,N/A,1.00,,
dihydroxyacetone_phosphate,10.44,Target Compound,20240709_QE2_HILIC_BCSCuAOXq2d_blank1_20240710111342,38,Processed,T1,,Unknown,,B:A1,,,N/F,N/F,N/F,N/F,C3H7O6P,N/A,N/F,N/A,N/F,N/A,168.9908,N/F,N/F,N/F,0,N/A,Method,True,False,N/A,N/A,N/A,,,Fail,N/A,N/A,N/A,N/A,NotFound,N/A,N/A,N/A,N/A,,,,,,,,N/A,N/A,1.00,,
dihydroxyacetone_phosphate,10.44,Target Compound,20240709_QE2_HILIC_BCSCuAOXq2d_blank1_20240710231833,39,Processed,T1,,Unknown,,B:A1,,,N/F,N/F,N/F,N/F,C3H7O6P,N/A,N/F,N/A,N/F,N/A,168.9908,N/F,N/F,N/F,0,N/A,Method,True,False,N/A,N/A,N/A,,,Fail,N/A,N/A,N/A,N/A,NotFound,N/A,N/A,N/A,N/A,,,,,,,,N/A,N/A,1.00,,
dihydroxyacetone_phosphate,10.44,Target Compound,20240709_QE2_HILIC_BCSCuAOXq2d_blank2,40,Processed,T1,,Unknown,,B:A1,,,N/F,N/F,N/F,N/F,C3H7O6P,N/A,N/F,N/A,N/F,N/A,168.9908,N/F,N/F,N/F,0,N/A,Method,True,False,N/A,N/A,N/A,,,Fail,N/A,N/A,N/A,N/A,NotFound,N/A,N/A,N/A,N/A,,,,,,,,N/A,N/A,1.00,,
dihydroxyacetone_phosphate,10.44,Target Compound,20240709_QE2_HILIC_BCSCuAOXq2d_blank2_20240710115054,41,Processed,T1,,Unknown,,B:A1,,,N/F,N/F,N/F,N/F,C3H7O6P,N/A,N/F,N/A,N/F,N/A,168.9908,N/F,N/F,N/F,0,N/A,Method,True,False,N/A,N/A,N/A,,,Fail,N/A,N/A,N/A,N/A,NotFound,N/A,N/A,N/A,N/A,,,,,,,,N/A,N/A,1.00,,
dihydroxyacetone_phosphate,10.44,Target Compound,20240709_QE2_HILIC_BCSCuAOXq2d_blank2_20240710235116,42,Processed,T1,,Unknown,,B:A1,,,N/F,N/F,N/F,N/F,C3H7O6P,N/A,N/F,N/A,N/F,N/A,168.9908,N/F,N/F,N/F,0,N/A,Method,True,False,N/A,N/A,N/A,,,Fail,N/A,N/A,N/A,N/A,NotFound,N/A,N/A,N/A,N/A,,,,,,,,N/A,N/A,1.00,,
