﻿Compound,RT,Type,Filename,Batch Order,Status,Peak Label,Group,Sample Type,Level,Sample ID,Sample Name,Comments,Height,Area,Actual RT,RT Delta,Formula,Adduct,Calculated Amt,Theoretical Amt,Sample Amt,Std Add Amount,m/z (Expected),m/z (Apex),m/z (Delta),Response Ratio,ISTD Amt,ISTD Response,Integration Mode,Active,Excluded,%Diff,%RSD,% CV,Channel,Final Units,PK,IR,IP,LS,FI,Confirm,Isotopic Pattern Score (%),Num Isotopes Matched,Lib Match Name,Library Score (%),Library Match Rank,SI/Dot Product,RSI/Rev Dot,Modification,Protein Name,Peptide Sequence,Ion Type,S/N,Ion Ratio,Group Average,Relative RT,Flag Details
creatinine,4.86,Target Compound,20240709_QE2_HILIC_BCSCuAOXq2d_AYW1130,1,Processed,T1,1V,Unknown,,B:A2,,,3212232,48003873,4.64,-0.22,C4H7N3O,M+H,N/A,N/A,N/A,N/A,114.0662,114.0662,.4036 (ppm),0,0,N/A,Method,True,False,N/A,N/A,N/A,,,Pass,N/A,N/A,N/A,N/A,Confirmed,N/A,N/A,N/A,N/A,,,,,,,,167.64,N/A,49568643.23,,
creatinine,4.86,Target Compound,20240709_QE2_HILIC_BCSCuAOXq2d_AYW1131,2,Processed,T1,1V,Unknown,,B:A3,,,3611400,54126084,4.6,-0.26,C4H7N3O,M+H,N/A,N/A,N/A,N/A,114.0662,114.0662,-.1315 (ppm),0,0,N/A,Method,True,False,N/A,N/A,N/A,,,Pass,N/A,N/A,N/A,N/A,Confirmed,N/A,N/A,N/A,N/A,,,,,,,,673.29,N/A,49568643.23,,
creatinine,4.86,Target Compound,20240709_QE2_HILIC_BCSCuAOXq2d_AYW1132,3,Processed,T1,1V,Unknown,,B:A4,,,3191918,46575973,4.6,-0.26,C4H7N3O,M+H,N/A,N/A,N/A,N/A,114.0662,114.0662,-.1984 (ppm),0,0,N/A,Method,True,False,N/A,N/A,N/A,,,Pass,N/A,N/A,N/A,N/A,Confirmed,N/A,N/A,N/A,N/A,,,,,,,,296.51,N/A,49568643.23,,
creatinine,4.86,Target Compound,20240709_QE2_HILIC_BCSCuAOXq2d_AYW1133,4,Processed,T1,2B,Unknown,,B:A5,,,3266362,48555016,4.61,-0.25,C4H7N3O,M+H,N/A,N/A,N/A,N/A,114.0662,114.0662,-.1315 (ppm),0,0,N/A,Method,True,False,N/A,N/A,N/A,,,Pass,N/A,N/A,N/A,N/A,Confirmed,N/A,N/A,N/A,N/A,,,,,,,,287.57,N/A,73966198.37,,
creatinine,4.86,Target Compound,20240709_QE2_HILIC_BCSCuAOXq2d_AYW1134,5,Processed,T1,2B,Unknown,,B:A6,,,6363827,100828735,4.6,-0.26,C4H7N3O,M+H,N/A,N/A,N/A,N/A,114.0662,114.0661,-.4660 (ppm),0,0,N/A,Method,True,False,N/A,N/A,N/A,,,Pass,N/A,N/A,N/A,N/A,Confirmed,N/A,N/A,N/A,N/A,,,,,,,,2634.21,N/A,73966198.37,,
creatinine,4.86,Target Compound,20240709_QE2_HILIC_BCSCuAOXq2d_AYW1135,6,Processed,T1,2B,Unknown,,B:A7,,,5082115,72514844,4.58,-0.28,C4H7N3O,M+H,N/A,N/A,N/A,N/A,114.0662,114.0662,-.1984 (ppm),0,0,N/A,Method,True,False,N/A,N/A,N/A,,,Pass,N/A,N/A,N/A,N/A,Confirmed,N/A,N/A,N/A,N/A,,,,,,,,677.16,N/A,73966198.37,,
creatinine,4.86,Target Compound,20240709_QE2_HILIC_BCSCuAOXq2d_AYW1136,7,Processed,T1,3C,Unknown,,B:A8,,,4734992,73119343,4.61,-0.25,C4H7N3O,M+H,N/A,N/A,N/A,N/A,114.0662,114.0662,-.1984 (ppm),0,0,N/A,Method,True,False,N/A,N/A,N/A,,,Pass,N/A,N/A,N/A,N/A,Confirmed,N/A,N/A,N/A,N/A,,,,,,,,578.02,N/A,58665327.49,,
creatinine,4.86,Target Compound,20240709_QE2_HILIC_BCSCuAOXq2d_AYW1137,8,Processed,T1,3C,Unknown,,B:A9,,,4459155,69708492,4.6,-0.26,C4H7N3O,M+H,N/A,N/A,N/A,N/A,114.0662,114.0662,-.1984 (ppm),0,0,N/A,Method,True,False,N/A,N/A,N/A,,,Pass,N/A,N/A,N/A,N/A,Confirmed,N/A,N/A,N/A,N/A,,,,,,,,299.34,N/A,58665327.49,,
creatinine,4.86,Target Compound,20240709_QE2_HILIC_BCSCuAOXq2d_AYW1138,9,Processed,T1,3C,Unknown,,B:B1,,,2522338,33168148,4.63,-0.23,C4H7N3O,M+H,N/A,N/A,N/A,N/A,114.0662,114.0662,.0022 (ppm),0,0,N/A,Method,True,False,N/A,N/A,N/A,,,Pass,N/A,N/A,N/A,N/A,Confirmed,N/A,N/A,N/A,N/A,,,,,,,,245.25,N/A,58665327.49,,
creatinine,4.86,Target Compound,20240709_QE2_HILIC_BCSCuAOXq2d_AYW1139,10,Processed,T1,4BC,Unknown,,B:B2,,,3489194,56234355,4.57,-0.29,C4H7N3O,M+H,N/A,N/A,N/A,N/A,114.0662,114.0662,.0022 (ppm),0,0,N/A,Method,True,False,N/A,N/A,N/A,,,Pass,N/A,N/A,N/A,N/A,Confirmed,N/A,N/A,N/A,N/A,,,,,,,,233.91,N/A,53527821.89,N/A,
creatinine,4.86,Target Compound,20240709_QE2_HILIC_BCSCuAOXq2d_AYW1140,11,Processed,T1,4BC,Unknown,,B:B3,,,2857120,47243609,4.63,-0.23,C4H7N3O,M+H,N/A,N/A,N/A,N/A,114.0662,114.0662,-.3322 (ppm),0,0,N/A,Method,True,False,N/A,N/A,N/A,,,Pass,N/A,N/A,N/A,N/A,Confirmed,N/A,N/A,N/A,N/A,,,,,,,,313.68,N/A,53527821.89,,
creatinine,4.86,Target Compound,20240709_QE2_HILIC_BCSCuAOXq2d_AYW1141,12,Processed,T1,4BC,Unknown,,B:B4,,,3593780,57105502,4.62,-0.24,C4H7N3O,M+H,N/A,N/A,N/A,N/A,114.0662,114.0662,-.1984 (ppm),0,0,N/A,Method,True,False,N/A,N/A,N/A,,,Pass,N/A,N/A,N/A,N/A,Confirmed,N/A,N/A,N/A,N/A,,,,,,,,244.16,N/A,53527821.89,,
creatinine,4.86,Target Compound,20240709_QE2_HILIC_BCSCuAOXq2d_AYW1142,13,Processed,T1,5RV,Unknown,,B:B5,,,3637398,57495563,4.63,-0.23,C4H7N3O,M+H,N/A,N/A,N/A,N/A,114.0662,114.0662,.1360 (ppm),0,0,N/A,Method,True,False,N/A,N/A,N/A,,,Pass,N/A,N/A,N/A,N/A,Confirmed,N/A,N/A,N/A,N/A,,,,,,,,260.09,N/A,59541470.35,N/A,
creatinine,4.86,Target Compound,20240709_QE2_HILIC_BCSCuAOXq2d_AYW1143,14,Processed,T1,5RV,Unknown,,B:B6,,,4266877,67668890,4.58,-0.28,C4H7N3O,M+H,N/A,N/A,N/A,N/A,114.0662,114.0662,.1360 (ppm),0,0,N/A,Method,True,False,N/A,N/A,N/A,,,Pass,N/A,N/A,N/A,N/A,Confirmed,N/A,N/A,N/A,N/A,,,,,,,,1595.70,N/A,59541470.35,,
creatinine,4.86,Target Compound,20240709_QE2_HILIC_BCSCuAOXq2d_AYW1144,15,Processed,T1,5RV,Unknown,,B:B7,,,3560452,53459959,4.63,-0.23,C4H7N3O,M+H,N/A,N/A,N/A,N/A,114.0662,114.0662,.1360 (ppm),0,0,N/A,Method,True,False,N/A,N/A,N/A,,,Pass,N/A,N/A,N/A,N/A,Confirmed,N/A,N/A,N/A,N/A,,,,,,,,358.32,N/A,59541470.35,,
creatinine,4.86,Target Compound,20240709_QE2_HILIC_BCSCuAOXq2d_AYW1145,16,Processed,T1,6RB,Unknown,,B:B8,,,3504212,55338121,4.61,-0.25,C4H7N3O,M+H,N/A,N/A,N/A,N/A,114.0662,114.0662,.4036 (ppm),0,0,N/A,Method,True,False,N/A,N/A,N/A,,,Pass,N/A,N/A,N/A,N/A,Confirmed,N/A,N/A,N/A,N/A,,,,,,,,271.71,N/A,47420898.11,,
creatinine,4.86,Target Compound,20240709_QE2_HILIC_BCSCuAOXq2d_AYW1146,17,Processed,T1,6RB,Unknown,,B:B9,,,2588779,40008271,4.59,-0.27,C4H7N3O,M+H,N/A,N/A,N/A,N/A,114.0662,114.0662,-.1315 (ppm),0,0,N/A,Method,True,False,N/A,N/A,N/A,,,Pass,N/A,N/A,N/A,N/A,Confirmed,N/A,N/A,N/A,N/A,,,,,,,,297.02,N/A,47420898.11,,
creatinine,4.86,Target Compound,20240709_QE2_HILIC_BCSCuAOXq2d_AYW1147,18,Processed,T1,6RB,Unknown,,B:C1,,,3189881,46916303,4.59,-0.27,C4H7N3O,M+H,N/A,N/A,N/A,N/A,114.0662,114.0662,.4036 (ppm),0,0,N/A,Method,True,False,N/A,N/A,N/A,,,Pass,N/A,N/A,N/A,N/A,Confirmed,N/A,N/A,N/A,N/A,,,,,,,,248.89,N/A,47420898.11,,
creatinine,4.86,Target Compound,20240709_QE2_HILIC_BCSCuAOXq2d_AYW1148,19,Processed,T1,7RV,Unknown,,B:C2,,,3395298,51717302,4.61,-0.25,C4H7N3O,M+H,N/A,N/A,N/A,N/A,114.0662,114.0662,-.0646 (ppm),0,0,N/A,Method,True,False,N/A,N/A,N/A,,,Pass,N/A,N/A,N/A,N/A,Confirmed,N/A,N/A,N/A,N/A,,,,,,,,764.68,N/A,59422279.26,,
creatinine,4.86,Target Compound,20240709_QE2_HILIC_BCSCuAOXq2d_AYW1149,20,Processed,T1,7RV,Unknown,,B:C3,,,4454036,66439494,4.61,-0.25,C4H7N3O,M+H,N/A,N/A,N/A,N/A,114.0662,114.0661,-.4660 (ppm),0,0,N/A,Method,True,False,N/A,N/A,N/A,,,Pass,N/A,N/A,N/A,N/A,Confirmed,N/A,N/A,N/A,N/A,,,,,,,,422.64,N/A,59422279.26,,
creatinine,4.86,Target Compound,20240709_QE2_HILIC_BCSCuAOXq2d_AYW1150,21,Processed,T1,7RV,Unknown,,B:C4,,,3683447,60110042,4.58,-0.28,C4H7N3O,M+H,N/A,N/A,N/A,N/A,114.0662,114.0662,.1360 (ppm),0,0,N/A,Method,True,False,N/A,N/A,N/A,,,Pass,N/A,N/A,N/A,N/A,Confirmed,N/A,N/A,N/A,N/A,,,,,,,,1049.21,N/A,59422279.26,,
creatinine,4.86,Target Compound,20240709_QE2_HILIC_BCSCuAOXq2d_AYW1151,22,Processed,T1,8RB,Unknown,,B:C5,,,4373008,67471955,4.59,-0.27,C4H7N3O,M+H,N/A,N/A,N/A,N/A,114.0662,114.0663,.6042 (ppm),0,0,N/A,Method,True,False,N/A,N/A,N/A,,,Pass,N/A,N/A,N/A,N/A,Confirmed,N/A,N/A,N/A,N/A,,,,,,,,293.86,N/A,65734988.32,,
creatinine,4.86,Target Compound,20240709_QE2_HILIC_BCSCuAOXq2d_AYW1152,23,Processed,T1,8RB,Unknown,,B:C6,,,3481684,53546850,4.61,-0.25,C4H7N3O,M+H,N/A,N/A,N/A,N/A,114.0662,114.0662,-.1315 (ppm),0,0,N/A,Method,True,False,N/A,N/A,N/A,,,Pass,N/A,N/A,N/A,N/A,Confirmed,N/A,N/A,N/A,N/A,,,,,,,,1087.81,N/A,65734988.32,,
creatinine,4.86,Target Compound,20240709_QE2_HILIC_BCSCuAOXq2d_AYW1153,24,Processed,T1,8RB,Unknown,,B:C7,,,4852713,76186159,4.58,-0.28,C4H7N3O,M+H,N/A,N/A,N/A,N/A,114.0662,114.0662,-.1984 (ppm),0,0,N/A,Method,True,False,N/A,N/A,N/A,,,Pass,N/A,N/A,N/A,N/A,Confirmed,N/A,N/A,N/A,N/A,,,,,,,,488.86,N/A,65734988.32,,
creatinine,4.86,Target Compound,20240709_QE2_HILIC_BCSCuAOXq2d_AYW1154_pool1xa,25,Processed,T1,pool1x,Unknown,,B:C8,,,4577318,71746404,4.58,-0.28,C4H7N3O,M+H,N/A,N/A,N/A,N/A,114.0662,114.0662,.0691 (ppm),0,0,N/A,Method,True,False,N/A,N/A,N/A,,,Pass,N/A,N/A,N/A,N/A,Confirmed,N/A,N/A,N/A,N/A,,,,,,,,348.38,N/A,59468518.52,,
creatinine,4.86,Target Compound,20240709_QE2_HILIC_BCSCuAOXq2d_AYW1154_pool1xb,26,Processed,T1,pool1x,Unknown,,B:C8,,,4685401,62170335,4.59,-0.27,C4H7N3O,M+H,N/A,N/A,N/A,N/A,114.0662,114.0662,-.3322 (ppm),0,0,N/A,Method,True,False,N/A,N/A,N/A,,,Pass,N/A,N/A,N/A,N/A,Confirmed,N/A,N/A,N/A,N/A,,,,,,,,249.28,N/A,59468518.52,,
creatinine,4.86,Target Compound,20240709_QE2_HILIC_BCSCuAOXq2d_AYW1154_pool1xc,27,Processed,T1,pool1x,Unknown,,B:C8,,,3505009,53517461,4.62,-0.24,C4H7N3O,M+H,N/A,N/A,N/A,N/A,114.0662,114.0663,.6042 (ppm),0,0,N/A,Method,True,False,N/A,N/A,N/A,,,Pass,N/A,N/A,N/A,N/A,Confirmed,N/A,N/A,N/A,N/A,,,,,,,,164.35,N/A,59468518.52,,
creatinine,4.86,Target Compound,20240709_QE2_HILIC_BCSCuAOXq2d_AYW1154_pool1xd,28,Processed,T1,pool1x,Unknown,,B:C8,,,3364171,50439874,4.58,-0.28,C4H7N3O,M+H,N/A,N/A,N/A,N/A,114.0662,114.0661,-.6666 (ppm),0,0,N/A,Method,True,False,N/A,N/A,N/A,,,Pass,N/A,N/A,N/A,N/A,Confirmed,N/A,N/A,N/A,N/A,,,,,,,,INF,N/A,59468518.52,,
creatinine,4.86,Target Compound,20240709_QE2_HILIC_BCSCuAOXq2d_AYW1155_pool033xa,29,Processed,T1,pool033x,Unknown,,B:C9,,,2038706,31506308,4.56,-0.30,C4H7N3O,M+H,N/A,N/A,N/A,N/A,114.0662,114.0662,.2029 (ppm),0,0,N/A,Method,True,False,N/A,N/A,N/A,,,Pass,N/A,N/A,N/A,N/A,Confirmed,N/A,N/A,N/A,N/A,,,,,,,,196.42,N/A,21959100.07,,
creatinine,4.86,Target Compound,20240709_QE2_HILIC_BCSCuAOXq2d_AYW1155_pool033xb,30,Processed,T1,pool033x,Unknown,,B:C9,,,1493735,21895119,4.58,-0.28,C4H7N3O,M+H,N/A,N/A,N/A,N/A,114.0662,114.0661,-.7335 (ppm),0,0,N/A,Method,True,False,N/A,N/A,N/A,,,Pass,N/A,N/A,N/A,N/A,Confirmed,N/A,N/A,N/A,N/A,,,,,,,,170.37,N/A,21959100.07,,
creatinine,4.86,Target Compound,20240709_QE2_HILIC_BCSCuAOXq2d_AYW1155_pool033xc,31,Processed,T1,pool033x,Unknown,,B:C9,,,1122141,17311940,4.58,-0.28,C4H7N3O,M+H,N/A,N/A,N/A,N/A,114.0662,114.0663,.7380 (ppm),0,0,N/A,Method,True,False,N/A,N/A,N/A,,,Pass,N/A,N/A,N/A,N/A,Confirmed,N/A,N/A,N/A,N/A,,,,,,,,53.22,N/A,21959100.07,,
creatinine,4.86,Target Compound,20240709_QE2_HILIC_BCSCuAOXq2d_AYW1155_pool033xd,32,Processed,T1,pool033x,Unknown,,B:C9,,,1133648,17123033,4.6,-0.26,C4H7N3O,M+H,N/A,N/A,N/A,N/A,114.0662,114.0662,-.0646 (ppm),0,0,N/A,Method,True,False,N/A,N/A,N/A,,,Pass,N/A,N/A,N/A,N/A,Confirmed,N/A,N/A,N/A,N/A,,,,,,,,84.32,N/A,21959100.07,,
creatinine,4.86,Target Compound,20240709_QE2_HILIC_BCSCuAOXq2d_AYW1156_pool01xa,33,Processed,T1,pool01x,Unknown,,B:D1,,,1019625,15231925,4.63,-0.23,C4H7N3O,M+H,N/A,N/A,N/A,N/A,114.0662,114.0662,.1360 (ppm),0,0,N/A,Method,True,False,N/A,N/A,N/A,,,Pass,N/A,N/A,N/A,N/A,Confirmed,N/A,N/A,N/A,N/A,,,,,,,,60.24,N/A,12971554.59,,
creatinine,4.86,Target Compound,20240709_QE2_HILIC_BCSCuAOXq2d_AYW1156_pool01xb,34,Processed,T1,pool01x,Unknown,,B:D1,,,880904,14347144,4.64,-0.22,C4H7N3O,M+H,N/A,N/A,N/A,N/A,114.0662,114.0662,-.0646 (ppm),0,0,N/A,Method,True,False,N/A,N/A,N/A,,,Pass,N/A,N/A,N/A,N/A,Confirmed,N/A,N/A,N/A,N/A,,,,,,,,144.85,N/A,12971554.59,,
creatinine,4.86,Target Compound,20240709_QE2_HILIC_BCSCuAOXq2d_AYW1156_pool01xc,35,Processed,T1,pool01x,Unknown,,B:D1,,,770617,12241401,4.61,-0.25,C4H7N3O,M+H,N/A,N/A,N/A,N/A,114.0662,114.0663,.4704 (ppm),0,0,N/A,Method,True,False,N/A,N/A,N/A,,,Pass,N/A,N/A,N/A,N/A,Confirmed,N/A,N/A,N/A,N/A,,,,,,,,138.84,N/A,12971554.59,,
creatinine,4.86,Target Compound,20240709_QE2_HILIC_BCSCuAOXq2d_AYW1156_pool01xd,36,Processed,T1,pool01x,Unknown,,B:D1,,,610076,10065748,4.65,-0.21,C4H7N3O,M+H,N/A,N/A,N/A,N/A,114.0662,114.0663,.4704 (ppm),0,0,N/A,Method,True,False,N/A,N/A,N/A,,,Pass,N/A,N/A,N/A,N/A,Confirmed,N/A,N/A,N/A,N/A,,,,,,,,89.05,N/A,12971554.59,,
creatinine,4.86,Target Compound,20240709_QE2_HILIC_BCSCuAOXq2d_blank1,37,Processed,T1,,Unknown,,B:A1,,,255311,3577780,4.81,-0.05,C4H7N3O,M+H,N/A,N/A,N/A,N/A,114.0662,114.0663,.7380 (ppm),0,0,N/A,Method,True,False,N/A,N/A,N/A,,,Pass,N/A,N/A,N/A,N/A,Confirmed,N/A,N/A,N/A,N/A,,,,,,,,49.70,N/A,4790866.78,,
creatinine,4.86,Target Compound,20240709_QE2_HILIC_BCSCuAOXq2d_blank1_20240710111342,38,Processed,T1,,Unknown,,B:A1,,,508119,6261073,4.8,-0.06,C4H7N3O,M+H,N/A,N/A,N/A,N/A,114.0662,114.0663,.6711 (ppm),0,0,N/A,Method,True,False,N/A,N/A,N/A,,,Pass,N/A,N/A,N/A,N/A,Confirmed,N/A,N/A,N/A,N/A,,,,,,,,33.17,N/A,4790866.78,,
creatinine,4.86,Target Compound,20240709_QE2_HILIC_BCSCuAOXq2d_blank1_20240710231833,39,Processed,T1,,Unknown,,B:A1,,,249821,2397822,4.61,-0.25,C4H7N3O,M+H,N/A,N/A,N/A,N/A,114.0662,114.0662,-.1315 (ppm),0,0,N/A,Method,True,False,N/A,N/A,N/A,,,Pass,N/A,N/A,N/A,N/A,Confirmed,N/A,N/A,N/A,N/A,,,,,,,,17.06,N/A,4790866.78,,
creatinine,4.86,Target Compound,20240709_QE2_HILIC_BCSCuAOXq2d_blank2,40,Processed,T1,,Unknown,,B:A1,,,762688,8532977,4.6,-0.26,C4H7N3O,M+H,N/A,N/A,N/A,N/A,114.0662,114.0663,.5373 (ppm),0,0,N/A,Method,True,False,N/A,N/A,N/A,,,Pass,N/A,N/A,N/A,N/A,Confirmed,N/A,N/A,N/A,N/A,,,,,,,,48.28,N/A,4790866.78,,
creatinine,4.86,Target Compound,20240709_QE2_HILIC_BCSCuAOXq2d_blank2_20240710115054,41,Processed,T1,,Unknown,,B:A1,,,413624,5081305,4.58,-0.28,C4H7N3O,M+H,N/A,N/A,N/A,N/A,114.0662,114.0663,.8718 (ppm),0,0,N/A,Method,True,False,N/A,N/A,N/A,,,Pass,N/A,N/A,N/A,N/A,Confirmed,N/A,N/A,N/A,N/A,,,,,,,,34.89,N/A,4790866.78,,
creatinine,4.86,Target Compound,20240709_QE2_HILIC_BCSCuAOXq2d_blank2_20240710235116,42,Processed,T1,,Unknown,,B:A1,,,263697,2894243,4.63,-0.23,C4H7N3O,M+H,N/A,N/A,N/A,N/A,114.0662,114.0662,.2698 (ppm),0,0,N/A,Method,True,False,N/A,N/A,N/A,,,Pass,N/A,N/A,N/A,N/A,Confirmed,N/A,N/A,N/A,N/A,,,,,,,,24.74,N/A,4790866.78,,
