﻿Compound,RT,Type,Filename,Batch Order,Status,Peak Label,Group,Sample Type,Level,Sample ID,Sample Name,Comments,Height,Area,Actual RT,RT Delta,Formula,Adduct,Calculated Amt,Theoretical Amt,Sample Amt,Std Add Amount,m/z (Expected),m/z (Apex),m/z (Delta),Response Ratio,ISTD Amt,ISTD Response,Integration Mode,Active,Excluded,%Diff,%RSD,% CV,Channel,Final Units,PK,IR,IP,LS,FI,Confirm,Isotopic Pattern Score (%),Num Isotopes Matched,Lib Match Name,Library Score (%),Library Match Rank,SI/Dot Product,RSI/Rev Dot,Modification,Protein Name,Peptide Sequence,Ion Type,S/N,Ion Ratio,Group Average,Relative RT,Flag Details
NAD+,9.34,Target Compound,20240709_QE2_HILIC_BCSCuAOXq2d_AYW1130,1,Processed,T1,1V,Unknown,,B:A2,,,6238272,65459255,9.2,-0.14,C21H27N7O14P2,M+H,N/A,N/A,N/A,N/A,664.1164,664.1138,-3.9609 (ppm),0,0,N/A,Method,True,False,N/A,N/A,N/A,,,Pass,N/A,N/A,N/A,N/A,Confirmed,N/A,N/A,N/A,N/A,,,,,,,,INF,N/A,59475351.88,,
NAD+,9.34,Target Compound,20240709_QE2_HILIC_BCSCuAOXq2d_AYW1131,2,Processed,T1,1V,Unknown,,B:A3,,,5289606,57324139,9.23,-0.11,C21H27N7O14P2,M+H,N/A,N/A,N/A,N/A,664.1164,664.1135,-4.3285 (ppm),0,0,N/A,Method,True,False,N/A,N/A,N/A,,,Pass,N/A,N/A,N/A,N/A,Confirmed,N/A,N/A,N/A,N/A,,,,,,,,INF,N/A,59475351.88,,
NAD+,9.34,Target Compound,20240709_QE2_HILIC_BCSCuAOXq2d_AYW1132,3,Processed,T1,1V,Unknown,,B:A4,,,5227734,55642661,9.23,-0.11,C21H27N7O14P2,M+H,N/A,N/A,N/A,N/A,664.1164,664.1138,-3.8690 (ppm),0,0,N/A,Method,True,False,N/A,N/A,N/A,,,Pass,N/A,N/A,N/A,N/A,Confirmed,N/A,N/A,N/A,N/A,,,,,,,,INF,N/A,59475351.88,,
NAD+,9.34,Target Compound,20240709_QE2_HILIC_BCSCuAOXq2d_AYW1133,4,Processed,T1,2B,Unknown,,B:A5,,,4991302,52567609,9.24,-0.10,C21H27N7O14P2,M+H,N/A,N/A,N/A,N/A,664.1164,664.1135,-4.3285 (ppm),0,0,N/A,Method,True,False,N/A,N/A,N/A,,,Pass,N/A,N/A,N/A,N/A,Confirmed,N/A,N/A,N/A,N/A,,,,,,,,INF,N/A,66829257.08,,
NAD+,9.34,Target Compound,20240709_QE2_HILIC_BCSCuAOXq2d_AYW1134,5,Processed,T1,2B,Unknown,,B:A6,,,6713657,74356703,9.22,-0.12,C21H27N7O14P2,M+H,N/A,N/A,N/A,N/A,664.1164,664.1135,-4.3285 (ppm),0,0,N/A,Method,True,False,N/A,N/A,N/A,,,Pass,N/A,N/A,N/A,N/A,Confirmed,N/A,N/A,N/A,N/A,,,,,,,,INF,N/A,66829257.08,,
NAD+,9.34,Target Compound,20240709_QE2_HILIC_BCSCuAOXq2d_AYW1135,6,Processed,T1,2B,Unknown,,B:A7,,,6846985,73563459,9.22,-0.12,C21H27N7O14P2,M+H,N/A,N/A,N/A,N/A,664.1164,664.1135,-4.4204 (ppm),0,0,N/A,Method,True,False,N/A,N/A,N/A,,,Pass,N/A,N/A,N/A,N/A,Confirmed,N/A,N/A,N/A,N/A,,,,,,,,INF,N/A,66829257.08,,
NAD+,9.34,Target Compound,20240709_QE2_HILIC_BCSCuAOXq2d_AYW1136,7,Processed,T1,3C,Unknown,,B:A8,,,6789535,72475710,9.23,-0.11,C21H27N7O14P2,M+H,N/A,N/A,N/A,N/A,664.1164,664.1137,-4.0528 (ppm),0,0,N/A,Method,True,False,N/A,N/A,N/A,,,Pass,N/A,N/A,N/A,N/A,Confirmed,N/A,N/A,N/A,N/A,,,,,,,,INF,N/A,59860092.52,,
NAD+,9.34,Target Compound,20240709_QE2_HILIC_BCSCuAOXq2d_AYW1137,8,Processed,T1,3C,Unknown,,B:A9,,,6164513,67527768,9.22,-0.12,C21H27N7O14P2,M+H,N/A,N/A,N/A,N/A,664.1164,664.1136,-4.1447 (ppm),0,0,N/A,Method,True,False,N/A,N/A,N/A,,,Pass,N/A,N/A,N/A,N/A,Confirmed,N/A,N/A,N/A,N/A,,,,,,,,INF,N/A,59860092.52,,
NAD+,9.34,Target Compound,20240709_QE2_HILIC_BCSCuAOXq2d_AYW1138,9,Processed,T1,3C,Unknown,,B:B1,,,3735234,39576799,9.22,-0.12,C21H27N7O14P2,M+H,N/A,N/A,N/A,N/A,664.1164,664.1137,-4.0528 (ppm),0,0,N/A,Method,True,False,N/A,N/A,N/A,,,Pass,N/A,N/A,N/A,N/A,Confirmed,N/A,N/A,N/A,N/A,,,,,,,,INF,N/A,59860092.52,,
NAD+,9.34,Target Compound,20240709_QE2_HILIC_BCSCuAOXq2d_AYW1139,10,Processed,T1,4BC,Unknown,,B:B2,,,7447977,73794469,9.2,-0.14,C21H27N7O14P2,M+H,N/A,N/A,N/A,N/A,664.1164,664.1137,-4.0528 (ppm),0,0,N/A,Method,True,False,N/A,N/A,N/A,,,Pass,N/A,N/A,N/A,N/A,Confirmed,N/A,N/A,N/A,N/A,,,,,,,,INF,N/A,67381081.19,N/A,
NAD+,9.34,Target Compound,20240709_QE2_HILIC_BCSCuAOXq2d_AYW1140,11,Processed,T1,4BC,Unknown,,B:B3,,,6539624,66964152,9.21,-0.13,C21H27N7O14P2,M+H,N/A,N/A,N/A,N/A,664.1164,664.1133,-4.6961 (ppm),0,0,N/A,Method,True,False,N/A,N/A,N/A,,,Pass,N/A,N/A,N/A,N/A,Confirmed,N/A,N/A,N/A,N/A,,,,,,,,INF,N/A,67381081.19,,
NAD+,9.34,Target Compound,20240709_QE2_HILIC_BCSCuAOXq2d_AYW1141,12,Processed,T1,4BC,Unknown,,B:B4,,,5729075,61384623,9.2,-0.14,C21H27N7O14P2,M+H,N/A,N/A,N/A,N/A,664.1164,664.1139,-3.7770 (ppm),0,0,N/A,Method,True,False,N/A,N/A,N/A,,,Pass,N/A,N/A,N/A,N/A,Confirmed,N/A,N/A,N/A,N/A,,,,,,,,INF,N/A,67381081.19,,
NAD+,9.34,Target Compound,20240709_QE2_HILIC_BCSCuAOXq2d_AYW1142,13,Processed,T1,5RV,Unknown,,B:B5,,,8508646,92248156,9.22,-0.12,C21H27N7O14P2,M+H,N/A,N/A,N/A,N/A,664.1164,664.1138,-3.8690 (ppm),0,0,N/A,Method,True,False,N/A,N/A,N/A,,,Pass,N/A,N/A,N/A,N/A,Confirmed,N/A,N/A,N/A,N/A,,,,,,,,INF,N/A,86430899.73,N/A,
NAD+,9.34,Target Compound,20240709_QE2_HILIC_BCSCuAOXq2d_AYW1143,14,Processed,T1,5RV,Unknown,,B:B6,,,8491121,92091015,9.23,-0.11,C21H27N7O14P2,M+H,N/A,N/A,N/A,N/A,664.1164,664.1137,-4.0528 (ppm),0,0,N/A,Method,True,False,N/A,N/A,N/A,,,Pass,N/A,N/A,N/A,N/A,Confirmed,N/A,N/A,N/A,N/A,,,,,,,,INF,N/A,86430899.73,,
NAD+,9.34,Target Compound,20240709_QE2_HILIC_BCSCuAOXq2d_AYW1144,15,Processed,T1,5RV,Unknown,,B:B7,,,6522065,74953528,9.23,-0.11,C21H27N7O14P2,M+H,N/A,N/A,N/A,N/A,664.1164,664.1139,-3.7770 (ppm),0,0,N/A,Method,True,False,N/A,N/A,N/A,,,Pass,N/A,N/A,N/A,N/A,Confirmed,N/A,N/A,N/A,N/A,,,,,,,,INF,N/A,86430899.73,,
NAD+,9.34,Target Compound,20240709_QE2_HILIC_BCSCuAOXq2d_AYW1145,16,Processed,T1,6RB,Unknown,,B:B8,,,6614538,73342832,9.2,-0.14,C21H27N7O14P2,M+H,N/A,N/A,N/A,N/A,664.1164,664.1136,-4.1447 (ppm),0,0,N/A,Method,True,False,N/A,N/A,N/A,,,Pass,N/A,N/A,N/A,N/A,Confirmed,N/A,N/A,N/A,N/A,,,,,,,,INF,N/A,62724108.35,,
NAD+,9.34,Target Compound,20240709_QE2_HILIC_BCSCuAOXq2d_AYW1146,17,Processed,T1,6RB,Unknown,,B:B9,,,5351408,55157895,9.2,-0.14,C21H27N7O14P2,M+H,N/A,N/A,N/A,N/A,664.1164,664.1138,-3.8690 (ppm),0,0,N/A,Method,True,False,N/A,N/A,N/A,,,Pass,N/A,N/A,N/A,N/A,Confirmed,N/A,N/A,N/A,N/A,,,,,,,,INF,N/A,62724108.35,,
NAD+,9.34,Target Compound,20240709_QE2_HILIC_BCSCuAOXq2d_AYW1147,18,Processed,T1,6RB,Unknown,,B:C1,,,5598772,59671598,9.22,-0.12,C21H27N7O14P2,M+H,N/A,N/A,N/A,N/A,664.1164,664.1135,-4.3285 (ppm),0,0,N/A,Method,True,False,N/A,N/A,N/A,,,Pass,N/A,N/A,N/A,N/A,Confirmed,N/A,N/A,N/A,N/A,,,,,,,,INF,N/A,62724108.35,,
NAD+,9.34,Target Compound,20240709_QE2_HILIC_BCSCuAOXq2d_AYW1148,19,Processed,T1,7RV,Unknown,,B:C2,,,8036655,83337713,9.21,-0.13,C21H27N7O14P2,M+H,N/A,N/A,N/A,N/A,664.1164,664.1135,-4.3285 (ppm),0,0,N/A,Method,True,False,N/A,N/A,N/A,,,Pass,N/A,N/A,N/A,N/A,Confirmed,N/A,N/A,N/A,N/A,,,,,,,,INF,N/A,77441641.34,,
NAD+,9.34,Target Compound,20240709_QE2_HILIC_BCSCuAOXq2d_AYW1149,20,Processed,T1,7RV,Unknown,,B:C3,,,7071661,76696635,9.23,-0.11,C21H27N7O14P2,M+H,N/A,N/A,N/A,N/A,664.1164,664.1138,-3.9609 (ppm),0,0,N/A,Method,True,False,N/A,N/A,N/A,,,Pass,N/A,N/A,N/A,N/A,Confirmed,N/A,N/A,N/A,N/A,,,,,,,,INF,N/A,77441641.34,,
NAD+,9.34,Target Compound,20240709_QE2_HILIC_BCSCuAOXq2d_AYW1150,21,Processed,T1,7RV,Unknown,,B:C4,,,6806832,72290576,9.23,-0.11,C21H27N7O14P2,M+H,N/A,N/A,N/A,N/A,664.1164,664.1136,-4.1447 (ppm),0,0,N/A,Method,True,False,N/A,N/A,N/A,,,Pass,N/A,N/A,N/A,N/A,Confirmed,N/A,N/A,N/A,N/A,,,,,,,,INF,N/A,77441641.34,,
NAD+,9.34,Target Compound,20240709_QE2_HILIC_BCSCuAOXq2d_AYW1151,22,Processed,T1,8RB,Unknown,,B:C5,,,7741158,82574518,9.22,-0.12,C21H27N7O14P2,M+H,N/A,N/A,N/A,N/A,664.1164,664.114,-3.6851 (ppm),0,0,N/A,Method,True,False,N/A,N/A,N/A,,,Pass,N/A,N/A,N/A,N/A,Confirmed,N/A,N/A,N/A,N/A,,,,,,,,INF,N/A,83823114.63,,
NAD+,9.34,Target Compound,20240709_QE2_HILIC_BCSCuAOXq2d_AYW1152,23,Processed,T1,8RB,Unknown,,B:C6,,,6632870,71593525,9.22,-0.12,C21H27N7O14P2,M+H,N/A,N/A,N/A,N/A,664.1164,664.1138,-3.8690 (ppm),0,0,N/A,Method,True,False,N/A,N/A,N/A,,,Pass,N/A,N/A,N/A,N/A,Confirmed,N/A,N/A,N/A,N/A,,,,,,,,INF,N/A,83823114.63,,
NAD+,9.34,Target Compound,20240709_QE2_HILIC_BCSCuAOXq2d_AYW1153,24,Processed,T1,8RB,Unknown,,B:C7,,,8911508,97301301,9.25,-0.09,C21H27N7O14P2,M+H,N/A,N/A,N/A,N/A,664.1164,664.1134,-4.5123 (ppm),0,0,N/A,Method,True,False,N/A,N/A,N/A,,,Pass,N/A,N/A,N/A,N/A,Confirmed,N/A,N/A,N/A,N/A,,,,,,,,INF,N/A,83823114.63,,
NAD+,9.34,Target Compound,20240709_QE2_HILIC_BCSCuAOXq2d_AYW1154_pool1xa,25,Processed,T1,pool1x,Unknown,,B:C8,,,6364043,70694016,9.22,-0.12,C21H27N7O14P2,M+H,N/A,N/A,N/A,N/A,664.1164,664.1135,-4.4204 (ppm),0,0,N/A,Method,True,False,N/A,N/A,N/A,,,Pass,N/A,N/A,N/A,N/A,Confirmed,N/A,N/A,N/A,N/A,,,,,,,,INF,N/A,70180542.70,,
NAD+,9.34,Target Compound,20240709_QE2_HILIC_BCSCuAOXq2d_AYW1154_pool1xb,26,Processed,T1,pool1x,Unknown,,B:C8,,,6273342,68034131,9.22,-0.12,C21H27N7O14P2,M+H,N/A,N/A,N/A,N/A,664.1164,664.1133,-4.6961 (ppm),0,0,N/A,Method,True,False,N/A,N/A,N/A,,,Pass,N/A,N/A,N/A,N/A,Confirmed,N/A,N/A,N/A,N/A,,,,,,,,INF,N/A,70180542.70,,
NAD+,9.34,Target Compound,20240709_QE2_HILIC_BCSCuAOXq2d_AYW1154_pool1xc,27,Processed,T1,pool1x,Unknown,,B:C8,,,6372860,69227099,9.21,-0.13,C21H27N7O14P2,M+H,N/A,N/A,N/A,N/A,664.1164,664.1138,-3.9609 (ppm),0,0,N/A,Method,True,False,N/A,N/A,N/A,,,Pass,N/A,N/A,N/A,N/A,Confirmed,N/A,N/A,N/A,N/A,,,,,,,,INF,N/A,70180542.70,,
NAD+,9.34,Target Compound,20240709_QE2_HILIC_BCSCuAOXq2d_AYW1154_pool1xd,28,Processed,T1,pool1x,Unknown,,B:C8,,,7088634,72766925,9.22,-0.12,C21H27N7O14P2,M+H,N/A,N/A,N/A,N/A,664.1164,664.1136,-4.1447 (ppm),0,0,N/A,Method,True,False,N/A,N/A,N/A,,,Pass,N/A,N/A,N/A,N/A,Confirmed,N/A,N/A,N/A,N/A,,,,,,,,INF,N/A,70180542.70,,
NAD+,9.34,Target Compound,20240709_QE2_HILIC_BCSCuAOXq2d_AYW1155_pool033xa,29,Processed,T1,pool033x,Unknown,,B:C9,,,2400215,27292248,9.21,-0.13,C21H27N7O14P2,M+H,N/A,N/A,N/A,N/A,664.1164,664.1136,-4.2366 (ppm),0,0,N/A,Method,True,False,N/A,N/A,N/A,,,Pass,N/A,N/A,N/A,N/A,Confirmed,N/A,N/A,N/A,N/A,,,,,,,,INF,N/A,24678306.12,,
NAD+,9.34,Target Compound,20240709_QE2_HILIC_BCSCuAOXq2d_AYW1155_pool033xb,30,Processed,T1,pool033x,Unknown,,B:C9,,,2283959,25290781,9.21,-0.13,C21H27N7O14P2,M+H,N/A,N/A,N/A,N/A,664.1164,664.1133,-4.6961 (ppm),0,0,N/A,Method,True,False,N/A,N/A,N/A,,,Pass,N/A,N/A,N/A,N/A,Confirmed,N/A,N/A,N/A,N/A,,,,,,,,INF,N/A,24678306.12,,
NAD+,9.34,Target Compound,20240709_QE2_HILIC_BCSCuAOXq2d_AYW1155_pool033xc,31,Processed,T1,pool033x,Unknown,,B:C9,,,1917799,22304066,9.22,-0.12,C21H27N7O14P2,M+H,N/A,N/A,N/A,N/A,664.1164,664.114,-3.5932 (ppm),0,0,N/A,Method,True,False,N/A,N/A,N/A,,,Pass,N/A,N/A,N/A,N/A,Confirmed,N/A,N/A,N/A,N/A,,,,,,,,INF,N/A,24678306.12,,
NAD+,9.34,Target Compound,20240709_QE2_HILIC_BCSCuAOXq2d_AYW1155_pool033xd,32,Processed,T1,pool033x,Unknown,,B:C9,,,2141554,23826129,9.21,-0.13,C21H27N7O14P2,M+H,N/A,N/A,N/A,N/A,664.1164,664.1136,-4.1447 (ppm),0,0,N/A,Method,True,False,N/A,N/A,N/A,,,Pass,N/A,N/A,N/A,N/A,Confirmed,N/A,N/A,N/A,N/A,,,,,,,,INF,N/A,24678306.12,,
NAD+,9.34,Target Compound,20240709_QE2_HILIC_BCSCuAOXq2d_AYW1156_pool01xa,33,Processed,T1,pool01x,Unknown,,B:D1,,,577072,7387310,9.21,-0.13,C21H27N7O14P2,M+H,N/A,N/A,N/A,N/A,664.1164,664.114,-3.6851 (ppm),0,0,N/A,Method,True,False,N/A,N/A,N/A,,,Pass,N/A,N/A,N/A,N/A,Confirmed,N/A,N/A,N/A,N/A,,,,,,,,INF,N/A,6950954.13,,
NAD+,9.34,Target Compound,20240709_QE2_HILIC_BCSCuAOXq2d_AYW1156_pool01xb,34,Processed,T1,pool01x,Unknown,,B:D1,,,604439,7362715,9.19,-0.15,C21H27N7O14P2,M+H,N/A,N/A,N/A,N/A,664.1164,664.1125,-5.7989 (ppm),0,0,N/A,Method,True,False,N/A,N/A,N/A,,,Pass,N/A,N/A,N/A,N/A,Confirmed,N/A,N/A,N/A,N/A,,,,,,,,INF,N/A,6950954.13,,
NAD+,9.34,Target Compound,20240709_QE2_HILIC_BCSCuAOXq2d_AYW1156_pool01xc,35,Processed,T1,pool01x,Unknown,,B:D1,,,511618,6361640,9.19,-0.15,C21H27N7O14P2,M+H,N/A,N/A,N/A,N/A,664.1164,664.1142,-3.3175 (ppm),0,0,N/A,Method,True,False,N/A,N/A,N/A,,,Pass,N/A,N/A,N/A,N/A,Confirmed,N/A,N/A,N/A,N/A,,,,,,,,INF,N/A,6950954.13,,
NAD+,9.34,Target Compound,20240709_QE2_HILIC_BCSCuAOXq2d_AYW1156_pool01xd,36,Processed,T1,pool01x,Unknown,,B:D1,,,563723,6692151,9.16,-0.18,C21H27N7O14P2,M+H,N/A,N/A,N/A,N/A,664.1164,664.1135,-4.4204 (ppm),0,0,N/A,Method,True,False,N/A,N/A,N/A,,,Pass,N/A,N/A,N/A,N/A,Confirmed,N/A,N/A,N/A,N/A,,,,,,,,INF,N/A,6950954.13,,
NAD+,9.34,Target Compound,20240709_QE2_HILIC_BCSCuAOXq2d_blank1,37,Processed,T1,,Unknown,,B:A1,,,N/F,N/F,N/F,N/F,C21H27N7O14P2,N/A,N/F,N/A,N/F,N/A,664.1164,N/F,N/F,N/F,0,N/A,Method,True,False,N/A,N/A,N/A,,,Fail,N/A,N/A,N/A,N/A,NotFound,N/A,N/A,N/A,N/A,,,,,,,,N/A,N/A,266505.83,,
NAD+,9.34,Target Compound,20240709_QE2_HILIC_BCSCuAOXq2d_blank1_20240710111342,38,Processed,T1,,Unknown,,B:A1,,,65835,599451,9.01,-0.33,C21H27N7O14P2,M+H,N/A,N/A,N/A,N/A,664.1164,664.1144,-2.9499 (ppm),0,0,N/A,Method,True,False,N/A,N/A,N/A,,,Pass,N/A,N/A,N/A,N/A,Confirmed,N/A,N/A,N/A,N/A,,,,,,,,INF,N/A,266505.83,,
NAD+,9.34,Target Compound,20240709_QE2_HILIC_BCSCuAOXq2d_blank1_20240710231833,39,Processed,T1,,Unknown,,B:A1,,,27024,217656,9.15,-0.19,C21H27N7O14P2,M+H,N/A,N/A,N/A,N/A,664.1164,664.1136,-4.1447 (ppm),0,0,N/A,Method,True,False,N/A,N/A,N/A,,,Pass,N/A,N/A,N/A,N/A,Confirmed,N/A,N/A,N/A,N/A,,,,,,,,INF,N/A,266505.83,,
NAD+,9.34,Target Compound,20240709_QE2_HILIC_BCSCuAOXq2d_blank2,40,Processed,T1,,Unknown,,B:A1,,,48404,291412,9.25,-0.09,C21H27N7O14P2,M+H,N/A,N/A,N/A,N/A,664.1164,664.1129,-5.3394 (ppm),0,0,N/A,Method,True,False,N/A,N/A,N/A,,,Pass,N/A,N/A,N/A,N/A,Confirmed,N/A,N/A,N/A,N/A,,,,,,,,INF,N/A,266505.83,,
NAD+,9.34,Target Compound,20240709_QE2_HILIC_BCSCuAOXq2d_blank2_20240710115054,41,Processed,T1,,Unknown,,B:A1,,,44695,321353,9.18,-0.16,C21H27N7O14P2,M+H,N/A,N/A,N/A,N/A,664.1164,664.1132,-4.7880 (ppm),0,0,N/A,Method,True,False,N/A,N/A,N/A,,,Pass,N/A,N/A,N/A,N/A,Confirmed,N/A,N/A,N/A,N/A,,,,,,,,INF,N/A,266505.83,,
NAD+,9.34,Target Compound,20240709_QE2_HILIC_BCSCuAOXq2d_blank2_20240710235116,42,Processed,T1,,Unknown,,B:A1,,,23765,169163,9.21,-0.13,C21H27N7O14P2,M+H,N/A,N/A,N/A,N/A,664.1164,664.1123,-6.1666 (ppm),0,0,N/A,Method,True,False,N/A,N/A,N/A,,,Pass,N/A,N/A,N/A,N/A,Confirmed,N/A,N/A,N/A,N/A,,,,,,,,INF,N/A,266505.83,,
