﻿Compound,RT,Type,Filename,Batch Order,Status,Peak Label,Group,Sample Type,Level,Sample ID,Sample Name,Comments,Height,Area,Actual RT,RT Delta,Formula,Adduct,Calculated Amt,Theoretical Amt,Sample Amt,Std Add Amount,m/z (Expected),m/z (Apex),m/z (Delta),Response Ratio,ISTD Amt,ISTD Response,Integration Mode,Active,Excluded,%Diff,%RSD,% CV,Channel,Final Units,PK,IR,IP,LS,FI,Confirm,Isotopic Pattern Score (%),Num Isotopes Matched,Lib Match Name,Library Score (%),Library Match Rank,SI/Dot Product,RSI/Rev Dot,Modification,Protein Name,Peptide Sequence,Ion Type,S/N,Ion Ratio,Group Average,Relative RT,Flag Details
aspartate,9.93,Target Compound,20240709_QE2_HILIC_BCSCuAOXq2d_AYW1130,1,Processed,T1,1V,Unknown,,B:A2,,,7354259,93906957,9.83,-0.10,C4H7NO4,M-H,N/A,N/A,N/A,N/A,132.0302,132.0303,1.0185 (ppm),0,0,N/A,Method,True,False,N/A,N/A,N/A,,,Pass,N/A,N/A,N/A,N/A,Confirmed,N/A,N/A,N/A,N/A,,,,,,,,6587.39,N/A,96862290.92,,
aspartate,9.93,Target Compound,20240709_QE2_HILIC_BCSCuAOXq2d_AYW1131,2,Processed,T1,1V,Unknown,,B:A3,,,7720246,86599180,9.81,-0.12,C4H7NO4,M-H,N/A,N/A,N/A,N/A,132.0302,132.0303,.7874 (ppm),0,0,N/A,Method,True,False,N/A,N/A,N/A,,,Pass,N/A,N/A,N/A,N/A,Confirmed,N/A,N/A,N/A,N/A,,,,,,,,413.55,N/A,96862290.92,,
aspartate,9.93,Target Compound,20240709_QE2_HILIC_BCSCuAOXq2d_AYW1132,3,Processed,T1,1V,Unknown,,B:A4,,,8418694,110080735,9.84,-0.09,C4H7NO4,M-H,N/A,N/A,N/A,N/A,132.0302,132.0303,.9029 (ppm),0,0,N/A,Method,True,False,N/A,N/A,N/A,,,Pass,N/A,N/A,N/A,N/A,Confirmed,N/A,N/A,N/A,N/A,,,,,,,,487.15,N/A,96862290.92,,
aspartate,9.93,Target Compound,20240709_QE2_HILIC_BCSCuAOXq2d_AYW1133,4,Processed,T1,2B,Unknown,,B:A5,,,4366037,61747200,9.8,-0.13,C4H7NO4,M-H,N/A,N/A,N/A,N/A,132.0302,132.0303,1.1341 (ppm),0,0,N/A,Method,True,False,N/A,N/A,N/A,,,Pass,N/A,N/A,N/A,N/A,Confirmed,N/A,N/A,N/A,N/A,,,,,,,,164.03,N/A,61686872.62,,
aspartate,9.93,Target Compound,20240709_QE2_HILIC_BCSCuAOXq2d_AYW1134,5,Processed,T1,2B,Unknown,,B:A6,,,5887252,62633638,9.83,-0.10,C4H7NO4,M-H,N/A,N/A,N/A,N/A,132.0302,132.0303,.7874 (ppm),0,0,N/A,Method,True,False,N/A,N/A,N/A,,,Pass,N/A,N/A,N/A,N/A,Confirmed,N/A,N/A,N/A,N/A,,,,,,,,960.85,N/A,61686872.62,,
aspartate,9.93,Target Compound,20240709_QE2_HILIC_BCSCuAOXq2d_AYW1135,6,Processed,T1,2B,Unknown,,B:A7,,,4973070,60679780,9.82,-0.11,C4H7NO4,M-H,N/A,N/A,N/A,N/A,132.0302,132.0303,.7874 (ppm),0,0,N/A,Method,True,False,N/A,N/A,N/A,,,Pass,N/A,N/A,N/A,N/A,Confirmed,N/A,N/A,N/A,N/A,,,,,,,,INF,N/A,61686872.62,,
aspartate,9.93,Target Compound,20240709_QE2_HILIC_BCSCuAOXq2d_AYW1136,7,Processed,T1,3C,Unknown,,B:A8,,,10514494,121535369,9.81,-0.12,C4H7NO4,M-H,N/A,N/A,N/A,N/A,132.0302,132.0303,.9029 (ppm),0,0,N/A,Method,True,False,N/A,N/A,N/A,,,Pass,N/A,N/A,N/A,N/A,Confirmed,N/A,N/A,N/A,N/A,,,,,,,,493.99,N/A,108842198.94,,
aspartate,9.93,Target Compound,20240709_QE2_HILIC_BCSCuAOXq2d_AYW1137,8,Processed,T1,3C,Unknown,,B:A9,,,9887867,107070988,9.82,-0.11,C4H7NO4,M-H,N/A,N/A,N/A,N/A,132.0302,132.0303,.7874 (ppm),0,0,N/A,Method,True,False,N/A,N/A,N/A,,,Pass,N/A,N/A,N/A,N/A,Confirmed,N/A,N/A,N/A,N/A,,,,,,,,795.31,N/A,108842198.94,,
aspartate,9.93,Target Compound,20240709_QE2_HILIC_BCSCuAOXq2d_AYW1138,9,Processed,T1,3C,Unknown,,B:B1,,,6248138,97920240,9.8,-0.13,C4H7NO4,M-H,N/A,N/A,N/A,N/A,132.0302,132.0303,1.0185 (ppm),0,0,N/A,Method,True,False,N/A,N/A,N/A,,,Pass,N/A,N/A,N/A,N/A,Confirmed,N/A,N/A,N/A,N/A,,,,,,,,456.70,N/A,108842198.94,,
aspartate,9.93,Target Compound,20240709_QE2_HILIC_BCSCuAOXq2d_AYW1139,10,Processed,T1,4BC,Unknown,,B:B2,,,8368252,109671417,9.81,-0.12,C4H7NO4,M-H,N/A,N/A,N/A,N/A,132.0302,132.0303,1.0185 (ppm),0,0,N/A,Method,True,False,N/A,N/A,N/A,,,Pass,N/A,N/A,N/A,N/A,Confirmed,N/A,N/A,N/A,N/A,,,,,,,,934.55,N/A,105957258.35,N/A,
aspartate,9.93,Target Compound,20240709_QE2_HILIC_BCSCuAOXq2d_AYW1140,11,Processed,T1,4BC,Unknown,,B:B3,,,7059999,115723207,9.82,-0.11,C4H7NO4,M-H,N/A,N/A,N/A,N/A,132.0302,132.0303,.6718 (ppm),0,0,N/A,Method,True,False,N/A,N/A,N/A,,,Pass,N/A,N/A,N/A,N/A,Confirmed,N/A,N/A,N/A,N/A,,,,,,,,530.57,N/A,105957258.35,,
aspartate,9.93,Target Compound,20240709_QE2_HILIC_BCSCuAOXq2d_AYW1141,12,Processed,T1,4BC,Unknown,,B:B4,,,7880217,92477151,9.81,-0.12,C4H7NO4,M-H,N/A,N/A,N/A,N/A,132.0302,132.0303,.7874 (ppm),0,0,N/A,Method,True,False,N/A,N/A,N/A,,,Pass,N/A,N/A,N/A,N/A,Confirmed,N/A,N/A,N/A,N/A,,,,,,,,760.83,N/A,105957258.35,,
aspartate,9.93,Target Compound,20240709_QE2_HILIC_BCSCuAOXq2d_AYW1142,13,Processed,T1,5RV,Unknown,,B:B5,,,10312808,149134609,9.83,-0.10,C4H7NO4,M-H,N/A,N/A,N/A,N/A,132.0302,132.0303,.9029 (ppm),0,0,N/A,Method,True,False,N/A,N/A,N/A,,,Pass,N/A,N/A,N/A,N/A,Confirmed,N/A,N/A,N/A,N/A,,,,,,,,760.86,N/A,130798799.42,N/A,
aspartate,9.93,Target Compound,20240709_QE2_HILIC_BCSCuAOXq2d_AYW1143,14,Processed,T1,5RV,Unknown,,B:B6,,,10771726,128379487,9.84,-0.09,C4H7NO4,M-H,N/A,N/A,N/A,N/A,132.0302,132.0303,.6718 (ppm),0,0,N/A,Method,True,False,N/A,N/A,N/A,,,Pass,N/A,N/A,N/A,N/A,Confirmed,N/A,N/A,N/A,N/A,,,,,,,,499.74,N/A,130798799.42,,
aspartate,9.93,Target Compound,20240709_QE2_HILIC_BCSCuAOXq2d_AYW1144,15,Processed,T1,5RV,Unknown,,B:B7,,,8014722,114882302,9.84,-0.09,C4H7NO4,M-H,N/A,N/A,N/A,N/A,132.0302,132.0303,.9029 (ppm),0,0,N/A,Method,True,False,N/A,N/A,N/A,,,Pass,N/A,N/A,N/A,N/A,Confirmed,N/A,N/A,N/A,N/A,,,,,,,,533.80,N/A,130798799.42,,
aspartate,9.93,Target Compound,20240709_QE2_HILIC_BCSCuAOXq2d_AYW1145,16,Processed,T1,6RB,Unknown,,B:B8,,,4592462,60306589,9.81,-0.12,C4H7NO4,M-H,N/A,N/A,N/A,N/A,132.0302,132.0303,1.0185 (ppm),0,0,N/A,Method,True,False,N/A,N/A,N/A,,,Pass,N/A,N/A,N/A,N/A,Confirmed,N/A,N/A,N/A,N/A,,,,,,,,170.21,N/A,57218996.23,,
aspartate,9.93,Target Compound,20240709_QE2_HILIC_BCSCuAOXq2d_AYW1146,17,Processed,T1,6RB,Unknown,,B:B9,,,3205136,56058133,9.81,-0.12,C4H7NO4,M-H,N/A,N/A,N/A,N/A,132.0302,132.0303,1.1341 (ppm),0,0,N/A,Method,True,False,N/A,N/A,N/A,,,Pass,N/A,N/A,N/A,N/A,Confirmed,N/A,N/A,N/A,N/A,,,,,,,,255.83,N/A,57218996.23,,
aspartate,9.93,Target Compound,20240709_QE2_HILIC_BCSCuAOXq2d_AYW1147,18,Processed,T1,6RB,Unknown,,B:C1,,,4042615,55292266,9.81,-0.12,C4H7NO4,M-H,N/A,N/A,N/A,N/A,132.0302,132.0303,.9029 (ppm),0,0,N/A,Method,True,False,N/A,N/A,N/A,,,Pass,N/A,N/A,N/A,N/A,Confirmed,N/A,N/A,N/A,N/A,,,,,,,,288.98,N/A,57218996.23,,
aspartate,9.93,Target Compound,20240709_QE2_HILIC_BCSCuAOXq2d_AYW1148,19,Processed,T1,7RV,Unknown,,B:C2,,,6614888,73247295,9.8,-0.13,C4H7NO4,M-H,N/A,N/A,N/A,N/A,132.0302,132.0303,1.1341 (ppm),0,0,N/A,Method,True,False,N/A,N/A,N/A,,,Pass,N/A,N/A,N/A,N/A,Confirmed,N/A,N/A,N/A,N/A,,,,,,,,621.91,N/A,104623994.61,,
aspartate,9.93,Target Compound,20240709_QE2_HILIC_BCSCuAOXq2d_AYW1149,20,Processed,T1,7RV,Unknown,,B:C3,,,9104387,112299419,9.84,-0.09,C4H7NO4,M-H,N/A,N/A,N/A,N/A,132.0302,132.0303,1.0185 (ppm),0,0,N/A,Method,True,False,N/A,N/A,N/A,,,Pass,N/A,N/A,N/A,N/A,Confirmed,N/A,N/A,N/A,N/A,,,,,,,,1024.73,N/A,104623994.61,,
aspartate,9.93,Target Compound,20240709_QE2_HILIC_BCSCuAOXq2d_AYW1150,21,Processed,T1,7RV,Unknown,,B:C4,,,10301440,128325270,9.84,-0.09,C4H7NO4,M-H,N/A,N/A,N/A,N/A,132.0302,132.0303,1.0185 (ppm),0,0,N/A,Method,True,False,N/A,N/A,N/A,,,Pass,N/A,N/A,N/A,N/A,Confirmed,N/A,N/A,N/A,N/A,,,,,,,,673.72,N/A,104623994.61,,
aspartate,9.93,Target Compound,20240709_QE2_HILIC_BCSCuAOXq2d_AYW1151,22,Processed,T1,8RB,Unknown,,B:C5,,,6627485,79900540,9.8,-0.13,C4H7NO4,M-H,N/A,N/A,N/A,N/A,132.0302,132.0303,1.1341 (ppm),0,0,N/A,Method,True,False,N/A,N/A,N/A,,,Pass,N/A,N/A,N/A,N/A,Confirmed,N/A,N/A,N/A,N/A,,,,,,,,1063.51,N/A,57689664.57,,
aspartate,9.93,Target Compound,20240709_QE2_HILIC_BCSCuAOXq2d_AYW1152,23,Processed,T1,8RB,Unknown,,B:C6,,,3399235,36156073,9.78,-0.15,C4H7NO4,M-H,N/A,N/A,N/A,N/A,132.0302,132.0304,1.3652 (ppm),0,0,N/A,Method,True,False,N/A,N/A,N/A,,,Pass,N/A,N/A,N/A,N/A,Confirmed,N/A,N/A,N/A,N/A,,,,,,,,365.03,N/A,57689664.57,,
aspartate,9.93,Target Compound,20240709_QE2_HILIC_BCSCuAOXq2d_AYW1153,24,Processed,T1,8RB,Unknown,,B:C7,,,5215526,57012381,9.83,-0.10,C4H7NO4,M-H,N/A,N/A,N/A,N/A,132.0302,132.0303,.7874 (ppm),0,0,N/A,Method,True,False,N/A,N/A,N/A,,,Pass,N/A,N/A,N/A,N/A,Confirmed,N/A,N/A,N/A,N/A,,,,,,,,247.58,N/A,57689664.57,,
aspartate,9.93,Target Compound,20240709_QE2_HILIC_BCSCuAOXq2d_AYW1154_pool1xa,25,Processed,T1,pool1x,Unknown,,B:C8,,,8427888,101256200,9.83,-0.10,C4H7NO4,M-H,N/A,N/A,N/A,N/A,132.0302,132.0303,.9029 (ppm),0,0,N/A,Method,True,False,N/A,N/A,N/A,,,Pass,N/A,N/A,N/A,N/A,Confirmed,N/A,N/A,N/A,N/A,,,,,,,,1111.93,N/A,89896352.88,,
aspartate,9.93,Target Compound,20240709_QE2_HILIC_BCSCuAOXq2d_AYW1154_pool1xb,26,Processed,T1,pool1x,Unknown,,B:C8,,,6688865,90427303,9.82,-0.11,C4H7NO4,M-H,N/A,N/A,N/A,N/A,132.0302,132.0302,.3251 (ppm),0,0,N/A,Method,True,False,N/A,N/A,N/A,,,Pass,N/A,N/A,N/A,N/A,Confirmed,N/A,N/A,N/A,N/A,,,,,,,,10616.15,N/A,89896352.88,,
aspartate,9.93,Target Compound,20240709_QE2_HILIC_BCSCuAOXq2d_AYW1154_pool1xc,27,Processed,T1,pool1x,Unknown,,B:C8,,,7332581,103339146,9.82,-0.11,C4H7NO4,M-H,N/A,N/A,N/A,N/A,132.0302,132.0303,1.1341 (ppm),0,0,N/A,Method,True,False,N/A,N/A,N/A,,,Pass,N/A,N/A,N/A,N/A,Confirmed,N/A,N/A,N/A,N/A,,,,,,,,2692.26,N/A,89896352.88,,
aspartate,9.93,Target Compound,20240709_QE2_HILIC_BCSCuAOXq2d_AYW1154_pool1xd,28,Processed,T1,pool1x,Unknown,,B:C8,,,5939222,64562762,9.8,-0.13,C4H7NO4,M-H,N/A,N/A,N/A,N/A,132.0302,132.0303,.9029 (ppm),0,0,N/A,Method,True,False,N/A,N/A,N/A,,,Pass,N/A,N/A,N/A,N/A,Confirmed,N/A,N/A,N/A,N/A,,,,,,,,1014.50,N/A,89896352.88,,
aspartate,9.93,Target Compound,20240709_QE2_HILIC_BCSCuAOXq2d_AYW1155_pool033xa,29,Processed,T1,pool033x,Unknown,,B:C9,,,5537827,59348674,9.82,-0.11,C4H7NO4,M-H,N/A,N/A,N/A,N/A,132.0302,132.0303,1.1341 (ppm),0,0,N/A,Method,True,False,N/A,N/A,N/A,,,Pass,N/A,N/A,N/A,N/A,Confirmed,N/A,N/A,N/A,N/A,,,,,,,,INF,N/A,45694696.42,,
aspartate,9.93,Target Compound,20240709_QE2_HILIC_BCSCuAOXq2d_AYW1155_pool033xb,30,Processed,T1,pool033x,Unknown,,B:C9,,,4133978,42710661,9.85,-0.08,C4H7NO4,M-H,N/A,N/A,N/A,N/A,132.0302,132.0303,.6718 (ppm),0,0,N/A,Method,True,False,N/A,N/A,N/A,,,Pass,N/A,N/A,N/A,N/A,Confirmed,N/A,N/A,N/A,N/A,,,,,,,,184.32,N/A,45694696.42,,
aspartate,9.93,Target Compound,20240709_QE2_HILIC_BCSCuAOXq2d_AYW1155_pool033xc,31,Processed,T1,pool033x,Unknown,,B:C9,,,4100537,44023065,9.81,-0.12,C4H7NO4,M-H,N/A,N/A,N/A,N/A,132.0302,132.0304,1.4808 (ppm),0,0,N/A,Method,True,False,N/A,N/A,N/A,,,Pass,N/A,N/A,N/A,N/A,Confirmed,N/A,N/A,N/A,N/A,,,,,,,,477.70,N/A,45694696.42,,
aspartate,9.93,Target Compound,20240709_QE2_HILIC_BCSCuAOXq2d_AYW1155_pool033xd,32,Processed,T1,pool033x,Unknown,,B:C9,,,3448598,36696385,9.8,-0.13,C4H7NO4,M-H,N/A,N/A,N/A,N/A,132.0302,132.0303,1.0185 (ppm),0,0,N/A,Method,True,False,N/A,N/A,N/A,,,Pass,N/A,N/A,N/A,N/A,Confirmed,N/A,N/A,N/A,N/A,,,,,,,,1708.65,N/A,45694696.42,,
aspartate,9.93,Target Compound,20240709_QE2_HILIC_BCSCuAOXq2d_AYW1156_pool01xa,33,Processed,T1,pool01x,Unknown,,B:D1,,,2234426,25583117,9.82,-0.11,C4H7NO4,M-H,N/A,N/A,N/A,N/A,132.0302,132.0303,1.0185 (ppm),0,0,N/A,Method,True,False,N/A,N/A,N/A,,,Pass,N/A,N/A,N/A,N/A,Confirmed,N/A,N/A,N/A,N/A,,,,,,,,727.42,N/A,21026248.75,,
aspartate,9.93,Target Compound,20240709_QE2_HILIC_BCSCuAOXq2d_AYW1156_pool01xb,34,Processed,T1,pool01x,Unknown,,B:D1,,,2063987,21908737,9.81,-0.12,C4H7NO4,M-H,N/A,N/A,N/A,N/A,132.0302,132.0303,1.0185 (ppm),0,0,N/A,Method,True,False,N/A,N/A,N/A,,,Pass,N/A,N/A,N/A,N/A,Confirmed,N/A,N/A,N/A,N/A,,,,,,,,92.20,N/A,21026248.75,,
aspartate,9.93,Target Compound,20240709_QE2_HILIC_BCSCuAOXq2d_AYW1156_pool01xc,35,Processed,T1,pool01x,Unknown,,B:D1,,,1901323,19775810,9.81,-0.12,C4H7NO4,M-H,N/A,N/A,N/A,N/A,132.0302,132.0304,1.8275 (ppm),0,0,N/A,Method,True,False,N/A,N/A,N/A,,,Pass,N/A,N/A,N/A,N/A,Confirmed,N/A,N/A,N/A,N/A,,,,,,,,126.60,N/A,21026248.75,,
aspartate,9.93,Target Compound,20240709_QE2_HILIC_BCSCuAOXq2d_AYW1156_pool01xd,36,Processed,T1,pool01x,Unknown,,B:D1,,,1608668,16837330,9.78,-0.15,C4H7NO4,M-H,N/A,N/A,N/A,N/A,132.0302,132.0303,1.0185 (ppm),0,0,N/A,Method,True,False,N/A,N/A,N/A,,,Pass,N/A,N/A,N/A,N/A,Confirmed,N/A,N/A,N/A,N/A,,,,,,,,251.61,N/A,21026248.75,,
aspartate,9.93,Target Compound,20240709_QE2_HILIC_BCSCuAOXq2d_blank1,37,Processed,T1,,Unknown,,B:A1,,,N/F,N/F,N/F,N/F,C4H7NO4,N/A,N/F,N/A,N/F,N/A,132.0302,N/F,N/F,N/F,0,N/A,Method,True,False,N/A,N/A,N/A,,,Fail,N/A,N/A,N/A,N/A,NotFound,N/A,N/A,N/A,N/A,,,,,,,,N/A,N/A,209771.55,,
aspartate,9.93,Target Compound,20240709_QE2_HILIC_BCSCuAOXq2d_blank1_20240710111342,38,Processed,T1,,Unknown,,B:A1,,,N/F,N/F,N/F,N/F,C4H7NO4,N/A,N/F,N/A,N/F,N/A,132.0302,N/F,N/F,N/F,0,N/A,Method,True,False,N/A,N/A,N/A,,,Fail,N/A,N/A,N/A,N/A,NotFound,N/A,N/A,N/A,N/A,,,,,,,,N/A,N/A,209771.55,,
aspartate,9.93,Target Compound,20240709_QE2_HILIC_BCSCuAOXq2d_blank1_20240710231833,39,Processed,T1,,Unknown,,B:A1,,,N/F,N/F,N/F,N/F,C4H7NO4,N/A,N/F,N/A,N/F,N/A,132.0302,N/F,N/F,N/F,0,N/A,Method,True,False,N/A,N/A,N/A,,,Fail,N/A,N/A,N/A,N/A,NotFound,N/A,N/A,N/A,N/A,,,,,,,,N/A,N/A,209771.55,,
aspartate,9.93,Target Compound,20240709_QE2_HILIC_BCSCuAOXq2d_blank2,40,Processed,T1,,Unknown,,B:A1,,,106822,1258629,9.81,-0.12,C4H7NO4,M-H,N/A,N/A,N/A,N/A,132.0302,132.0303,.9029 (ppm),0,0,N/A,Method,True,False,N/A,N/A,N/A,,,Pass,N/A,N/A,N/A,N/A,Confirmed,N/A,N/A,N/A,N/A,,,,,,,,18.14,N/A,209771.55,,
aspartate,9.93,Target Compound,20240709_QE2_HILIC_BCSCuAOXq2d_blank2_20240710115054,41,Processed,T1,,Unknown,,B:A1,,,N/F,N/F,N/F,N/F,C4H7NO4,N/A,N/F,N/A,N/F,N/A,132.0302,N/F,N/F,N/F,0,N/A,Method,True,False,N/A,N/A,N/A,,,Fail,N/A,N/A,N/A,N/A,NotFound,N/A,N/A,N/A,N/A,,,,,,,,N/A,N/A,209771.55,,
aspartate,9.93,Target Compound,20240709_QE2_HILIC_BCSCuAOXq2d_blank2_20240710235116,42,Processed,T1,,Unknown,,B:A1,,,N/F,N/F,N/F,N/F,C4H7NO4,N/A,N/F,N/A,N/F,N/A,132.0302,N/F,N/F,N/F,0,N/A,Method,True,False,N/A,N/A,N/A,,,Fail,N/A,N/A,N/A,N/A,NotFound,N/A,N/A,N/A,N/A,,,,,,,,N/A,N/A,209771.55,,
