﻿Compound,RT,Type,Filename,Batch Order,Status,Peak Label,Group,Sample Type,Level,Sample ID,Sample Name,Comments,Height,Area,Actual RT,RT Delta,Formula,Adduct,Calculated Amt,Theoretical Amt,Sample Amt,Std Add Amount,m/z (Expected),m/z (Apex),m/z (Delta),Response Ratio,ISTD Amt,ISTD Response,Integration Mode,Active,Excluded,%Diff,%RSD,% CV,Channel,Final Units,PK,IR,IP,LS,FI,Confirm,Isotopic Pattern Score (%),Num Isotopes Matched,Lib Match Name,Library Score (%),Library Match Rank,SI/Dot Product,RSI/Rev Dot,Modification,Protein Name,Peptide Sequence,Ion Type,S/N,Ion Ratio,Group Average,Relative RT,Flag Details
serine,9.69,Target Compound,20240709_QE2_HILIC_BCSCuAOXq2d_AYW1130,1,Processed,T1,1V,Unknown,,B:A2,,,3795879,50046365,9.59,-0.10,C3H7NO3,M+H,N/A,N/A,N/A,N/A,106.0499,106.0499,-.1074 (ppm),0,0,N/A,Method,True,False,N/A,N/A,N/A,,,Pass,N/A,N/A,N/A,N/A,Confirmed,N/A,N/A,N/A,N/A,,,,,,,,INF,N/A,57749311.83,,
serine,9.69,Target Compound,20240709_QE2_HILIC_BCSCuAOXq2d_AYW1131,2,Processed,T1,1V,Unknown,,B:A3,,,3999201,55855801,9.58,-0.11,C3H7NO3,M+H,N/A,N/A,N/A,N/A,106.0499,106.0498,-.6110 (ppm),0,0,N/A,Method,True,False,N/A,N/A,N/A,,,Pass,N/A,N/A,N/A,N/A,Confirmed,N/A,N/A,N/A,N/A,,,,,,,,690.00,N/A,57749311.83,,
serine,9.69,Target Compound,20240709_QE2_HILIC_BCSCuAOXq2d_AYW1132,3,Processed,T1,1V,Unknown,,B:A4,,,4280185,67345770,9.55,-0.14,C3H7NO3,M+H,N/A,N/A,N/A,N/A,106.0499,106.0498,-.5390 (ppm),0,0,N/A,Method,True,False,N/A,N/A,N/A,,,Pass,N/A,N/A,N/A,N/A,Confirmed,N/A,N/A,N/A,N/A,,,,,,,,6498.81,N/A,57749311.83,,
serine,9.69,Target Compound,20240709_QE2_HILIC_BCSCuAOXq2d_AYW1133,4,Processed,T1,2B,Unknown,,B:A5,,,6101869,92307263,9.56,-0.13,C3H7NO3,M+H,N/A,N/A,N/A,N/A,106.0499,106.0499,-.4671 (ppm),0,0,N/A,Method,True,False,N/A,N/A,N/A,,,Pass,N/A,N/A,N/A,N/A,Confirmed,N/A,N/A,N/A,N/A,,,,,,,,634.19,N/A,84811365.01,,
serine,9.69,Target Compound,20240709_QE2_HILIC_BCSCuAOXq2d_AYW1134,5,Processed,T1,2B,Unknown,,B:A6,,,5758107,87511370,9.56,-0.13,C3H7NO3,M+H,N/A,N/A,N/A,N/A,106.0499,106.0498,-.6829 (ppm),0,0,N/A,Method,True,False,N/A,N/A,N/A,,,Pass,N/A,N/A,N/A,N/A,Confirmed,N/A,N/A,N/A,N/A,,,,,,,,2578.11,N/A,84811365.01,,
serine,9.69,Target Compound,20240709_QE2_HILIC_BCSCuAOXq2d_AYW1135,6,Processed,T1,2B,Unknown,,B:A7,,,5924331,74615461,9.56,-0.13,C3H7NO3,M+H,N/A,N/A,N/A,N/A,106.0499,106.0499,-.2513 (ppm),0,0,N/A,Method,True,False,N/A,N/A,N/A,,,Pass,N/A,N/A,N/A,N/A,Confirmed,N/A,N/A,N/A,N/A,,,,,,,,18211.57,N/A,84811365.01,,
serine,9.69,Target Compound,20240709_QE2_HILIC_BCSCuAOXq2d_AYW1136,7,Processed,T1,3C,Unknown,,B:A8,,,5679713,80102237,9.57,-0.12,C3H7NO3,M+H,N/A,N/A,N/A,N/A,106.0499,106.0499,-.3232 (ppm),0,0,N/A,Method,True,False,N/A,N/A,N/A,,,Pass,N/A,N/A,N/A,N/A,Confirmed,N/A,N/A,N/A,N/A,,,,,,,,1111.58,N/A,73545848.90,,
serine,9.69,Target Compound,20240709_QE2_HILIC_BCSCuAOXq2d_AYW1137,8,Processed,T1,3C,Unknown,,B:A9,,,4982099,76866946,9.59,-0.10,C3H7NO3,M+H,N/A,N/A,N/A,N/A,106.0499,106.0499,-.3952 (ppm),0,0,N/A,Method,True,False,N/A,N/A,N/A,,,Pass,N/A,N/A,N/A,N/A,Confirmed,N/A,N/A,N/A,N/A,,,,,,,,4883.08,N/A,73545848.90,,
serine,9.69,Target Compound,20240709_QE2_HILIC_BCSCuAOXq2d_AYW1138,9,Processed,T1,3C,Unknown,,B:B1,,,3940443,63668364,9.59,-0.10,C3H7NO3,M+H,N/A,N/A,N/A,N/A,106.0499,106.0499,-.3952 (ppm),0,0,N/A,Method,True,False,N/A,N/A,N/A,,,Pass,N/A,N/A,N/A,N/A,Confirmed,N/A,N/A,N/A,N/A,,,,,,,,1597.00,N/A,73545848.90,,
serine,9.69,Target Compound,20240709_QE2_HILIC_BCSCuAOXq2d_AYW1139,10,Processed,T1,4BC,Unknown,,B:B2,,,4816117,69540648,9.6,-0.09,C3H7NO3,M+H,N/A,N/A,N/A,N/A,106.0499,106.0498,-.5390 (ppm),0,0,N/A,Method,True,False,N/A,N/A,N/A,,,Pass,N/A,N/A,N/A,N/A,Confirmed,N/A,N/A,N/A,N/A,,,,,,,,1027.38,N/A,73421900.16,N/A,
serine,9.69,Target Compound,20240709_QE2_HILIC_BCSCuAOXq2d_AYW1140,11,Processed,T1,4BC,Unknown,,B:B3,,,5431938,82529815,9.55,-0.14,C3H7NO3,M+H,N/A,N/A,N/A,N/A,106.0499,106.0498,-.9707 (ppm),0,0,N/A,Method,True,False,N/A,N/A,N/A,,,Pass,N/A,N/A,N/A,N/A,Confirmed,N/A,N/A,N/A,N/A,,,,,,,,12895.25,N/A,73421900.16,,
serine,9.69,Target Compound,20240709_QE2_HILIC_BCSCuAOXq2d_AYW1141,12,Processed,T1,4BC,Unknown,,B:B4,,,4598358,68195237,9.55,-0.14,C3H7NO3,M+H,N/A,N/A,N/A,N/A,106.0499,106.0499,-.1793 (ppm),0,0,N/A,Method,True,False,N/A,N/A,N/A,,,Pass,N/A,N/A,N/A,N/A,Confirmed,N/A,N/A,N/A,N/A,,,,,,,,2522.97,N/A,73421900.16,,
serine,9.69,Target Compound,20240709_QE2_HILIC_BCSCuAOXq2d_AYW1142,13,Processed,T1,5RV,Unknown,,B:B5,,,5877385,83184526,9.57,-0.12,C3H7NO3,M+H,N/A,N/A,N/A,N/A,106.0499,106.0499,-.2513 (ppm),0,0,N/A,Method,True,False,N/A,N/A,N/A,,,Pass,N/A,N/A,N/A,N/A,Confirmed,N/A,N/A,N/A,N/A,,,,,,,,3315.04,N/A,75981266.07,N/A,
serine,9.69,Target Compound,20240709_QE2_HILIC_BCSCuAOXq2d_AYW1143,14,Processed,T1,5RV,Unknown,,B:B6,,,4939959,70808221,9.55,-0.14,C3H7NO3,M+H,N/A,N/A,N/A,N/A,106.0499,106.0499,-.1074 (ppm),0,0,N/A,Method,True,False,N/A,N/A,N/A,,,Pass,N/A,N/A,N/A,N/A,Confirmed,N/A,N/A,N/A,N/A,,,,,,,,3189.17,N/A,75981266.07,,
serine,9.69,Target Compound,20240709_QE2_HILIC_BCSCuAOXq2d_AYW1144,15,Processed,T1,5RV,Unknown,,B:B7,,,5043697,73951051,9.57,-0.12,C3H7NO3,M+H,N/A,N/A,N/A,N/A,106.0499,106.0499,-.3952 (ppm),0,0,N/A,Method,True,False,N/A,N/A,N/A,,,Pass,N/A,N/A,N/A,N/A,Confirmed,N/A,N/A,N/A,N/A,,,,,,,,1839.14,N/A,75981266.07,,
serine,9.69,Target Compound,20240709_QE2_HILIC_BCSCuAOXq2d_AYW1145,16,Processed,T1,6RB,Unknown,,B:B8,,,4790402,85241230,9.57,-0.12,C3H7NO3,M+H,N/A,N/A,N/A,N/A,106.0499,106.0499,-.3232 (ppm),0,0,N/A,Method,True,False,N/A,N/A,N/A,,,Pass,N/A,N/A,N/A,N/A,Confirmed,N/A,N/A,N/A,N/A,,,,,,,,1910.61,N/A,76958322.41,,
serine,9.69,Target Compound,20240709_QE2_HILIC_BCSCuAOXq2d_AYW1146,17,Processed,T1,6RB,Unknown,,B:B9,,,4767479,70177287,9.57,-0.12,C3H7NO3,M+H,N/A,N/A,N/A,N/A,106.0499,106.0499,-.3952 (ppm),0,0,N/A,Method,True,False,N/A,N/A,N/A,,,Pass,N/A,N/A,N/A,N/A,Confirmed,N/A,N/A,N/A,N/A,,,,,,,,1546.65,N/A,76958322.41,,
serine,9.69,Target Compound,20240709_QE2_HILIC_BCSCuAOXq2d_AYW1147,18,Processed,T1,6RB,Unknown,,B:C1,,,5476247,75456451,9.59,-0.10,C3H7NO3,M+H,N/A,N/A,N/A,N/A,106.0499,106.0499,.1804 (ppm),0,0,N/A,Method,True,False,N/A,N/A,N/A,,,Pass,N/A,N/A,N/A,N/A,Confirmed,N/A,N/A,N/A,N/A,,,,,,,,2587.45,N/A,76958322.41,,
serine,9.69,Target Compound,20240709_QE2_HILIC_BCSCuAOXq2d_AYW1148,19,Processed,T1,7RV,Unknown,,B:C2,,,4157306,46783091,9.56,-0.13,C3H7NO3,M+H,N/A,N/A,N/A,N/A,106.0499,106.0499,-.1793 (ppm),0,0,N/A,Method,True,False,N/A,N/A,N/A,,,Pass,N/A,N/A,N/A,N/A,Confirmed,N/A,N/A,N/A,N/A,,,,,,,,INF,N/A,62914686.20,,
serine,9.69,Target Compound,20240709_QE2_HILIC_BCSCuAOXq2d_AYW1149,20,Processed,T1,7RV,Unknown,,B:C3,,,4459321,68631958,9.56,-0.13,C3H7NO3,M+H,N/A,N/A,N/A,N/A,106.0499,106.0499,-.1793 (ppm),0,0,N/A,Method,True,False,N/A,N/A,N/A,,,Pass,N/A,N/A,N/A,N/A,Confirmed,N/A,N/A,N/A,N/A,,,,,,,,139975.71,N/A,62914686.20,,
serine,9.69,Target Compound,20240709_QE2_HILIC_BCSCuAOXq2d_AYW1150,21,Processed,T1,7RV,Unknown,,B:C4,,,5473136,73329010,9.55,-0.14,C3H7NO3,M+H,N/A,N/A,N/A,N/A,106.0499,106.0499,-.3952 (ppm),0,0,N/A,Method,True,False,N/A,N/A,N/A,,,Pass,N/A,N/A,N/A,N/A,Confirmed,N/A,N/A,N/A,N/A,,,,,,,,INF,N/A,62914686.20,,
serine,9.69,Target Compound,20240709_QE2_HILIC_BCSCuAOXq2d_AYW1151,22,Processed,T1,8RB,Unknown,,B:C5,,,5071432,75161663,9.57,-0.12,C3H7NO3,M+H,N/A,N/A,N/A,N/A,106.0499,106.0499,.3962 (ppm),0,0,N/A,Method,True,False,N/A,N/A,N/A,,,Pass,N/A,N/A,N/A,N/A,Confirmed,N/A,N/A,N/A,N/A,,,,,,,,2328.93,N/A,60472258.67,,
serine,9.69,Target Compound,20240709_QE2_HILIC_BCSCuAOXq2d_AYW1152,23,Processed,T1,8RB,Unknown,,B:C6,,,3016200,37626105,9.54,-0.15,C3H7NO3,M+H,N/A,N/A,N/A,N/A,106.0499,106.0499,-.2513 (ppm),0,0,N/A,Method,True,False,N/A,N/A,N/A,,,Pass,N/A,N/A,N/A,N/A,Confirmed,N/A,N/A,N/A,N/A,,,,,,,,697.71,N/A,60472258.67,,
serine,9.69,Target Compound,20240709_QE2_HILIC_BCSCuAOXq2d_AYW1153,24,Processed,T1,8RB,Unknown,,B:C7,,,4562049,68629008,9.57,-0.12,C3H7NO3,M+H,N/A,N/A,N/A,N/A,106.0499,106.0499,-.4671 (ppm),0,0,N/A,Method,True,False,N/A,N/A,N/A,,,Pass,N/A,N/A,N/A,N/A,Confirmed,N/A,N/A,N/A,N/A,,,,,,,,1691.62,N/A,60472258.67,,
serine,9.69,Target Compound,20240709_QE2_HILIC_BCSCuAOXq2d_AYW1154_pool1xa,25,Processed,T1,pool1x,Unknown,,B:C8,,,5032638,64293662,9.57,-0.12,C3H7NO3,M+H,N/A,N/A,N/A,N/A,106.0499,106.0498,-.8268 (ppm),0,0,N/A,Method,True,False,N/A,N/A,N/A,,,Pass,N/A,N/A,N/A,N/A,Confirmed,N/A,N/A,N/A,N/A,,,,,,,,INF,N/A,62006939.85,,
serine,9.69,Target Compound,20240709_QE2_HILIC_BCSCuAOXq2d_AYW1154_pool1xb,26,Processed,T1,pool1x,Unknown,,B:C8,,,4667144,66876311,9.56,-0.13,C3H7NO3,M+H,N/A,N/A,N/A,N/A,106.0499,106.0498,-1.4023 (ppm),0,0,N/A,Method,True,False,N/A,N/A,N/A,,,Pass,N/A,N/A,N/A,N/A,Confirmed,N/A,N/A,N/A,N/A,,,,,,,,921.97,N/A,62006939.85,,
serine,9.69,Target Compound,20240709_QE2_HILIC_BCSCuAOXq2d_AYW1154_pool1xc,27,Processed,T1,pool1x,Unknown,,B:C8,,,4467918,71376540,9.56,-0.13,C3H7NO3,M+H,N/A,N/A,N/A,N/A,106.0499,106.0499,-.2513 (ppm),0,0,N/A,Method,True,False,N/A,N/A,N/A,,,Pass,N/A,N/A,N/A,N/A,Confirmed,N/A,N/A,N/A,N/A,,,,,,,,7725.74,N/A,62006939.85,,
serine,9.69,Target Compound,20240709_QE2_HILIC_BCSCuAOXq2d_AYW1154_pool1xd,28,Processed,T1,pool1x,Unknown,,B:C8,,,3685851,45481247,9.54,-0.15,C3H7NO3,M+H,N/A,N/A,N/A,N/A,106.0499,106.0499,-.3232 (ppm),0,0,N/A,Method,True,False,N/A,N/A,N/A,,,Pass,N/A,N/A,N/A,N/A,Confirmed,N/A,N/A,N/A,N/A,,,,,,,,INF,N/A,62006939.85,,
serine,9.69,Target Compound,20240709_QE2_HILIC_BCSCuAOXq2d_AYW1155_pool033xa,29,Processed,T1,pool033x,Unknown,,B:C9,,,2222106,26850328,9.56,-0.13,C3H7NO3,M+H,N/A,N/A,N/A,N/A,106.0499,106.0499,-.2513 (ppm),0,0,N/A,Method,True,False,N/A,N/A,N/A,,,Pass,N/A,N/A,N/A,N/A,Confirmed,N/A,N/A,N/A,N/A,,,,,,,,INF,N/A,24327273.40,,
serine,9.69,Target Compound,20240709_QE2_HILIC_BCSCuAOXq2d_AYW1155_pool033xb,30,Processed,T1,pool033x,Unknown,,B:C9,,,1966523,26824055,9.56,-0.13,C3H7NO3,M+H,N/A,N/A,N/A,N/A,106.0499,106.0499,-.3232 (ppm),0,0,N/A,Method,True,False,N/A,N/A,N/A,,,Pass,N/A,N/A,N/A,N/A,Confirmed,N/A,N/A,N/A,N/A,,,,,,,,516.38,N/A,24327273.40,,
serine,9.69,Target Compound,20240709_QE2_HILIC_BCSCuAOXq2d_AYW1155_pool033xc,31,Processed,T1,pool033x,Unknown,,B:C9,,,1811183,25532671,9.55,-0.14,C3H7NO3,M+H,N/A,N/A,N/A,N/A,106.0499,106.0499,-.1793 (ppm),0,0,N/A,Method,True,False,N/A,N/A,N/A,,,Pass,N/A,N/A,N/A,N/A,Confirmed,N/A,N/A,N/A,N/A,,,,,,,,549.86,N/A,24327273.40,,
serine,9.69,Target Compound,20240709_QE2_HILIC_BCSCuAOXq2d_AYW1155_pool033xd,32,Processed,T1,pool033x,Unknown,,B:C9,,,1335652,18102039,9.51,-0.18,C3H7NO3,M+H,N/A,N/A,N/A,N/A,106.0499,106.0499,.1084 (ppm),0,0,N/A,Method,True,False,N/A,N/A,N/A,,,Pass,N/A,N/A,N/A,N/A,Confirmed,N/A,N/A,N/A,N/A,,,,,,,,INF,N/A,24327273.40,,
serine,9.69,Target Compound,20240709_QE2_HILIC_BCSCuAOXq2d_AYW1156_pool01xa,33,Processed,T1,pool01x,Unknown,,B:D1,,,664400,9181607,9.53,-0.16,C3H7NO3,M+H,N/A,N/A,N/A,N/A,106.0499,106.0499,-.1793 (ppm),0,0,N/A,Method,True,False,N/A,N/A,N/A,,,Pass,N/A,N/A,N/A,N/A,Confirmed,N/A,N/A,N/A,N/A,,,,,,,,INF,N/A,8712646.94,,
serine,9.69,Target Compound,20240709_QE2_HILIC_BCSCuAOXq2d_AYW1156_pool01xb,34,Processed,T1,pool01x,Unknown,,B:D1,,,760586,10756206,9.57,-0.12,C3H7NO3,M+H,N/A,N/A,N/A,N/A,106.0499,106.0498,-.8268 (ppm),0,0,N/A,Method,True,False,N/A,N/A,N/A,,,Pass,N/A,N/A,N/A,N/A,Confirmed,N/A,N/A,N/A,N/A,,,,,,,,268.28,N/A,8712646.94,,
serine,9.69,Target Compound,20240709_QE2_HILIC_BCSCuAOXq2d_AYW1156_pool01xc,35,Processed,T1,pool01x,Unknown,,B:D1,,,556568,8696782,9.51,-0.18,C3H7NO3,M+H,N/A,N/A,N/A,N/A,106.0499,106.05,.5401 (ppm),0,0,N/A,Method,True,False,N/A,N/A,N/A,,,Pass,N/A,N/A,N/A,N/A,Confirmed,N/A,N/A,N/A,N/A,,,,,,,,180.80,N/A,8712646.94,,
serine,9.69,Target Compound,20240709_QE2_HILIC_BCSCuAOXq2d_AYW1156_pool01xd,36,Processed,T1,pool01x,Unknown,,B:D1,,,480085,6215993,9.57,-0.12,C3H7NO3,M+H,N/A,N/A,N/A,N/A,106.0499,106.0499,-.1793 (ppm),0,0,N/A,Method,True,False,N/A,N/A,N/A,,,Pass,N/A,N/A,N/A,N/A,Confirmed,N/A,N/A,N/A,N/A,,,,,,,,87.57,N/A,8712646.94,,
serine,9.69,Target Compound,20240709_QE2_HILIC_BCSCuAOXq2d_blank1,37,Processed,T1,,Unknown,,B:A1,,,N/F,N/F,N/F,N/F,C3H7NO3,N/A,N/F,N/A,N/F,N/A,106.0499,N/F,N/F,N/F,0,N/A,Method,True,False,N/A,N/A,N/A,,,Fail,N/A,N/A,N/A,N/A,NotFound,N/A,N/A,N/A,N/A,,,,,,,,N/A,N/A,19574.97,,
serine,9.69,Target Compound,20240709_QE2_HILIC_BCSCuAOXq2d_blank1_20240710111342,38,Processed,T1,,Unknown,,B:A1,,,N/F,N/F,N/F,N/F,C3H7NO3,N/A,N/F,N/A,N/F,N/A,106.0499,N/F,N/F,N/F,0,N/A,Method,True,False,N/A,N/A,N/A,,,Fail,N/A,N/A,N/A,N/A,NotFound,N/A,N/A,N/A,N/A,,,,,,,,N/A,N/A,19574.97,,
serine,9.69,Target Compound,20240709_QE2_HILIC_BCSCuAOXq2d_blank1_20240710231833,39,Processed,T1,,Unknown,,B:A1,,,N/F,N/F,N/F,N/F,C3H7NO3,N/A,N/F,N/A,N/F,N/A,106.0499,N/F,N/F,N/F,0,N/A,Method,True,False,N/A,N/A,N/A,,,Fail,N/A,N/A,N/A,N/A,NotFound,N/A,N/A,N/A,N/A,,,,,,,,N/A,N/A,19574.97,,
serine,9.69,Target Compound,20240709_QE2_HILIC_BCSCuAOXq2d_blank2,40,Processed,T1,,Unknown,,B:A1,,,21228,117450,9.52,-0.17,C3H7NO3,M+H,N/A,N/A,N/A,N/A,106.0499,106.0499,.2523 (ppm),0,0,N/A,Method,True,False,N/A,N/A,N/A,,,Pass,N/A,N/A,N/A,N/A,Confirmed,N/A,N/A,N/A,N/A,,,,,,,,INF,N/A,19574.97,,
serine,9.69,Target Compound,20240709_QE2_HILIC_BCSCuAOXq2d_blank2_20240710115054,41,Processed,T1,,Unknown,,B:A1,,,N/F,N/F,N/F,N/F,C3H7NO3,N/A,N/F,N/A,N/F,N/A,106.0499,N/F,N/F,N/F,0,N/A,Method,True,False,N/A,N/A,N/A,,,Fail,N/A,N/A,N/A,N/A,NotFound,N/A,N/A,N/A,N/A,,,,,,,,N/A,N/A,19574.97,,
serine,9.69,Target Compound,20240709_QE2_HILIC_BCSCuAOXq2d_blank2_20240710235116,42,Processed,T1,,Unknown,,B:A1,,,N/F,N/F,N/F,N/F,C3H7NO3,N/A,N/F,N/A,N/F,N/A,106.0499,N/F,N/F,N/F,0,N/A,Method,True,False,N/A,N/A,N/A,,,Fail,N/A,N/A,N/A,N/A,NotFound,N/A,N/A,N/A,N/A,,,,,,,,N/A,N/A,19574.97,,
