﻿Compound,RT,Type,Filename,Batch Order,Status,Peak Label,Group,Sample Type,Level,Sample ID,Sample Name,Comments,Height,Area,Actual RT,RT Delta,Formula,Adduct,Calculated Amt,Theoretical Amt,Sample Amt,Std Add Amount,m/z (Expected),m/z (Apex),m/z (Delta),Response Ratio,ISTD Amt,ISTD Response,Integration Mode,Active,Excluded,%Diff,%RSD,% CV,Channel,Final Units,PK,IR,IP,LS,FI,Confirm,Isotopic Pattern Score (%),Num Isotopes Matched,Lib Match Name,Library Score (%),Library Match Rank,SI/Dot Product,RSI/Rev Dot,Modification,Protein Name,Peptide Sequence,Ion Type,S/N,Ion Ratio,Group Average,Relative RT,Flag Details
gamma-aminobutyric_acid,9.73,Target Compound,20240709_QE2_HILIC_BCSCuAOXq2d_AYW1130,1,Processed,T1,1V,Unknown,,B:A2,,,5569235,56321035,9.44,-0.29,C4H9NO2,M+H,N/A,N/A,N/A,N/A,104.071,104.0706,-3.3804 (ppm),0,0,N/A,Method,True,False,N/A,N/A,N/A,,,Pass,N/A,N/A,N/A,N/A,Confirmed,N/A,N/A,N/A,N/A,,,,,,,,99.91,N/A,47883890.04,,
gamma-aminobutyric_acid,9.73,Target Compound,20240709_QE2_HILIC_BCSCuAOXq2d_AYW1131,2,Processed,T1,1V,Unknown,,B:A3,,,4758640,48613662,9.45,-0.28,C4H9NO2,M+H,N/A,N/A,N/A,N/A,104.071,104.0706,-3.5271 (ppm),0,0,N/A,Method,True,False,N/A,N/A,N/A,,,Pass,N/A,N/A,N/A,N/A,Confirmed,N/A,N/A,N/A,N/A,,,,,,,,85.87,N/A,47883890.04,,
gamma-aminobutyric_acid,9.73,Target Compound,20240709_QE2_HILIC_BCSCuAOXq2d_AYW1132,3,Processed,T1,1V,Unknown,,B:A4,,,4000291,38716974,9.43,-0.30,C4H9NO2,M+H,N/A,N/A,N/A,N/A,104.071,104.0707,-3.3071 (ppm),0,0,N/A,Method,True,False,N/A,N/A,N/A,,,Pass,N/A,N/A,N/A,N/A,Confirmed,N/A,N/A,N/A,N/A,,,,,,,,107.83,N/A,47883890.04,,
gamma-aminobutyric_acid,9.73,Target Compound,20240709_QE2_HILIC_BCSCuAOXq2d_AYW1133,4,Processed,T1,2B,Unknown,,B:A5,,,4677902,48683121,9.41,-0.32,C4H9NO2,M+H,N/A,N/A,N/A,N/A,104.071,104.0707,-3.0872 (ppm),0,0,N/A,Method,True,False,N/A,N/A,N/A,,,Pass,N/A,N/A,N/A,N/A,Confirmed,N/A,N/A,N/A,N/A,,,,,,,,218.17,N/A,67809052.46,,
gamma-aminobutyric_acid,9.73,Target Compound,20240709_QE2_HILIC_BCSCuAOXq2d_AYW1134,5,Processed,T1,2B,Unknown,,B:A6,,,6859872,73606065,9.42,-0.31,C4H9NO2,M+H,N/A,N/A,N/A,N/A,104.071,104.0706,-3.8203 (ppm),0,0,N/A,Method,True,False,N/A,N/A,N/A,,,Pass,N/A,N/A,N/A,N/A,Confirmed,N/A,N/A,N/A,N/A,,,,,,,,92.68,N/A,67809052.46,,
gamma-aminobutyric_acid,9.73,Target Compound,20240709_QE2_HILIC_BCSCuAOXq2d_AYW1135,6,Processed,T1,2B,Unknown,,B:A7,,,7581419,81137971,9.42,-0.31,C4H9NO2,M+H,N/A,N/A,N/A,N/A,104.071,104.0706,-3.5271 (ppm),0,0,N/A,Method,True,False,N/A,N/A,N/A,,,Pass,N/A,N/A,N/A,N/A,Confirmed,N/A,N/A,N/A,N/A,,,,,,,,187.18,N/A,67809052.46,,
gamma-aminobutyric_acid,9.73,Target Compound,20240709_QE2_HILIC_BCSCuAOXq2d_AYW1136,7,Processed,T1,3C,Unknown,,B:A8,,,11153465,120807319,9.43,-0.30,C4H9NO2,M+H,N/A,N/A,N/A,N/A,104.071,104.0706,-3.5271 (ppm),0,0,N/A,Method,True,False,N/A,N/A,N/A,,,Pass,N/A,N/A,N/A,N/A,Confirmed,N/A,N/A,N/A,N/A,,,,,,,,144.42,N/A,112060415.43,,
gamma-aminobutyric_acid,9.73,Target Compound,20240709_QE2_HILIC_BCSCuAOXq2d_AYW1137,8,Processed,T1,3C,Unknown,,B:A9,,,15252720,148355707,9.41,-0.32,C4H9NO2,M+H,N/A,N/A,N/A,N/A,104.071,104.0706,-3.9669 (ppm),0,0,N/A,Method,True,False,N/A,N/A,N/A,,,Pass,N/A,N/A,N/A,N/A,Confirmed,N/A,N/A,N/A,N/A,,,,,,,,388.85,N/A,112060415.43,,
gamma-aminobutyric_acid,9.73,Target Compound,20240709_QE2_HILIC_BCSCuAOXq2d_AYW1138,9,Processed,T1,3C,Unknown,,B:B1,,,6261877,67018221,9.44,-0.29,C4H9NO2,M+H,N/A,N/A,N/A,N/A,104.071,104.0707,-3.0139 (ppm),0,0,N/A,Method,True,False,N/A,N/A,N/A,,,Pass,N/A,N/A,N/A,N/A,Confirmed,N/A,N/A,N/A,N/A,,,,,,,,228.04,N/A,112060415.43,,
gamma-aminobutyric_acid,9.73,Target Compound,20240709_QE2_HILIC_BCSCuAOXq2d_AYW1139,10,Processed,T1,4BC,Unknown,,B:B2,,,8189021,82613416,9.42,-0.31,C4H9NO2,M+H,N/A,N/A,N/A,N/A,104.071,104.0706,-3.7470 (ppm),0,0,N/A,Method,True,False,N/A,N/A,N/A,,,Pass,N/A,N/A,N/A,N/A,Confirmed,N/A,N/A,N/A,N/A,,,,,,,,84.84,N/A,83545803.64,N/A,
gamma-aminobutyric_acid,9.73,Target Compound,20240709_QE2_HILIC_BCSCuAOXq2d_AYW1140,11,Processed,T1,4BC,Unknown,,B:B3,,,8851831,85876616,9.43,-0.30,C4H9NO2,M+H,N/A,N/A,N/A,N/A,104.071,104.0706,-4.1869 (ppm),0,0,N/A,Method,True,False,N/A,N/A,N/A,,,Pass,N/A,N/A,N/A,N/A,Confirmed,N/A,N/A,N/A,N/A,,,,,,,,216.50,N/A,83545803.64,,
gamma-aminobutyric_acid,9.73,Target Compound,20240709_QE2_HILIC_BCSCuAOXq2d_AYW1141,12,Processed,T1,4BC,Unknown,,B:B4,,,9068444,82147379,9.43,-0.30,C4H9NO2,M+H,N/A,N/A,N/A,N/A,104.071,104.0706,-4.1869 (ppm),0,0,N/A,Method,True,False,N/A,N/A,N/A,,,Pass,N/A,N/A,N/A,N/A,Confirmed,N/A,N/A,N/A,N/A,,,,,,,,89.68,N/A,83545803.64,,
gamma-aminobutyric_acid,9.73,Target Compound,20240709_QE2_HILIC_BCSCuAOXq2d_AYW1142,13,Processed,T1,5RV,Unknown,,B:B5,,,6296214,65866920,9.42,-0.31,C4H9NO2,M+H,N/A,N/A,N/A,N/A,104.071,104.0706,-3.8203 (ppm),0,0,N/A,Method,True,False,N/A,N/A,N/A,,,Pass,N/A,N/A,N/A,N/A,Confirmed,N/A,N/A,N/A,N/A,,,,,,,,191.59,N/A,63445458.06,N/A,
gamma-aminobutyric_acid,9.73,Target Compound,20240709_QE2_HILIC_BCSCuAOXq2d_AYW1143,14,Processed,T1,5RV,Unknown,,B:B6,,,7396956,73913141,9.43,-0.30,C4H9NO2,M+H,N/A,N/A,N/A,N/A,104.071,104.0706,-3.6004 (ppm),0,0,N/A,Method,True,False,N/A,N/A,N/A,,,Pass,N/A,N/A,N/A,N/A,Confirmed,N/A,N/A,N/A,N/A,,,,,,,,126.36,N/A,63445458.06,,
gamma-aminobutyric_acid,9.73,Target Compound,20240709_QE2_HILIC_BCSCuAOXq2d_AYW1144,15,Processed,T1,5RV,Unknown,,B:B7,,,6064939,50556313,9.45,-0.28,C4H9NO2,M+H,N/A,N/A,N/A,N/A,104.071,104.0707,-3.3071 (ppm),0,0,N/A,Method,True,False,N/A,N/A,N/A,,,Pass,N/A,N/A,N/A,N/A,Confirmed,N/A,N/A,N/A,N/A,,,,,,,,77.50,N/A,63445458.06,,
gamma-aminobutyric_acid,9.73,Target Compound,20240709_QE2_HILIC_BCSCuAOXq2d_AYW1145,16,Processed,T1,6RB,Unknown,,B:B8,,,7067275,69016281,9.42,-0.31,C4H9NO2,M+H,N/A,N/A,N/A,N/A,104.071,104.0706,-3.7470 (ppm),0,0,N/A,Method,True,False,N/A,N/A,N/A,,,Pass,N/A,N/A,N/A,N/A,Confirmed,N/A,N/A,N/A,N/A,,,,,,,,196.11,N/A,56142466.30,,
gamma-aminobutyric_acid,9.73,Target Compound,20240709_QE2_HILIC_BCSCuAOXq2d_AYW1146,17,Processed,T1,6RB,Unknown,,B:B9,,,5325002,54427494,9.4,-0.33,C4H9NO2,M+H,N/A,N/A,N/A,N/A,104.071,104.0706,-3.6004 (ppm),0,0,N/A,Method,True,False,N/A,N/A,N/A,,,Pass,N/A,N/A,N/A,N/A,Confirmed,N/A,N/A,N/A,N/A,,,,,,,,171.61,N/A,56142466.30,,
gamma-aminobutyric_acid,9.73,Target Compound,20240709_QE2_HILIC_BCSCuAOXq2d_AYW1147,18,Processed,T1,6RB,Unknown,,B:C1,,,4752059,44983624,9.42,-0.31,C4H9NO2,M+H,N/A,N/A,N/A,N/A,104.071,104.0707,-3.3071 (ppm),0,0,N/A,Method,True,False,N/A,N/A,N/A,,,Pass,N/A,N/A,N/A,N/A,Confirmed,N/A,N/A,N/A,N/A,,,,,,,,39.46,N/A,56142466.30,,
gamma-aminobutyric_acid,9.73,Target Compound,20240709_QE2_HILIC_BCSCuAOXq2d_AYW1148,19,Processed,T1,7RV,Unknown,,B:C2,,,4091855,39398677,9.44,-0.29,C4H9NO2,M+H,N/A,N/A,N/A,N/A,104.071,104.0706,-3.6004 (ppm),0,0,N/A,Method,True,False,N/A,N/A,N/A,,,Pass,N/A,N/A,N/A,N/A,Confirmed,N/A,N/A,N/A,N/A,,,,,,,,35.59,N/A,48403572.45,,
gamma-aminobutyric_acid,9.73,Target Compound,20240709_QE2_HILIC_BCSCuAOXq2d_AYW1149,20,Processed,T1,7RV,Unknown,,B:C3,,,5224636,53015438,9.43,-0.30,C4H9NO2,M+H,N/A,N/A,N/A,N/A,104.071,104.0706,-4.1135 (ppm),0,0,N/A,Method,True,False,N/A,N/A,N/A,,,Pass,N/A,N/A,N/A,N/A,Confirmed,N/A,N/A,N/A,N/A,,,,,,,,67.03,N/A,48403572.45,,
gamma-aminobutyric_acid,9.73,Target Compound,20240709_QE2_HILIC_BCSCuAOXq2d_AYW1150,21,Processed,T1,7RV,Unknown,,B:C4,,,5185245,52796602,9.43,-0.30,C4H9NO2,M+H,N/A,N/A,N/A,N/A,104.071,104.0706,-3.7470 (ppm),0,0,N/A,Method,True,False,N/A,N/A,N/A,,,Pass,N/A,N/A,N/A,N/A,Confirmed,N/A,N/A,N/A,N/A,,,,,,,,159.13,N/A,48403572.45,,
gamma-aminobutyric_acid,9.73,Target Compound,20240709_QE2_HILIC_BCSCuAOXq2d_AYW1151,22,Processed,T1,8RB,Unknown,,B:C5,,,8106268,86370123,9.44,-0.29,C4H9NO2,M+H,N/A,N/A,N/A,N/A,104.071,104.0706,-3.5271 (ppm),0,0,N/A,Method,True,False,N/A,N/A,N/A,,,Pass,N/A,N/A,N/A,N/A,Confirmed,N/A,N/A,N/A,N/A,,,,,,,,105.80,N/A,73307242.79,,
gamma-aminobutyric_acid,9.73,Target Compound,20240709_QE2_HILIC_BCSCuAOXq2d_AYW1152,23,Processed,T1,8RB,Unknown,,B:C6,,,3985718,41366550,9.42,-0.31,C4H9NO2,M+H,N/A,N/A,N/A,N/A,104.071,104.0706,-3.7470 (ppm),0,0,N/A,Method,True,False,N/A,N/A,N/A,,,Pass,N/A,N/A,N/A,N/A,Confirmed,N/A,N/A,N/A,N/A,,,,,,,,55.31,N/A,73307242.79,,
gamma-aminobutyric_acid,9.73,Target Compound,20240709_QE2_HILIC_BCSCuAOXq2d_AYW1153,24,Processed,T1,8RB,Unknown,,B:C7,,,8545160,92185055,9.44,-0.29,C4H9NO2,M+H,N/A,N/A,N/A,N/A,104.071,104.0706,-3.8203 (ppm),0,0,N/A,Method,True,False,N/A,N/A,N/A,,,Pass,N/A,N/A,N/A,N/A,Confirmed,N/A,N/A,N/A,N/A,,,,,,,,80.15,N/A,73307242.79,,
gamma-aminobutyric_acid,9.73,Target Compound,20240709_QE2_HILIC_BCSCuAOXq2d_AYW1154_pool1xa,25,Processed,T1,pool1x,Unknown,,B:C8,,,7149887,73928522,9.42,-0.31,C4H9NO2,M+H,N/A,N/A,N/A,N/A,104.071,104.0706,-4.1869 (ppm),0,0,N/A,Method,True,False,N/A,N/A,N/A,,,Pass,N/A,N/A,N/A,N/A,Confirmed,N/A,N/A,N/A,N/A,,,,,,,,127.63,N/A,66391216.03,,
gamma-aminobutyric_acid,9.73,Target Compound,20240709_QE2_HILIC_BCSCuAOXq2d_AYW1154_pool1xb,26,Processed,T1,pool1x,Unknown,,B:C8,,,8570635,79346734,9.44,-0.29,C4H9NO2,M+H,N/A,N/A,N/A,N/A,104.071,104.0706,-4.2602 (ppm),0,0,N/A,Method,True,False,N/A,N/A,N/A,,,Pass,N/A,N/A,N/A,N/A,Confirmed,N/A,N/A,N/A,N/A,,,,,,,,141.80,N/A,66391216.03,,
gamma-aminobutyric_acid,9.73,Target Compound,20240709_QE2_HILIC_BCSCuAOXq2d_AYW1154_pool1xc,27,Processed,T1,pool1x,Unknown,,B:C8,,,6397249,64111872,9.41,-0.32,C4H9NO2,M+H,N/A,N/A,N/A,N/A,104.071,104.0706,-3.5271 (ppm),0,0,N/A,Method,True,False,N/A,N/A,N/A,,,Pass,N/A,N/A,N/A,N/A,Confirmed,N/A,N/A,N/A,N/A,,,,,,,,53.32,N/A,66391216.03,,
gamma-aminobutyric_acid,9.73,Target Compound,20240709_QE2_HILIC_BCSCuAOXq2d_AYW1154_pool1xd,28,Processed,T1,pool1x,Unknown,,B:C8,,,4439551,48177736,9.42,-0.31,C4H9NO2,M+H,N/A,N/A,N/A,N/A,104.071,104.0706,-4.1135 (ppm),0,0,N/A,Method,True,False,N/A,N/A,N/A,,,Pass,N/A,N/A,N/A,N/A,Confirmed,N/A,N/A,N/A,N/A,,,,,,,,95.25,N/A,66391216.03,,
gamma-aminobutyric_acid,9.73,Target Compound,20240709_QE2_HILIC_BCSCuAOXq2d_AYW1155_pool033xa,29,Processed,T1,pool033x,Unknown,,B:C9,,,3074052,36240882,9.44,-0.29,C4H9NO2,M+H,N/A,N/A,N/A,N/A,104.071,104.0706,-3.7470 (ppm),0,0,N/A,Method,True,False,N/A,N/A,N/A,,,Pass,N/A,N/A,N/A,N/A,Confirmed,N/A,N/A,N/A,N/A,,,,,,,,187.03,N/A,28964170.30,,
gamma-aminobutyric_acid,9.73,Target Compound,20240709_QE2_HILIC_BCSCuAOXq2d_AYW1155_pool033xb,30,Processed,T1,pool033x,Unknown,,B:C9,,,3596678,34089533,9.43,-0.30,C4H9NO2,M+H,N/A,N/A,N/A,N/A,104.071,104.0705,-4.3335 (ppm),0,0,N/A,Method,True,False,N/A,N/A,N/A,,,Pass,N/A,N/A,N/A,N/A,Confirmed,N/A,N/A,N/A,N/A,,,,,,,,48.87,N/A,28964170.30,,
gamma-aminobutyric_acid,9.73,Target Compound,20240709_QE2_HILIC_BCSCuAOXq2d_AYW1155_pool033xc,31,Processed,T1,pool033x,Unknown,,B:C9,,,2366538,25268642,9.4,-0.33,C4H9NO2,M+H,N/A,N/A,N/A,N/A,104.071,104.0707,-2.9406 (ppm),0,0,N/A,Manual,True,False,N/A,N/A,N/A,,,Pass,N/A,N/A,N/A,N/A,Confirmed,N/A,N/A,N/A,N/A,,,,,,,,23.45,N/A,28964170.30,,
gamma-aminobutyric_acid,9.73,Target Compound,20240709_QE2_HILIC_BCSCuAOXq2d_AYW1155_pool033xd,32,Processed,T1,pool033x,Unknown,,B:C9,,,2224258,20257624,9.41,-0.32,C4H9NO2,M+H,N/A,N/A,N/A,N/A,104.071,104.0706,-3.8203 (ppm),0,0,N/A,Method,True,False,N/A,N/A,N/A,,,Pass,N/A,N/A,N/A,N/A,Confirmed,N/A,N/A,N/A,N/A,,,,,,,,98.41,N/A,28964170.30,,
gamma-aminobutyric_acid,9.73,Target Compound,20240709_QE2_HILIC_BCSCuAOXq2d_AYW1156_pool01xa,33,Processed,T1,pool01x,Unknown,,B:D1,,,1033283,12973101,9.43,-0.30,C4H9NO2,M+H,N/A,N/A,N/A,N/A,104.071,104.0706,-3.8203 (ppm),0,0,N/A,Method,True,False,N/A,N/A,N/A,,,Pass,N/A,N/A,N/A,N/A,Confirmed,N/A,N/A,N/A,N/A,,,,,,,,51.25,N/A,11355377.83,,
gamma-aminobutyric_acid,9.73,Target Compound,20240709_QE2_HILIC_BCSCuAOXq2d_AYW1156_pool01xb,34,Processed,T1,pool01x,Unknown,,B:D1,,,1532215,17661777,9.42,-0.31,C4H9NO2,M+H,N/A,N/A,N/A,N/A,104.071,104.0706,-4.2602 (ppm),0,0,N/A,Method,True,False,N/A,N/A,N/A,,,Pass,N/A,N/A,N/A,N/A,Confirmed,N/A,N/A,N/A,N/A,,,,,,,,70.22,N/A,11355377.83,,
gamma-aminobutyric_acid,9.73,Target Compound,20240709_QE2_HILIC_BCSCuAOXq2d_AYW1156_pool01xc,35,Processed,T1,pool01x,Unknown,,B:D1,,,829042,7648247,9.41,-0.32,C4H9NO2,M+H,N/A,N/A,N/A,N/A,104.071,104.0706,-3.3804 (ppm),0,0,N/A,Manual,True,False,N/A,N/A,N/A,,,Pass,N/A,N/A,N/A,N/A,Confirmed,N/A,N/A,N/A,N/A,,,,,,,,7.44,N/A,11355377.83,,
gamma-aminobutyric_acid,9.73,Target Compound,20240709_QE2_HILIC_BCSCuAOXq2d_AYW1156_pool01xd,36,Processed,T1,pool01x,Unknown,,B:D1,,,728706,7138387,9.42,-0.31,C4H9NO2,M+H,N/A,N/A,N/A,N/A,104.071,104.0706,-3.9669 (ppm),0,0,N/A,Method,True,False,N/A,N/A,N/A,,,Pass,N/A,N/A,N/A,N/A,Confirmed,N/A,N/A,N/A,N/A,,,,,,,,19.97,N/A,11355377.83,,
gamma-aminobutyric_acid,9.73,Target Compound,20240709_QE2_HILIC_BCSCuAOXq2d_blank1,37,Processed,T1,,Unknown,,B:A1,,,N/F,N/F,N/F,N/F,C4H9NO2,N/A,N/F,N/A,N/F,N/A,104.071,N/F,N/F,N/F,0,N/A,Method,True,False,N/A,N/A,N/A,,,Fail,N/A,N/A,N/A,N/A,NotFound,N/A,N/A,N/A,N/A,,,,,,,,N/A,N/A,1.00,,
gamma-aminobutyric_acid,9.73,Target Compound,20240709_QE2_HILIC_BCSCuAOXq2d_blank1_20240710111342,38,Processed,T1,,Unknown,,B:A1,,,N/F,N/F,N/F,N/F,C4H9NO2,N/A,N/F,N/A,N/F,N/A,104.071,N/F,N/F,N/F,0,N/A,Method,True,False,N/A,N/A,N/A,,,Fail,N/A,N/A,N/A,N/A,NotFound,N/A,N/A,N/A,N/A,,,,,,,,N/A,N/A,1.00,,
gamma-aminobutyric_acid,9.73,Target Compound,20240709_QE2_HILIC_BCSCuAOXq2d_blank1_20240710231833,39,Processed,T1,,Unknown,,B:A1,,,N/F,N/F,N/F,N/F,C4H9NO2,N/A,N/F,N/A,N/F,N/A,104.071,N/F,N/F,N/F,0,N/A,Method,True,False,N/A,N/A,N/A,,,Fail,N/A,N/A,N/A,N/A,NotFound,N/A,N/A,N/A,N/A,,,,,,,,N/A,N/A,1.00,,
gamma-aminobutyric_acid,9.73,Target Compound,20240709_QE2_HILIC_BCSCuAOXq2d_blank2,40,Processed,T1,,Unknown,,B:A1,,,N/F,N/F,N/F,N/F,C4H9NO2,N/A,N/F,N/A,N/F,N/A,104.071,N/F,N/F,N/F,0,N/A,Method,True,False,N/A,N/A,N/A,,,Fail,N/A,N/A,N/A,N/A,NotFound,N/A,N/A,N/A,N/A,,,,,,,,N/A,N/A,1.00,,
gamma-aminobutyric_acid,9.73,Target Compound,20240709_QE2_HILIC_BCSCuAOXq2d_blank2_20240710115054,41,Processed,T1,,Unknown,,B:A1,,,N/F,N/F,N/F,N/F,C4H9NO2,N/A,N/F,N/A,N/F,N/A,104.071,N/F,N/F,N/F,0,N/A,Method,True,False,N/A,N/A,N/A,,,Fail,N/A,N/A,N/A,N/A,NotFound,N/A,N/A,N/A,N/A,,,,,,,,N/A,N/A,1.00,,
gamma-aminobutyric_acid,9.73,Target Compound,20240709_QE2_HILIC_BCSCuAOXq2d_blank2_20240710235116,42,Processed,T1,,Unknown,,B:A1,,,N/F,N/F,N/F,N/F,C4H9NO2,N/A,N/F,N/A,N/F,N/A,104.071,N/F,N/F,N/F,0,N/A,Method,True,False,N/A,N/A,N/A,,,Fail,N/A,N/A,N/A,N/A,NotFound,N/A,N/A,N/A,N/A,,,,,,,,N/A,N/A,1.00,,
