﻿Compound,RT,Type,Filename,Batch Order,Status,Peak Label,Group,Sample Type,Level,Sample ID,Sample Name,Comments,Height,Area,Actual RT,RT Delta,Formula,Adduct,Calculated Amt,Theoretical Amt,Sample Amt,Std Add Amount,m/z (Expected),m/z (Apex),m/z (Delta),Response Ratio,ISTD Amt,ISTD Response,Integration Mode,Active,Excluded,%Diff,%RSD,% CV,Channel,Final Units,PK,IR,IP,LS,FI,Confirm,Isotopic Pattern Score (%),Num Isotopes Matched,Lib Match Name,Library Score (%),Library Match Rank,SI/Dot Product,RSI/Rev Dot,Modification,Protein Name,Peptide Sequence,Ion Type,S/N,Ion Ratio,Group Average,Relative RT,Flag Details
S-Adenosyl-L-methionine,9.94,Target Compound,20240709_QE2_HILIC_BCSCuAOXq2d_AYW1130,1,Processed,T1,1V,Unknown,,B:A2,,,4648945,79671468,9.86,-0.08,C15H22N6O5S,M+H,N/A,N/A,N/A,N/A,399.1445,399.1429,-3.9740 (ppm),0,0,N/A,Method,True,False,N/A,N/A,N/A,,,Pass,N/A,N/A,N/A,N/A,Confirmed,N/A,N/A,N/A,N/A,,,,,,,,INF,N/A,69776685.56,,
S-Adenosyl-L-methionine,9.94,Target Compound,20240709_QE2_HILIC_BCSCuAOXq2d_AYW1131,2,Processed,T1,1V,Unknown,,B:A3,,,4078644,71545020,9.87,-0.07,C15H22N6O5S,M+H,N/A,N/A,N/A,N/A,399.1445,399.1425,-4.8914 (ppm),0,0,N/A,Method,True,False,N/A,N/A,N/A,,,Pass,N/A,N/A,N/A,N/A,Confirmed,N/A,N/A,N/A,N/A,,,,,,,,INF,N/A,69776685.56,,
S-Adenosyl-L-methionine,9.94,Target Compound,20240709_QE2_HILIC_BCSCuAOXq2d_AYW1132,3,Processed,T1,1V,Unknown,,B:A4,,,3388558,58113569,9.87,-0.07,C15H22N6O5S,M+H,N/A,N/A,N/A,N/A,399.1445,399.1427,-4.5092 (ppm),0,0,N/A,Method,True,False,N/A,N/A,N/A,,,Pass,N/A,N/A,N/A,N/A,Confirmed,N/A,N/A,N/A,N/A,,,,,,,,INF,N/A,69776685.56,,
S-Adenosyl-L-methionine,9.94,Target Compound,20240709_QE2_HILIC_BCSCuAOXq2d_AYW1133,4,Processed,T1,2B,Unknown,,B:A5,,,3356224,54311916,9.86,-0.08,C15H22N6O5S,M+H,N/A,N/A,N/A,N/A,399.1445,399.1429,-4.0504 (ppm),0,0,N/A,Method,True,False,N/A,N/A,N/A,,,Pass,N/A,N/A,N/A,N/A,Confirmed,N/A,N/A,N/A,N/A,,,,,,,,INF,N/A,74902511.70,,
S-Adenosyl-L-methionine,9.94,Target Compound,20240709_QE2_HILIC_BCSCuAOXq2d_AYW1134,5,Processed,T1,2B,Unknown,,B:A6,,,5539390,80856549,9.86,-0.08,C15H22N6O5S,M+H,N/A,N/A,N/A,N/A,399.1445,399.1427,-4.5856 (ppm),0,0,N/A,Method,True,False,N/A,N/A,N/A,,,Pass,N/A,N/A,N/A,N/A,Confirmed,N/A,N/A,N/A,N/A,,,,,,,,INF,N/A,74902511.70,,
S-Adenosyl-L-methionine,9.94,Target Compound,20240709_QE2_HILIC_BCSCuAOXq2d_AYW1135,6,Processed,T1,2B,Unknown,,B:A7,,,6549658,89539070,9.86,-0.08,C15H22N6O5S,M+H,N/A,N/A,N/A,N/A,399.1445,399.1428,-4.2033 (ppm),0,0,N/A,Method,True,False,N/A,N/A,N/A,,,Pass,N/A,N/A,N/A,N/A,Confirmed,N/A,N/A,N/A,N/A,,,,,,,,INF,N/A,74902511.70,,
S-Adenosyl-L-methionine,9.94,Target Compound,20240709_QE2_HILIC_BCSCuAOXq2d_AYW1136,7,Processed,T1,3C,Unknown,,B:A8,,,4703651,77458939,9.87,-0.07,C15H22N6O5S,M+H,N/A,N/A,N/A,N/A,399.1445,399.1428,-4.2033 (ppm),0,0,N/A,Method,True,False,N/A,N/A,N/A,,,Pass,N/A,N/A,N/A,N/A,Confirmed,N/A,N/A,N/A,N/A,,,,,,,,INF,N/A,69504517.52,,
S-Adenosyl-L-methionine,9.94,Target Compound,20240709_QE2_HILIC_BCSCuAOXq2d_AYW1137,8,Processed,T1,3C,Unknown,,B:A9,,,4440577,80550147,9.86,-0.08,C15H22N6O5S,M+H,N/A,N/A,N/A,N/A,399.1445,399.1428,-4.3562 (ppm),0,0,N/A,Method,True,False,N/A,N/A,N/A,,,Pass,N/A,N/A,N/A,N/A,Confirmed,N/A,N/A,N/A,N/A,,,,,,,,INF,N/A,69504517.52,,
S-Adenosyl-L-methionine,9.94,Target Compound,20240709_QE2_HILIC_BCSCuAOXq2d_AYW1138,9,Processed,T1,3C,Unknown,,B:B1,,,3263211,50504467,9.86,-0.08,C15H22N6O5S,M+H,N/A,N/A,N/A,N/A,399.1445,399.1427,-4.5092 (ppm),0,0,N/A,Method,True,False,N/A,N/A,N/A,,,Pass,N/A,N/A,N/A,N/A,Confirmed,N/A,N/A,N/A,N/A,,,,,,,,INF,N/A,69504517.52,,
S-Adenosyl-L-methionine,9.94,Target Compound,20240709_QE2_HILIC_BCSCuAOXq2d_AYW1139,10,Processed,T1,4BC,Unknown,,B:B2,,,4559119,70957473,9.87,-0.07,C15H22N6O5S,M+H,N/A,N/A,N/A,N/A,399.1445,399.1428,-4.2798 (ppm),0,0,N/A,Method,True,False,N/A,N/A,N/A,,,Pass,N/A,N/A,N/A,N/A,Confirmed,N/A,N/A,N/A,N/A,,,,,,,,INF,N/A,67320533.70,N/A,
S-Adenosyl-L-methionine,9.94,Target Compound,20240709_QE2_HILIC_BCSCuAOXq2d_AYW1140,11,Processed,T1,4BC,Unknown,,B:B3,,,3990706,64997905,9.85,-0.09,C15H22N6O5S,M+H,N/A,N/A,N/A,N/A,399.1445,399.1426,-4.8150 (ppm),0,0,N/A,Method,True,False,N/A,N/A,N/A,,,Pass,N/A,N/A,N/A,N/A,Confirmed,N/A,N/A,N/A,N/A,,,,,,,,INF,N/A,67320533.70,,
S-Adenosyl-L-methionine,9.94,Target Compound,20240709_QE2_HILIC_BCSCuAOXq2d_AYW1141,12,Processed,T1,4BC,Unknown,,B:B4,,,3964228,66006224,9.87,-0.07,C15H22N6O5S,M+H,N/A,N/A,N/A,N/A,399.1445,399.1429,-4.1269 (ppm),0,0,N/A,Method,True,False,N/A,N/A,N/A,,,Pass,N/A,N/A,N/A,N/A,Confirmed,N/A,N/A,N/A,N/A,,,,,,,,INF,N/A,67320533.70,,
S-Adenosyl-L-methionine,9.94,Target Compound,20240709_QE2_HILIC_BCSCuAOXq2d_AYW1142,13,Processed,T1,5RV,Unknown,,B:B5,,,4762046,83361704,9.84,-0.10,C15H22N6O5S,M+H,N/A,N/A,N/A,N/A,399.1445,399.1429,-4.0504 (ppm),0,0,N/A,Method,True,False,N/A,N/A,N/A,,,Pass,N/A,N/A,N/A,N/A,Confirmed,N/A,N/A,N/A,N/A,,,,,,,,INF,N/A,82141130.40,N/A,
S-Adenosyl-L-methionine,9.94,Target Compound,20240709_QE2_HILIC_BCSCuAOXq2d_AYW1143,14,Processed,T1,5RV,Unknown,,B:B6,,,5687582,96131335,9.87,-0.07,C15H22N6O5S,M+H,N/A,N/A,N/A,N/A,399.1445,399.1427,-4.4327 (ppm),0,0,N/A,Method,True,False,N/A,N/A,N/A,,,Pass,N/A,N/A,N/A,N/A,Confirmed,N/A,N/A,N/A,N/A,,,,,,,,INF,N/A,82141130.40,,
S-Adenosyl-L-methionine,9.94,Target Compound,20240709_QE2_HILIC_BCSCuAOXq2d_AYW1144,15,Processed,T1,5RV,Unknown,,B:B7,,,3832938,66930352,9.87,-0.07,C15H22N6O5S,M+H,N/A,N/A,N/A,N/A,399.1445,399.1428,-4.2798 (ppm),0,0,N/A,Method,True,False,N/A,N/A,N/A,,,Pass,N/A,N/A,N/A,N/A,Confirmed,N/A,N/A,N/A,N/A,,,,,,,,INF,N/A,82141130.40,,
S-Adenosyl-L-methionine,9.94,Target Compound,20240709_QE2_HILIC_BCSCuAOXq2d_AYW1145,16,Processed,T1,6RB,Unknown,,B:B8,,,4498803,71455316,9.84,-0.10,C15H22N6O5S,M+H,N/A,N/A,N/A,N/A,399.1445,399.143,-3.8210 (ppm),0,0,N/A,Method,True,False,N/A,N/A,N/A,,,Pass,N/A,N/A,N/A,N/A,Confirmed,N/A,N/A,N/A,N/A,,,,,,,,INF,N/A,60781822.61,,
S-Adenosyl-L-methionine,9.94,Target Compound,20240709_QE2_HILIC_BCSCuAOXq2d_AYW1146,17,Processed,T1,6RB,Unknown,,B:B9,,,3748361,56477193,9.87,-0.07,C15H22N6O5S,M+H,N/A,N/A,N/A,N/A,399.1445,399.1429,-4.0504 (ppm),0,0,N/A,Method,True,False,N/A,N/A,N/A,,,Pass,N/A,N/A,N/A,N/A,Confirmed,N/A,N/A,N/A,N/A,,,,,,,,INF,N/A,60781822.61,,
S-Adenosyl-L-methionine,9.94,Target Compound,20240709_QE2_HILIC_BCSCuAOXq2d_AYW1147,18,Processed,T1,6RB,Unknown,,B:C1,,,3382476,54412959,9.84,-0.10,C15H22N6O5S,M+H,N/A,N/A,N/A,N/A,399.1445,399.1428,-4.2033 (ppm),0,0,N/A,Method,True,False,N/A,N/A,N/A,,,Pass,N/A,N/A,N/A,N/A,Confirmed,N/A,N/A,N/A,N/A,,,,,,,,INF,N/A,60781822.61,,
S-Adenosyl-L-methionine,9.94,Target Compound,20240709_QE2_HILIC_BCSCuAOXq2d_AYW1148,19,Processed,T1,7RV,Unknown,,B:C2,,,4833570,85864287,9.86,-0.08,C15H22N6O5S,M+H,N/A,N/A,N/A,N/A,399.1445,399.1429,-4.0504 (ppm),0,0,N/A,Method,True,False,N/A,N/A,N/A,,,Pass,N/A,N/A,N/A,N/A,Confirmed,N/A,N/A,N/A,N/A,,,,,,,,INF,N/A,79795136.93,,
S-Adenosyl-L-methionine,9.94,Target Compound,20240709_QE2_HILIC_BCSCuAOXq2d_AYW1149,20,Processed,T1,7RV,Unknown,,B:C3,,,4633871,80482868,9.88,-0.06,C15H22N6O5S,M+H,N/A,N/A,N/A,N/A,399.1445,399.1427,-4.5856 (ppm),0,0,N/A,Method,True,False,N/A,N/A,N/A,,,Pass,N/A,N/A,N/A,N/A,Confirmed,N/A,N/A,N/A,N/A,,,,,,,,INF,N/A,79795136.93,,
S-Adenosyl-L-methionine,9.94,Target Compound,20240709_QE2_HILIC_BCSCuAOXq2d_AYW1150,21,Processed,T1,7RV,Unknown,,B:C4,,,4093571,73038256,9.85,-0.09,C15H22N6O5S,M+H,N/A,N/A,N/A,N/A,399.1445,399.1429,-4.1269 (ppm),0,0,N/A,Method,True,False,N/A,N/A,N/A,,,Pass,N/A,N/A,N/A,N/A,Confirmed,N/A,N/A,N/A,N/A,,,,,,,,INF,N/A,79795136.93,,
S-Adenosyl-L-methionine,9.94,Target Compound,20240709_QE2_HILIC_BCSCuAOXq2d_AYW1151,22,Processed,T1,8RB,Unknown,,B:C5,,,5153433,77598367,9.88,-0.06,C15H22N6O5S,M+H,N/A,N/A,N/A,N/A,399.1445,399.1429,-4.0504 (ppm),0,0,N/A,Method,True,False,N/A,N/A,N/A,,,Pass,N/A,N/A,N/A,N/A,Confirmed,N/A,N/A,N/A,N/A,,,,,,,,INF,N/A,84031751.65,,
S-Adenosyl-L-methionine,9.94,Target Compound,20240709_QE2_HILIC_BCSCuAOXq2d_AYW1152,23,Processed,T1,8RB,Unknown,,B:C6,,,4810625,77556406,9.86,-0.08,C15H22N6O5S,M+H,N/A,N/A,N/A,N/A,399.1445,399.1428,-4.2798 (ppm),0,0,N/A,Method,True,False,N/A,N/A,N/A,,,Pass,N/A,N/A,N/A,N/A,Confirmed,N/A,N/A,N/A,N/A,,,,,,,,INF,N/A,84031751.65,,
S-Adenosyl-L-methionine,9.94,Target Compound,20240709_QE2_HILIC_BCSCuAOXq2d_AYW1153,24,Processed,T1,8RB,Unknown,,B:C7,,,5501077,96940482,9.86,-0.08,C15H22N6O5S,M+H,N/A,N/A,N/A,N/A,399.1445,399.1427,-4.5856 (ppm),0,0,N/A,Method,True,False,N/A,N/A,N/A,,,Pass,N/A,N/A,N/A,N/A,Confirmed,N/A,N/A,N/A,N/A,,,,,,,,INF,N/A,84031751.65,,
S-Adenosyl-L-methionine,9.94,Target Compound,20240709_QE2_HILIC_BCSCuAOXq2d_AYW1154_pool1xa,25,Processed,T1,pool1x,Unknown,,B:C8,,,5130939,84323468,9.84,-0.10,C15H22N6O5S,M+H,N/A,N/A,N/A,N/A,399.1445,399.1426,-4.8150 (ppm),0,0,N/A,Method,True,False,N/A,N/A,N/A,,,Pass,N/A,N/A,N/A,N/A,Confirmed,N/A,N/A,N/A,N/A,,,,,,,,INF,N/A,77370746.31,,
S-Adenosyl-L-methionine,9.94,Target Compound,20240709_QE2_HILIC_BCSCuAOXq2d_AYW1154_pool1xb,26,Processed,T1,pool1x,Unknown,,B:C8,,,4205045,67805232,9.88,-0.06,C15H22N6O5S,M+H,N/A,N/A,N/A,N/A,399.1445,399.1424,-5.1973 (ppm),0,0,N/A,Method,True,False,N/A,N/A,N/A,,,Pass,N/A,N/A,N/A,N/A,Confirmed,N/A,N/A,N/A,N/A,,,,,,,,INF,N/A,77370746.31,,
S-Adenosyl-L-methionine,9.94,Target Compound,20240709_QE2_HILIC_BCSCuAOXq2d_AYW1154_pool1xc,27,Processed,T1,pool1x,Unknown,,B:C8,,,4343946,73254634,9.88,-0.06,C15H22N6O5S,M+H,N/A,N/A,N/A,N/A,399.1445,399.1429,-4.1269 (ppm),0,0,N/A,Method,True,False,N/A,N/A,N/A,,,Pass,N/A,N/A,N/A,N/A,Confirmed,N/A,N/A,N/A,N/A,,,,,,,,INF,N/A,77370746.31,,
S-Adenosyl-L-methionine,9.94,Target Compound,20240709_QE2_HILIC_BCSCuAOXq2d_AYW1154_pool1xd,28,Processed,T1,pool1x,Unknown,,B:C8,,,4727552,84099651,9.86,-0.08,C15H22N6O5S,M+H,N/A,N/A,N/A,N/A,399.1445,399.1428,-4.2798 (ppm),0,0,N/A,Method,True,False,N/A,N/A,N/A,,,Pass,N/A,N/A,N/A,N/A,Confirmed,N/A,N/A,N/A,N/A,,,,,,,,INF,N/A,77370746.31,,
S-Adenosyl-L-methionine,9.94,Target Compound,20240709_QE2_HILIC_BCSCuAOXq2d_AYW1155_pool033xa,29,Processed,T1,pool033x,Unknown,,B:C9,,,2742275,46792244,9.86,-0.08,C15H22N6O5S,M+H,N/A,N/A,N/A,N/A,399.1445,399.1428,-4.2033 (ppm),0,0,N/A,Method,True,False,N/A,N/A,N/A,,,Pass,N/A,N/A,N/A,N/A,Confirmed,N/A,N/A,N/A,N/A,,,,,,,,INF,N/A,42306771.89,,
S-Adenosyl-L-methionine,9.94,Target Compound,20240709_QE2_HILIC_BCSCuAOXq2d_AYW1155_pool033xb,30,Processed,T1,pool033x,Unknown,,B:C9,,,2426309,45627157,9.85,-0.09,C15H22N6O5S,M+H,N/A,N/A,N/A,N/A,399.1445,399.1425,-4.8914 (ppm),0,0,N/A,Method,True,False,N/A,N/A,N/A,,,Pass,N/A,N/A,N/A,N/A,Confirmed,N/A,N/A,N/A,N/A,,,,,,,,INF,N/A,42306771.89,,
S-Adenosyl-L-methionine,9.94,Target Compound,20240709_QE2_HILIC_BCSCuAOXq2d_AYW1155_pool033xc,31,Processed,T1,pool033x,Unknown,,B:C9,,,1635659,33553069,9.87,-0.07,C15H22N6O5S,M+H,N/A,N/A,N/A,N/A,399.1445,399.143,-3.8210 (ppm),0,0,N/A,Method,True,False,N/A,N/A,N/A,,,Pass,N/A,N/A,N/A,N/A,Confirmed,N/A,N/A,N/A,N/A,,,,,,,,INF,N/A,42306771.89,,
S-Adenosyl-L-methionine,9.94,Target Compound,20240709_QE2_HILIC_BCSCuAOXq2d_AYW1155_pool033xd,32,Processed,T1,pool033x,Unknown,,B:C9,,,2192114,43254618,9.86,-0.08,C15H22N6O5S,M+H,N/A,N/A,N/A,N/A,399.1445,399.143,-3.8210 (ppm),0,0,N/A,Method,True,False,N/A,N/A,N/A,,,Pass,N/A,N/A,N/A,N/A,Confirmed,N/A,N/A,N/A,N/A,,,,,,,,INF,N/A,42306771.89,,
S-Adenosyl-L-methionine,9.94,Target Compound,20240709_QE2_HILIC_BCSCuAOXq2d_AYW1156_pool01xa,33,Processed,T1,pool01x,Unknown,,B:D1,,,579161,13671998,9.88,-0.06,C15H22N6O5S,M+H,N/A,N/A,N/A,N/A,399.1445,399.1429,-3.8975 (ppm),0,0,N/A,Method,True,False,N/A,N/A,N/A,,,Pass,N/A,N/A,N/A,N/A,Confirmed,N/A,N/A,N/A,N/A,,,,,,,,INF,N/A,15720138.33,,
S-Adenosyl-L-methionine,9.94,Target Compound,20240709_QE2_HILIC_BCSCuAOXq2d_AYW1156_pool01xb,34,Processed,T1,pool01x,Unknown,,B:D1,,,903064,19313876,9.84,-0.10,C15H22N6O5S,M+H,N/A,N/A,N/A,N/A,399.1445,399.1424,-5.2737 (ppm),0,0,N/A,Method,True,False,N/A,N/A,N/A,,,Pass,N/A,N/A,N/A,N/A,Confirmed,N/A,N/A,N/A,N/A,,,,,,,,INF,N/A,15720138.33,,
S-Adenosyl-L-methionine,9.94,Target Compound,20240709_QE2_HILIC_BCSCuAOXq2d_AYW1156_pool01xc,35,Processed,T1,pool01x,Unknown,,B:D1,,,577123,12709585,9.84,-0.10,C15H22N6O5S,M+H,N/A,N/A,N/A,N/A,399.1445,399.1432,-3.2858 (ppm),0,0,N/A,Method,True,False,N/A,N/A,N/A,,,Pass,N/A,N/A,N/A,N/A,Confirmed,N/A,N/A,N/A,N/A,,,,,,,,INF,N/A,15720138.33,,
S-Adenosyl-L-methionine,9.94,Target Compound,20240709_QE2_HILIC_BCSCuAOXq2d_AYW1156_pool01xd,36,Processed,T1,pool01x,Unknown,,B:D1,,,763127,17185094,9.89,-0.05,C15H22N6O5S,M+H,N/A,N/A,N/A,N/A,399.1445,399.1428,-4.3562 (ppm),0,0,N/A,Method,True,False,N/A,N/A,N/A,,,Pass,N/A,N/A,N/A,N/A,Confirmed,N/A,N/A,N/A,N/A,,,,,,,,INF,N/A,15720138.33,,
S-Adenosyl-L-methionine,9.94,Target Compound,20240709_QE2_HILIC_BCSCuAOXq2d_blank1,37,Processed,T1,,Unknown,,B:A1,,,N/F,N/F,N/F,N/F,C15H22N6O5S,N/A,N/F,N/A,N/F,N/A,399.1445,N/F,N/F,N/F,0,N/A,Method,True,False,N/A,N/A,N/A,,,Fail,N/A,N/A,N/A,N/A,NotFound,N/A,N/A,N/A,N/A,,,,,,,,N/A,N/A,23910.25,,
S-Adenosyl-L-methionine,9.94,Target Compound,20240709_QE2_HILIC_BCSCuAOXq2d_blank1_20240710111342,38,Processed,T1,,Unknown,,B:A1,,,38905,143461,9.81,-0.13,C15H22N6O5S,M+H,N/A,N/A,N/A,N/A,399.1445,399.1431,-3.5152 (ppm),0,0,N/A,Method,True,False,N/A,N/A,N/A,,,Pass,N/A,N/A,N/A,N/A,Confirmed,N/A,N/A,N/A,N/A,,,,,,,,19.68,N/A,23910.25,,
S-Adenosyl-L-methionine,9.94,Target Compound,20240709_QE2_HILIC_BCSCuAOXq2d_blank1_20240710231833,39,Processed,T1,,Unknown,,B:A1,,,N/F,N/F,N/F,N/F,C15H22N6O5S,N/A,N/F,N/A,N/F,N/A,399.1445,N/F,N/F,N/F,0,N/A,Method,True,False,N/A,N/A,N/A,,,Fail,N/A,N/A,N/A,N/A,NotFound,N/A,N/A,N/A,N/A,,,,,,,,N/A,N/A,23910.25,,
S-Adenosyl-L-methionine,9.94,Target Compound,20240709_QE2_HILIC_BCSCuAOXq2d_blank2,40,Processed,T1,,Unknown,,B:A1,,,N/F,N/F,N/F,N/F,C15H22N6O5S,N/A,N/F,N/A,N/F,N/A,399.1445,N/F,N/F,N/F,0,N/A,Method,True,False,N/A,N/A,N/A,,,Fail,N/A,N/A,N/A,N/A,NotFound,N/A,N/A,N/A,N/A,,,,,,,,N/A,N/A,23910.25,,
S-Adenosyl-L-methionine,9.94,Target Compound,20240709_QE2_HILIC_BCSCuAOXq2d_blank2_20240710115054,41,Processed,T1,,Unknown,,B:A1,,,N/F,N/F,N/F,N/F,C15H22N6O5S,N/A,N/F,N/A,N/F,N/A,399.1445,N/F,N/F,N/F,0,N/A,Method,True,False,N/A,N/A,N/A,,,Fail,N/A,N/A,N/A,N/A,NotFound,N/A,N/A,N/A,N/A,,,,,,,,N/A,N/A,23910.25,,
S-Adenosyl-L-methionine,9.94,Target Compound,20240709_QE2_HILIC_BCSCuAOXq2d_blank2_20240710235116,42,Processed,T1,,Unknown,,B:A1,,,N/F,N/F,N/F,N/F,C15H22N6O5S,N/A,N/F,N/A,N/F,N/A,399.1445,N/F,N/F,N/F,0,N/A,Method,True,False,N/A,N/A,N/A,,,Fail,N/A,N/A,N/A,N/A,NotFound,N/A,N/A,N/A,N/A,,,,,,,,N/A,N/A,23910.25,,
