﻿Compound,RT,Type,Filename,Batch Order,Status,Peak Label,Group,Sample Type,Level,Sample ID,Sample Name,Comments,Height,Area,Actual RT,RT Delta,Formula,Adduct,Calculated Amt,Theoretical Amt,Sample Amt,Std Add Amount,m/z (Expected),m/z (Apex),m/z (Delta),Response Ratio,ISTD Amt,ISTD Response,Integration Mode,Active,Excluded,%Diff,%RSD,% CV,Channel,Final Units,PK,IR,IP,LS,FI,Confirm,Isotopic Pattern Score (%),Num Isotopes Matched,Lib Match Name,Library Score (%),Library Match Rank,SI/Dot Product,RSI/Rev Dot,Modification,Protein Name,Peptide Sequence,Ion Type,S/N,Ion Ratio,Group Average,Relative RT,Flag Details
Acetyl CoA,8.17,Target Compound,20240709_QE2_HILIC_BCSCuAOXq2d_AYW1130,1,Processed,T1,1V,Unknown,,B:A2,,,160940,2582228,8.43,0.26,C23H38N7O17P3S,M+H,N/A,N/A,N/A,N/A,810.133,810.1281,-6.1079 (ppm),0,0,N/A,Method,True,False,N/A,N/A,N/A,,,Pass,N/A,N/A,N/A,N/A,Confirmed,N/A,N/A,N/A,N/A,,,,,,,,INF,N/A,2299480.92,,
Acetyl CoA,8.17,Target Compound,20240709_QE2_HILIC_BCSCuAOXq2d_AYW1131,2,Processed,T1,1V,Unknown,,B:A3,,,143634,2160438,8.42,0.25,C23H38N7O17P3S,M+H,N/A,N/A,N/A,N/A,810.133,810.1288,-5.1285 (ppm),0,0,N/A,Method,True,False,N/A,N/A,N/A,,,Pass,N/A,N/A,N/A,N/A,Confirmed,N/A,N/A,N/A,N/A,,,,,,,,INF,N/A,2299480.92,,
Acetyl CoA,8.17,Target Compound,20240709_QE2_HILIC_BCSCuAOXq2d_AYW1132,3,Processed,T1,1V,Unknown,,B:A4,,,139527,2155777,8.39,0.22,C23H38N7O17P3S,M+H,N/A,N/A,N/A,N/A,810.133,810.1281,-6.0326 (ppm),0,0,N/A,Method,True,False,N/A,N/A,N/A,,,Pass,N/A,N/A,N/A,N/A,Confirmed,N/A,N/A,N/A,N/A,,,,,,,,INF,N/A,2299480.92,,
Acetyl CoA,8.17,Target Compound,20240709_QE2_HILIC_BCSCuAOXq2d_AYW1133,4,Processed,T1,2B,Unknown,,B:A5,,,150856,2237057,8.4,0.23,C23H38N7O17P3S,M+H,N/A,N/A,N/A,N/A,810.133,810.1284,-5.7312 (ppm),0,0,N/A,Method,True,False,N/A,N/A,N/A,,,Pass,N/A,N/A,N/A,N/A,Confirmed,N/A,N/A,N/A,N/A,,,,,,,,INF,N/A,2714494.14,,
Acetyl CoA,8.17,Target Compound,20240709_QE2_HILIC_BCSCuAOXq2d_AYW1134,5,Processed,T1,2B,Unknown,,B:A6,,,164960,2836118,8.36,0.19,C23H38N7O17P3S,M+H,N/A,N/A,N/A,N/A,810.133,810.1274,-6.9367 (ppm),0,0,N/A,Method,True,False,N/A,N/A,N/A,,,Pass,N/A,N/A,N/A,N/A,Confirmed,N/A,N/A,N/A,N/A,,,,,,,,INF,N/A,2714494.14,,
Acetyl CoA,8.17,Target Compound,20240709_QE2_HILIC_BCSCuAOXq2d_AYW1135,6,Processed,T1,2B,Unknown,,B:A7,,,198087,3070308,8.36,0.19,C23H38N7O17P3S,M+H,N/A,N/A,N/A,N/A,810.133,810.1273,-7.0874 (ppm),0,0,N/A,Method,True,False,N/A,N/A,N/A,,,Pass,N/A,N/A,N/A,N/A,Confirmed,N/A,N/A,N/A,N/A,,,,,,,,INF,N/A,2714494.14,,
Acetyl CoA,8.17,Target Compound,20240709_QE2_HILIC_BCSCuAOXq2d_AYW1136,7,Processed,T1,3C,Unknown,,B:A8,,,297673,4024774,8.4,0.23,C23H38N7O17P3S,M+H,N/A,N/A,N/A,N/A,810.133,810.1288,-5.2039 (ppm),0,0,N/A,Method,True,False,N/A,N/A,N/A,,,Pass,N/A,N/A,N/A,N/A,Confirmed,N/A,N/A,N/A,N/A,,,,,,,,INF,N/A,3082888.97,,
Acetyl CoA,8.17,Target Compound,20240709_QE2_HILIC_BCSCuAOXq2d_AYW1137,8,Processed,T1,3C,Unknown,,B:A9,,,232875,3081910,8.36,0.19,C23H38N7O17P3S,M+H,N/A,N/A,N/A,N/A,810.133,810.1267,-7.7654 (ppm),0,0,N/A,Method,True,False,N/A,N/A,N/A,,,Pass,N/A,N/A,N/A,N/A,Confirmed,N/A,N/A,N/A,N/A,,,,,,,,INF,N/A,3082888.97,,
Acetyl CoA,8.17,Target Compound,20240709_QE2_HILIC_BCSCuAOXq2d_AYW1138,9,Processed,T1,3C,Unknown,,B:B1,,,169114,2141984,8.4,0.23,C23H38N7O17P3S,M+H,N/A,N/A,N/A,N/A,810.133,810.1281,-6.1079 (ppm),0,0,N/A,Method,True,False,N/A,N/A,N/A,,,Pass,N/A,N/A,N/A,N/A,Confirmed,N/A,N/A,N/A,N/A,,,,,,,,INF,N/A,3082888.97,,
Acetyl CoA,8.17,Target Compound,20240709_QE2_HILIC_BCSCuAOXq2d_AYW1139,10,Processed,T1,4BC,Unknown,,B:B2,,,258578,3389145,8.41,0.24,C23H38N7O17P3S,M+H,N/A,N/A,N/A,N/A,810.133,810.1278,-6.4093 (ppm),0,0,N/A,Method,True,False,N/A,N/A,N/A,,,Pass,N/A,N/A,N/A,N/A,Confirmed,N/A,N/A,N/A,N/A,,,,,,,,INF,N/A,3163439.20,N/A,
Acetyl CoA,8.17,Target Compound,20240709_QE2_HILIC_BCSCuAOXq2d_AYW1140,11,Processed,T1,4BC,Unknown,,B:B3,,,262105,3221108,8.42,0.25,C23H38N7O17P3S,M+H,N/A,N/A,N/A,N/A,810.133,810.1268,-7.6147 (ppm),0,0,N/A,Method,True,False,N/A,N/A,N/A,,,Pass,N/A,N/A,N/A,N/A,Confirmed,N/A,N/A,N/A,N/A,,,,,,,,INF,N/A,3163439.20,,
Acetyl CoA,8.17,Target Compound,20240709_QE2_HILIC_BCSCuAOXq2d_AYW1141,12,Processed,T1,4BC,Unknown,,B:B4,,,248753,2880064,8.42,0.25,C23H38N7O17P3S,M+H,N/A,N/A,N/A,N/A,810.133,810.1284,-5.7312 (ppm),0,0,N/A,Method,True,False,N/A,N/A,N/A,,,Pass,N/A,N/A,N/A,N/A,Confirmed,N/A,N/A,N/A,N/A,,,,,,,,INF,N/A,3163439.20,,
Acetyl CoA,8.17,Target Compound,20240709_QE2_HILIC_BCSCuAOXq2d_AYW1142,13,Processed,T1,5RV,Unknown,,B:B5,,,320596,4207310,8.38,0.21,C23H38N7O17P3S,M+H,N/A,N/A,N/A,N/A,810.133,810.1282,-5.9573 (ppm),0,0,N/A,Method,True,False,N/A,N/A,N/A,,,Pass,N/A,N/A,N/A,N/A,Confirmed,N/A,N/A,N/A,N/A,,,,,,,,INF,N/A,3915203.57,N/A,
Acetyl CoA,8.17,Target Compound,20240709_QE2_HILIC_BCSCuAOXq2d_AYW1143,14,Processed,T1,5RV,Unknown,,B:B6,,,293495,4133603,8.37,0.20,C23H38N7O17P3S,M+H,N/A,N/A,N/A,N/A,810.133,810.1291,-4.8272 (ppm),0,0,N/A,Method,True,False,N/A,N/A,N/A,,,Pass,N/A,N/A,N/A,N/A,Confirmed,N/A,N/A,N/A,N/A,,,,,,,,INF,N/A,3915203.57,,
Acetyl CoA,8.17,Target Compound,20240709_QE2_HILIC_BCSCuAOXq2d_AYW1144,15,Processed,T1,5RV,Unknown,,B:B7,,,216492,3404698,8.36,0.19,C23H38N7O17P3S,M+H,N/A,N/A,N/A,N/A,810.133,810.1284,-5.7312 (ppm),0,0,N/A,Method,True,False,N/A,N/A,N/A,,,Pass,N/A,N/A,N/A,N/A,Confirmed,N/A,N/A,N/A,N/A,,,,,,,,INF,N/A,3915203.57,,
Acetyl CoA,8.17,Target Compound,20240709_QE2_HILIC_BCSCuAOXq2d_AYW1145,16,Processed,T1,6RB,Unknown,,B:B8,,,222511,3118294,8.39,0.22,C23H38N7O17P3S,M+H,N/A,N/A,N/A,N/A,810.133,810.1279,-6.3340 (ppm),0,0,N/A,Method,True,False,N/A,N/A,N/A,,,Pass,N/A,N/A,N/A,N/A,Confirmed,N/A,N/A,N/A,N/A,,,,,,,,INF,N/A,2646960.90,,
Acetyl CoA,8.17,Target Compound,20240709_QE2_HILIC_BCSCuAOXq2d_AYW1146,17,Processed,T1,6RB,Unknown,,B:B9,,,186498,2599079,8.41,0.24,C23H38N7O17P3S,M+H,N/A,N/A,N/A,N/A,810.133,810.1284,-5.6559 (ppm),0,0,N/A,Method,True,False,N/A,N/A,N/A,,,Pass,N/A,N/A,N/A,N/A,Confirmed,N/A,N/A,N/A,N/A,,,,,,,,INF,N/A,2646960.90,,
Acetyl CoA,8.17,Target Compound,20240709_QE2_HILIC_BCSCuAOXq2d_AYW1147,18,Processed,T1,6RB,Unknown,,B:C1,,,164349,2223511,8.38,0.21,C23H38N7O17P3S,M+H,N/A,N/A,N/A,N/A,810.133,810.128,-6.1833 (ppm),0,0,N/A,Method,True,False,N/A,N/A,N/A,,,Pass,N/A,N/A,N/A,N/A,Confirmed,N/A,N/A,N/A,N/A,,,,,,,,INF,N/A,2646960.90,,
Acetyl CoA,8.17,Target Compound,20240709_QE2_HILIC_BCSCuAOXq2d_AYW1148,19,Processed,T1,7RV,Unknown,,B:C2,,,284228,4016166,8.4,0.23,C23H38N7O17P3S,M+H,N/A,N/A,N/A,N/A,810.133,810.1279,-6.2586 (ppm),0,0,N/A,Method,True,False,N/A,N/A,N/A,,,Pass,N/A,N/A,N/A,N/A,Confirmed,N/A,N/A,N/A,N/A,,,,,,,,INF,N/A,3505485.27,,
Acetyl CoA,8.17,Target Compound,20240709_QE2_HILIC_BCSCuAOXq2d_AYW1149,20,Processed,T1,7RV,Unknown,,B:C3,,,237032,3356917,8.4,0.23,C23H38N7O17P3S,M+H,N/A,N/A,N/A,N/A,810.133,810.128,-6.1833 (ppm),0,0,N/A,Method,True,False,N/A,N/A,N/A,,,Pass,N/A,N/A,N/A,N/A,Confirmed,N/A,N/A,N/A,N/A,,,,,,,,INF,N/A,3505485.27,,
Acetyl CoA,8.17,Target Compound,20240709_QE2_HILIC_BCSCuAOXq2d_AYW1150,21,Processed,T1,7RV,Unknown,,B:C4,,,240926,3143373,8.4,0.23,C23H38N7O17P3S,M+H,N/A,N/A,N/A,N/A,810.133,810.1279,-6.3340 (ppm),0,0,N/A,Method,True,False,N/A,N/A,N/A,,,Pass,N/A,N/A,N/A,N/A,Confirmed,N/A,N/A,N/A,N/A,,,,,,,,INF,N/A,3505485.27,,
Acetyl CoA,8.17,Target Compound,20240709_QE2_HILIC_BCSCuAOXq2d_AYW1151,22,Processed,T1,8RB,Unknown,,B:C5,,,197645,2998611,8.38,0.21,C23H38N7O17P3S,M+H,N/A,N/A,N/A,N/A,810.133,810.1273,-7.0874 (ppm),0,0,N/A,Method,True,False,N/A,N/A,N/A,,,Pass,N/A,N/A,N/A,N/A,Confirmed,N/A,N/A,N/A,N/A,,,,,,,,INF,N/A,3390675.86,,
Acetyl CoA,8.17,Target Compound,20240709_QE2_HILIC_BCSCuAOXq2d_AYW1152,23,Processed,T1,8RB,Unknown,,B:C6,,,218671,3006162,8.41,0.24,C23H38N7O17P3S,M+H,N/A,N/A,N/A,N/A,810.133,810.128,-6.1833 (ppm),0,0,N/A,Method,True,False,N/A,N/A,N/A,,,Pass,N/A,N/A,N/A,N/A,Confirmed,N/A,N/A,N/A,N/A,,,,,,,,INF,N/A,3390675.86,,
Acetyl CoA,8.17,Target Compound,20240709_QE2_HILIC_BCSCuAOXq2d_AYW1153,24,Processed,T1,8RB,Unknown,,B:C7,,,310328,4167254,8.41,0.24,C23H38N7O17P3S,M+H,N/A,N/A,N/A,N/A,810.133,810.1282,-5.8819 (ppm),0,0,N/A,Method,True,False,N/A,N/A,N/A,,,Pass,N/A,N/A,N/A,N/A,Confirmed,N/A,N/A,N/A,N/A,,,,,,,,INF,N/A,3390675.86,,
Acetyl CoA,8.17,Target Compound,20240709_QE2_HILIC_BCSCuAOXq2d_AYW1154_pool1xa,25,Processed,T1,pool1x,Unknown,,B:C8,,,233309,2888956,8.41,0.24,C23H38N7O17P3S,M+H,N/A,N/A,N/A,N/A,810.133,810.1279,-6.2586 (ppm),0,0,N/A,Method,True,False,N/A,N/A,N/A,,,Pass,N/A,N/A,N/A,N/A,Confirmed,N/A,N/A,N/A,N/A,,,,,,,,INF,N/A,3210362.79,,
Acetyl CoA,8.17,Target Compound,20240709_QE2_HILIC_BCSCuAOXq2d_AYW1154_pool1xb,26,Processed,T1,pool1x,Unknown,,B:C8,,,222564,3343723,8.36,0.19,C23H38N7O17P3S,M+H,N/A,N/A,N/A,N/A,810.133,810.1274,-6.8613 (ppm),0,0,N/A,Method,True,False,N/A,N/A,N/A,,,Pass,N/A,N/A,N/A,N/A,Confirmed,N/A,N/A,N/A,N/A,,,,,,,,INF,N/A,3210362.79,,
Acetyl CoA,8.17,Target Compound,20240709_QE2_HILIC_BCSCuAOXq2d_AYW1154_pool1xc,27,Processed,T1,pool1x,Unknown,,B:C8,,,201467,3098535,8.37,0.20,C23H38N7O17P3S,M+H,N/A,N/A,N/A,N/A,810.133,810.1281,-6.0326 (ppm),0,0,N/A,Method,True,False,N/A,N/A,N/A,,,Pass,N/A,N/A,N/A,N/A,Confirmed,N/A,N/A,N/A,N/A,,,,,,,,INF,N/A,3210362.79,,
Acetyl CoA,8.17,Target Compound,20240709_QE2_HILIC_BCSCuAOXq2d_AYW1154_pool1xd,28,Processed,T1,pool1x,Unknown,,B:C8,,,238868,3510237,8.36,0.19,C23H38N7O17P3S,M+H,N/A,N/A,N/A,N/A,810.133,810.1276,-6.7107 (ppm),0,0,N/A,Method,True,False,N/A,N/A,N/A,,,Pass,N/A,N/A,N/A,N/A,Confirmed,N/A,N/A,N/A,N/A,,,,,,,,INF,N/A,3210362.79,,
Acetyl CoA,8.17,Target Compound,20240709_QE2_HILIC_BCSCuAOXq2d_AYW1155_pool033xa,29,Processed,T1,pool033x,Unknown,,B:C9,,,98259,1190259,8.37,0.20,C23H38N7O17P3S,M+H,N/A,N/A,N/A,N/A,810.133,810.1296,-4.1491 (ppm),0,0,N/A,Method,True,False,N/A,N/A,N/A,,,Pass,N/A,N/A,N/A,N/A,Confirmed,N/A,N/A,N/A,N/A,,,,,,,,INF,N/A,1093617.98,,
Acetyl CoA,8.17,Target Compound,20240709_QE2_HILIC_BCSCuAOXq2d_AYW1155_pool033xb,30,Processed,T1,pool033x,Unknown,,B:C9,,,94510,1150663,8.37,0.20,C23H38N7O17P3S,M+H,N/A,N/A,N/A,N/A,810.133,810.1284,-5.7312 (ppm),0,0,N/A,Method,True,False,N/A,N/A,N/A,,,Pass,N/A,N/A,N/A,N/A,Confirmed,N/A,N/A,N/A,N/A,,,,,,,,INF,N/A,1093617.98,,
Acetyl CoA,8.17,Target Compound,20240709_QE2_HILIC_BCSCuAOXq2d_AYW1155_pool033xc,31,Processed,T1,pool033x,Unknown,,B:C9,,,78822,967192,8.37,0.20,C23H38N7O17P3S,M+H,N/A,N/A,N/A,N/A,810.133,810.1287,-5.2792 (ppm),0,0,N/A,Method,True,False,N/A,N/A,N/A,,,Pass,N/A,N/A,N/A,N/A,Confirmed,N/A,N/A,N/A,N/A,,,,,,,,INF,N/A,1093617.98,,
Acetyl CoA,8.17,Target Compound,20240709_QE2_HILIC_BCSCuAOXq2d_AYW1155_pool033xd,32,Processed,T1,pool033x,Unknown,,B:C9,,,88737,1066358,8.37,0.20,C23H38N7O17P3S,M+H,N/A,N/A,N/A,N/A,810.133,810.1279,-6.2586 (ppm),0,0,N/A,Method,True,False,N/A,N/A,N/A,,,Pass,N/A,N/A,N/A,N/A,Confirmed,N/A,N/A,N/A,N/A,,,,,,,,INF,N/A,1093617.98,,
Acetyl CoA,8.17,Target Compound,20240709_QE2_HILIC_BCSCuAOXq2d_AYW1156_pool01xa,33,Processed,T1,pool01x,Unknown,,B:D1,,,27519,323467,8.39,0.22,C23H38N7O17P3S,M+H,N/A,N/A,N/A,N/A,810.133,810.1256,-9.1215 (ppm),0,0,N/A,Method,True,False,N/A,N/A,N/A,,,Pass,N/A,N/A,N/A,N/A,Confirmed,N/A,N/A,N/A,N/A,,,,,,,,INF,N/A,310487.81,,
Acetyl CoA,8.17,Target Compound,20240709_QE2_HILIC_BCSCuAOXq2d_AYW1156_pool01xb,34,Processed,T1,pool01x,Unknown,,B:D1,,,27281,259151,8.39,0.22,C23H38N7O17P3S,M+H,N/A,N/A,N/A,N/A,810.133,810.1265,-8.0668 (ppm),0,0,N/A,Method,True,False,N/A,N/A,N/A,,,Pass,N/A,N/A,N/A,N/A,Confirmed,N/A,N/A,N/A,N/A,,,,,,,,INF,N/A,310487.81,,
Acetyl CoA,8.17,Target Compound,20240709_QE2_HILIC_BCSCuAOXq2d_AYW1156_pool01xc,35,Processed,T1,pool01x,Unknown,,B:D1,,,26677,291691,8.36,0.19,C23H38N7O17P3S,M+H,N/A,N/A,N/A,N/A,810.133,810.1271,-7.2380 (ppm),0,0,N/A,Method,True,False,N/A,N/A,N/A,,,Pass,N/A,N/A,N/A,N/A,Confirmed,N/A,N/A,N/A,N/A,,,,,,,,INF,N/A,310487.81,,
Acetyl CoA,8.17,Target Compound,20240709_QE2_HILIC_BCSCuAOXq2d_AYW1156_pool01xd,36,Processed,T1,pool01x,Unknown,,B:D1,,,34923,367642,8.38,0.21,C23H38N7O17P3S,M+H,N/A,N/A,N/A,N/A,810.133,810.1285,-5.5052 (ppm),0,0,N/A,Method,True,False,N/A,N/A,N/A,,,Pass,N/A,N/A,N/A,N/A,Confirmed,N/A,N/A,N/A,N/A,,,,,,,,INF,N/A,310487.81,,
Acetyl CoA,8.17,Target Compound,20240709_QE2_HILIC_BCSCuAOXq2d_blank1,37,Processed,T1,,Unknown,,B:A1,,,N/F,N/F,N/F,N/F,C23H38N7O17P3S,N/A,N/F,N/A,N/F,N/A,810.133,N/F,N/F,N/F,0,N/A,Method,True,False,N/A,N/A,N/A,,,Fail,N/A,N/A,N/A,N/A,NotFound,N/A,N/A,N/A,N/A,,,,,,,,N/A,N/A,1.00,,
Acetyl CoA,8.17,Target Compound,20240709_QE2_HILIC_BCSCuAOXq2d_blank1_20240710111342,38,Processed,T1,,Unknown,,B:A1,,,N/F,N/F,N/F,N/F,C23H38N7O17P3S,N/A,N/F,N/A,N/F,N/A,810.133,N/F,N/F,N/F,0,N/A,Method,True,False,N/A,N/A,N/A,,,Fail,N/A,N/A,N/A,N/A,NotFound,N/A,N/A,N/A,N/A,,,,,,,,N/A,N/A,1.00,,
Acetyl CoA,8.17,Target Compound,20240709_QE2_HILIC_BCSCuAOXq2d_blank1_20240710231833,39,Processed,T1,,Unknown,,B:A1,,,N/F,N/F,N/F,N/F,C23H38N7O17P3S,N/A,N/F,N/A,N/F,N/A,810.133,N/F,N/F,N/F,0,N/A,Method,True,False,N/A,N/A,N/A,,,Fail,N/A,N/A,N/A,N/A,NotFound,N/A,N/A,N/A,N/A,,,,,,,,N/A,N/A,1.00,,
Acetyl CoA,8.17,Target Compound,20240709_QE2_HILIC_BCSCuAOXq2d_blank2,40,Processed,T1,,Unknown,,B:A1,,,N/F,N/F,N/F,N/F,C23H38N7O17P3S,N/A,N/F,N/A,N/F,N/A,810.133,N/F,N/F,N/F,0,N/A,Method,True,False,N/A,N/A,N/A,,,Fail,N/A,N/A,N/A,N/A,NotFound,N/A,N/A,N/A,N/A,,,,,,,,N/A,N/A,1.00,,
Acetyl CoA,8.17,Target Compound,20240709_QE2_HILIC_BCSCuAOXq2d_blank2_20240710115054,41,Processed,T1,,Unknown,,B:A1,,,N/F,N/F,N/F,N/F,C23H38N7O17P3S,N/A,N/F,N/A,N/F,N/A,810.133,N/F,N/F,N/F,0,N/A,Method,True,False,N/A,N/A,N/A,,,Fail,N/A,N/A,N/A,N/A,NotFound,N/A,N/A,N/A,N/A,,,,,,,,N/A,N/A,1.00,,
Acetyl CoA,8.17,Target Compound,20240709_QE2_HILIC_BCSCuAOXq2d_blank2_20240710235116,42,Processed,T1,,Unknown,,B:A1,,,N/F,N/F,N/F,N/F,C23H38N7O17P3S,N/A,N/F,N/A,N/F,N/A,810.133,N/F,N/F,N/F,0,N/A,Method,True,False,N/A,N/A,N/A,,,Fail,N/A,N/A,N/A,N/A,NotFound,N/A,N/A,N/A,N/A,,,,,,,,N/A,N/A,1.00,,
