﻿Compound,RT,Type,Filename,Batch Order,Status,Peak Label,Group,Sample Type,Level,Sample ID,Sample Name,Comments,Height,Area,Actual RT,RT Delta,Formula,Adduct,Calculated Amt,Theoretical Amt,Sample Amt,Std Add Amount,m/z (Expected),m/z (Apex),m/z (Delta),Response Ratio,ISTD Amt,ISTD Response,Integration Mode,Active,Excluded,%Diff,%RSD,% CV,Channel,Final Units,PK,IR,IP,LS,FI,Confirm,Isotopic Pattern Score (%),Num Isotopes Matched,Lib Match Name,Library Score (%),Library Match Rank,SI/Dot Product,RSI/Rev Dot,Modification,Protein Name,Peptide Sequence,Ion Type,S/N,Ion Ratio,Group Average,Relative RT,Flag Details
CREATININE_N-METHYL-D3,4.84,Target Compound,20240709_QE2_HILIC_BCSCuAOXq2d_AYW1130,1,Processed,T1,1V,Unknown,,B:A2,,,2676271,40852370,4.61,-0.23,"C4H4D3N3O ",M+H,N/A,N/A,N/A,N/A,117.085,117.0851,.4730 (ppm),0,0,N/A,Method,True,False,N/A,N/A,N/A,,,Pass,N/A,N/A,N/A,N/A,Confirmed,N/A,N/A,N/A,N/A,,,,,,,,INF,N/A,38618075.21,,
CREATININE_N-METHYL-D3,4.84,Target Compound,20240709_QE2_HILIC_BCSCuAOXq2d_AYW1131,2,Processed,T1,1V,Unknown,,B:A3,,,2703187,44424584,4.62,-0.22,"C4H4D3N3O ",M+H,N/A,N/A,N/A,N/A,117.085,117.085,-.3741 (ppm),0,0,N/A,Method,True,False,N/A,N/A,N/A,,,Pass,N/A,N/A,N/A,N/A,Confirmed,N/A,N/A,N/A,N/A,,,,,,,,INF,N/A,38618075.21,,
CREATININE_N-METHYL-D3,4.84,Target Compound,20240709_QE2_HILIC_BCSCuAOXq2d_AYW1132,3,Processed,T1,1V,Unknown,,B:A4,,,1859019,30577272,4.6,-0.24,"C4H4D3N3O ",M+H,N/A,N/A,N/A,N/A,117.085,117.085,-.2438 (ppm),0,0,N/A,Method,True,False,N/A,N/A,N/A,,,Pass,N/A,N/A,N/A,N/A,Confirmed,N/A,N/A,N/A,N/A,,,,,,,,INF,N/A,38618075.21,,
CREATININE_N-METHYL-D3,4.84,Target Compound,20240709_QE2_HILIC_BCSCuAOXq2d_AYW1133,4,Processed,T1,2B,Unknown,,B:A5,,,1720852,27541696,4.61,-0.23,"C4H4D3N3O ",M+H,N/A,N/A,N/A,N/A,117.085,117.085,-.0483 (ppm),0,0,N/A,Method,True,False,N/A,N/A,N/A,,,Pass,N/A,N/A,N/A,N/A,Confirmed,N/A,N/A,N/A,N/A,,,,,,,,INF,N/A,39948384.27,,
CREATININE_N-METHYL-D3,4.84,Target Compound,20240709_QE2_HILIC_BCSCuAOXq2d_AYW1134,5,Processed,T1,2B,Unknown,,B:A6,,,2917103,46758755,4.62,-0.22,"C4H4D3N3O ",M+H,N/A,N/A,N/A,N/A,117.085,117.085,-.2438 (ppm),0,0,N/A,Method,True,False,N/A,N/A,N/A,,,Pass,N/A,N/A,N/A,N/A,Confirmed,N/A,N/A,N/A,N/A,,,,,,,,INF,N/A,39948384.27,,
CREATININE_N-METHYL-D3,4.84,Target Compound,20240709_QE2_HILIC_BCSCuAOXq2d_AYW1135,6,Processed,T1,2B,Unknown,,B:A7,,,2784094,45544702,4.58,-0.26,"C4H4D3N3O ",M+H,N/A,N/A,N/A,N/A,117.085,117.085,-.1135 (ppm),0,0,N/A,Method,True,False,N/A,N/A,N/A,,,Pass,N/A,N/A,N/A,N/A,Confirmed,N/A,N/A,N/A,N/A,,,,,,,,INF,N/A,39948384.27,,
CREATININE_N-METHYL-D3,4.84,Target Compound,20240709_QE2_HILIC_BCSCuAOXq2d_AYW1136,7,Processed,T1,3C,Unknown,,B:A8,,,2597377,42339859,4.61,-0.23,"C4H4D3N3O ",M+H,N/A,N/A,N/A,N/A,117.085,117.085,-.1135 (ppm),0,0,N/A,Method,True,False,N/A,N/A,N/A,,,Pass,N/A,N/A,N/A,N/A,Confirmed,N/A,N/A,N/A,N/A,,,,,,,,INF,N/A,39175135.40,,
CREATININE_N-METHYL-D3,4.84,Target Compound,20240709_QE2_HILIC_BCSCuAOXq2d_AYW1137,8,Processed,T1,3C,Unknown,,B:A9,,,2901472,47183219,4.62,-0.22,"C4H4D3N3O ",M+H,N/A,N/A,N/A,N/A,117.085,117.085,-.1135 (ppm),0,0,N/A,Method,True,False,N/A,N/A,N/A,,,Pass,N/A,N/A,N/A,N/A,Confirmed,N/A,N/A,N/A,N/A,,,,,,,,INF,N/A,39175135.40,,
CREATININE_N-METHYL-D3,4.84,Target Compound,20240709_QE2_HILIC_BCSCuAOXq2d_AYW1138,9,Processed,T1,3C,Unknown,,B:B1,,,1761774,28002329,4.63,-0.21,"C4H4D3N3O ",M+H,N/A,N/A,N/A,N/A,117.085,117.085,-.1135 (ppm),0,0,N/A,Method,True,False,N/A,N/A,N/A,,,Pass,N/A,N/A,N/A,N/A,Confirmed,N/A,N/A,N/A,N/A,,,,,,,,INF,N/A,39175135.40,,
CREATININE_N-METHYL-D3,4.84,Target Compound,20240709_QE2_HILIC_BCSCuAOXq2d_AYW1139,10,Processed,T1,4BC,Unknown,,B:B2,,,2145725,36042835,4.61,-0.23,"C4H4D3N3O ",M+H,N/A,N/A,N/A,N/A,117.085,117.085,-.1786 (ppm),0,0,N/A,Method,True,False,N/A,N/A,N/A,,,Pass,N/A,N/A,N/A,N/A,Confirmed,N/A,N/A,N/A,N/A,,,,,,,,INF,N/A,36109402.84,N/A,
CREATININE_N-METHYL-D3,4.84,Target Compound,20240709_QE2_HILIC_BCSCuAOXq2d_AYW1140,11,Processed,T1,4BC,Unknown,,B:B3,,,1653496,27480150,4.58,-0.26,"C4H4D3N3O ",M+H,N/A,N/A,N/A,N/A,117.085,117.085,-.4393 (ppm),0,0,N/A,Method,True,False,N/A,N/A,N/A,,,Pass,N/A,N/A,N/A,N/A,Confirmed,N/A,N/A,N/A,N/A,,,,,,,,INF,N/A,36109402.84,,
CREATININE_N-METHYL-D3,4.84,Target Compound,20240709_QE2_HILIC_BCSCuAOXq2d_AYW1141,12,Processed,T1,4BC,Unknown,,B:B4,,,2782464,44805224,4.62,-0.22,"C4H4D3N3O ",M+H,N/A,N/A,N/A,N/A,117.085,117.085,-.1135 (ppm),0,0,N/A,Method,True,False,N/A,N/A,N/A,,,Pass,N/A,N/A,N/A,N/A,Confirmed,N/A,N/A,N/A,N/A,,,,,,,,INF,N/A,36109402.84,,
CREATININE_N-METHYL-D3,4.84,Target Compound,20240709_QE2_HILIC_BCSCuAOXq2d_AYW1142,13,Processed,T1,5RV,Unknown,,B:B5,,,1894054,30542187,4.6,-0.24,"C4H4D3N3O ",M+H,N/A,N/A,N/A,N/A,117.085,117.085,.2123 (ppm),0,0,N/A,Method,True,False,N/A,N/A,N/A,,,Pass,N/A,N/A,N/A,N/A,Confirmed,N/A,N/A,N/A,N/A,,,,,,,,INF,N/A,33368041.04,N/A,
CREATININE_N-METHYL-D3,4.84,Target Compound,20240709_QE2_HILIC_BCSCuAOXq2d_AYW1143,14,Processed,T1,5RV,Unknown,,B:B6,,,2700320,42710941,4.6,-0.24,"C4H4D3N3O ",M+H,N/A,N/A,N/A,N/A,117.085,117.085,.0820 (ppm),0,0,N/A,Method,True,False,N/A,N/A,N/A,,,Pass,N/A,N/A,N/A,N/A,Confirmed,N/A,N/A,N/A,N/A,,,,,,,,INF,N/A,33368041.04,,
CREATININE_N-METHYL-D3,4.84,Target Compound,20240709_QE2_HILIC_BCSCuAOXq2d_AYW1144,15,Processed,T1,5RV,Unknown,,B:B7,,,1707662,26850995,4.63,-0.21,"C4H4D3N3O ",M+H,N/A,N/A,N/A,N/A,117.085,117.085,.0820 (ppm),0,0,N/A,Method,True,False,N/A,N/A,N/A,,,Pass,N/A,N/A,N/A,N/A,Confirmed,N/A,N/A,N/A,N/A,,,,,,,,INF,N/A,33368041.04,,
CREATININE_N-METHYL-D3,4.84,Target Compound,20240709_QE2_HILIC_BCSCuAOXq2d_AYW1145,16,Processed,T1,6RB,Unknown,,B:B8,,,1867345,30570241,4.61,-0.23,"C4H4D3N3O ",M+H,N/A,N/A,N/A,N/A,117.085,117.0851,.4078 (ppm),0,0,N/A,Method,True,False,N/A,N/A,N/A,,,Pass,N/A,N/A,N/A,N/A,Confirmed,N/A,N/A,N/A,N/A,,,,,,,,INF,N/A,28163590.25,,
CREATININE_N-METHYL-D3,4.84,Target Compound,20240709_QE2_HILIC_BCSCuAOXq2d_AYW1146,17,Processed,T1,6RB,Unknown,,B:B9,,,1732080,27890605,4.61,-0.23,"C4H4D3N3O ",M+H,N/A,N/A,N/A,N/A,117.085,117.085,.0820 (ppm),0,0,N/A,Method,True,False,N/A,N/A,N/A,,,Pass,N/A,N/A,N/A,N/A,Confirmed,N/A,N/A,N/A,N/A,,,,,,,,INF,N/A,28163590.25,,
CREATININE_N-METHYL-D3,4.84,Target Compound,20240709_QE2_HILIC_BCSCuAOXq2d_AYW1147,18,Processed,T1,6RB,Unknown,,B:C1,,,1642911,26029924,4.59,-0.25,"C4H4D3N3O ",M+H,N/A,N/A,N/A,N/A,117.085,117.0851,.4078 (ppm),0,0,N/A,Method,True,False,N/A,N/A,N/A,,,Pass,N/A,N/A,N/A,N/A,Confirmed,N/A,N/A,N/A,N/A,,,,,,,,INF,N/A,28163590.25,,
CREATININE_N-METHYL-D3,4.84,Target Compound,20240709_QE2_HILIC_BCSCuAOXq2d_AYW1148,19,Processed,T1,7RV,Unknown,,B:C2,,,2043490,33027373,4.59,-0.25,"C4H4D3N3O ",M+H,N/A,N/A,N/A,N/A,117.085,117.085,.0168 (ppm),0,0,N/A,Method,True,False,N/A,N/A,N/A,,,Pass,N/A,N/A,N/A,N/A,Confirmed,N/A,N/A,N/A,N/A,,,,,,,,INF,N/A,37755293.75,,
CREATININE_N-METHYL-D3,4.84,Target Compound,20240709_QE2_HILIC_BCSCuAOXq2d_AYW1149,20,Processed,T1,7RV,Unknown,,B:C3,,,2662183,41797580,4.61,-0.23,"C4H4D3N3O ",M+H,N/A,N/A,N/A,N/A,117.085,117.085,-.5044 (ppm),0,0,N/A,Method,True,False,N/A,N/A,N/A,,,Pass,N/A,N/A,N/A,N/A,Confirmed,N/A,N/A,N/A,N/A,,,,,,,,INF,N/A,37755293.75,,
CREATININE_N-METHYL-D3,4.84,Target Compound,20240709_QE2_HILIC_BCSCuAOXq2d_AYW1150,21,Processed,T1,7RV,Unknown,,B:C4,,,2348787,38440928,4.63,-0.21,"C4H4D3N3O ",M+H,N/A,N/A,N/A,N/A,117.085,117.0851,.4078 (ppm),0,0,N/A,Method,True,False,N/A,N/A,N/A,,,Pass,N/A,N/A,N/A,N/A,Confirmed,N/A,N/A,N/A,N/A,,,,,,,,INF,N/A,37755293.75,,
CREATININE_N-METHYL-D3,4.84,Target Compound,20240709_QE2_HILIC_BCSCuAOXq2d_AYW1151,22,Processed,T1,8RB,Unknown,,B:C5,,,2319879,38861797,4.59,-0.25,"C4H4D3N3O ",M+H,N/A,N/A,N/A,N/A,117.085,117.0851,.6685 (ppm),0,0,N/A,Method,True,False,N/A,N/A,N/A,,,Pass,N/A,N/A,N/A,N/A,Confirmed,N/A,N/A,N/A,N/A,,,,,,,,INF,N/A,37376061.78,,
CREATININE_N-METHYL-D3,4.84,Target Compound,20240709_QE2_HILIC_BCSCuAOXq2d_AYW1152,23,Processed,T1,8RB,Unknown,,B:C6,,,2006827,29835747,4.61,-0.23,"C4H4D3N3O ",M+H,N/A,N/A,N/A,N/A,117.085,117.085,-.1786 (ppm),0,0,N/A,Method,True,False,N/A,N/A,N/A,,,Pass,N/A,N/A,N/A,N/A,Confirmed,N/A,N/A,N/A,N/A,,,,,,,,INF,N/A,37376061.78,,
CREATININE_N-METHYL-D3,4.84,Target Compound,20240709_QE2_HILIC_BCSCuAOXq2d_AYW1153,24,Processed,T1,8RB,Unknown,,B:C7,,,2696817,43430642,4.6,-0.24,"C4H4D3N3O ",M+H,N/A,N/A,N/A,N/A,117.085,117.085,-.1786 (ppm),0,0,N/A,Method,True,False,N/A,N/A,N/A,,,Pass,N/A,N/A,N/A,N/A,Confirmed,N/A,N/A,N/A,N/A,,,,,,,,INF,N/A,37376061.78,,
CREATININE_N-METHYL-D3,4.84,Target Compound,20240709_QE2_HILIC_BCSCuAOXq2d_AYW1154_pool1xa,25,Processed,T1,pool1x,Unknown,,B:C8,,,2619996,43875081,4.6,-0.24,"C4H4D3N3O ",M+H,N/A,N/A,N/A,N/A,117.085,117.085,-.0483 (ppm),0,0,N/A,Method,True,False,N/A,N/A,N/A,,,Pass,N/A,N/A,N/A,N/A,Confirmed,N/A,N/A,N/A,N/A,,,,,,,,INF,N/A,36407872.34,,
CREATININE_N-METHYL-D3,4.84,Target Compound,20240709_QE2_HILIC_BCSCuAOXq2d_AYW1154_pool1xb,26,Processed,T1,pool1x,Unknown,,B:C8,,,2546284,38579516,4.59,-0.25,"C4H4D3N3O ",M+H,N/A,N/A,N/A,N/A,117.085,117.085,-.1786 (ppm),0,0,N/A,Method,True,False,N/A,N/A,N/A,,,Pass,N/A,N/A,N/A,N/A,Confirmed,N/A,N/A,N/A,N/A,,,,,,,,INF,N/A,36407872.34,,
CREATININE_N-METHYL-D3,4.84,Target Compound,20240709_QE2_HILIC_BCSCuAOXq2d_AYW1154_pool1xc,27,Processed,T1,pool1x,Unknown,,B:C8,,,2045265,33355449,4.6,-0.24,"C4H4D3N3O ",M+H,N/A,N/A,N/A,N/A,117.085,117.085,.1472 (ppm),0,0,N/A,Method,True,False,N/A,N/A,N/A,,,Pass,N/A,N/A,N/A,N/A,Confirmed,N/A,N/A,N/A,N/A,,,,,,,,INF,N/A,36407872.34,,
CREATININE_N-METHYL-D3,4.84,Target Compound,20240709_QE2_HILIC_BCSCuAOXq2d_AYW1154_pool1xd,28,Processed,T1,pool1x,Unknown,,B:C8,,,1975879,29821443,4.61,-0.23,"C4H4D3N3O ",M+H,N/A,N/A,N/A,N/A,117.085,117.085,-.2438 (ppm),0,0,N/A,Method,True,False,N/A,N/A,N/A,,,Pass,N/A,N/A,N/A,N/A,Confirmed,N/A,N/A,N/A,N/A,,,,,,,,INF,N/A,36407872.34,,
CREATININE_N-METHYL-D3,4.84,Target Compound,20240709_QE2_HILIC_BCSCuAOXq2d_AYW1155_pool033xa,29,Processed,T1,pool033x,Unknown,,B:C9,,,1128928,19412146,4.59,-0.25,"C4H4D3N3O ",M+H,N/A,N/A,N/A,N/A,117.085,117.085,.0168 (ppm),0,0,N/A,Method,True,False,N/A,N/A,N/A,,,Pass,N/A,N/A,N/A,N/A,Confirmed,N/A,N/A,N/A,N/A,,,,,,,,INF,N/A,13724675.99,,
CREATININE_N-METHYL-D3,4.84,Target Compound,20240709_QE2_HILIC_BCSCuAOXq2d_AYW1155_pool033xb,30,Processed,T1,pool033x,Unknown,,B:C9,,,783435,13298170,4.58,-0.26,"C4H4D3N3O ",M+H,N/A,N/A,N/A,N/A,117.085,117.0849,-.6999 (ppm),0,0,N/A,Method,True,False,N/A,N/A,N/A,,,Pass,N/A,N/A,N/A,N/A,Confirmed,N/A,N/A,N/A,N/A,,,,,,,,INF,N/A,13724675.99,,
CREATININE_N-METHYL-D3,4.84,Target Compound,20240709_QE2_HILIC_BCSCuAOXq2d_AYW1155_pool033xc,31,Processed,T1,pool033x,Unknown,,B:C9,,,691134,11160852,4.58,-0.26,"C4H4D3N3O ",M+H,N/A,N/A,N/A,N/A,117.085,117.0851,.8639 (ppm),0,0,N/A,Method,True,False,N/A,N/A,N/A,,,Pass,N/A,N/A,N/A,N/A,Confirmed,N/A,N/A,N/A,N/A,,,,,,,,INF,N/A,13724675.99,,
CREATININE_N-METHYL-D3,4.84,Target Compound,20240709_QE2_HILIC_BCSCuAOXq2d_AYW1155_pool033xd,32,Processed,T1,pool033x,Unknown,,B:C9,,,676649,11027536,4.63,-0.21,"C4H4D3N3O ",M+H,N/A,N/A,N/A,N/A,117.085,117.085,-.1786 (ppm),0,0,N/A,Method,True,False,N/A,N/A,N/A,,,Pass,N/A,N/A,N/A,N/A,Confirmed,N/A,N/A,N/A,N/A,,,,,,,,INF,N/A,13724675.99,,
CREATININE_N-METHYL-D3,4.84,Target Compound,20240709_QE2_HILIC_BCSCuAOXq2d_AYW1156_pool01xa,33,Processed,T1,pool01x,Unknown,,B:D1,,,556921,9571559,4.65,-0.19,"C4H4D3N3O ",M+H,N/A,N/A,N/A,N/A,117.085,117.0851,.6033 (ppm),0,0,N/A,Method,True,False,N/A,N/A,N/A,,,Pass,N/A,N/A,N/A,N/A,Confirmed,N/A,N/A,N/A,N/A,,,,,,,,INF,N/A,7867628.39,,
CREATININE_N-METHYL-D3,4.84,Target Compound,20240709_QE2_HILIC_BCSCuAOXq2d_AYW1156_pool01xb,34,Processed,T1,pool01x,Unknown,,B:D1,,,521475,8639524,4.66,-0.18,"C4H4D3N3O ",M+H,N/A,N/A,N/A,N/A,117.085,117.085,-.1786 (ppm),0,0,N/A,Method,True,False,N/A,N/A,N/A,,,Pass,N/A,N/A,N/A,N/A,Confirmed,N/A,N/A,N/A,N/A,,,,,,,,INF,N/A,7867628.39,,
CREATININE_N-METHYL-D3,4.84,Target Compound,20240709_QE2_HILIC_BCSCuAOXq2d_AYW1156_pool01xc,35,Processed,T1,pool01x,Unknown,,B:D1,,,426494,7151549,4.66,-0.18,"C4H4D3N3O ",M+H,N/A,N/A,N/A,N/A,117.085,117.0851,.9943 (ppm),0,0,N/A,Method,True,False,N/A,N/A,N/A,,,Pass,N/A,N/A,N/A,N/A,Confirmed,N/A,N/A,N/A,N/A,,,,,,,,INF,N/A,7867628.39,,
CREATININE_N-METHYL-D3,4.84,Target Compound,20240709_QE2_HILIC_BCSCuAOXq2d_AYW1156_pool01xd,36,Processed,T1,pool01x,Unknown,,B:D1,,,322804,6107882,4.65,-0.19,"C4H4D3N3O ",M+H,N/A,N/A,N/A,N/A,117.085,117.0851,.3427 (ppm),0,0,N/A,Method,True,False,N/A,N/A,N/A,,,Pass,N/A,N/A,N/A,N/A,Confirmed,N/A,N/A,N/A,N/A,,,,,,,,INF,N/A,7867628.39,,
CREATININE_N-METHYL-D3,4.84,Target Compound,20240709_QE2_HILIC_BCSCuAOXq2d_blank1,37,Processed,T1,,Unknown,,B:A1,,,30689,353753,4.71,-0.13,"C4H4D3N3O ",M+H,N/A,N/A,N/A,N/A,117.085,117.0852,1.7110 (ppm),0,0,N/A,Method,True,False,N/A,N/A,N/A,,,Pass,N/A,N/A,N/A,N/A,Confirmed,N/A,N/A,N/A,N/A,,,,,,,,INF,N/A,530220.51,,
CREATININE_N-METHYL-D3,4.84,Target Compound,20240709_QE2_HILIC_BCSCuAOXq2d_blank1_20240710111342,38,Processed,T1,,Unknown,,B:A1,,,54488,750282,4.77,-0.07,"C4H4D3N3O ",M+H,N/A,N/A,N/A,N/A,117.085,117.085,.0168 (ppm),0,0,N/A,Method,True,False,N/A,N/A,N/A,,,Pass,N/A,N/A,N/A,N/A,Confirmed,N/A,N/A,N/A,N/A,,,,,,,,INF,N/A,530220.51,,
CREATININE_N-METHYL-D3,4.84,Target Compound,20240709_QE2_HILIC_BCSCuAOXq2d_blank1_20240710231833,39,Processed,T1,,Unknown,,B:A1,,,28904,269458,4.61,-0.23,"C4H4D3N3O ",M+H,N/A,N/A,N/A,N/A,117.085,117.085,-.4393 (ppm),0,0,N/A,Method,True,False,N/A,N/A,N/A,,,Pass,N/A,N/A,N/A,N/A,Confirmed,N/A,N/A,N/A,N/A,,,,,,,,INF,N/A,530220.51,,
CREATININE_N-METHYL-D3,4.84,Target Compound,20240709_QE2_HILIC_BCSCuAOXq2d_blank2,40,Processed,T1,,Unknown,,B:A1,,,61785,854838,4.58,-0.26,"C4H4D3N3O ",M+H,N/A,N/A,N/A,N/A,117.085,117.085,-.0483 (ppm),0,0,N/A,Method,True,False,N/A,N/A,N/A,,,Pass,N/A,N/A,N/A,N/A,Confirmed,N/A,N/A,N/A,N/A,,,,,,,,INF,N/A,530220.51,,
CREATININE_N-METHYL-D3,4.84,Target Compound,20240709_QE2_HILIC_BCSCuAOXq2d_blank2_20240710115054,41,Processed,T1,,Unknown,,B:A1,,,53982,674748,4.61,-0.23,"C4H4D3N3O ",M+H,N/A,N/A,N/A,N/A,117.085,117.0852,1.3201 (ppm),0,0,N/A,Method,True,False,N/A,N/A,N/A,,,Pass,N/A,N/A,N/A,N/A,Confirmed,N/A,N/A,N/A,N/A,,,,,,,,INF,N/A,530220.51,,
CREATININE_N-METHYL-D3,4.84,Target Compound,20240709_QE2_HILIC_BCSCuAOXq2d_blank2_20240710235116,42,Processed,T1,,Unknown,,B:A1,,,25523,278243,4.63,-0.21,"C4H4D3N3O ",M+H,N/A,N/A,N/A,N/A,117.085,117.085,-.3741 (ppm),0,0,N/A,Method,True,False,N/A,N/A,N/A,,,Pass,N/A,N/A,N/A,N/A,Confirmed,N/A,N/A,N/A,N/A,,,,,,,,INF,N/A,530220.51,,
