﻿Compound,RT,Type,Filename,Batch Order,Status,Peak Label,Group,Sample Type,Level,Sample ID,Sample Name,Comments,Height,Area,Actual RT,RT Delta,Formula,Adduct,Calculated Amt,Theoretical Amt,Sample Amt,Std Add Amount,m/z (Expected),m/z (Apex),m/z (Delta),Response Ratio,ISTD Amt,ISTD Response,Integration Mode,Active,Excluded,%Diff,%RSD,% CV,Channel,Final Units,PK,IR,IP,LS,FI,Confirm,Isotopic Pattern Score (%),Num Isotopes Matched,Lib Match Name,Library Score (%),Library Match Rank,SI/Dot Product,RSI/Rev Dot,Modification,Protein Name,Peptide Sequence,Ion Type,S/N,Ion Ratio,Group Average,Relative RT,Flag Details
leucine,5.66,Target Compound,20240709_QE2_HILIC_BCSCuAOXq2d_AYW1130,1,Processed,T1,1V,Unknown,,B:A2,,,19582612,324833813,5.76,0.10,C6H13NO2,M+H,N/A,N/A,N/A,N/A,132.1019,132.102,.7949 (ppm),0,0,N/A,Method,True,False,N/A,N/A,N/A,,,Pass,N/A,N/A,N/A,N/A,Confirmed,N/A,N/A,N/A,N/A,,,,,,,,4234.19,N/A,298346229.36,,
leucine,5.66,Target Compound,20240709_QE2_HILIC_BCSCuAOXq2d_AYW1131,2,Processed,T1,1V,Unknown,,B:A3,,,17119724,262390322,5.65,-0.01,C6H13NO2,M+H,N/A,N/A,N/A,N/A,132.1019,132.1019,.3328 (ppm),0,0,N/A,Method,True,False,N/A,N/A,N/A,,,Pass,N/A,N/A,N/A,N/A,Confirmed,N/A,N/A,N/A,N/A,,,,,,,,4107.24,N/A,298346229.36,,
leucine,5.66,Target Compound,20240709_QE2_HILIC_BCSCuAOXq2d_AYW1132,3,Processed,T1,1V,Unknown,,B:A4,,,17866481,307814553,5.65,-0.01,C6H13NO2,M+H,N/A,N/A,N/A,N/A,132.1019,132.1019,.1018 (ppm),0,0,N/A,Method,True,False,N/A,N/A,N/A,,,Pass,N/A,N/A,N/A,N/A,Confirmed,N/A,N/A,N/A,N/A,,,,,,,,6686.33,N/A,298346229.36,,
leucine,5.66,Target Compound,20240709_QE2_HILIC_BCSCuAOXq2d_AYW1133,4,Processed,T1,2B,Unknown,,B:A5,,,21619345,367405969,5.64,-0.02,C6H13NO2,M+H,N/A,N/A,N/A,N/A,132.1019,132.1019,.1018 (ppm),0,0,N/A,Method,True,False,N/A,N/A,N/A,,,Pass,N/A,N/A,N/A,N/A,Confirmed,N/A,N/A,N/A,N/A,,,,,,,,8067.41,N/A,461229361.18,,
leucine,5.66,Target Compound,20240709_QE2_HILIC_BCSCuAOXq2d_AYW1134,5,Processed,T1,2B,Unknown,,B:A6,,,33282457,542634477,5.65,-0.01,C6H13NO2,M+H,N/A,N/A,N/A,N/A,132.1019,132.1019,-.0137 (ppm),0,0,N/A,Method,True,False,N/A,N/A,N/A,,,Pass,N/A,N/A,N/A,N/A,Confirmed,N/A,N/A,N/A,N/A,,,,,,,,8361.56,N/A,461229361.18,,
leucine,5.66,Target Compound,20240709_QE2_HILIC_BCSCuAOXq2d_AYW1135,6,Processed,T1,2B,Unknown,,B:A7,,,27885786,473647638,5.65,-0.01,C6H13NO2,M+H,N/A,N/A,N/A,N/A,132.1019,132.1019,.3328 (ppm),0,0,N/A,Method,True,False,N/A,N/A,N/A,,,Pass,N/A,N/A,N/A,N/A,Confirmed,N/A,N/A,N/A,N/A,,,,,,,,6989.07,N/A,461229361.18,,
leucine,5.66,Target Compound,20240709_QE2_HILIC_BCSCuAOXq2d_AYW1136,7,Processed,T1,3C,Unknown,,B:A8,,,29988627,516223457,5.63,-0.03,C6H13NO2,M+H,N/A,N/A,N/A,N/A,132.1019,132.1019,-.2447 (ppm),0,0,N/A,Method,True,False,N/A,N/A,N/A,,,Pass,N/A,N/A,N/A,N/A,Confirmed,N/A,N/A,N/A,N/A,,,,,,,,8657.50,N/A,387683391.14,,
leucine,5.66,Target Compound,20240709_QE2_HILIC_BCSCuAOXq2d_AYW1137,8,Processed,T1,3C,Unknown,,B:A9,,,23474881,420280044,5.62,-0.04,C6H13NO2,M+H,N/A,N/A,N/A,N/A,132.1019,132.1019,.1018 (ppm),0,0,N/A,Method,True,False,N/A,N/A,N/A,,,Pass,N/A,N/A,N/A,N/A,Confirmed,N/A,N/A,N/A,N/A,,,,,,,,6806.33,N/A,387683391.14,,
leucine,5.66,Target Compound,20240709_QE2_HILIC_BCSCuAOXq2d_AYW1138,9,Processed,T1,3C,Unknown,,B:B1,,,13146146,226546672,5.64,-0.02,C6H13NO2,M+H,N/A,N/A,N/A,N/A,132.1019,132.1019,-.3602 (ppm),0,0,N/A,Method,True,False,N/A,N/A,N/A,,,Pass,N/A,N/A,N/A,N/A,Confirmed,N/A,N/A,N/A,N/A,,,,,,,,5548.10,N/A,387683391.14,,
leucine,5.66,Target Compound,20240709_QE2_HILIC_BCSCuAOXq2d_AYW1139,10,Processed,T1,4BC,Unknown,,B:B2,,,21615374,367744399,5.61,-0.05,C6H13NO2,M+H,N/A,N/A,N/A,N/A,132.1019,132.1019,.2173 (ppm),0,0,N/A,Method,True,False,N/A,N/A,N/A,,,Pass,N/A,N/A,N/A,N/A,Confirmed,N/A,N/A,N/A,N/A,,,,,,,,7516.21,N/A,341236954.26,N/A,
leucine,5.66,Target Compound,20240709_QE2_HILIC_BCSCuAOXq2d_AYW1140,11,Processed,T1,4BC,Unknown,,B:B3,,,18705156,310425880,5.66,0.00,C6H13NO2,M+H,N/A,N/A,N/A,N/A,132.1019,132.1019,-.2447 (ppm),0,0,N/A,Method,True,False,N/A,N/A,N/A,,,Pass,N/A,N/A,N/A,N/A,Confirmed,N/A,N/A,N/A,N/A,,,,,,,,5576.28,N/A,341236954.26,,
leucine,5.66,Target Compound,20240709_QE2_HILIC_BCSCuAOXq2d_AYW1141,12,Processed,T1,4BC,Unknown,,B:B4,,,20736353,345540584,5.65,-0.01,C6H13NO2,M+H,N/A,N/A,N/A,N/A,132.1019,132.1019,.1018 (ppm),0,0,N/A,Method,True,False,N/A,N/A,N/A,,,Pass,N/A,N/A,N/A,N/A,Confirmed,N/A,N/A,N/A,N/A,,,,,,,,4909.26,N/A,341236954.26,,
leucine,5.66,Target Compound,20240709_QE2_HILIC_BCSCuAOXq2d_AYW1142,13,Processed,T1,5RV,Unknown,,B:B5,,,25778394,448682184,5.68,0.02,C6H13NO2,M+H,N/A,N/A,N/A,N/A,132.1019,132.1019,.3328 (ppm),0,0,N/A,Method,True,False,N/A,N/A,N/A,,,Pass,N/A,N/A,N/A,N/A,Confirmed,N/A,N/A,N/A,N/A,,,,,,,,7256.23,N/A,399923624.27,N/A,
leucine,5.66,Target Compound,20240709_QE2_HILIC_BCSCuAOXq2d_AYW1143,14,Processed,T1,5RV,Unknown,,B:B6,,,23973068,428712381,5.63,-0.03,C6H13NO2,M+H,N/A,N/A,N/A,N/A,132.1019,132.1019,.2173 (ppm),0,0,N/A,Method,True,False,N/A,N/A,N/A,,,Pass,N/A,N/A,N/A,N/A,Confirmed,N/A,N/A,N/A,N/A,,,,,,,,5796.89,N/A,399923624.27,,
leucine,5.66,Target Compound,20240709_QE2_HILIC_BCSCuAOXq2d_AYW1144,15,Processed,T1,5RV,Unknown,,B:B7,,,19470251,322376308,5.63,-0.03,C6H13NO2,M+H,N/A,N/A,N/A,N/A,132.1019,132.1019,.3328 (ppm),0,0,N/A,Method,True,False,N/A,N/A,N/A,,,Pass,N/A,N/A,N/A,N/A,Confirmed,N/A,N/A,N/A,N/A,,,,,,,,6294.07,N/A,399923624.27,,
leucine,5.66,Target Compound,20240709_QE2_HILIC_BCSCuAOXq2d_AYW1145,16,Processed,T1,6RB,Unknown,,B:B8,,,24003595,415565944,5.66,0.00,C6H13NO2,M+H,N/A,N/A,N/A,N/A,132.1019,132.1019,-.0137 (ppm),0,0,N/A,Method,True,False,N/A,N/A,N/A,,,Pass,N/A,N/A,N/A,N/A,Confirmed,N/A,N/A,N/A,N/A,,,,,,,,8360.03,N/A,304213628.14,,
leucine,5.66,Target Compound,20240709_QE2_HILIC_BCSCuAOXq2d_AYW1146,17,Processed,T1,6RB,Unknown,,B:B9,,,15977086,260603635,5.64,-0.02,C6H13NO2,M+H,N/A,N/A,N/A,N/A,132.1019,132.1019,.1018 (ppm),0,0,N/A,Method,True,False,N/A,N/A,N/A,,,Pass,N/A,N/A,N/A,N/A,Confirmed,N/A,N/A,N/A,N/A,,,,,,,,5920.04,N/A,304213628.14,,
leucine,5.66,Target Compound,20240709_QE2_HILIC_BCSCuAOXq2d_AYW1147,18,Processed,T1,6RB,Unknown,,B:C1,,,16546138,236471305,5.64,-0.02,C6H13NO2,M+H,N/A,N/A,N/A,N/A,132.1019,132.1019,.2173 (ppm),0,0,N/A,Method,True,False,N/A,N/A,N/A,,,Pass,N/A,N/A,N/A,N/A,Confirmed,N/A,N/A,N/A,N/A,,,,,,,,5688.16,N/A,304213628.14,,
leucine,5.66,Target Compound,20240709_QE2_HILIC_BCSCuAOXq2d_AYW1148,19,Processed,T1,7RV,Unknown,,B:C2,,,15564725,252703298,5.65,-0.01,C6H13NO2,M+H,N/A,N/A,N/A,N/A,132.1019,132.1019,-.2447 (ppm),0,0,N/A,Method,True,False,N/A,N/A,N/A,,,Pass,N/A,N/A,N/A,N/A,Confirmed,N/A,N/A,N/A,N/A,,,,,,,,4352.14,N/A,407938223.34,,
leucine,5.66,Target Compound,20240709_QE2_HILIC_BCSCuAOXq2d_AYW1149,20,Processed,T1,7RV,Unknown,,B:C3,,,25717684,432120670,5.63,-0.03,C6H13NO2,M+H,N/A,N/A,N/A,N/A,132.1019,132.1019,-.1292 (ppm),0,0,N/A,Method,True,False,N/A,N/A,N/A,,,Pass,N/A,N/A,N/A,N/A,Confirmed,N/A,N/A,N/A,N/A,,,,,,,,6220.13,N/A,407938223.34,,
leucine,5.66,Target Compound,20240709_QE2_HILIC_BCSCuAOXq2d_AYW1150,21,Processed,T1,7RV,Unknown,,B:C4,,,26232008,538990703,5.63,-0.03,C6H13NO2,M+H,N/A,N/A,N/A,N/A,132.1019,132.1019,-.1292 (ppm),0,0,N/A,Manual,True,False,N/A,N/A,N/A,,,Pass,N/A,N/A,N/A,N/A,Confirmed,N/A,N/A,N/A,N/A,,,,,,,,593.77,N/A,407938223.34,,
leucine,5.66,Target Compound,20240709_QE2_HILIC_BCSCuAOXq2d_AYW1151,22,Processed,T1,8RB,Unknown,,B:C5,,,28552131,469603184,5.66,0.00,C6H13NO2,M+H,N/A,N/A,N/A,N/A,132.1019,132.102,.7949 (ppm),0,0,N/A,Method,True,False,N/A,N/A,N/A,,,Pass,N/A,N/A,N/A,N/A,Confirmed,N/A,N/A,N/A,N/A,,,,,,,,9750.37,N/A,387805727.80,,
leucine,5.66,Target Compound,20240709_QE2_HILIC_BCSCuAOXq2d_AYW1152,23,Processed,T1,8RB,Unknown,,B:C6,,,13409954,207707253,5.63,-0.03,C6H13NO2,M+H,N/A,N/A,N/A,N/A,132.1019,132.1019,.3328 (ppm),0,0,N/A,Method,True,False,N/A,N/A,N/A,,,Pass,N/A,N/A,N/A,N/A,Confirmed,N/A,N/A,N/A,N/A,,,,,,,,1917.90,N/A,387805727.80,,
leucine,5.66,Target Compound,20240709_QE2_HILIC_BCSCuAOXq2d_AYW1153,24,Processed,T1,8RB,Unknown,,B:C7,,,28832890,486106746,5.65,-0.01,C6H13NO2,M+H,N/A,N/A,N/A,N/A,132.1019,132.1019,.2173 (ppm),0,0,N/A,Method,True,False,N/A,N/A,N/A,,,Pass,N/A,N/A,N/A,N/A,Confirmed,N/A,N/A,N/A,N/A,,,,,,,,7165.15,N/A,387805727.80,,
leucine,5.66,Target Compound,20240709_QE2_HILIC_BCSCuAOXq2d_AYW1154_pool1xa,25,Processed,T1,pool1x,Unknown,,B:C8,,,25563796,440223475,5.65,-0.01,C6H13NO2,M+H,N/A,N/A,N/A,N/A,132.1019,132.1019,.2173 (ppm),0,0,N/A,Method,True,False,N/A,N/A,N/A,,,Pass,N/A,N/A,N/A,N/A,Confirmed,N/A,N/A,N/A,N/A,,,,,,,,5050.27,N/A,367745557.02,,
leucine,5.66,Target Compound,20240709_QE2_HILIC_BCSCuAOXq2d_AYW1154_pool1xb,26,Processed,T1,pool1x,Unknown,,B:C8,,,23133370,390813522,5.66,0.00,C6H13NO2,M+H,N/A,N/A,N/A,N/A,132.1019,132.1019,-.2447 (ppm),0,0,N/A,Method,True,False,N/A,N/A,N/A,,,Pass,N/A,N/A,N/A,N/A,Confirmed,N/A,N/A,N/A,N/A,,,,,,,,4885.20,N/A,367745557.02,,
leucine,5.66,Target Compound,20240709_QE2_HILIC_BCSCuAOXq2d_AYW1154_pool1xc,27,Processed,T1,pool1x,Unknown,,B:C8,,,22309932,393539353,5.65,-0.01,C6H13NO2,M+H,N/A,N/A,N/A,N/A,132.1019,132.102,.9104 (ppm),0,0,N/A,Method,True,False,N/A,N/A,N/A,,,Pass,N/A,N/A,N/A,N/A,Confirmed,N/A,N/A,N/A,N/A,,,,,,,,11031.21,N/A,367745557.02,,
leucine,5.66,Target Compound,20240709_QE2_HILIC_BCSCuAOXq2d_AYW1154_pool1xd,28,Processed,T1,pool1x,Unknown,,B:C8,,,14915416,246405878,5.63,-0.03,C6H13NO2,M+H,N/A,N/A,N/A,N/A,132.1019,132.1019,.1018 (ppm),0,0,N/A,Method,True,False,N/A,N/A,N/A,,,Pass,N/A,N/A,N/A,N/A,Confirmed,N/A,N/A,N/A,N/A,,,,,,,,2428.21,N/A,367745557.02,,
leucine,5.66,Target Compound,20240709_QE2_HILIC_BCSCuAOXq2d_AYW1155_pool033xa,29,Processed,T1,pool033x,Unknown,,B:C9,,,25164413,485691069,5.59,-0.07,C6H13NO2,M+H,N/A,N/A,N/A,N/A,132.1019,132.102,.4484 (ppm),0,0,N/A,Method,True,False,N/A,N/A,N/A,,,Pass,N/A,N/A,N/A,N/A,Confirmed,N/A,N/A,N/A,N/A,,,,,,,,6751.35,N/A,386726020.92,,
leucine,5.66,Target Compound,20240709_QE2_HILIC_BCSCuAOXq2d_AYW1155_pool033xb,30,Processed,T1,pool033x,Unknown,,B:C9,,,21799145,429321944,5.61,-0.05,C6H13NO2,M+H,N/A,N/A,N/A,N/A,132.1019,132.1019,-.0137 (ppm),0,0,N/A,Method,True,False,N/A,N/A,N/A,,,Pass,N/A,N/A,N/A,N/A,Confirmed,N/A,N/A,N/A,N/A,,,,,,,,6762.96,N/A,386726020.92,,
leucine,5.66,Target Compound,20240709_QE2_HILIC_BCSCuAOXq2d_AYW1155_pool033xc,31,Processed,T1,pool033x,Unknown,,B:C9,,,18620250,364912811,5.56,-0.10,C6H13NO2,M+H,N/A,N/A,N/A,N/A,132.1019,132.1021,1.2569 (ppm),0,0,N/A,Method,True,False,N/A,N/A,N/A,,,Pass,N/A,N/A,N/A,N/A,Confirmed,N/A,N/A,N/A,N/A,,,,,,,,7638.48,N/A,386726020.92,,
leucine,5.66,Target Compound,20240709_QE2_HILIC_BCSCuAOXq2d_AYW1155_pool033xd,32,Processed,T1,pool033x,Unknown,,B:C9,,,13804015,266978260,5.58,-0.08,C6H13NO2,M+H,N/A,N/A,N/A,N/A,132.1019,132.1021,1.1414 (ppm),0,0,N/A,Method,True,False,N/A,N/A,N/A,,,Pass,N/A,N/A,N/A,N/A,Confirmed,N/A,N/A,N/A,N/A,,,,,,,,3691.28,N/A,386726020.92,,
leucine,5.66,Target Compound,20240709_QE2_HILIC_BCSCuAOXq2d_AYW1156_pool01xa,33,Processed,T1,pool01x,Unknown,,B:D1,,,5232508,99462895,5.59,-0.07,C6H13NO2,M+H,N/A,N/A,N/A,N/A,132.1019,132.102,.7949 (ppm),0,0,N/A,Method,True,False,N/A,N/A,N/A,,,Pass,N/A,N/A,N/A,N/A,Confirmed,N/A,N/A,N/A,N/A,,,,,,,,2176.51,N/A,92918556.42,,
leucine,5.66,Target Compound,20240709_QE2_HILIC_BCSCuAOXq2d_AYW1156_pool01xb,34,Processed,T1,pool01x,Unknown,,B:D1,,,5343117,109241607,5.6,-0.06,C6H13NO2,M+H,N/A,N/A,N/A,N/A,132.1019,132.1019,-.0137 (ppm),0,0,N/A,Method,True,False,N/A,N/A,N/A,,,Pass,N/A,N/A,N/A,N/A,Confirmed,N/A,N/A,N/A,N/A,,,,,,,,1445.79,N/A,92918556.42,,
leucine,5.66,Target Compound,20240709_QE2_HILIC_BCSCuAOXq2d_AYW1156_pool01xc,35,Processed,T1,pool01x,Unknown,,B:D1,,,4436592,90526143,5.58,-0.08,C6H13NO2,M+H,N/A,N/A,N/A,N/A,132.1019,132.1021,1.2569 (ppm),0,0,N/A,Method,True,False,N/A,N/A,N/A,,,Pass,N/A,N/A,N/A,N/A,Confirmed,N/A,N/A,N/A,N/A,,,,,,,,2352.81,N/A,92918556.42,,
leucine,5.66,Target Compound,20240709_QE2_HILIC_BCSCuAOXq2d_AYW1156_pool01xd,36,Processed,T1,pool01x,Unknown,,B:D1,,,3625568,72443581,5.59,-0.07,C6H13NO2,M+H,N/A,N/A,N/A,N/A,132.1019,132.102,.7949 (ppm),0,0,N/A,Method,True,False,N/A,N/A,N/A,,,Pass,N/A,N/A,N/A,N/A,Confirmed,N/A,N/A,N/A,N/A,,,,,,,,1860.01,N/A,92918556.42,,
leucine,5.66,Target Compound,20240709_QE2_HILIC_BCSCuAOXq2d_blank1,37,Processed,T1,,Unknown,,B:A1,,,108699,1026514,5.76,0.10,C6H13NO2,M+H,N/A,N/A,N/A,N/A,132.1019,132.102,.9104 (ppm),0,0,N/A,Method,True,False,N/A,N/A,N/A,,,Pass,N/A,N/A,N/A,N/A,Confirmed,N/A,N/A,N/A,N/A,,,,,,,,9.57,N/A,900078.28,,
leucine,5.66,Target Compound,20240709_QE2_HILIC_BCSCuAOXq2d_blank1_20240710111342,38,Processed,T1,,Unknown,,B:A1,,,67670,1256530,5.85,0.19,C6H13NO2,M+H,N/A,N/A,N/A,N/A,132.1019,132.102,.7949 (ppm),0,0,N/A,Method,True,False,N/A,N/A,N/A,,,Pass,N/A,N/A,N/A,N/A,Confirmed,N/A,N/A,N/A,N/A,,,,,,,,10.17,N/A,900078.28,,
leucine,5.66,Target Compound,20240709_QE2_HILIC_BCSCuAOXq2d_blank1_20240710231833,39,Processed,T1,,Unknown,,B:A1,,,16717,259175,5.55,-0.11,C6H13NO2,M+H,N/A,N/A,N/A,N/A,132.1019,132.102,.4484 (ppm),0,0,N/A,Method,True,False,N/A,N/A,N/A,,,Pass,N/A,N/A,N/A,N/A,Confirmed,N/A,N/A,N/A,N/A,,,,,,,,10.92,N/A,900078.28,,
leucine,5.66,Target Compound,20240709_QE2_HILIC_BCSCuAOXq2d_blank2,40,Processed,T1,,Unknown,,B:A1,,,168004,1857355,5.58,-0.08,C6H13NO2,M+H,N/A,N/A,N/A,N/A,132.1019,132.102,.7949 (ppm),0,0,N/A,Method,True,False,N/A,N/A,N/A,,,Pass,N/A,N/A,N/A,N/A,Confirmed,N/A,N/A,N/A,N/A,,,,,,,,63.19,N/A,900078.28,,
leucine,5.66,Target Compound,20240709_QE2_HILIC_BCSCuAOXq2d_blank2_20240710115054,41,Processed,T1,,Unknown,,B:A1,,,52721,569450,5.97,0.31,C6H13NO2,M+H,N/A,N/A,N/A,N/A,132.1019,132.102,.9104 (ppm),0,0,N/A,Method,True,False,N/A,N/A,N/A,,,Pass,N/A,N/A,N/A,N/A,Confirmed,N/A,N/A,N/A,N/A,,,,,,,,18.73,N/A,900078.28,,
leucine,5.66,Target Compound,20240709_QE2_HILIC_BCSCuAOXq2d_blank2_20240710235116,42,Processed,T1,,Unknown,,B:A1,,,25416,431445,5.9,0.24,C6H13NO2,M+H,N/A,N/A,N/A,N/A,132.1019,132.1019,.2173 (ppm),0,0,N/A,Method,True,False,N/A,N/A,N/A,,,Pass,N/A,N/A,N/A,N/A,Confirmed,N/A,N/A,N/A,N/A,,,,,,,,14.82,N/A,900078.28,,
