﻿Compound,RT,Type,Filename,Batch Order,Status,Peak Label,Group,Sample Type,Level,Sample ID,Sample Name,Comments,Height,Area,Actual RT,RT Delta,Formula,Adduct,Calculated Amt,Theoretical Amt,Sample Amt,Std Add Amount,m/z (Expected),m/z (Apex),m/z (Delta),Response Ratio,ISTD Amt,ISTD Response,Integration Mode,Active,Excluded,%Diff,%RSD,% CV,Channel,Final Units,PK,IR,IP,LS,FI,Confirm,Isotopic Pattern Score (%),Num Isotopes Matched,Lib Match Name,Library Score (%),Library Match Rank,SI/Dot Product,RSI/Rev Dot,Modification,Protein Name,Peptide Sequence,Ion Type,S/N,Ion Ratio,Group Average,Relative RT,Flag Details
C5 Carnitines,3.26,Target Compound,20240709_QE2_HILIC_BCSCuAOXq2d_AYW1130,1,Processed,T1,1V,Unknown,,B:A2,,,696542,16495106,3.15,-0.11,C12H23NO4,M+H,N/A,N/A,N/A,N/A,246.17,246.1699,-.2554 (ppm),0,0,N/A,Method,True,False,N/A,N/A,N/A,,,Pass,N/A,N/A,N/A,N/A,Confirmed,N/A,N/A,N/A,N/A,,,,,,,,804.96,N/A,17046373.66,,
C5 Carnitines,3.26,Target Compound,20240709_QE2_HILIC_BCSCuAOXq2d_AYW1131,2,Processed,T1,1V,Unknown,,B:A3,,,804983,18373077,3.19,-0.07,C12H23NO4,M+H,N/A,N/A,N/A,N/A,246.17,246.1699,-.3793 (ppm),0,0,N/A,Method,True,False,N/A,N/A,N/A,,,Pass,N/A,N/A,N/A,N/A,Confirmed,N/A,N/A,N/A,N/A,,,,,,,,1337.30,N/A,17046373.66,,
C5 Carnitines,3.26,Target Compound,20240709_QE2_HILIC_BCSCuAOXq2d_AYW1132,3,Processed,T1,1V,Unknown,,B:A4,,,699695,16270938,3.13,-0.13,C12H23NO4,M+H,N/A,N/A,N/A,N/A,246.17,246.1698,-.7513 (ppm),0,0,N/A,Method,True,False,N/A,N/A,N/A,,,Pass,N/A,N/A,N/A,N/A,Confirmed,N/A,N/A,N/A,N/A,,,,,,,,1524.35,N/A,17046373.66,,
C5 Carnitines,3.26,Target Compound,20240709_QE2_HILIC_BCSCuAOXq2d_AYW1133,4,Processed,T1,2B,Unknown,,B:A5,,,1009921,21702407,3.09,-0.17,C12H23NO4,M+H,N/A,N/A,N/A,N/A,246.17,246.1699,-.2554 (ppm),0,0,N/A,Method,True,False,N/A,N/A,N/A,,,Pass,N/A,N/A,N/A,N/A,Confirmed,N/A,N/A,N/A,N/A,,,,,,,,559.50,N/A,28565531.21,,
C5 Carnitines,3.26,Target Compound,20240709_QE2_HILIC_BCSCuAOXq2d_AYW1134,5,Processed,T1,2B,Unknown,,B:A6,,,1777790,36928669,3.16,-0.10,C12H23NO4,M+H,N/A,N/A,N/A,N/A,246.17,246.1699,-.3174 (ppm),0,0,N/A,Method,True,False,N/A,N/A,N/A,,,Pass,N/A,N/A,N/A,N/A,Confirmed,N/A,N/A,N/A,N/A,,,,,,,,217.94,N/A,28565531.21,,
C5 Carnitines,3.26,Target Compound,20240709_QE2_HILIC_BCSCuAOXq2d_AYW1135,6,Processed,T1,2B,Unknown,,B:A7,,,1283390,27065518,3.14,-0.12,C12H23NO4,M+H,N/A,N/A,N/A,N/A,246.17,246.17,-.1314 (ppm),0,0,N/A,Method,True,False,N/A,N/A,N/A,,,Pass,N/A,N/A,N/A,N/A,Confirmed,N/A,N/A,N/A,N/A,,,,,,,,69.93,N/A,28565531.21,,
C5 Carnitines,3.26,Target Compound,20240709_QE2_HILIC_BCSCuAOXq2d_AYW1136,7,Processed,T1,3C,Unknown,,B:A8,,,655732,14278598,3.14,-0.12,C12H23NO4,M+H,N/A,N/A,N/A,N/A,246.17,246.17,-.1934 (ppm),0,0,N/A,Method,True,False,N/A,N/A,N/A,,,Pass,N/A,N/A,N/A,N/A,Confirmed,N/A,N/A,N/A,N/A,,,,,,,,66.98,N/A,12664101.61,,
C5 Carnitines,3.26,Target Compound,20240709_QE2_HILIC_BCSCuAOXq2d_AYW1137,8,Processed,T1,3C,Unknown,,B:A9,,,636826,15407304,3.19,-0.07,C12H23NO4,M+H,N/A,N/A,N/A,N/A,246.17,246.1699,-.3793 (ppm),0,0,N/A,Method,True,False,N/A,N/A,N/A,,,Pass,N/A,N/A,N/A,N/A,Confirmed,N/A,N/A,N/A,N/A,,,,,,,,93.27,N/A,12664101.61,,
C5 Carnitines,3.26,Target Compound,20240709_QE2_HILIC_BCSCuAOXq2d_AYW1138,9,Processed,T1,3C,Unknown,,B:B1,,,384642,8306403,3.21,-0.05,C12H23NO4,M+H,N/A,N/A,N/A,N/A,246.17,246.1699,-.5653 (ppm),0,0,N/A,Method,True,False,N/A,N/A,N/A,,,Pass,N/A,N/A,N/A,N/A,Confirmed,N/A,N/A,N/A,N/A,,,,,,,,INF,N/A,12664101.61,,
C5 Carnitines,3.26,Target Compound,20240709_QE2_HILIC_BCSCuAOXq2d_AYW1139,10,Processed,T1,4BC,Unknown,,B:B2,,,785673,16450006,3.12,-0.14,C12H23NO4,M+H,N/A,N/A,N/A,N/A,246.17,246.1698,-.6273 (ppm),0,0,N/A,Method,True,False,N/A,N/A,N/A,,,Pass,N/A,N/A,N/A,N/A,Confirmed,N/A,N/A,N/A,N/A,,,,,,,,79.42,N/A,16720620.11,N/A,
C5 Carnitines,3.26,Target Compound,20240709_QE2_HILIC_BCSCuAOXq2d_AYW1140,11,Processed,T1,4BC,Unknown,,B:B3,,,816295,16850890,3.11,-0.15,C12H23NO4,M+H,N/A,N/A,N/A,N/A,246.17,246.1698,-.7513 (ppm),0,0,N/A,Method,True,False,N/A,N/A,N/A,,,Pass,N/A,N/A,N/A,N/A,Confirmed,N/A,N/A,N/A,N/A,,,,,,,,363.41,N/A,16720620.11,,
C5 Carnitines,3.26,Target Compound,20240709_QE2_HILIC_BCSCuAOXq2d_AYW1141,12,Processed,T1,4BC,Unknown,,B:B4,,,779416,16860964,3.18,-0.08,C12H23NO4,M+H,N/A,N/A,N/A,N/A,246.17,246.17,-.1314 (ppm),0,0,N/A,Method,True,False,N/A,N/A,N/A,,,Pass,N/A,N/A,N/A,N/A,Confirmed,N/A,N/A,N/A,N/A,,,,,,,,85.82,N/A,16720620.11,,
C5 Carnitines,3.26,Target Compound,20240709_QE2_HILIC_BCSCuAOXq2d_AYW1142,13,Processed,T1,5RV,Unknown,,B:B5,,,1100258,25410702,3.18,-0.08,C12H23NO4,M+H,N/A,N/A,N/A,N/A,246.17,246.17,-.1934 (ppm),0,0,N/A,Method,True,False,N/A,N/A,N/A,,,Pass,N/A,N/A,N/A,N/A,Confirmed,N/A,N/A,N/A,N/A,,,,,,,,776.39,N/A,25290228.78,N/A,
C5 Carnitines,3.26,Target Compound,20240709_QE2_HILIC_BCSCuAOXq2d_AYW1143,14,Processed,T1,5RV,Unknown,,B:B6,,,1130695,27225587,3.17,-0.09,C12H23NO4,M+H,N/A,N/A,N/A,N/A,246.17,246.1699,-.5653 (ppm),0,0,N/A,Method,True,False,N/A,N/A,N/A,,,Pass,N/A,N/A,N/A,N/A,Confirmed,N/A,N/A,N/A,N/A,,,,,,,,284.93,N/A,25290228.78,,
C5 Carnitines,3.26,Target Compound,20240709_QE2_HILIC_BCSCuAOXq2d_AYW1144,15,Processed,T1,5RV,Unknown,,B:B7,,,1061359,23234397,3.21,-0.05,C12H23NO4,M+H,N/A,N/A,N/A,N/A,246.17,246.1699,-.2554 (ppm),0,0,N/A,Method,True,False,N/A,N/A,N/A,,,Pass,N/A,N/A,N/A,N/A,Confirmed,N/A,N/A,N/A,N/A,,,,,,,,148.75,N/A,25290228.78,,
C5 Carnitines,3.26,Target Compound,20240709_QE2_HILIC_BCSCuAOXq2d_AYW1145,16,Processed,T1,6RB,Unknown,,B:B8,,,3392707,73083284,3.16,-0.10,C12H23NO4,M+H,N/A,N/A,N/A,N/A,246.17,246.17,-.1934 (ppm),0,0,N/A,Method,True,False,N/A,N/A,N/A,,,Pass,N/A,N/A,N/A,N/A,Confirmed,N/A,N/A,N/A,N/A,,,,,,,,413.05,N/A,58909389.41,,
C5 Carnitines,3.26,Target Compound,20240709_QE2_HILIC_BCSCuAOXq2d_AYW1146,17,Processed,T1,6RB,Unknown,,B:B9,,,2728312,54498459,3.12,-0.14,C12H23NO4,M+H,N/A,N/A,N/A,N/A,246.17,246.1699,-.3793 (ppm),0,0,N/A,Method,True,False,N/A,N/A,N/A,,,Pass,N/A,N/A,N/A,N/A,Confirmed,N/A,N/A,N/A,N/A,,,,,,,,920.13,N/A,58909389.41,,
C5 Carnitines,3.26,Target Compound,20240709_QE2_HILIC_BCSCuAOXq2d_AYW1147,18,Processed,T1,6RB,Unknown,,B:C1,,,2279718,49146425,3.14,-0.12,C12H23NO4,M+H,N/A,N/A,N/A,N/A,246.17,246.1698,-.6893 (ppm),0,0,N/A,Method,True,False,N/A,N/A,N/A,,,Pass,N/A,N/A,N/A,N/A,Confirmed,N/A,N/A,N/A,N/A,,,,,,,,396.33,N/A,58909389.41,,
C5 Carnitines,3.26,Target Compound,20240709_QE2_HILIC_BCSCuAOXq2d_AYW1148,19,Processed,T1,7RV,Unknown,,B:C2,,,679677,15881162,3.22,-0.04,C12H23NO4,M+H,N/A,N/A,N/A,N/A,246.17,246.1699,-.3174 (ppm),0,0,N/A,Method,True,False,N/A,N/A,N/A,,,Pass,N/A,N/A,N/A,N/A,Confirmed,N/A,N/A,N/A,N/A,,,,,,,,INF,N/A,18466369.76,,
C5 Carnitines,3.26,Target Compound,20240709_QE2_HILIC_BCSCuAOXq2d_AYW1149,20,Processed,T1,7RV,Unknown,,B:C3,,,876024,21867775,3.24,-0.02,C12H23NO4,M+H,N/A,N/A,N/A,N/A,246.17,246.1699,-.5653 (ppm),0,0,N/A,Method,True,False,N/A,N/A,N/A,,,Pass,N/A,N/A,N/A,N/A,Confirmed,N/A,N/A,N/A,N/A,,,,,,,,189.13,N/A,18466369.76,,
C5 Carnitines,3.26,Target Compound,20240709_QE2_HILIC_BCSCuAOXq2d_AYW1150,21,Processed,T1,7RV,Unknown,,B:C4,,,807680,17650172,3.19,-0.07,C12H23NO4,M+H,N/A,N/A,N/A,N/A,246.17,246.1699,-.3793 (ppm),0,0,N/A,Method,True,False,N/A,N/A,N/A,,,Pass,N/A,N/A,N/A,N/A,Confirmed,N/A,N/A,N/A,N/A,,,,,,,,85.36,N/A,18466369.76,,
C5 Carnitines,3.26,Target Compound,20240709_QE2_HILIC_BCSCuAOXq2d_AYW1151,22,Processed,T1,8RB,Unknown,,B:C5,,,1005516,21208969,3.19,-0.07,C12H23NO4,M+H,N/A,N/A,N/A,N/A,246.17,246.1699,-.2554 (ppm),0,0,N/A,Method,True,False,N/A,N/A,N/A,,,Pass,N/A,N/A,N/A,N/A,Confirmed,N/A,N/A,N/A,N/A,,,,,,,,166.40,N/A,19923591.98,,
C5 Carnitines,3.26,Target Compound,20240709_QE2_HILIC_BCSCuAOXq2d_AYW1152,23,Processed,T1,8RB,Unknown,,B:C6,,,691604,15521227,3.17,-0.09,C12H23NO4,M+H,N/A,N/A,N/A,N/A,246.17,246.1699,-.3174 (ppm),0,0,N/A,Method,True,False,N/A,N/A,N/A,,,Pass,N/A,N/A,N/A,N/A,Confirmed,N/A,N/A,N/A,N/A,,,,,,,,INF,N/A,19923591.98,,
C5 Carnitines,3.26,Target Compound,20240709_QE2_HILIC_BCSCuAOXq2d_AYW1153,24,Processed,T1,8RB,Unknown,,B:C7,,,1023567,23040580,3.16,-0.10,C12H23NO4,M+H,N/A,N/A,N/A,N/A,246.17,246.1699,-.2554 (ppm),0,0,N/A,Method,True,False,N/A,N/A,N/A,,,Pass,N/A,N/A,N/A,N/A,Confirmed,N/A,N/A,N/A,N/A,,,,,,,,147.40,N/A,19923591.98,,
C5 Carnitines,3.26,Target Compound,20240709_QE2_HILIC_BCSCuAOXq2d_AYW1154_pool1xa,25,Processed,T1,pool1x,Unknown,,B:C8,,,1303935,26649276,3.11,-0.15,C12H23NO4,M+H,N/A,N/A,N/A,N/A,246.17,246.1698,-.6273 (ppm),0,0,N/A,Method,True,False,N/A,N/A,N/A,,,Pass,N/A,N/A,N/A,N/A,Confirmed,N/A,N/A,N/A,N/A,,,,,,,,66.29,N/A,26699174.03,,
C5 Carnitines,3.26,Target Compound,20240709_QE2_HILIC_BCSCuAOXq2d_AYW1154_pool1xb,26,Processed,T1,pool1x,Unknown,,B:C8,,,1434931,29345048,3.17,-0.09,C12H23NO4,M+H,N/A,N/A,N/A,N/A,246.17,246.1699,-.5033 (ppm),0,0,N/A,Method,True,False,N/A,N/A,N/A,,,Pass,N/A,N/A,N/A,N/A,Confirmed,N/A,N/A,N/A,N/A,,,,,,,,231.69,N/A,26699174.03,,
C5 Carnitines,3.26,Target Compound,20240709_QE2_HILIC_BCSCuAOXq2d_AYW1154_pool1xc,27,Processed,T1,pool1x,Unknown,,B:C8,,,1278542,27455131,3.15,-0.11,C12H23NO4,M+H,N/A,N/A,N/A,N/A,246.17,246.17,.1165 (ppm),0,0,N/A,Method,True,False,N/A,N/A,N/A,,,Pass,N/A,N/A,N/A,N/A,Confirmed,N/A,N/A,N/A,N/A,,,,,,,,173.29,N/A,26699174.03,,
C5 Carnitines,3.26,Target Compound,20240709_QE2_HILIC_BCSCuAOXq2d_AYW1154_pool1xd,28,Processed,T1,pool1x,Unknown,,B:C8,,,1091596,23347242,3.1,-0.16,C12H23NO4,M+H,N/A,N/A,N/A,N/A,246.17,246.1699,-.5653 (ppm),0,0,N/A,Method,True,False,N/A,N/A,N/A,,,Pass,N/A,N/A,N/A,N/A,Confirmed,N/A,N/A,N/A,N/A,,,,,,,,INF,N/A,26699174.03,,
C5 Carnitines,3.26,Target Compound,20240709_QE2_HILIC_BCSCuAOXq2d_AYW1155_pool033xa,29,Processed,T1,pool033x,Unknown,,B:C9,,,471615,9912113,3.12,-0.14,C12H23NO4,M+H,N/A,N/A,N/A,N/A,246.17,246.17,-.1934 (ppm),0,0,N/A,Method,True,False,N/A,N/A,N/A,,,Pass,N/A,N/A,N/A,N/A,Confirmed,N/A,N/A,N/A,N/A,,,,,,,,20.64,N/A,8332961.97,,
C5 Carnitines,3.26,Target Compound,20240709_QE2_HILIC_BCSCuAOXq2d_AYW1155_pool033xb,30,Processed,T1,pool033x,Unknown,,B:C9,,,373063,8010331,3.16,-0.10,C12H23NO4,M+H,N/A,N/A,N/A,N/A,246.17,246.1697,-1.0612 (ppm),0,0,N/A,Method,True,False,N/A,N/A,N/A,,,Pass,N/A,N/A,N/A,N/A,Confirmed,N/A,N/A,N/A,N/A,,,,,,,,46.79,N/A,8332961.97,,
C5 Carnitines,3.26,Target Compound,20240709_QE2_HILIC_BCSCuAOXq2d_AYW1155_pool033xc,31,Processed,T1,pool033x,Unknown,,B:C9,,,333748,7171989,3.22,-0.04,C12H23NO4,M+H,N/A,N/A,N/A,N/A,246.17,246.17,-.1314 (ppm),0,0,N/A,Method,True,False,N/A,N/A,N/A,,,Pass,N/A,N/A,N/A,N/A,Confirmed,N/A,N/A,N/A,N/A,,,,,,,,53.64,N/A,8332961.97,,
C5 Carnitines,3.26,Target Compound,20240709_QE2_HILIC_BCSCuAOXq2d_AYW1155_pool033xd,32,Processed,T1,pool033x,Unknown,,B:C9,,,364437,8237415,3.11,-0.15,C12H23NO4,M+H,N/A,N/A,N/A,N/A,246.17,246.1699,-.2554 (ppm),0,0,N/A,Method,True,False,N/A,N/A,N/A,,,Pass,N/A,N/A,N/A,N/A,Confirmed,N/A,N/A,N/A,N/A,,,,,,,,1172.69,N/A,8332961.97,,
C5 Carnitines,3.26,Target Compound,20240709_QE2_HILIC_BCSCuAOXq2d_AYW1156_pool01xa,33,Processed,T1,pool01x,Unknown,,B:D1,,,167958,3175408,3.03,-0.23,C12H23NO4,M+H,N/A,N/A,N/A,N/A,246.17,246.1698,-.8132 (ppm),0,0,N/A,Method,True,False,N/A,N/A,N/A,,,Pass,N/A,N/A,N/A,N/A,Confirmed,N/A,N/A,N/A,N/A,,,,,,,,14.09,N/A,2508667.98,,
C5 Carnitines,3.26,Target Compound,20240709_QE2_HILIC_BCSCuAOXq2d_AYW1156_pool01xb,34,Processed,T1,pool01x,Unknown,,B:D1,,,126096,2590592,3.06,-0.20,C12H23NO4,M+H,N/A,N/A,N/A,N/A,246.17,246.1697,-1.0612 (ppm),0,0,N/A,Method,True,False,N/A,N/A,N/A,,,Pass,N/A,N/A,N/A,N/A,Confirmed,N/A,N/A,N/A,N/A,,,,,,,,16.79,N/A,2508667.98,,
C5 Carnitines,3.26,Target Compound,20240709_QE2_HILIC_BCSCuAOXq2d_AYW1156_pool01xc,35,Processed,T1,pool01x,Unknown,,B:D1,,,114884,2279418,3.16,-0.10,C12H23NO4,M+H,N/A,N/A,N/A,N/A,246.17,246.1699,-.3174 (ppm),0,0,N/A,Manual,True,False,N/A,N/A,N/A,,,Pass,N/A,N/A,N/A,N/A,Confirmed,N/A,N/A,N/A,N/A,,,,,,,,32.55,N/A,2508667.98,,
C5 Carnitines,3.26,Target Compound,20240709_QE2_HILIC_BCSCuAOXq2d_AYW1156_pool01xd,36,Processed,T1,pool01x,Unknown,,B:D1,,,88510,1989253,3.1,-0.16,C12H23NO4,M+H,N/A,N/A,N/A,N/A,246.17,246.1699,-.4413 (ppm),0,0,N/A,Method,True,False,N/A,N/A,N/A,,,Pass,N/A,N/A,N/A,N/A,Confirmed,N/A,N/A,N/A,N/A,,,,,,,,15.91,N/A,2508667.98,,
C5 Carnitines,3.26,Target Compound,20240709_QE2_HILIC_BCSCuAOXq2d_blank1,37,Processed,T1,,Unknown,,B:A1,,,117679,993349,3.28,0.02,C12H23NO4,M+H,N/A,N/A,N/A,N/A,246.17,246.17,-.1314 (ppm),0,0,N/A,Method,True,False,N/A,N/A,N/A,,,Pass,N/A,N/A,N/A,N/A,Confirmed,N/A,N/A,N/A,N/A,,,,,,,,INF,N/A,165558.24,,
C5 Carnitines,3.26,Target Compound,20240709_QE2_HILIC_BCSCuAOXq2d_blank1_20240710111342,38,Processed,T1,,Unknown,,B:A1,,,N/F,N/F,N/F,N/F,C12H23NO4,N/A,N/F,N/A,N/F,N/A,246.17,N/F,N/F,N/F,0,N/A,Method,True,False,N/A,N/A,N/A,,,Fail,N/A,N/A,N/A,N/A,NotFound,N/A,N/A,N/A,N/A,,,,,,,,N/A,N/A,165558.24,,
C5 Carnitines,3.26,Target Compound,20240709_QE2_HILIC_BCSCuAOXq2d_blank1_20240710231833,39,Processed,T1,,Unknown,,B:A1,,,N/F,N/F,N/F,N/F,C12H23NO4,N/A,N/F,N/A,N/F,N/A,246.17,N/F,N/F,N/F,0,N/A,Method,True,False,N/A,N/A,N/A,,,Fail,N/A,N/A,N/A,N/A,NotFound,N/A,N/A,N/A,N/A,,,,,,,,N/A,N/A,165558.24,,
C5 Carnitines,3.26,Target Compound,20240709_QE2_HILIC_BCSCuAOXq2d_blank2,40,Processed,T1,,Unknown,,B:A1,,,N/F,N/F,N/F,N/F,C12H23NO4,N/A,N/F,N/A,N/F,N/A,246.17,N/F,N/F,N/F,0,N/A,Method,True,False,N/A,N/A,N/A,,,Fail,N/A,N/A,N/A,N/A,NotFound,N/A,N/A,N/A,N/A,,,,,,,,N/A,N/A,165558.24,,
C5 Carnitines,3.26,Target Compound,20240709_QE2_HILIC_BCSCuAOXq2d_blank2_20240710115054,41,Processed,T1,,Unknown,,B:A1,,,N/F,N/F,N/F,N/F,C12H23NO4,N/A,N/F,N/A,N/F,N/A,246.17,N/F,N/F,N/F,0,N/A,Method,True,False,N/A,N/A,N/A,,,Fail,N/A,N/A,N/A,N/A,NotFound,N/A,N/A,N/A,N/A,,,,,,,,N/A,N/A,165558.24,,
C5 Carnitines,3.26,Target Compound,20240709_QE2_HILIC_BCSCuAOXq2d_blank2_20240710235116,42,Processed,T1,,Unknown,,B:A1,,,N/F,N/F,N/F,N/F,C12H23NO4,N/A,N/F,N/A,N/F,N/A,246.17,N/F,N/F,N/F,0,N/A,Method,True,False,N/A,N/A,N/A,,,Fail,N/A,N/A,N/A,N/A,NotFound,N/A,N/A,N/A,N/A,,,,,,,,N/A,N/A,165558.24,,
