﻿Compound,RT,Type,Filename,Batch Order,Status,Peak Label,Group,Sample Type,Level,Sample ID,Sample Name,Comments,Height,Area,Actual RT,RT Delta,Formula,Adduct,Calculated Amt,Theoretical Amt,Sample Amt,Std Add Amount,m/z (Expected),m/z (Apex),m/z (Delta),Response Ratio,ISTD Amt,ISTD Response,Integration Mode,Active,Excluded,%Diff,%RSD,% CV,Channel,Final Units,PK,IR,IP,LS,FI,Confirm,Isotopic Pattern Score (%),Num Isotopes Matched,Lib Match Name,Library Score (%),Library Match Rank,SI/Dot Product,RSI/Rev Dot,Modification,Protein Name,Peptide Sequence,Ion Type,S/N,Ion Ratio,Group Average,Relative RT,Flag Details
palmitate,2.05,Target Compound,20240709_QE2_HILIC_BCSCuAOXq2d_AYW1130,1,Processed,T1,1V,Unknown,,B:A2,,,27399269,228688246,1.85,-0.20,C16H32O2,M-H,N/A,N/A,N/A,N/A,255.233,255.2331,.2458 (ppm),0,0,N/A,Method,True,False,N/A,N/A,N/A,,,Pass,N/A,N/A,N/A,N/A,Confirmed,N/A,N/A,N/A,N/A,,,,,,,,80.55,N/A,237582257.76,,
palmitate,2.05,Target Compound,20240709_QE2_HILIC_BCSCuAOXq2d_AYW1131,2,Processed,T1,1V,Unknown,,B:A3,,,29936418,265140269,1.84,-0.21,C16H32O2,M-H,N/A,N/A,N/A,N/A,255.233,255.2332,.9035 (ppm),0,0,N/A,Method,True,False,N/A,N/A,N/A,,,Pass,N/A,N/A,N/A,N/A,Confirmed,N/A,N/A,N/A,N/A,,,,,,,,113.96,N/A,237582257.76,,
palmitate,2.05,Target Compound,20240709_QE2_HILIC_BCSCuAOXq2d_AYW1132,3,Processed,T1,1V,Unknown,,B:A4,,,23468905,218918259,1.83,-0.22,C16H32O2,M-H,N/A,N/A,N/A,N/A,255.233,255.2332,.7241 (ppm),0,0,N/A,Method,True,False,N/A,N/A,N/A,,,Pass,N/A,N/A,N/A,N/A,Confirmed,N/A,N/A,N/A,N/A,,,,,,,,426.16,N/A,237582257.76,,
palmitate,2.05,Target Compound,20240709_QE2_HILIC_BCSCuAOXq2d_AYW1133,4,Processed,T1,2B,Unknown,,B:A5,,,34955124,321539378,1.84,-0.21,C16H32O2,M-H,N/A,N/A,N/A,N/A,255.233,255.2332,.9035 (ppm),0,0,N/A,Method,True,False,N/A,N/A,N/A,,,Pass,N/A,N/A,N/A,N/A,Confirmed,N/A,N/A,N/A,N/A,,,,,,,,239.35,N/A,313776192.52,,
palmitate,2.05,Target Compound,20240709_QE2_HILIC_BCSCuAOXq2d_AYW1134,5,Processed,T1,2B,Unknown,,B:A6,,,34306560,313383156,1.84,-0.21,C16H32O2,M-H,N/A,N/A,N/A,N/A,255.233,255.2331,.5447 (ppm),0,0,N/A,Method,True,False,N/A,N/A,N/A,,,Pass,N/A,N/A,N/A,N/A,Confirmed,N/A,N/A,N/A,N/A,,,,,,,,92.59,N/A,313776192.52,,
palmitate,2.05,Target Compound,20240709_QE2_HILIC_BCSCuAOXq2d_AYW1135,6,Processed,T1,2B,Unknown,,B:A7,,,33715115,306406043,1.85,-0.20,C16H32O2,M-H,N/A,N/A,N/A,N/A,255.233,255.2332,.7241 (ppm),0,0,N/A,Method,True,False,N/A,N/A,N/A,,,Pass,N/A,N/A,N/A,N/A,Confirmed,N/A,N/A,N/A,N/A,,,,,,,,215.73,N/A,313776192.52,,
palmitate,2.05,Target Compound,20240709_QE2_HILIC_BCSCuAOXq2d_AYW1136,7,Processed,T1,3C,Unknown,,B:A8,,,34269662,315125829,1.85,-0.20,C16H32O2,M-H,N/A,N/A,N/A,N/A,255.233,255.2331,.3056 (ppm),0,0,N/A,Method,True,False,N/A,N/A,N/A,,,Pass,N/A,N/A,N/A,N/A,Confirmed,N/A,N/A,N/A,N/A,,,,,,,,142.11,N/A,308346577.89,,
palmitate,2.05,Target Compound,20240709_QE2_HILIC_BCSCuAOXq2d_AYW1137,8,Processed,T1,3C,Unknown,,B:A9,,,40994778,360748201,1.84,-0.21,C16H32O2,M-H,N/A,N/A,N/A,N/A,255.233,255.2331,.3056 (ppm),0,0,N/A,Method,True,False,N/A,N/A,N/A,,,Pass,N/A,N/A,N/A,N/A,Confirmed,N/A,N/A,N/A,N/A,,,,,,,,160.34,N/A,308346577.89,,
palmitate,2.05,Target Compound,20240709_QE2_HILIC_BCSCuAOXq2d_AYW1138,9,Processed,T1,3C,Unknown,,B:B1,,,27908638,249165704,1.84,-0.21,C16H32O2,M-H,N/A,N/A,N/A,N/A,255.233,255.2331,.4252 (ppm),0,0,N/A,Method,True,False,N/A,N/A,N/A,,,Pass,N/A,N/A,N/A,N/A,Confirmed,N/A,N/A,N/A,N/A,,,,,,,,168.53,N/A,308346577.89,,
palmitate,2.05,Target Compound,20240709_QE2_HILIC_BCSCuAOXq2d_AYW1139,10,Processed,T1,4BC,Unknown,,B:B2,,,19139634,174037983,1.83,-0.22,C16H32O2,M-H,N/A,N/A,N/A,N/A,255.233,255.2331,.5447 (ppm),0,0,N/A,Method,True,False,N/A,N/A,N/A,,,Pass,N/A,N/A,N/A,N/A,Confirmed,N/A,N/A,N/A,N/A,,,,,,,,65.27,N/A,258199037.13,N/A,
palmitate,2.05,Target Compound,20240709_QE2_HILIC_BCSCuAOXq2d_AYW1140,11,Processed,T1,4BC,Unknown,,B:B3,,,26148598,228890822,1.84,-0.21,C16H32O2,M-H,N/A,N/A,N/A,N/A,255.233,255.2332,.7241 (ppm),0,0,N/A,Method,True,False,N/A,N/A,N/A,,,Pass,N/A,N/A,N/A,N/A,Confirmed,N/A,N/A,N/A,N/A,,,,,,,,240.11,N/A,258199037.13,,
palmitate,2.05,Target Compound,20240709_QE2_HILIC_BCSCuAOXq2d_AYW1141,12,Processed,T1,4BC,Unknown,,B:B4,,,43745754,371668306,1.84,-0.21,C16H32O2,M-H,N/A,N/A,N/A,N/A,255.233,255.233,.1860 (ppm),0,0,N/A,Method,True,False,N/A,N/A,N/A,,,Pass,N/A,N/A,N/A,N/A,Confirmed,N/A,N/A,N/A,N/A,,,,,,,,78.89,N/A,258199037.13,,
palmitate,2.05,Target Compound,20240709_QE2_HILIC_BCSCuAOXq2d_AYW1142,13,Processed,T1,5RV,Unknown,,B:B5,,,30471649,283827281,1.86,-0.19,C16H32O2,M-H,N/A,N/A,N/A,N/A,255.233,255.2332,.8437 (ppm),0,0,N/A,Method,True,False,N/A,N/A,N/A,,,Pass,N/A,N/A,N/A,N/A,Confirmed,N/A,N/A,N/A,N/A,,,,,,,,123.60,N/A,261187490.82,N/A,
palmitate,2.05,Target Compound,20240709_QE2_HILIC_BCSCuAOXq2d_AYW1143,14,Processed,T1,5RV,Unknown,,B:B6,,,34603710,318644809,1.85,-0.20,C16H32O2,M-H,N/A,N/A,N/A,N/A,255.233,255.2331,.3056 (ppm),0,0,N/A,Method,True,False,N/A,N/A,N/A,,,Pass,N/A,N/A,N/A,N/A,Confirmed,N/A,N/A,N/A,N/A,,,,,,,,263.71,N/A,261187490.82,,
palmitate,2.05,Target Compound,20240709_QE2_HILIC_BCSCuAOXq2d_AYW1144,15,Processed,T1,5RV,Unknown,,B:B7,,,19571047,181090382,1.86,-0.19,C16H32O2,M-H,N/A,N/A,N/A,N/A,255.233,255.2332,.9035 (ppm),0,0,N/A,Method,True,False,N/A,N/A,N/A,,,Pass,N/A,N/A,N/A,N/A,Confirmed,N/A,N/A,N/A,N/A,,,,,,,,252.66,N/A,261187490.82,,
palmitate,2.05,Target Compound,20240709_QE2_HILIC_BCSCuAOXq2d_AYW1145,16,Processed,T1,6RB,Unknown,,B:B8,,,27122589,253867453,1.83,-0.22,C16H32O2,M-H,N/A,N/A,N/A,N/A,255.233,255.2332,.8437 (ppm),0,0,N/A,Method,True,False,N/A,N/A,N/A,,,Pass,N/A,N/A,N/A,N/A,Confirmed,N/A,N/A,N/A,N/A,,,,,,,,158.67,N/A,189253326.84,,
palmitate,2.05,Target Compound,20240709_QE2_HILIC_BCSCuAOXq2d_AYW1146,17,Processed,T1,6RB,Unknown,,B:B9,,,16255255,134785070,1.84,-0.21,C16H32O2,M-H,N/A,N/A,N/A,N/A,255.233,255.2333,1.2024 (ppm),0,0,N/A,Method,True,False,N/A,N/A,N/A,,,Pass,N/A,N/A,N/A,N/A,Confirmed,N/A,N/A,N/A,N/A,,,,,,,,133.11,N/A,189253326.84,,
palmitate,2.05,Target Compound,20240709_QE2_HILIC_BCSCuAOXq2d_AYW1147,18,Processed,T1,6RB,Unknown,,B:C1,,,19063463,179107457,1.84,-0.21,C16H32O2,M-H,N/A,N/A,N/A,N/A,255.233,255.2332,.9035 (ppm),0,0,N/A,Method,True,False,N/A,N/A,N/A,,,Pass,N/A,N/A,N/A,N/A,Confirmed,N/A,N/A,N/A,N/A,,,,,,,,83.99,N/A,189253326.84,,
palmitate,2.05,Target Compound,20240709_QE2_HILIC_BCSCuAOXq2d_AYW1148,19,Processed,T1,7RV,Unknown,,B:C2,,,22148153,208395026,1.85,-0.20,C16H32O2,M-H,N/A,N/A,N/A,N/A,255.233,255.2332,.6045 (ppm),0,0,N/A,Method,True,False,N/A,N/A,N/A,,,Pass,N/A,N/A,N/A,N/A,Confirmed,N/A,N/A,N/A,N/A,,,,,,,,155.42,N/A,296701216.47,,
palmitate,2.05,Target Compound,20240709_QE2_HILIC_BCSCuAOXq2d_AYW1149,20,Processed,T1,7RV,Unknown,,B:C3,,,38778067,379619950,1.82,-0.23,C16H32O2,M-H,N/A,N/A,N/A,N/A,255.233,255.233,.1263 (ppm),0,0,N/A,Method,True,False,N/A,N/A,N/A,,,Pass,N/A,N/A,N/A,N/A,Confirmed,N/A,N/A,N/A,N/A,,,,,,,,189.61,N/A,296701216.47,,
palmitate,2.05,Target Compound,20240709_QE2_HILIC_BCSCuAOXq2d_AYW1150,21,Processed,T1,7RV,Unknown,,B:C4,,,32196754,302088673,1.82,-0.23,C16H32O2,M-H,N/A,N/A,N/A,N/A,255.233,255.2331,.4850 (ppm),0,0,N/A,Method,True,False,N/A,N/A,N/A,,,Pass,N/A,N/A,N/A,N/A,Confirmed,N/A,N/A,N/A,N/A,,,,,,,,478.45,N/A,296701216.47,,
palmitate,2.05,Target Compound,20240709_QE2_HILIC_BCSCuAOXq2d_AYW1151,22,Processed,T1,8RB,Unknown,,B:C5,,,26344478,232567364,1.85,-0.20,C16H32O2,M-H,N/A,N/A,N/A,N/A,255.233,255.233,.1263 (ppm),0,0,N/A,Method,True,False,N/A,N/A,N/A,,,Pass,N/A,N/A,N/A,N/A,Confirmed,N/A,N/A,N/A,N/A,,,,,,,,82.15,N/A,208830441.14,,
palmitate,2.05,Target Compound,20240709_QE2_HILIC_BCSCuAOXq2d_AYW1152,23,Processed,T1,8RB,Unknown,,B:C6,,,16701357,164337748,1.85,-0.20,C16H32O2,M-H,N/A,N/A,N/A,N/A,255.233,255.2333,1.0828 (ppm),0,0,N/A,Method,True,False,N/A,N/A,N/A,,,Pass,N/A,N/A,N/A,N/A,Confirmed,N/A,N/A,N/A,N/A,,,,,,,,380.51,N/A,208830441.14,,
palmitate,2.05,Target Compound,20240709_QE2_HILIC_BCSCuAOXq2d_AYW1153,24,Processed,T1,8RB,Unknown,,B:C7,,,27182572,229586211,1.82,-0.23,C16H32O2,M-H,N/A,N/A,N/A,N/A,255.233,255.2332,.7839 (ppm),0,0,N/A,Method,True,False,N/A,N/A,N/A,,,Pass,N/A,N/A,N/A,N/A,Confirmed,N/A,N/A,N/A,N/A,,,,,,,,89.59,N/A,208830441.14,,
palmitate,2.05,Target Compound,20240709_QE2_HILIC_BCSCuAOXq2d_AYW1154_pool1xa,25,Processed,T1,pool1x,Unknown,,B:C8,,,29848601,271723919,1.84,-0.21,C16H32O2,M-H,N/A,N/A,N/A,N/A,255.233,255.2332,.6045 (ppm),0,0,N/A,Method,True,False,N/A,N/A,N/A,,,Pass,N/A,N/A,N/A,N/A,Confirmed,N/A,N/A,N/A,N/A,,,,,,,,164.31,N/A,245945603.40,,
palmitate,2.05,Target Compound,20240709_QE2_HILIC_BCSCuAOXq2d_AYW1154_pool1xb,26,Processed,T1,pool1x,Unknown,,B:C8,,,30085799,250068382,1.85,-0.20,C16H32O2,M-H,N/A,N/A,N/A,N/A,255.233,255.2331,.2458 (ppm),0,0,N/A,Method,True,False,N/A,N/A,N/A,,,Pass,N/A,N/A,N/A,N/A,Confirmed,N/A,N/A,N/A,N/A,,,,,,,,97.91,N/A,245945603.40,,
palmitate,2.05,Target Compound,20240709_QE2_HILIC_BCSCuAOXq2d_AYW1154_pool1xc,27,Processed,T1,pool1x,Unknown,,B:C8,,,27890646,248924832,1.85,-0.20,C16H32O2,M-H,N/A,N/A,N/A,N/A,255.233,255.2332,.9632 (ppm),0,0,N/A,Method,True,False,N/A,N/A,N/A,,,Pass,N/A,N/A,N/A,N/A,Confirmed,N/A,N/A,N/A,N/A,,,,,,,,101.41,N/A,245945603.40,,
palmitate,2.05,Target Compound,20240709_QE2_HILIC_BCSCuAOXq2d_AYW1154_pool1xd,28,Processed,T1,pool1x,Unknown,,B:C8,,,22466776,213065281,1.83,-0.22,C16H32O2,M-H,N/A,N/A,N/A,N/A,255.233,255.2332,.6045 (ppm),0,0,N/A,Method,True,False,N/A,N/A,N/A,,,Pass,N/A,N/A,N/A,N/A,Confirmed,N/A,N/A,N/A,N/A,,,,,,,,205.08,N/A,245945603.40,,
palmitate,2.05,Target Compound,20240709_QE2_HILIC_BCSCuAOXq2d_AYW1155_pool033xa,29,Processed,T1,pool033x,Unknown,,B:C9,,,12164632,109528974,1.82,-0.23,C16H32O2,M-H,N/A,N/A,N/A,N/A,255.233,255.2331,.4850 (ppm),0,0,N/A,Method,True,False,N/A,N/A,N/A,,,Pass,N/A,N/A,N/A,N/A,Confirmed,N/A,N/A,N/A,N/A,,,,,,,,80.78,N/A,93528529.16,,
palmitate,2.05,Target Compound,20240709_QE2_HILIC_BCSCuAOXq2d_AYW1155_pool033xb,30,Processed,T1,pool033x,Unknown,,B:C9,,,10558801,84313048,1.85,-0.20,C16H32O2,M-H,N/A,N/A,N/A,N/A,255.233,255.233,.0665 (ppm),0,0,N/A,Method,True,False,N/A,N/A,N/A,,,Pass,N/A,N/A,N/A,N/A,Confirmed,N/A,N/A,N/A,N/A,,,,,,,,70.89,N/A,93528529.16,,
palmitate,2.05,Target Compound,20240709_QE2_HILIC_BCSCuAOXq2d_AYW1155_pool033xc,31,Processed,T1,pool033x,Unknown,,B:C9,,,10434572,100641511,1.86,-0.19,C16H32O2,M-H,N/A,N/A,N/A,N/A,255.233,255.2333,1.1426 (ppm),0,0,N/A,Method,True,False,N/A,N/A,N/A,,,Pass,N/A,N/A,N/A,N/A,Confirmed,N/A,N/A,N/A,N/A,,,,,,,,66.86,N/A,93528529.16,,
palmitate,2.05,Target Compound,20240709_QE2_HILIC_BCSCuAOXq2d_AYW1155_pool033xd,32,Processed,T1,pool033x,Unknown,,B:C9,,,8997918,79630583,1.85,-0.20,C16H32O2,M-H,N/A,N/A,N/A,N/A,255.233,255.2332,.7839 (ppm),0,0,N/A,Method,True,False,N/A,N/A,N/A,,,Pass,N/A,N/A,N/A,N/A,Confirmed,N/A,N/A,N/A,N/A,,,,,,,,77.49,N/A,93528529.16,,
palmitate,2.05,Target Compound,20240709_QE2_HILIC_BCSCuAOXq2d_AYW1156_pool01xa,33,Processed,T1,pool01x,Unknown,,B:D1,,,3665886,34428762,1.85,-0.20,C16H32O2,M-H,N/A,N/A,N/A,N/A,255.233,255.2331,.4252 (ppm),0,0,N/A,Method,True,False,N/A,N/A,N/A,,,Pass,N/A,N/A,N/A,N/A,Confirmed,N/A,N/A,N/A,N/A,,,,,,,,33.01,N/A,35804022.45,,
palmitate,2.05,Target Compound,20240709_QE2_HILIC_BCSCuAOXq2d_AYW1156_pool01xb,34,Processed,T1,pool01x,Unknown,,B:D1,,,3747784,32669744,1.87,-0.18,C16H32O2,M-H,N/A,N/A,N/A,N/A,255.233,255.2331,.3056 (ppm),0,0,N/A,Method,True,False,N/A,N/A,N/A,,,Pass,N/A,N/A,N/A,N/A,Confirmed,N/A,N/A,N/A,N/A,,,,,,,,24.80,N/A,35804022.45,,
palmitate,2.05,Target Compound,20240709_QE2_HILIC_BCSCuAOXq2d_AYW1156_pool01xc,35,Processed,T1,pool01x,Unknown,,B:D1,,,3622617,44242468,1.86,-0.19,C16H32O2,M-H,N/A,N/A,N/A,N/A,255.233,255.2334,1.4415 (ppm),0,0,N/A,Method,True,False,N/A,N/A,N/A,,,Pass,N/A,N/A,N/A,N/A,Confirmed,N/A,N/A,N/A,N/A,,,,,,,,68.40,N/A,35804022.45,,
palmitate,2.05,Target Compound,20240709_QE2_HILIC_BCSCuAOXq2d_AYW1156_pool01xd,36,Processed,T1,pool01x,Unknown,,B:D1,,,2724408,31875115,1.85,-0.20,C16H32O2,M-H,N/A,N/A,N/A,N/A,255.233,255.2332,.6045 (ppm),0,0,N/A,Method,True,False,N/A,N/A,N/A,,,Pass,N/A,N/A,N/A,N/A,Confirmed,N/A,N/A,N/A,N/A,,,,,,,,30.23,N/A,35804022.45,,
palmitate,2.05,Target Compound,20240709_QE2_HILIC_BCSCuAOXq2d_blank1,37,Processed,T1,,Unknown,,B:A1,,,N/F,N/F,N/F,N/F,C16H32O2,N/A,N/F,N/A,N/F,N/A,255.233,N/F,N/F,N/F,0,N/A,Method,True,False,N/A,N/A,N/A,,,Fail,N/A,N/A,N/A,N/A,NotFound,N/A,N/A,N/A,N/A,,,,,,,,N/A,N/A,1.00,,
palmitate,2.05,Target Compound,20240709_QE2_HILIC_BCSCuAOXq2d_blank1_20240710111342,38,Processed,T1,,Unknown,,B:A1,,,N/F,N/F,N/F,N/F,C16H32O2,N/A,N/F,N/A,N/F,N/A,255.233,N/F,N/F,N/F,0,N/A,Method,True,False,N/A,N/A,N/A,,,Fail,N/A,N/A,N/A,N/A,NotFound,N/A,N/A,N/A,N/A,,,,,,,,N/A,N/A,1.00,,
palmitate,2.05,Target Compound,20240709_QE2_HILIC_BCSCuAOXq2d_blank1_20240710231833,39,Processed,T1,,Unknown,,B:A1,,,N/F,N/F,N/F,N/F,C16H32O2,N/A,N/F,N/A,N/F,N/A,255.233,N/F,N/F,N/F,0,N/A,Method,True,False,N/A,N/A,N/A,,,Fail,N/A,N/A,N/A,N/A,NotFound,N/A,N/A,N/A,N/A,,,,,,,,N/A,N/A,1.00,,
palmitate,2.05,Target Compound,20240709_QE2_HILIC_BCSCuAOXq2d_blank2,40,Processed,T1,,Unknown,,B:A1,,,N/F,N/F,N/F,N/F,C16H32O2,N/A,N/F,N/A,N/F,N/A,255.233,N/F,N/F,N/F,0,N/A,Method,True,False,N/A,N/A,N/A,,,Fail,N/A,N/A,N/A,N/A,NotFound,N/A,N/A,N/A,N/A,,,,,,,,N/A,N/A,1.00,,
palmitate,2.05,Target Compound,20240709_QE2_HILIC_BCSCuAOXq2d_blank2_20240710115054,41,Processed,T1,,Unknown,,B:A1,,,N/F,N/F,N/F,N/F,C16H32O2,N/A,N/F,N/A,N/F,N/A,255.233,N/F,N/F,N/F,0,N/A,Method,True,False,N/A,N/A,N/A,,,Fail,N/A,N/A,N/A,N/A,NotFound,N/A,N/A,N/A,N/A,,,,,,,,N/A,N/A,1.00,,
palmitate,2.05,Target Compound,20240709_QE2_HILIC_BCSCuAOXq2d_blank2_20240710235116,42,Processed,T1,,Unknown,,B:A1,,,N/F,N/F,N/F,N/F,C16H32O2,N/A,N/F,N/A,N/F,N/A,255.233,N/F,N/F,N/F,0,N/A,Method,True,False,N/A,N/A,N/A,,,Fail,N/A,N/A,N/A,N/A,NotFound,N/A,N/A,N/A,N/A,,,,,,,,N/A,N/A,1.00,,
