﻿Compound,RT,Type,Filename,Batch Order,Status,Peak Label,Group,Sample Type,Level,Sample ID,Sample Name,Comments,Height,Area,Actual RT,RT Delta,Formula,Adduct,Calculated Amt,Theoretical Amt,Sample Amt,Std Add Amount,m/z (Expected),m/z (Apex),m/z (Delta),Response Ratio,ISTD Amt,ISTD Response,Integration Mode,Active,Excluded,%Diff,%RSD,% CV,Channel,Final Units,PK,IR,IP,LS,FI,Confirm,Isotopic Pattern Score (%),Num Isotopes Matched,Lib Match Name,Library Score (%),Library Match Rank,SI/Dot Product,RSI/Rev Dot,Modification,Protein Name,Peptide Sequence,Ion Type,S/N,Ion Ratio,Group Average,Relative RT,Flag Details
fumarate,10.74,Target Compound,20240709_QE2_HILIC_BCSCuAOXq2d_AYW1130,1,Processed,T1,1V,Unknown,,B:A2,,,8405567,79404163,10.79,0.05,C4H4O4,M-H,N/A,N/A,N/A,N/A,115.0037,115.0037,-.1305 (ppm),0,0,N/A,Method,True,False,N/A,N/A,N/A,,,Pass,N/A,N/A,N/A,N/A,Confirmed,N/A,N/A,N/A,N/A,,,,,,,,151.69,N/A,72220184.98,,
fumarate,10.74,Target Compound,20240709_QE2_HILIC_BCSCuAOXq2d_AYW1131,2,Processed,T1,1V,Unknown,,B:A3,,,6768989,75191804,10.78,0.04,C4H4O4,M-H,N/A,N/A,N/A,N/A,115.0037,115.0037,.0686 (ppm),0,0,N/A,Method,True,False,N/A,N/A,N/A,,,Pass,N/A,N/A,N/A,N/A,Confirmed,N/A,N/A,N/A,N/A,,,,,,,,327.42,N/A,72220184.98,,
fumarate,10.74,Target Compound,20240709_QE2_HILIC_BCSCuAOXq2d_AYW1132,3,Processed,T1,1V,Unknown,,B:A4,,,5605743,62064587,10.81,0.07,C4H4O4,M-H,N/A,N/A,N/A,N/A,115.0037,115.0037,.3339 (ppm),0,0,N/A,Method,True,False,N/A,N/A,N/A,,,Pass,N/A,N/A,N/A,N/A,Confirmed,N/A,N/A,N/A,N/A,,,,,,,,202.91,N/A,72220184.98,,
fumarate,10.74,Target Compound,20240709_QE2_HILIC_BCSCuAOXq2d_AYW1133,4,Processed,T1,2B,Unknown,,B:A5,,,7625516,85742948,10.82,0.08,C4H4O4,M-H,N/A,N/A,N/A,N/A,115.0037,115.0037,.0686 (ppm),0,0,N/A,Method,True,False,N/A,N/A,N/A,,,Pass,N/A,N/A,N/A,N/A,Confirmed,N/A,N/A,N/A,N/A,,,,,,,,214.59,N/A,118471914.12,,
fumarate,10.74,Target Compound,20240709_QE2_HILIC_BCSCuAOXq2d_AYW1134,5,Processed,T1,2B,Unknown,,B:A6,,,12713932,135663711,10.81,0.07,C4H4O4,M-H,N/A,N/A,N/A,N/A,115.0037,115.0037,.1349 (ppm),0,0,N/A,Method,True,False,N/A,N/A,N/A,,,Pass,N/A,N/A,N/A,N/A,Confirmed,N/A,N/A,N/A,N/A,,,,,,,,172.71,N/A,118471914.12,,
fumarate,10.74,Target Compound,20240709_QE2_HILIC_BCSCuAOXq2d_AYW1135,6,Processed,T1,2B,Unknown,,B:A7,,,13513974,134009083,10.79,0.05,C4H4O4,M-H,N/A,N/A,N/A,N/A,115.0037,115.0037,-.0641 (ppm),0,0,N/A,Method,True,False,N/A,N/A,N/A,,,Pass,N/A,N/A,N/A,N/A,Confirmed,N/A,N/A,N/A,N/A,,,,,,,,144.97,N/A,118471914.12,,
fumarate,10.74,Target Compound,20240709_QE2_HILIC_BCSCuAOXq2d_AYW1136,7,Processed,T1,3C,Unknown,,B:A8,,,8973363,95689746,10.77,0.03,C4H4O4,M-H,N/A,N/A,N/A,N/A,115.0037,115.0037,-.1305 (ppm),0,0,N/A,Method,True,False,N/A,N/A,N/A,,,Pass,N/A,N/A,N/A,N/A,Confirmed,N/A,N/A,N/A,N/A,,,,,,,,171.17,N/A,79048203.43,,
fumarate,10.74,Target Compound,20240709_QE2_HILIC_BCSCuAOXq2d_AYW1137,8,Processed,T1,3C,Unknown,,B:A9,,,8496413,97382048,10.76,0.02,C4H4O4,M-H,N/A,N/A,N/A,N/A,115.0037,115.0036,-.4622 (ppm),0,0,N/A,Method,True,False,N/A,N/A,N/A,,,Pass,N/A,N/A,N/A,N/A,Confirmed,N/A,N/A,N/A,N/A,,,,,,,,750.86,N/A,79048203.43,,
fumarate,10.74,Target Compound,20240709_QE2_HILIC_BCSCuAOXq2d_AYW1138,9,Processed,T1,3C,Unknown,,B:B1,,,3897630,44072816,10.78,0.04,C4H4O4,M-H,N/A,N/A,N/A,N/A,115.0037,115.0037,-.0641 (ppm),0,0,N/A,Method,True,False,N/A,N/A,N/A,,,Pass,N/A,N/A,N/A,N/A,Confirmed,N/A,N/A,N/A,N/A,,,,,,,,131.85,N/A,79048203.43,,
fumarate,10.74,Target Compound,20240709_QE2_HILIC_BCSCuAOXq2d_AYW1139,10,Processed,T1,4BC,Unknown,,B:B2,,,6680139,82782620,10.77,0.03,C4H4O4,M-H,N/A,N/A,N/A,N/A,115.0037,115.0037,.2676 (ppm),0,0,N/A,Method,True,False,N/A,N/A,N/A,,,Pass,N/A,N/A,N/A,N/A,Confirmed,N/A,N/A,N/A,N/A,,,,,,,,463.49,N/A,86555320.04,N/A,
fumarate,10.74,Target Compound,20240709_QE2_HILIC_BCSCuAOXq2d_AYW1140,11,Processed,T1,4BC,Unknown,,B:B3,,,8515601,91180266,10.76,0.02,C4H4O4,M-H,N/A,N/A,N/A,N/A,115.0037,115.0036,-.4622 (ppm),0,0,N/A,Method,True,False,N/A,N/A,N/A,,,Pass,N/A,N/A,N/A,N/A,Confirmed,N/A,N/A,N/A,N/A,,,,,,,,527.56,N/A,86555320.04,,
fumarate,10.74,Target Compound,20240709_QE2_HILIC_BCSCuAOXq2d_AYW1141,12,Processed,T1,4BC,Unknown,,B:B4,,,7669260,85703075,10.8,0.06,C4H4O4,M-H,N/A,N/A,N/A,N/A,115.0037,115.0037,-.2631 (ppm),0,0,N/A,Method,True,False,N/A,N/A,N/A,,,Pass,N/A,N/A,N/A,N/A,Confirmed,N/A,N/A,N/A,N/A,,,,,,,,158.81,N/A,86555320.04,,
fumarate,10.74,Target Compound,20240709_QE2_HILIC_BCSCuAOXq2d_AYW1142,13,Processed,T1,5RV,Unknown,,B:B5,,,7331244,83760655,10.8,0.06,C4H4O4,M-H,N/A,N/A,N/A,N/A,115.0037,115.0037,.0686 (ppm),0,0,N/A,Method,True,False,N/A,N/A,N/A,,,Pass,N/A,N/A,N/A,N/A,Confirmed,N/A,N/A,N/A,N/A,,,,,,,,183.69,N/A,78214328.88,N/A,
fumarate,10.74,Target Compound,20240709_QE2_HILIC_BCSCuAOXq2d_AYW1143,14,Processed,T1,5RV,Unknown,,B:B6,,,7996822,85477212,10.8,0.06,C4H4O4,M-H,N/A,N/A,N/A,N/A,115.0037,115.0037,-.1968 (ppm),0,0,N/A,Method,True,False,N/A,N/A,N/A,,,Pass,N/A,N/A,N/A,N/A,Confirmed,N/A,N/A,N/A,N/A,,,,,,,,116.18,N/A,78214328.88,,
fumarate,10.74,Target Compound,20240709_QE2_HILIC_BCSCuAOXq2d_AYW1144,15,Processed,T1,5RV,Unknown,,B:B7,,,6067975,65405120,10.78,0.04,C4H4O4,M-H,N/A,N/A,N/A,N/A,115.0037,115.0037,.0686 (ppm),0,0,N/A,Method,True,False,N/A,N/A,N/A,,,Pass,N/A,N/A,N/A,N/A,Confirmed,N/A,N/A,N/A,N/A,,,,,,,,176.93,N/A,78214328.88,,
fumarate,10.74,Target Compound,20240709_QE2_HILIC_BCSCuAOXq2d_AYW1145,16,Processed,T1,6RB,Unknown,,B:B8,,,9708093,100498503,10.78,0.04,C4H4O4,M-H,N/A,N/A,N/A,N/A,115.0037,115.0037,.2013 (ppm),0,0,N/A,Method,True,False,N/A,N/A,N/A,,,Pass,N/A,N/A,N/A,N/A,Confirmed,N/A,N/A,N/A,N/A,,,,,,,,186.37,N/A,81246805.77,,
fumarate,10.74,Target Compound,20240709_QE2_HILIC_BCSCuAOXq2d_AYW1146,17,Processed,T1,6RB,Unknown,,B:B9,,,6906869,77776362,10.78,0.04,C4H4O4,M-H,N/A,N/A,N/A,N/A,115.0037,115.0037,.1349 (ppm),0,0,N/A,Method,True,False,N/A,N/A,N/A,,,Pass,N/A,N/A,N/A,N/A,Confirmed,N/A,N/A,N/A,N/A,,,,,,,,164.71,N/A,81246805.77,,
fumarate,10.74,Target Compound,20240709_QE2_HILIC_BCSCuAOXq2d_AYW1147,18,Processed,T1,6RB,Unknown,,B:C1,,,6307815,65465553,10.78,0.04,C4H4O4,M-H,N/A,N/A,N/A,N/A,115.0037,115.0037,.0686 (ppm),0,0,N/A,Method,True,False,N/A,N/A,N/A,,,Pass,N/A,N/A,N/A,N/A,Confirmed,N/A,N/A,N/A,N/A,,,,,,,,208.06,N/A,81246805.77,,
fumarate,10.74,Target Compound,20240709_QE2_HILIC_BCSCuAOXq2d_AYW1148,19,Processed,T1,7RV,Unknown,,B:C2,,,4884952,49056968,10.76,0.02,C4H4O4,M-H,N/A,N/A,N/A,N/A,115.0037,115.0037,.0686 (ppm),0,0,N/A,Method,True,False,N/A,N/A,N/A,,,Pass,N/A,N/A,N/A,N/A,Confirmed,N/A,N/A,N/A,N/A,,,,,,,,465.97,N/A,67573353.43,,
fumarate,10.74,Target Compound,20240709_QE2_HILIC_BCSCuAOXq2d_AYW1149,20,Processed,T1,7RV,Unknown,,B:C3,,,7444248,80057879,10.78,0.04,C4H4O4,M-H,N/A,N/A,N/A,N/A,115.0037,115.0037,-.1305 (ppm),0,0,N/A,Method,True,False,N/A,N/A,N/A,,,Pass,N/A,N/A,N/A,N/A,Confirmed,N/A,N/A,N/A,N/A,,,,,,,,257.88,N/A,67573353.43,,
fumarate,10.74,Target Compound,20240709_QE2_HILIC_BCSCuAOXq2d_AYW1150,21,Processed,T1,7RV,Unknown,,B:C4,,,6916960,73605214,10.78,0.04,C4H4O4,M-H,N/A,N/A,N/A,N/A,115.0037,115.0037,-.0641 (ppm),0,0,N/A,Method,True,False,N/A,N/A,N/A,,,Pass,N/A,N/A,N/A,N/A,Confirmed,N/A,N/A,N/A,N/A,,,,,,,,216.07,N/A,67573353.43,,
fumarate,10.74,Target Compound,20240709_QE2_HILIC_BCSCuAOXq2d_AYW1151,22,Processed,T1,8RB,Unknown,,B:C5,,,8228213,92760242,10.79,0.05,C4H4O4,M-H,N/A,N/A,N/A,N/A,115.0037,115.0037,.3339 (ppm),0,0,N/A,Method,True,False,N/A,N/A,N/A,,,Pass,N/A,N/A,N/A,N/A,Confirmed,N/A,N/A,N/A,N/A,,,,,,,,772.31,N/A,80594922.13,,
fumarate,10.74,Target Compound,20240709_QE2_HILIC_BCSCuAOXq2d_AYW1152,23,Processed,T1,8RB,Unknown,,B:C6,,,4140414,42234720,10.77,0.03,C4H4O4,M-H,N/A,N/A,N/A,N/A,115.0037,115.0037,.2013 (ppm),0,0,N/A,Method,True,False,N/A,N/A,N/A,,,Pass,N/A,N/A,N/A,N/A,Confirmed,N/A,N/A,N/A,N/A,,,,,,,,158.72,N/A,80594922.13,,
fumarate,10.74,Target Compound,20240709_QE2_HILIC_BCSCuAOXq2d_AYW1153,24,Processed,T1,8RB,Unknown,,B:C7,,,10371288,106789804,10.79,0.05,C4H4O4,M-H,N/A,N/A,N/A,N/A,115.0037,115.0037,-.1305 (ppm),0,0,N/A,Method,True,False,N/A,N/A,N/A,,,Pass,N/A,N/A,N/A,N/A,Confirmed,N/A,N/A,N/A,N/A,,,,,,,,179.38,N/A,80594922.13,,
fumarate,10.74,Target Compound,20240709_QE2_HILIC_BCSCuAOXq2d_AYW1154_pool1xa,25,Processed,T1,pool1x,Unknown,,B:C8,,,8395084,85177878,10.79,0.05,C4H4O4,M-H,N/A,N/A,N/A,N/A,115.0037,115.0036,-.5948 (ppm),0,0,N/A,Method,True,False,N/A,N/A,N/A,,,Pass,N/A,N/A,N/A,N/A,Confirmed,N/A,N/A,N/A,N/A,,,,,,,,149.79,N/A,81524897.56,,
fumarate,10.74,Target Compound,20240709_QE2_HILIC_BCSCuAOXq2d_AYW1154_pool1xb,26,Processed,T1,pool1x,Unknown,,B:C8,,,9906023,92678154,10.81,0.07,C4H4O4,M-H,N/A,N/A,N/A,N/A,115.0037,115.0037,-.2631 (ppm),0,0,N/A,Method,True,False,N/A,N/A,N/A,,,Pass,N/A,N/A,N/A,N/A,Confirmed,N/A,N/A,N/A,N/A,,,,,,,,429.51,N/A,81524897.56,,
fumarate,10.74,Target Compound,20240709_QE2_HILIC_BCSCuAOXq2d_AYW1154_pool1xc,27,Processed,T1,pool1x,Unknown,,B:C8,,,8363970,96563875,10.78,0.04,C4H4O4,M-H,N/A,N/A,N/A,N/A,115.0037,115.0037,.2676 (ppm),0,0,N/A,Method,True,False,N/A,N/A,N/A,,,Pass,N/A,N/A,N/A,N/A,Confirmed,N/A,N/A,N/A,N/A,,,,,,,,538.39,N/A,81524897.56,,
fumarate,10.74,Target Compound,20240709_QE2_HILIC_BCSCuAOXq2d_AYW1154_pool1xd,28,Processed,T1,pool1x,Unknown,,B:C8,,,4851273,51679684,10.79,0.05,C4H4O4,M-H,N/A,N/A,N/A,N/A,115.0037,115.0037,.0686 (ppm),0,0,N/A,Method,True,False,N/A,N/A,N/A,,,Pass,N/A,N/A,N/A,N/A,Confirmed,N/A,N/A,N/A,N/A,,,,,,,,196.16,N/A,81524897.56,,
fumarate,10.74,Target Compound,20240709_QE2_HILIC_BCSCuAOXq2d_AYW1155_pool033xa,29,Processed,T1,pool033x,Unknown,,B:C9,,,5197367,56487698,10.8,0.06,C4H4O4,M-H,N/A,N/A,N/A,N/A,115.0037,115.0037,-.1968 (ppm),0,0,N/A,Method,True,False,N/A,N/A,N/A,,,Pass,N/A,N/A,N/A,N/A,Confirmed,N/A,N/A,N/A,N/A,,,,,,,,221.12,N/A,45146179.18,,
fumarate,10.74,Target Compound,20240709_QE2_HILIC_BCSCuAOXq2d_AYW1155_pool033xb,30,Processed,T1,pool033x,Unknown,,B:C9,,,4577213,50187502,10.77,0.03,C4H4O4,M-H,N/A,N/A,N/A,N/A,115.0037,115.0037,-.2631 (ppm),0,0,N/A,Method,True,False,N/A,N/A,N/A,,,Pass,N/A,N/A,N/A,N/A,Confirmed,N/A,N/A,N/A,N/A,,,,,,,,198.79,N/A,45146179.18,,
fumarate,10.74,Target Compound,20240709_QE2_HILIC_BCSCuAOXq2d_AYW1155_pool033xc,31,Processed,T1,pool033x,Unknown,,B:C9,,,3484836,44511762,10.77,0.03,C4H4O4,M-H,N/A,N/A,N/A,N/A,115.0037,115.0038,.5993 (ppm),0,0,N/A,Method,True,False,N/A,N/A,N/A,,,Pass,N/A,N/A,N/A,N/A,Confirmed,N/A,N/A,N/A,N/A,,,,,,,,224.93,N/A,45146179.18,,
fumarate,10.74,Target Compound,20240709_QE2_HILIC_BCSCuAOXq2d_AYW1155_pool033xd,32,Processed,T1,pool033x,Unknown,,B:C9,,,2689643,29397754,10.76,0.02,C4H4O4,M-H,N/A,N/A,N/A,N/A,115.0037,115.0037,.0686 (ppm),0,0,N/A,Method,True,False,N/A,N/A,N/A,,,Pass,N/A,N/A,N/A,N/A,Confirmed,N/A,N/A,N/A,N/A,,,,,,,,86.54,N/A,45146179.18,,
fumarate,10.74,Target Compound,20240709_QE2_HILIC_BCSCuAOXq2d_AYW1156_pool01xa,33,Processed,T1,pool01x,Unknown,,B:D1,,,1504402,20054581,10.78,0.04,C4H4O4,M-H,N/A,N/A,N/A,N/A,115.0037,115.0037,.0686 (ppm),0,0,N/A,Method,True,False,N/A,N/A,N/A,,,Pass,N/A,N/A,N/A,N/A,Confirmed,N/A,N/A,N/A,N/A,,,,,,,,106.05,N/A,16822748.86,,
fumarate,10.74,Target Compound,20240709_QE2_HILIC_BCSCuAOXq2d_AYW1156_pool01xb,34,Processed,T1,pool01x,Unknown,,B:D1,,,1920140,21638771,10.79,0.05,C4H4O4,M-H,N/A,N/A,N/A,N/A,115.0037,115.0037,-.3295 (ppm),0,0,N/A,Method,True,False,N/A,N/A,N/A,,,Pass,N/A,N/A,N/A,N/A,Confirmed,N/A,N/A,N/A,N/A,,,,,,,,104.26,N/A,16822748.86,,
fumarate,10.74,Target Compound,20240709_QE2_HILIC_BCSCuAOXq2d_AYW1156_pool01xc,35,Processed,T1,pool01x,Unknown,,B:D1,,,1356006,16310076,10.82,0.08,C4H4O4,M-H,N/A,N/A,N/A,N/A,115.0037,115.0038,.7983 (ppm),0,0,N/A,Method,True,False,N/A,N/A,N/A,,,Pass,N/A,N/A,N/A,N/A,Confirmed,N/A,N/A,N/A,N/A,,,,,,,,97.05,N/A,16822748.86,,
fumarate,10.74,Target Compound,20240709_QE2_HILIC_BCSCuAOXq2d_AYW1156_pool01xd,36,Processed,T1,pool01x,Unknown,,B:D1,,,905191,9287567,10.77,0.03,C4H4O4,M-H,N/A,N/A,N/A,N/A,115.0037,115.0037,-.1968 (ppm),0,0,N/A,Method,True,False,N/A,N/A,N/A,,,Pass,N/A,N/A,N/A,N/A,Confirmed,N/A,N/A,N/A,N/A,,,,,,,,34.03,N/A,16822748.86,,
fumarate,10.74,Target Compound,20240709_QE2_HILIC_BCSCuAOXq2d_blank1,37,Processed,T1,,Unknown,,B:A1,,,N/F,N/F,N/F,N/F,C4H4O4,N/A,N/F,N/A,N/F,N/A,115.0037,N/F,N/F,N/F,0,N/A,Method,True,False,N/A,N/A,N/A,,,Fail,N/A,N/A,N/A,N/A,NotFound,N/A,N/A,N/A,N/A,,,,,,,,N/A,N/A,1.00,,
fumarate,10.74,Target Compound,20240709_QE2_HILIC_BCSCuAOXq2d_blank1_20240710111342,38,Processed,T1,,Unknown,,B:A1,,,N/F,N/F,N/F,N/F,C4H4O4,N/A,N/F,N/A,N/F,N/A,115.0037,N/F,N/F,N/F,0,N/A,Method,True,False,N/A,N/A,N/A,,,Fail,N/A,N/A,N/A,N/A,NotFound,N/A,N/A,N/A,N/A,,,,,,,,N/A,N/A,1.00,,
fumarate,10.74,Target Compound,20240709_QE2_HILIC_BCSCuAOXq2d_blank1_20240710231833,39,Processed,T1,,Unknown,,B:A1,,,N/F,N/F,N/F,N/F,C4H4O4,N/A,N/F,N/A,N/F,N/A,115.0037,N/F,N/F,N/F,0,N/A,Method,True,False,N/A,N/A,N/A,,,Fail,N/A,N/A,N/A,N/A,NotFound,N/A,N/A,N/A,N/A,,,,,,,,N/A,N/A,1.00,,
fumarate,10.74,Target Compound,20240709_QE2_HILIC_BCSCuAOXq2d_blank2,40,Processed,T1,,Unknown,,B:A1,,,N/F,N/F,N/F,N/F,C4H4O4,N/A,N/F,N/A,N/F,N/A,115.0037,N/F,N/F,N/F,0,N/A,Method,True,False,N/A,N/A,N/A,,,Fail,N/A,N/A,N/A,N/A,NotFound,N/A,N/A,N/A,N/A,,,,,,,,N/A,N/A,1.00,,
fumarate,10.74,Target Compound,20240709_QE2_HILIC_BCSCuAOXq2d_blank2_20240710115054,41,Processed,T1,,Unknown,,B:A1,,,N/F,N/F,N/F,N/F,C4H4O4,N/A,N/F,N/A,N/F,N/A,115.0037,N/F,N/F,N/F,0,N/A,Method,True,False,N/A,N/A,N/A,,,Fail,N/A,N/A,N/A,N/A,NotFound,N/A,N/A,N/A,N/A,,,,,,,,N/A,N/A,1.00,,
fumarate,10.74,Target Compound,20240709_QE2_HILIC_BCSCuAOXq2d_blank2_20240710235116,42,Processed,T1,,Unknown,,B:A1,,,N/F,N/F,N/F,N/F,C4H4O4,N/A,N/F,N/A,N/F,N/A,115.0037,N/F,N/F,N/F,0,N/A,Method,True,False,N/A,N/A,N/A,,,Fail,N/A,N/A,N/A,N/A,NotFound,N/A,N/A,N/A,N/A,,,,,,,,N/A,N/A,1.00,,
