﻿Compound,RT,Type,Filename,Batch Order,Status,Peak Label,Group,Sample Type,Level,Sample ID,Sample Name,Comments,Height,Area,Actual RT,RT Delta,Formula,Adduct,Calculated Amt,Theoretical Amt,Sample Amt,Std Add Amount,m/z (Expected),m/z (Apex),m/z (Delta),Response Ratio,ISTD Amt,ISTD Response,Integration Mode,Active,Excluded,%Diff,%RSD,% CV,Channel,Final Units,PK,IR,IP,LS,FI,Confirm,Isotopic Pattern Score (%),Num Isotopes Matched,Lib Match Name,Library Score (%),Library Match Rank,SI/Dot Product,RSI/Rev Dot,Modification,Protein Name,Peptide Sequence,Ion Type,S/N,Ion Ratio,Group Average,Relative RT,Flag Details
Pyridoxine,3.74,Target Compound,20240709_QE2_HILIC_BCSCuAOXq2d_AYW1130,1,Processed,T1,1V,Unknown,,B:A2,,,6913201,106628463,3.59,-0.15,C8H11NO3,M+H,N/A,N/A,N/A,N/A,170.081,170.0813,1.5775 (ppm),0,0,N/A,Method,True,False,N/A,N/A,N/A,,,Pass,N/A,N/A,N/A,N/A,Confirmed,N/A,N/A,N/A,N/A,,,,,,,,256.42,N/A,106283001.70,,
Pyridoxine,3.74,Target Compound,20240709_QE2_HILIC_BCSCuAOXq2d_AYW1131,2,Processed,T1,1V,Unknown,,B:A3,,,7197652,115121079,3.58,-0.16,C8H11NO3,M+H,N/A,N/A,N/A,N/A,170.081,170.0812,1.2187 (ppm),0,0,N/A,Method,True,False,N/A,N/A,N/A,,,Pass,N/A,N/A,N/A,N/A,Confirmed,N/A,N/A,N/A,N/A,,,,,,,,264.19,N/A,106283001.70,,
Pyridoxine,3.74,Target Compound,20240709_QE2_HILIC_BCSCuAOXq2d_AYW1132,3,Processed,T1,1V,Unknown,,B:A4,,,6328189,97099463,3.58,-0.16,C8H11NO3,M+H,N/A,N/A,N/A,N/A,170.081,170.0813,1.4878 (ppm),0,0,N/A,Method,True,False,N/A,N/A,N/A,,,Pass,N/A,N/A,N/A,N/A,Confirmed,N/A,N/A,N/A,N/A,,,,,,,,263.52,N/A,106283001.70,,
Pyridoxine,3.74,Target Compound,20240709_QE2_HILIC_BCSCuAOXq2d_AYW1133,4,Processed,T1,2B,Unknown,,B:A5,,,6352479,95879183,3.59,-0.15,C8H11NO3,M+H,N/A,N/A,N/A,N/A,170.081,170.0812,1.2187 (ppm),0,0,N/A,Method,True,False,N/A,N/A,N/A,,,Pass,N/A,N/A,N/A,N/A,Confirmed,N/A,N/A,N/A,N/A,,,,,,,,232.00,N/A,151045472.48,,
Pyridoxine,3.74,Target Compound,20240709_QE2_HILIC_BCSCuAOXq2d_AYW1134,5,Processed,T1,2B,Unknown,,B:A6,,,14378771,207506564,3.58,-0.16,C8H11NO3,M+H,N/A,N/A,N/A,N/A,170.081,170.0813,1.4878 (ppm),0,0,N/A,Method,True,False,N/A,N/A,N/A,,,Pass,N/A,N/A,N/A,N/A,Confirmed,N/A,N/A,N/A,N/A,,,,,,,,837.73,N/A,151045472.48,,
Pyridoxine,3.74,Target Compound,20240709_QE2_HILIC_BCSCuAOXq2d_AYW1135,6,Processed,T1,2B,Unknown,,B:A7,,,9860880,149750670,3.6,-0.14,C8H11NO3,M+H,N/A,N/A,N/A,N/A,170.081,170.0812,1.0393 (ppm),0,0,N/A,Method,True,False,N/A,N/A,N/A,,,Pass,N/A,N/A,N/A,N/A,Confirmed,N/A,N/A,N/A,N/A,,,,,,,,303.18,N/A,151045472.48,,
Pyridoxine,3.74,Target Compound,20240709_QE2_HILIC_BCSCuAOXq2d_AYW1136,7,Processed,T1,3C,Unknown,,B:A8,,,9340016,152133770,3.59,-0.15,C8H11NO3,M+H,N/A,N/A,N/A,N/A,170.081,170.0813,1.5775 (ppm),0,0,N/A,Method,True,False,N/A,N/A,N/A,,,Pass,N/A,N/A,N/A,N/A,Confirmed,N/A,N/A,N/A,N/A,,,,,,,,473.07,N/A,122146686.23,,
Pyridoxine,3.74,Target Compound,20240709_QE2_HILIC_BCSCuAOXq2d_AYW1137,8,Processed,T1,3C,Unknown,,B:A9,,,9266953,146733278,3.6,-0.14,C8H11NO3,M+H,N/A,N/A,N/A,N/A,170.081,170.0812,1.2187 (ppm),0,0,N/A,Method,True,False,N/A,N/A,N/A,,,Pass,N/A,N/A,N/A,N/A,Confirmed,N/A,N/A,N/A,N/A,,,,,,,,435.10,N/A,122146686.23,,
Pyridoxine,3.74,Target Compound,20240709_QE2_HILIC_BCSCuAOXq2d_AYW1138,9,Processed,T1,3C,Unknown,,B:B1,,,4176756,67573011,3.61,-0.13,C8H11NO3,M+H,N/A,N/A,N/A,N/A,170.081,170.0813,1.4878 (ppm),0,0,N/A,Method,True,False,N/A,N/A,N/A,,,Pass,N/A,N/A,N/A,N/A,Confirmed,N/A,N/A,N/A,N/A,,,,,,,,245.66,N/A,122146686.23,,
Pyridoxine,3.74,Target Compound,20240709_QE2_HILIC_BCSCuAOXq2d_AYW1139,10,Processed,T1,4BC,Unknown,,B:B2,,,6802857,103112340,3.59,-0.15,C8H11NO3,M+H,N/A,N/A,N/A,N/A,170.081,170.0812,1.3981 (ppm),0,0,N/A,Method,True,False,N/A,N/A,N/A,,,Pass,N/A,N/A,N/A,N/A,Confirmed,N/A,N/A,N/A,N/A,,,,,,,,176.52,N/A,100529982.32,N/A,
Pyridoxine,3.74,Target Compound,20240709_QE2_HILIC_BCSCuAOXq2d_AYW1140,11,Processed,T1,4BC,Unknown,,B:B3,,,5728329,84298955,3.58,-0.16,C8H11NO3,M+H,N/A,N/A,N/A,N/A,170.081,170.0812,.9495 (ppm),0,0,N/A,Method,True,False,N/A,N/A,N/A,,,Pass,N/A,N/A,N/A,N/A,Confirmed,N/A,N/A,N/A,N/A,,,,,,,,162.24,N/A,100529982.32,,
Pyridoxine,3.74,Target Compound,20240709_QE2_HILIC_BCSCuAOXq2d_AYW1141,12,Processed,T1,4BC,Unknown,,B:B4,,,7378565,114178652,3.6,-0.14,C8H11NO3,M+H,N/A,N/A,N/A,N/A,170.081,170.0811,.7701 (ppm),0,0,N/A,Method,True,False,N/A,N/A,N/A,,,Pass,N/A,N/A,N/A,N/A,Confirmed,N/A,N/A,N/A,N/A,,,,,,,,264.33,N/A,100529982.32,,
Pyridoxine,3.74,Target Compound,20240709_QE2_HILIC_BCSCuAOXq2d_AYW1142,13,Processed,T1,5RV,Unknown,,B:B5,,,7366897,112980615,3.58,-0.16,C8H11NO3,M+H,N/A,N/A,N/A,N/A,170.081,170.0813,1.4878 (ppm),0,0,N/A,Method,True,False,N/A,N/A,N/A,,,Pass,N/A,N/A,N/A,N/A,Confirmed,N/A,N/A,N/A,N/A,,,,,,,,231.21,N/A,122440089.04,N/A,
Pyridoxine,3.74,Target Compound,20240709_QE2_HILIC_BCSCuAOXq2d_AYW1143,14,Processed,T1,5RV,Unknown,,B:B6,,,9403298,148381881,3.58,-0.16,C8H11NO3,M+H,N/A,N/A,N/A,N/A,170.081,170.0812,1.3084 (ppm),0,0,N/A,Method,True,False,N/A,N/A,N/A,,,Pass,N/A,N/A,N/A,N/A,Confirmed,N/A,N/A,N/A,N/A,,,,,,,,776.72,N/A,122440089.04,,
Pyridoxine,3.74,Target Compound,20240709_QE2_HILIC_BCSCuAOXq2d_AYW1144,15,Processed,T1,5RV,Unknown,,B:B7,,,7095976,105957771,3.58,-0.16,C8H11NO3,M+H,N/A,N/A,N/A,N/A,170.081,170.0812,1.0393 (ppm),0,0,N/A,Method,True,False,N/A,N/A,N/A,,,Pass,N/A,N/A,N/A,N/A,Confirmed,N/A,N/A,N/A,N/A,,,,,,,,282.89,N/A,122440089.04,,
Pyridoxine,3.74,Target Compound,20240709_QE2_HILIC_BCSCuAOXq2d_AYW1145,16,Processed,T1,6RB,Unknown,,B:B8,,,7561782,115624429,3.58,-0.16,C8H11NO3,M+H,N/A,N/A,N/A,N/A,170.081,170.0812,1.3981 (ppm),0,0,N/A,Method,True,False,N/A,N/A,N/A,,,Pass,N/A,N/A,N/A,N/A,Confirmed,N/A,N/A,N/A,N/A,,,,,,,,450.72,N/A,94128930.78,,
Pyridoxine,3.74,Target Compound,20240709_QE2_HILIC_BCSCuAOXq2d_AYW1146,17,Processed,T1,6RB,Unknown,,B:B9,,,5271034,78684100,3.61,-0.13,C8H11NO3,M+H,N/A,N/A,N/A,N/A,170.081,170.0813,1.5775 (ppm),0,0,N/A,Method,True,False,N/A,N/A,N/A,,,Pass,N/A,N/A,N/A,N/A,Confirmed,N/A,N/A,N/A,N/A,,,,,,,,327.34,N/A,94128930.78,,
Pyridoxine,3.74,Target Compound,20240709_QE2_HILIC_BCSCuAOXq2d_AYW1147,18,Processed,T1,6RB,Unknown,,B:C1,,,6029044,88078263,3.61,-0.13,C8H11NO3,M+H,N/A,N/A,N/A,N/A,170.081,170.0812,1.1290 (ppm),0,0,N/A,Method,True,False,N/A,N/A,N/A,,,Pass,N/A,N/A,N/A,N/A,Confirmed,N/A,N/A,N/A,N/A,,,,,,,,378.21,N/A,94128930.78,,
Pyridoxine,3.74,Target Compound,20240709_QE2_HILIC_BCSCuAOXq2d_AYW1148,19,Processed,T1,7RV,Unknown,,B:C2,,,5993432,93716225,3.59,-0.15,C8H11NO3,M+H,N/A,N/A,N/A,N/A,170.081,170.0812,.9495 (ppm),0,0,N/A,Method,True,False,N/A,N/A,N/A,,,Pass,N/A,N/A,N/A,N/A,Confirmed,N/A,N/A,N/A,N/A,,,,,,,,328.11,N/A,118294928.47,,
Pyridoxine,3.74,Target Compound,20240709_QE2_HILIC_BCSCuAOXq2d_AYW1149,20,Processed,T1,7RV,Unknown,,B:C3,,,9079820,138764627,3.59,-0.15,C8H11NO3,M+H,N/A,N/A,N/A,N/A,170.081,170.0812,1.2187 (ppm),0,0,N/A,Method,True,False,N/A,N/A,N/A,,,Pass,N/A,N/A,N/A,N/A,Confirmed,N/A,N/A,N/A,N/A,,,,,,,,292.64,N/A,118294928.47,,
Pyridoxine,3.74,Target Compound,20240709_QE2_HILIC_BCSCuAOXq2d_AYW1150,21,Processed,T1,7RV,Unknown,,B:C4,,,7943746,122403933,3.56,-0.18,C8H11NO3,M+H,N/A,N/A,N/A,N/A,170.081,170.0812,1.3084 (ppm),0,0,N/A,Method,True,False,N/A,N/A,N/A,,,Pass,N/A,N/A,N/A,N/A,Confirmed,N/A,N/A,N/A,N/A,,,,,,,,406.97,N/A,118294928.47,,
Pyridoxine,3.74,Target Compound,20240709_QE2_HILIC_BCSCuAOXq2d_AYW1151,22,Processed,T1,8RB,Unknown,,B:C5,,,10061015,148352845,3.59,-0.15,C8H11NO3,M+H,N/A,N/A,N/A,N/A,170.081,170.0813,1.4878 (ppm),0,0,N/A,Method,True,False,N/A,N/A,N/A,,,Pass,N/A,N/A,N/A,N/A,Confirmed,N/A,N/A,N/A,N/A,,,,,,,,756.84,N/A,131240211.77,,
Pyridoxine,3.74,Target Compound,20240709_QE2_HILIC_BCSCuAOXq2d_AYW1152,23,Processed,T1,8RB,Unknown,,B:C6,,,6654704,90895309,3.59,-0.15,C8H11NO3,M+H,N/A,N/A,N/A,N/A,170.081,170.0812,1.3981 (ppm),0,0,N/A,Method,True,False,N/A,N/A,N/A,,,Pass,N/A,N/A,N/A,N/A,Confirmed,N/A,N/A,N/A,N/A,,,,,,,,281.74,N/A,131240211.77,,
Pyridoxine,3.74,Target Compound,20240709_QE2_HILIC_BCSCuAOXq2d_AYW1153,24,Processed,T1,8RB,Unknown,,B:C7,,,10437043,154472482,3.58,-0.16,C8H11NO3,M+H,N/A,N/A,N/A,N/A,170.081,170.0811,.8598 (ppm),0,0,N/A,Method,True,False,N/A,N/A,N/A,,,Pass,N/A,N/A,N/A,N/A,Confirmed,N/A,N/A,N/A,N/A,,,,,,,,297.82,N/A,131240211.77,,
Pyridoxine,3.74,Target Compound,20240709_QE2_HILIC_BCSCuAOXq2d_AYW1154_pool1xa,25,Processed,T1,pool1x,Unknown,,B:C8,,,8549659,129970209,3.58,-0.16,C8H11NO3,M+H,N/A,N/A,N/A,N/A,170.081,170.0812,1.3981 (ppm),0,0,N/A,Method,True,False,N/A,N/A,N/A,,,Pass,N/A,N/A,N/A,N/A,Confirmed,N/A,N/A,N/A,N/A,,,,,,,,183.72,N/A,119465928.10,,
Pyridoxine,3.74,Target Compound,20240709_QE2_HILIC_BCSCuAOXq2d_AYW1154_pool1xb,26,Processed,T1,pool1x,Unknown,,B:C8,,,8156661,131118230,3.59,-0.15,C8H11NO3,M+H,N/A,N/A,N/A,N/A,170.081,170.0811,.6804 (ppm),0,0,N/A,Method,True,False,N/A,N/A,N/A,,,Pass,N/A,N/A,N/A,N/A,Confirmed,N/A,N/A,N/A,N/A,,,,,,,,330.39,N/A,119465928.10,,
Pyridoxine,3.74,Target Compound,20240709_QE2_HILIC_BCSCuAOXq2d_AYW1154_pool1xc,27,Processed,T1,pool1x,Unknown,,B:C8,,,7387844,118299110,3.6,-0.14,C8H11NO3,M+H,N/A,N/A,N/A,N/A,170.081,170.0812,1.2187 (ppm),0,0,N/A,Method,True,False,N/A,N/A,N/A,,,Pass,N/A,N/A,N/A,N/A,Confirmed,N/A,N/A,N/A,N/A,,,,,,,,370.35,N/A,119465928.10,,
Pyridoxine,3.74,Target Compound,20240709_QE2_HILIC_BCSCuAOXq2d_AYW1154_pool1xd,28,Processed,T1,pool1x,Unknown,,B:C8,,,6371173,98476163,3.61,-0.13,C8H11NO3,M+H,N/A,N/A,N/A,N/A,170.081,170.0811,.7701 (ppm),0,0,N/A,Method,True,False,N/A,N/A,N/A,,,Pass,N/A,N/A,N/A,N/A,Confirmed,N/A,N/A,N/A,N/A,,,,,,,,345.28,N/A,119465928.10,,
Pyridoxine,3.74,Target Compound,20240709_QE2_HILIC_BCSCuAOXq2d_AYW1155_pool033xa,29,Processed,T1,pool033x,Unknown,,B:C9,,,3527133,51724112,3.59,-0.15,C8H11NO3,M+H,N/A,N/A,N/A,N/A,170.081,170.0812,1.3084 (ppm),0,0,N/A,Method,True,False,N/A,N/A,N/A,,,Pass,N/A,N/A,N/A,N/A,Confirmed,N/A,N/A,N/A,N/A,,,,,,,,74.03,N/A,42746957.59,,
Pyridoxine,3.74,Target Compound,20240709_QE2_HILIC_BCSCuAOXq2d_AYW1155_pool033xb,30,Processed,T1,pool033x,Unknown,,B:C9,,,3122969,46118496,3.58,-0.16,C8H11NO3,M+H,N/A,N/A,N/A,N/A,170.081,170.0812,.9495 (ppm),0,0,N/A,Method,True,False,N/A,N/A,N/A,,,Pass,N/A,N/A,N/A,N/A,Confirmed,N/A,N/A,N/A,N/A,,,,,,,,195.35,N/A,42746957.59,,
Pyridoxine,3.74,Target Compound,20240709_QE2_HILIC_BCSCuAOXq2d_AYW1155_pool033xc,31,Processed,T1,pool033x,Unknown,,B:C9,,,2565922,39175781,3.59,-0.15,C8H11NO3,M+H,N/A,N/A,N/A,N/A,170.081,170.0813,1.5775 (ppm),0,0,N/A,Method,True,False,N/A,N/A,N/A,,,Pass,N/A,N/A,N/A,N/A,Confirmed,N/A,N/A,N/A,N/A,,,,,,,,323.91,N/A,42746957.59,,
Pyridoxine,3.74,Target Compound,20240709_QE2_HILIC_BCSCuAOXq2d_AYW1155_pool033xd,32,Processed,T1,pool033x,Unknown,,B:C9,,,2250095,33969441,3.61,-0.13,C8H11NO3,M+H,N/A,N/A,N/A,N/A,170.081,170.0812,1.3981 (ppm),0,0,N/A,Method,True,False,N/A,N/A,N/A,,,Pass,N/A,N/A,N/A,N/A,Confirmed,N/A,N/A,N/A,N/A,,,,,,,,414.18,N/A,42746957.59,,
Pyridoxine,3.74,Target Compound,20240709_QE2_HILIC_BCSCuAOXq2d_AYW1156_pool01xa,33,Processed,T1,pool01x,Unknown,,B:D1,,,1115676,15834947,3.58,-0.16,C8H11NO3,M+H,N/A,N/A,N/A,N/A,170.081,170.0812,1.3981 (ppm),0,0,N/A,Method,True,False,N/A,N/A,N/A,,,Pass,N/A,N/A,N/A,N/A,Confirmed,N/A,N/A,N/A,N/A,,,,,,,,61.71,N/A,13423321.80,,
Pyridoxine,3.74,Target Compound,20240709_QE2_HILIC_BCSCuAOXq2d_AYW1156_pool01xb,34,Processed,T1,pool01x,Unknown,,B:D1,,,1169918,15867489,3.59,-0.15,C8H11NO3,M+H,N/A,N/A,N/A,N/A,170.081,170.0812,1.3084 (ppm),0,0,N/A,Method,True,False,N/A,N/A,N/A,,,Pass,N/A,N/A,N/A,N/A,Confirmed,N/A,N/A,N/A,N/A,,,,,,,,115.37,N/A,13423321.80,,
Pyridoxine,3.74,Target Compound,20240709_QE2_HILIC_BCSCuAOXq2d_AYW1156_pool01xc,35,Processed,T1,pool01x,Unknown,,B:D1,,,759247,11616477,3.58,-0.16,C8H11NO3,M+H,N/A,N/A,N/A,N/A,170.081,170.0813,1.6673 (ppm),0,0,N/A,Method,True,False,N/A,N/A,N/A,,,Pass,N/A,N/A,N/A,N/A,Confirmed,N/A,N/A,N/A,N/A,,,,,,,,69.15,N/A,13423321.80,,
Pyridoxine,3.74,Target Compound,20240709_QE2_HILIC_BCSCuAOXq2d_AYW1156_pool01xd,36,Processed,T1,pool01x,Unknown,,B:D1,,,736184,10374373,3.62,-0.12,C8H11NO3,M+H,N/A,N/A,N/A,N/A,170.081,170.0811,.8598 (ppm),0,0,N/A,Method,True,False,N/A,N/A,N/A,,,Pass,N/A,N/A,N/A,N/A,Confirmed,N/A,N/A,N/A,N/A,,,,,,,,77.26,N/A,13423321.80,,
Pyridoxine,3.74,Target Compound,20240709_QE2_HILIC_BCSCuAOXq2d_blank1,37,Processed,T1,,Unknown,,B:A1,,,N/F,N/F,N/F,N/F,C8H11NO3,N/A,N/F,N/A,N/F,N/A,170.081,N/F,N/F,N/F,0,N/A,Method,True,False,N/A,N/A,N/A,,,Fail,N/A,N/A,N/A,N/A,NotFound,N/A,N/A,N/A,N/A,,,,,,,,N/A,N/A,1.00,,
Pyridoxine,3.74,Target Compound,20240709_QE2_HILIC_BCSCuAOXq2d_blank1_20240710111342,38,Processed,T1,,Unknown,,B:A1,,,N/F,N/F,N/F,N/F,C8H11NO3,N/A,N/F,N/A,N/F,N/A,170.081,N/F,N/F,N/F,0,N/A,Method,True,False,N/A,N/A,N/A,,,Fail,N/A,N/A,N/A,N/A,NotFound,N/A,N/A,N/A,N/A,,,,,,,,N/A,N/A,1.00,,
Pyridoxine,3.74,Target Compound,20240709_QE2_HILIC_BCSCuAOXq2d_blank1_20240710231833,39,Processed,T1,,Unknown,,B:A1,,,N/F,N/F,N/F,N/F,C8H11NO3,N/A,N/F,N/A,N/F,N/A,170.081,N/F,N/F,N/F,0,N/A,Method,True,False,N/A,N/A,N/A,,,Fail,N/A,N/A,N/A,N/A,NotFound,N/A,N/A,N/A,N/A,,,,,,,,N/A,N/A,1.00,,
Pyridoxine,3.74,Target Compound,20240709_QE2_HILIC_BCSCuAOXq2d_blank2,40,Processed,T1,,Unknown,,B:A1,,,N/F,N/F,N/F,N/F,C8H11NO3,N/A,N/F,N/A,N/F,N/A,170.081,N/F,N/F,N/F,0,N/A,Method,True,False,N/A,N/A,N/A,,,Fail,N/A,N/A,N/A,N/A,NotFound,N/A,N/A,N/A,N/A,,,,,,,,N/A,N/A,1.00,,
Pyridoxine,3.74,Target Compound,20240709_QE2_HILIC_BCSCuAOXq2d_blank2_20240710115054,41,Processed,T1,,Unknown,,B:A1,,,N/F,N/F,N/F,N/F,C8H11NO3,N/A,N/F,N/A,N/F,N/A,170.081,N/F,N/F,N/F,0,N/A,Method,True,False,N/A,N/A,N/A,,,Fail,N/A,N/A,N/A,N/A,NotFound,N/A,N/A,N/A,N/A,,,,,,,,N/A,N/A,1.00,,
Pyridoxine,3.74,Target Compound,20240709_QE2_HILIC_BCSCuAOXq2d_blank2_20240710235116,42,Processed,T1,,Unknown,,B:A1,,,N/F,N/F,N/F,N/F,C8H11NO3,N/A,N/F,N/A,N/F,N/A,170.081,N/F,N/F,N/F,0,N/A,Method,True,False,N/A,N/A,N/A,,,Fail,N/A,N/A,N/A,N/A,NotFound,N/A,N/A,N/A,N/A,,,,,,,,N/A,N/A,1.00,,
