﻿Compound,RT,Type,Filename,Batch Order,Status,Peak Label,Group,Sample Type,Level,Sample ID,Sample Name,Comments,Height,Area,Actual RT,RT Delta,Formula,Adduct,Calculated Amt,Theoretical Amt,Sample Amt,Std Add Amount,m/z (Expected),m/z (Apex),m/z (Delta),Response Ratio,ISTD Amt,ISTD Response,Integration Mode,Active,Excluded,%Diff,%RSD,% CV,Channel,Final Units,PK,IR,IP,LS,FI,Confirm,Isotopic Pattern Score (%),Num Isotopes Matched,Lib Match Name,Library Score (%),Library Match Rank,SI/Dot Product,RSI/Rev Dot,Modification,Protein Name,Peptide Sequence,Ion Type,S/N,Ion Ratio,Group Average,Relative RT,Flag Details
cystine-13C6-15N2,10.4,Target Compound,20240709_QE2_HILIC_BCSCuAOXq2d_AYW1130,1,Processed,T1,1V,Unknown,,B:A2,,,1040564,16004510,10.41,0.01,[13]C6H12[15]N2O4S2,M+H,N/A,N/A,N/A,N/A,249.0453,249.0453,-.1281 (ppm),0,0,N/A,Method,True,False,N/A,N/A,N/A,,,Pass,N/A,N/A,N/A,N/A,Confirmed,N/A,N/A,N/A,N/A,,,,,,,,INF,N/A,14955646.15,,
cystine-13C6-15N2,10.4,Target Compound,20240709_QE2_HILIC_BCSCuAOXq2d_AYW1131,2,Processed,T1,1V,Unknown,,B:A3,,,1082306,17288481,10.44,0.04,[13]C6H12[15]N2O4S2,M+H,N/A,N/A,N/A,N/A,249.0453,249.0452,-.4958 (ppm),0,0,N/A,Method,True,False,N/A,N/A,N/A,,,Pass,N/A,N/A,N/A,N/A,Confirmed,N/A,N/A,N/A,N/A,,,,,,,,INF,N/A,14955646.15,,
cystine-13C6-15N2,10.4,Target Compound,20240709_QE2_HILIC_BCSCuAOXq2d_AYW1132,3,Processed,T1,1V,Unknown,,B:A4,,,772313,11573948,10.39,-0.01,[13]C6H12[15]N2O4S2,M+H,N/A,N/A,N/A,N/A,249.0453,249.0451,-.7408 (ppm),0,0,N/A,Method,True,False,N/A,N/A,N/A,,,Pass,N/A,N/A,N/A,N/A,Confirmed,N/A,N/A,N/A,N/A,,,,,,,,INF,N/A,14955646.15,,
cystine-13C6-15N2,10.4,Target Compound,20240709_QE2_HILIC_BCSCuAOXq2d_AYW1133,4,Processed,T1,2B,Unknown,,B:A5,,,440056,6581529,10.38,-0.02,[13]C6H12[15]N2O4S2,M+H,N/A,N/A,N/A,N/A,249.0453,249.0453,-.0669 (ppm),0,0,N/A,Method,True,False,N/A,N/A,N/A,,,Pass,N/A,N/A,N/A,N/A,Confirmed,N/A,N/A,N/A,N/A,,,,,,,,INF,N/A,12739469.77,,
cystine-13C6-15N2,10.4,Target Compound,20240709_QE2_HILIC_BCSCuAOXq2d_AYW1134,5,Processed,T1,2B,Unknown,,B:A6,,,757324,11945245,10.43,0.03,[13]C6H12[15]N2O4S2,M+H,N/A,N/A,N/A,N/A,249.0453,249.0453,-.0669 (ppm),0,0,N/A,Method,True,False,N/A,N/A,N/A,,,Pass,N/A,N/A,N/A,N/A,Confirmed,N/A,N/A,N/A,N/A,,,,,,,,INF,N/A,12739469.77,,
cystine-13C6-15N2,10.4,Target Compound,20240709_QE2_HILIC_BCSCuAOXq2d_AYW1135,6,Processed,T1,2B,Unknown,,B:A7,,,1317082,19691636,10.4,0.00,[13]C6H12[15]N2O4S2,M+H,N/A,N/A,N/A,N/A,249.0453,249.0453,-.0056 (ppm),0,0,N/A,Method,True,False,N/A,N/A,N/A,,,Pass,N/A,N/A,N/A,N/A,Confirmed,N/A,N/A,N/A,N/A,,,,,,,,INF,N/A,12739469.77,,
cystine-13C6-15N2,10.4,Target Compound,20240709_QE2_HILIC_BCSCuAOXq2d_AYW1136,7,Processed,T1,3C,Unknown,,B:A8,,,760599,11420496,10.41,0.01,[13]C6H12[15]N2O4S2,M+H,N/A,N/A,N/A,N/A,249.0453,249.0451,-.9246 (ppm),0,0,N/A,Method,True,False,N/A,N/A,N/A,,,Pass,N/A,N/A,N/A,N/A,Confirmed,N/A,N/A,N/A,N/A,,,,,,,,INF,N/A,16491209.41,,
cystine-13C6-15N2,10.4,Target Compound,20240709_QE2_HILIC_BCSCuAOXq2d_AYW1137,8,Processed,T1,3C,Unknown,,B:A9,,,1311845,20406428,10.4,0.00,[13]C6H12[15]N2O4S2,M+H,N/A,N/A,N/A,N/A,249.0453,249.0453,-.2507 (ppm),0,0,N/A,Method,True,False,N/A,N/A,N/A,,,Pass,N/A,N/A,N/A,N/A,Confirmed,N/A,N/A,N/A,N/A,,,,,,,,INF,N/A,16491209.41,,
cystine-13C6-15N2,10.4,Target Compound,20240709_QE2_HILIC_BCSCuAOXq2d_AYW1138,9,Processed,T1,3C,Unknown,,B:B1,,,1182204,17646704,10.38,-0.02,[13]C6H12[15]N2O4S2,M+H,N/A,N/A,N/A,N/A,249.0453,249.0452,-.6183 (ppm),0,0,N/A,Method,True,False,N/A,N/A,N/A,,,Pass,N/A,N/A,N/A,N/A,Confirmed,N/A,N/A,N/A,N/A,,,,,,,,INF,N/A,16491209.41,,
cystine-13C6-15N2,10.4,Target Compound,20240709_QE2_HILIC_BCSCuAOXq2d_AYW1139,10,Processed,T1,4BC,Unknown,,B:B2,,,1206321,19052166,10.38,-0.02,[13]C6H12[15]N2O4S2,M+H,N/A,N/A,N/A,N/A,249.0453,249.0453,.0557 (ppm),0,0,N/A,Method,True,False,N/A,N/A,N/A,,,Pass,N/A,N/A,N/A,N/A,Confirmed,N/A,N/A,N/A,N/A,,,,,,,,INF,N/A,20374369.03,N/A,
cystine-13C6-15N2,10.4,Target Compound,20240709_QE2_HILIC_BCSCuAOXq2d_AYW1140,11,Processed,T1,4BC,Unknown,,B:B3,,,1085882,16106270,10.37,-0.03,[13]C6H12[15]N2O4S2,M+H,N/A,N/A,N/A,N/A,249.0453,249.0452,-.6796 (ppm),0,0,N/A,Method,True,False,N/A,N/A,N/A,,,Pass,N/A,N/A,N/A,N/A,Confirmed,N/A,N/A,N/A,N/A,,,,,,,,INF,N/A,20374369.03,,
cystine-13C6-15N2,10.4,Target Compound,20240709_QE2_HILIC_BCSCuAOXq2d_AYW1141,12,Processed,T1,4BC,Unknown,,B:B4,,,1783340,25964671,10.39,-0.01,[13]C6H12[15]N2O4S2,M+H,N/A,N/A,N/A,N/A,249.0453,249.0453,-.1894 (ppm),0,0,N/A,Method,True,False,N/A,N/A,N/A,,,Pass,N/A,N/A,N/A,N/A,Confirmed,N/A,N/A,N/A,N/A,,,,,,,,INF,N/A,20374369.03,,
cystine-13C6-15N2,10.4,Target Compound,20240709_QE2_HILIC_BCSCuAOXq2d_AYW1142,13,Processed,T1,5RV,Unknown,,B:B5,,,377409,6325000,10.41,0.01,[13]C6H12[15]N2O4S2,M+H,N/A,N/A,N/A,N/A,249.0453,249.0453,.1169 (ppm),0,0,N/A,Method,True,False,N/A,N/A,N/A,,,Pass,N/A,N/A,N/A,N/A,Confirmed,N/A,N/A,N/A,N/A,,,,,,,,INF,N/A,13300367.10,N/A,
cystine-13C6-15N2,10.4,Target Compound,20240709_QE2_HILIC_BCSCuAOXq2d_AYW1143,14,Processed,T1,5RV,Unknown,,B:B6,,,1353954,20979622,10.39,-0.01,[13]C6H12[15]N2O4S2,M+H,N/A,N/A,N/A,N/A,249.0453,249.0453,-.1894 (ppm),0,0,N/A,Method,True,False,N/A,N/A,N/A,,,Pass,N/A,N/A,N/A,N/A,Confirmed,N/A,N/A,N/A,N/A,,,,,,,,INF,N/A,13300367.10,,
cystine-13C6-15N2,10.4,Target Compound,20240709_QE2_HILIC_BCSCuAOXq2d_AYW1144,15,Processed,T1,5RV,Unknown,,B:B7,,,813090,12596479,10.41,0.01,[13]C6H12[15]N2O4S2,M+H,N/A,N/A,N/A,N/A,249.0453,249.0453,.1169 (ppm),0,0,N/A,Method,True,False,N/A,N/A,N/A,,,Pass,N/A,N/A,N/A,N/A,Confirmed,N/A,N/A,N/A,N/A,,,,,,,,INF,N/A,13300367.10,,
cystine-13C6-15N2,10.4,Target Compound,20240709_QE2_HILIC_BCSCuAOXq2d_AYW1145,16,Processed,T1,6RB,Unknown,,B:B8,,,546658,7958558,10.36,-0.04,[13]C6H12[15]N2O4S2,M+H,N/A,N/A,N/A,N/A,249.0453,249.0453,.0557 (ppm),0,0,N/A,Method,True,False,N/A,N/A,N/A,,,Pass,N/A,N/A,N/A,N/A,Confirmed,N/A,N/A,N/A,N/A,,,,,,,,INF,N/A,10539470.20,,
cystine-13C6-15N2,10.4,Target Compound,20240709_QE2_HILIC_BCSCuAOXq2d_AYW1146,17,Processed,T1,6RB,Unknown,,B:B9,,,506197,7779932,10.36,-0.04,[13]C6H12[15]N2O4S2,M+H,N/A,N/A,N/A,N/A,249.0453,249.0453,-.1894 (ppm),0,0,N/A,Method,True,False,N/A,N/A,N/A,,,Pass,N/A,N/A,N/A,N/A,Confirmed,N/A,N/A,N/A,N/A,,,,,,,,INF,N/A,10539470.20,,
cystine-13C6-15N2,10.4,Target Compound,20240709_QE2_HILIC_BCSCuAOXq2d_AYW1147,18,Processed,T1,6RB,Unknown,,B:C1,,,1031902,15879921,10.36,-0.04,[13]C6H12[15]N2O4S2,M+H,N/A,N/A,N/A,N/A,249.0453,249.0453,.1169 (ppm),0,0,N/A,Method,True,False,N/A,N/A,N/A,,,Pass,N/A,N/A,N/A,N/A,Confirmed,N/A,N/A,N/A,N/A,,,,,,,,INF,N/A,10539470.20,,
cystine-13C6-15N2,10.4,Target Compound,20240709_QE2_HILIC_BCSCuAOXq2d_AYW1148,19,Processed,T1,7RV,Unknown,,B:C2,,,494616,7652707,10.42,0.02,[13]C6H12[15]N2O4S2,M+H,N/A,N/A,N/A,N/A,249.0453,249.0452,-.6183 (ppm),0,0,N/A,Method,True,False,N/A,N/A,N/A,,,Pass,N/A,N/A,N/A,N/A,Confirmed,N/A,N/A,N/A,N/A,,,,,,,,INF,N/A,20622725.81,,
cystine-13C6-15N2,10.4,Target Compound,20240709_QE2_HILIC_BCSCuAOXq2d_AYW1149,20,Processed,T1,7RV,Unknown,,B:C3,,,1393120,21818733,10.37,-0.03,[13]C6H12[15]N2O4S2,M+H,N/A,N/A,N/A,N/A,249.0453,249.0452,-.5570 (ppm),0,0,N/A,Method,True,False,N/A,N/A,N/A,,,Pass,N/A,N/A,N/A,N/A,Confirmed,N/A,N/A,N/A,N/A,,,,,,,,INF,N/A,20622725.81,,
cystine-13C6-15N2,10.4,Target Compound,20240709_QE2_HILIC_BCSCuAOXq2d_AYW1150,21,Processed,T1,7RV,Unknown,,B:C4,,,1939430,32396737,10.37,-0.03,[13]C6H12[15]N2O4S2,M+H,N/A,N/A,N/A,N/A,249.0453,249.0453,-.2507 (ppm),0,0,N/A,Method,True,False,N/A,N/A,N/A,,,Pass,N/A,N/A,N/A,N/A,Confirmed,N/A,N/A,N/A,N/A,,,,,,,,INF,N/A,20622725.81,,
cystine-13C6-15N2,10.4,Target Compound,20240709_QE2_HILIC_BCSCuAOXq2d_AYW1151,22,Processed,T1,8RB,Unknown,,B:C5,,,973427,15275658,10.38,-0.02,[13]C6H12[15]N2O4S2,M+H,N/A,N/A,N/A,N/A,249.0453,249.0454,.2395 (ppm),0,0,N/A,Method,True,False,N/A,N/A,N/A,,,Pass,N/A,N/A,N/A,N/A,Confirmed,N/A,N/A,N/A,N/A,,,,,,,,INF,N/A,18128107.20,,
cystine-13C6-15N2,10.4,Target Compound,20240709_QE2_HILIC_BCSCuAOXq2d_AYW1152,23,Processed,T1,8RB,Unknown,,B:C6,,,798790,12025605,10.38,-0.02,[13]C6H12[15]N2O4S2,M+H,N/A,N/A,N/A,N/A,249.0453,249.0453,-.1281 (ppm),0,0,N/A,Method,True,False,N/A,N/A,N/A,,,Pass,N/A,N/A,N/A,N/A,Confirmed,N/A,N/A,N/A,N/A,,,,,,,,INF,N/A,18128107.20,,
cystine-13C6-15N2,10.4,Target Compound,20240709_QE2_HILIC_BCSCuAOXq2d_AYW1153,24,Processed,T1,8RB,Unknown,,B:C7,,,1793557,27083059,10.4,0.00,[13]C6H12[15]N2O4S2,M+H,N/A,N/A,N/A,N/A,249.0453,249.0452,-.3120 (ppm),0,0,N/A,Method,True,False,N/A,N/A,N/A,,,Pass,N/A,N/A,N/A,N/A,Confirmed,N/A,N/A,N/A,N/A,,,,,,,,INF,N/A,18128107.20,,
cystine-13C6-15N2,10.4,Target Compound,20240709_QE2_HILIC_BCSCuAOXq2d_AYW1154_pool1xa,25,Processed,T1,pool1x,Unknown,,B:C8,,,1374264,21803681,10.38,-0.02,[13]C6H12[15]N2O4S2,M+H,N/A,N/A,N/A,N/A,249.0453,249.0453,-.2507 (ppm),0,0,N/A,Method,True,False,N/A,N/A,N/A,,,Pass,N/A,N/A,N/A,N/A,Confirmed,N/A,N/A,N/A,N/A,,,,,,,,INF,N/A,16122232.71,,
cystine-13C6-15N2,10.4,Target Compound,20240709_QE2_HILIC_BCSCuAOXq2d_AYW1154_pool1xb,26,Processed,T1,pool1x,Unknown,,B:C8,,,1088463,15871717,10.4,0.00,[13]C6H12[15]N2O4S2,M+H,N/A,N/A,N/A,N/A,249.0453,249.0451,-.8021 (ppm),0,0,N/A,Method,True,False,N/A,N/A,N/A,,,Pass,N/A,N/A,N/A,N/A,Confirmed,N/A,N/A,N/A,N/A,,,,,,,,INF,N/A,16122232.71,,
cystine-13C6-15N2,10.4,Target Compound,20240709_QE2_HILIC_BCSCuAOXq2d_AYW1154_pool1xc,27,Processed,T1,pool1x,Unknown,,B:C8,,,853966,13863090,10.37,-0.03,[13]C6H12[15]N2O4S2,M+H,N/A,N/A,N/A,N/A,249.0453,249.0453,-.2507 (ppm),0,0,N/A,Method,True,False,N/A,N/A,N/A,,,Pass,N/A,N/A,N/A,N/A,Confirmed,N/A,N/A,N/A,N/A,,,,,,,,INF,N/A,16122232.71,,
cystine-13C6-15N2,10.4,Target Compound,20240709_QE2_HILIC_BCSCuAOXq2d_AYW1154_pool1xd,28,Processed,T1,pool1x,Unknown,,B:C8,,,884242,12950442,10.4,0.00,[13]C6H12[15]N2O4S2,M+H,N/A,N/A,N/A,N/A,249.0453,249.0452,-.4345 (ppm),0,0,N/A,Method,True,False,N/A,N/A,N/A,,,Pass,N/A,N/A,N/A,N/A,Confirmed,N/A,N/A,N/A,N/A,,,,,,,,INF,N/A,16122232.71,,
cystine-13C6-15N2,10.4,Target Compound,20240709_QE2_HILIC_BCSCuAOXq2d_AYW1155_pool033xa,29,Processed,T1,pool033x,Unknown,,B:C9,,,617707,9713210,10.38,-0.02,[13]C6H12[15]N2O4S2,M+H,N/A,N/A,N/A,N/A,249.0453,249.0452,-.4345 (ppm),0,0,N/A,Method,True,False,N/A,N/A,N/A,,,Pass,N/A,N/A,N/A,N/A,Confirmed,N/A,N/A,N/A,N/A,,,,,,,,INF,N/A,7711842.09,,
cystine-13C6-15N2,10.4,Target Compound,20240709_QE2_HILIC_BCSCuAOXq2d_AYW1155_pool033xb,30,Processed,T1,pool033x,Unknown,,B:C9,,,546106,8414590,10.35,-0.05,[13]C6H12[15]N2O4S2,M+H,N/A,N/A,N/A,N/A,249.0453,249.0451,-.8021 (ppm),0,0,N/A,Method,True,False,N/A,N/A,N/A,,,Pass,N/A,N/A,N/A,N/A,Confirmed,N/A,N/A,N/A,N/A,,,,,,,,INF,N/A,7711842.09,,
cystine-13C6-15N2,10.4,Target Compound,20240709_QE2_HILIC_BCSCuAOXq2d_AYW1155_pool033xc,31,Processed,T1,pool033x,Unknown,,B:C9,,,410238,6604043,10.37,-0.03,[13]C6H12[15]N2O4S2,M+H,N/A,N/A,N/A,N/A,249.0453,249.0454,.3007 (ppm),0,0,N/A,Method,True,False,N/A,N/A,N/A,,,Pass,N/A,N/A,N/A,N/A,Confirmed,N/A,N/A,N/A,N/A,,,,,,,,INF,N/A,7711842.09,,
cystine-13C6-15N2,10.4,Target Compound,20240709_QE2_HILIC_BCSCuAOXq2d_AYW1155_pool033xd,32,Processed,T1,pool033x,Unknown,,B:C9,,,411857,6115524,10.36,-0.04,[13]C6H12[15]N2O4S2,M+H,N/A,N/A,N/A,N/A,249.0453,249.0453,.0557 (ppm),0,0,N/A,Method,True,False,N/A,N/A,N/A,,,Pass,N/A,N/A,N/A,N/A,Confirmed,N/A,N/A,N/A,N/A,,,,,,,,INF,N/A,7711842.09,,
cystine-13C6-15N2,10.4,Target Compound,20240709_QE2_HILIC_BCSCuAOXq2d_AYW1156_pool01xa,33,Processed,T1,pool01x,Unknown,,B:D1,,,149635,2176495,10.36,-0.04,[13]C6H12[15]N2O4S2,M+H,N/A,N/A,N/A,N/A,249.0453,249.0452,-.5570 (ppm),0,0,N/A,Method,True,False,N/A,N/A,N/A,,,Pass,N/A,N/A,N/A,N/A,Confirmed,N/A,N/A,N/A,N/A,,,,,,,,INF,N/A,2089717.52,,
cystine-13C6-15N2,10.4,Target Compound,20240709_QE2_HILIC_BCSCuAOXq2d_AYW1156_pool01xb,34,Processed,T1,pool01x,Unknown,,B:D1,,,171338,2310934,10.37,-0.03,[13]C6H12[15]N2O4S2,M+H,N/A,N/A,N/A,N/A,249.0453,249.0451,-.7408 (ppm),0,0,N/A,Method,True,False,N/A,N/A,N/A,,,Pass,N/A,N/A,N/A,N/A,Confirmed,N/A,N/A,N/A,N/A,,,,,,,,INF,N/A,2089717.52,,
cystine-13C6-15N2,10.4,Target Compound,20240709_QE2_HILIC_BCSCuAOXq2d_AYW1156_pool01xc,35,Processed,T1,pool01x,Unknown,,B:D1,,,139833,2013336,10.37,-0.03,[13]C6H12[15]N2O4S2,M+H,N/A,N/A,N/A,N/A,249.0453,249.0455,.6071 (ppm),0,0,N/A,Method,True,False,N/A,N/A,N/A,,,Pass,N/A,N/A,N/A,N/A,Confirmed,N/A,N/A,N/A,N/A,,,,,,,,INF,N/A,2089717.52,,
cystine-13C6-15N2,10.4,Target Compound,20240709_QE2_HILIC_BCSCuAOXq2d_AYW1156_pool01xd,36,Processed,T1,pool01x,Unknown,,B:D1,,,128777,1858105,10.4,0.00,[13]C6H12[15]N2O4S2,M+H,N/A,N/A,N/A,N/A,249.0453,249.0453,-.1894 (ppm),0,0,N/A,Method,True,False,N/A,N/A,N/A,,,Pass,N/A,N/A,N/A,N/A,Confirmed,N/A,N/A,N/A,N/A,,,,,,,,INF,N/A,2089717.52,,
cystine-13C6-15N2,10.4,Target Compound,20240709_QE2_HILIC_BCSCuAOXq2d_blank1,37,Processed,T1,,Unknown,,B:A1,,,N/F,N/F,N/F,N/F,[13]C6H12[15]N2O4S2,N/A,N/F,N/A,N/F,N/A,249.0453,N/F,N/F,N/F,0,N/A,Method,True,False,N/A,N/A,N/A,,,Fail,N/A,N/A,N/A,N/A,NotFound,N/A,N/A,N/A,N/A,,,,,,,,N/A,N/A,1.00,,
cystine-13C6-15N2,10.4,Target Compound,20240709_QE2_HILIC_BCSCuAOXq2d_blank1_20240710111342,38,Processed,T1,,Unknown,,B:A1,,,N/F,N/F,N/F,N/F,[13]C6H12[15]N2O4S2,N/A,N/F,N/A,N/F,N/A,249.0453,N/F,N/F,N/F,0,N/A,Method,True,False,N/A,N/A,N/A,,,Fail,N/A,N/A,N/A,N/A,NotFound,N/A,N/A,N/A,N/A,,,,,,,,N/A,N/A,1.00,,
cystine-13C6-15N2,10.4,Target Compound,20240709_QE2_HILIC_BCSCuAOXq2d_blank1_20240710231833,39,Processed,T1,,Unknown,,B:A1,,,N/F,N/F,N/F,N/F,[13]C6H12[15]N2O4S2,N/A,N/F,N/A,N/F,N/A,249.0453,N/F,N/F,N/F,0,N/A,Method,True,False,N/A,N/A,N/A,,,Fail,N/A,N/A,N/A,N/A,NotFound,N/A,N/A,N/A,N/A,,,,,,,,N/A,N/A,1.00,,
cystine-13C6-15N2,10.4,Target Compound,20240709_QE2_HILIC_BCSCuAOXq2d_blank2,40,Processed,T1,,Unknown,,B:A1,,,N/F,N/F,N/F,N/F,[13]C6H12[15]N2O4S2,N/A,N/F,N/A,N/F,N/A,249.0453,N/F,N/F,N/F,0,N/A,Method,True,False,N/A,N/A,N/A,,,Fail,N/A,N/A,N/A,N/A,NotFound,N/A,N/A,N/A,N/A,,,,,,,,N/A,N/A,1.00,,
cystine-13C6-15N2,10.4,Target Compound,20240709_QE2_HILIC_BCSCuAOXq2d_blank2_20240710115054,41,Processed,T1,,Unknown,,B:A1,,,N/F,N/F,N/F,N/F,[13]C6H12[15]N2O4S2,N/A,N/F,N/A,N/F,N/A,249.0453,N/F,N/F,N/F,0,N/A,Method,True,False,N/A,N/A,N/A,,,Fail,N/A,N/A,N/A,N/A,NotFound,N/A,N/A,N/A,N/A,,,,,,,,N/A,N/A,1.00,,
cystine-13C6-15N2,10.4,Target Compound,20240709_QE2_HILIC_BCSCuAOXq2d_blank2_20240710235116,42,Processed,T1,,Unknown,,B:A1,,,N/F,N/F,N/F,N/F,[13]C6H12[15]N2O4S2,N/A,N/F,N/A,N/F,N/A,249.0453,N/F,N/F,N/F,0,N/A,Method,True,False,N/A,N/A,N/A,,,Fail,N/A,N/A,N/A,N/A,NotFound,N/A,N/A,N/A,N/A,,,,,,,,N/A,N/A,1.00,,
