﻿Compound,RT,Type,Filename,Batch Order,Status,Peak Label,Group,Sample Type,Level,Sample ID,Sample Name,Comments,Height,Area,Actual RT,RT Delta,Formula,Adduct,Calculated Amt,Theoretical Amt,Sample Amt,Std Add Amount,m/z (Expected),m/z (Apex),m/z (Delta),Response Ratio,ISTD Amt,ISTD Response,Integration Mode,Active,Excluded,%Diff,%RSD,% CV,Channel,Final Units,PK,IR,IP,LS,FI,Confirm,Isotopic Pattern Score (%),Num Isotopes Matched,Lib Match Name,Library Score (%),Library Match Rank,SI/Dot Product,RSI/Rev Dot,Modification,Protein Name,Peptide Sequence,Ion Type,S/N,Ion Ratio,Group Average,Relative RT,Flag Details
glutamine,9.25,Target Compound,20240709_QE2_HILIC_BCSCuAOXq2d_AYW1130,1,Processed,T1,1V,Unknown,,B:A2,,,209392333,2859403520,9.12,-0.13,C5H10N2O3,M+H,N/A,N/A,N/A,N/A,147.0764,147.0765,.4201 (ppm),0,0,N/A,Method,True,False,N/A,N/A,N/A,,,Pass,N/A,N/A,N/A,N/A,Confirmed,N/A,N/A,N/A,N/A,,,,,,,,12636.20,N/A,2604630957.41,,
glutamine,9.25,Target Compound,20240709_QE2_HILIC_BCSCuAOXq2d_AYW1131,2,Processed,T1,1V,Unknown,,B:A3,,,199177983,2663726001,9.16,-0.09,C5H10N2O3,M+H,N/A,N/A,N/A,N/A,147.0764,147.0764,.1089 (ppm),0,0,N/A,Method,True,False,N/A,N/A,N/A,,,Pass,N/A,N/A,N/A,N/A,Confirmed,N/A,N/A,N/A,N/A,,,,,,,,12999.86,N/A,2604630957.41,,
glutamine,9.25,Target Compound,20240709_QE2_HILIC_BCSCuAOXq2d_AYW1132,3,Processed,T1,1V,Unknown,,B:A4,,,172116252,2290763351,9.15,-0.10,C5H10N2O3,M+H,N/A,N/A,N/A,N/A,147.0764,147.0764,.0051 (ppm),0,0,N/A,Method,True,False,N/A,N/A,N/A,,,Pass,N/A,N/A,N/A,N/A,Confirmed,N/A,N/A,N/A,N/A,,,,,,,,16055.72,N/A,2604630957.41,,
glutamine,9.25,Target Compound,20240709_QE2_HILIC_BCSCuAOXq2d_AYW1133,4,Processed,T1,2B,Unknown,,B:A5,,,176446771,2280728996,9.14,-0.11,C5H10N2O3,M+H,N/A,N/A,N/A,N/A,147.0764,147.0764,-.0986 (ppm),0,0,N/A,Method,True,False,N/A,N/A,N/A,,,Pass,N/A,N/A,N/A,N/A,Confirmed,N/A,N/A,N/A,N/A,,,,,,,,19315.06,N/A,2836116981.76,,
glutamine,9.25,Target Compound,20240709_QE2_HILIC_BCSCuAOXq2d_AYW1134,5,Processed,T1,2B,Unknown,,B:A6,,,214653576,2914029593,9.14,-0.11,C5H10N2O3,M+H,N/A,N/A,N/A,N/A,147.0764,147.0763,-.5136 (ppm),0,0,N/A,Method,True,False,N/A,N/A,N/A,,,Pass,N/A,N/A,N/A,N/A,Confirmed,N/A,N/A,N/A,N/A,,,,,,,,15422.51,N/A,2836116981.76,,
glutamine,9.25,Target Compound,20240709_QE2_HILIC_BCSCuAOXq2d_AYW1135,6,Processed,T1,2B,Unknown,,B:A7,,,239733919,3313592356,9.17,-0.08,C5H10N2O3,M+H,N/A,N/A,N/A,N/A,147.0764,147.0764,.0051 (ppm),0,0,N/A,Method,True,False,N/A,N/A,N/A,,,Pass,N/A,N/A,N/A,N/A,Confirmed,N/A,N/A,N/A,N/A,,,,,,,,17295.05,N/A,2836116981.76,,
glutamine,9.25,Target Compound,20240709_QE2_HILIC_BCSCuAOXq2d_AYW1136,7,Processed,T1,3C,Unknown,,B:A8,,,247911839,3413811868,9.13,-0.12,C5H10N2O3,M+H,N/A,N/A,N/A,N/A,147.0764,147.0764,-.0986 (ppm),0,0,N/A,Method,True,False,N/A,N/A,N/A,,,Pass,N/A,N/A,N/A,N/A,Confirmed,N/A,N/A,N/A,N/A,,,,,,,,21599.70,N/A,2927222275.90,,
glutamine,9.25,Target Compound,20240709_QE2_HILIC_BCSCuAOXq2d_AYW1137,8,Processed,T1,3C,Unknown,,B:A9,,,267487289,3504927528,9.14,-0.11,C5H10N2O3,M+H,N/A,N/A,N/A,N/A,147.0764,147.0764,-.0986 (ppm),0,0,N/A,Method,True,False,N/A,N/A,N/A,,,Pass,N/A,N/A,N/A,N/A,Confirmed,N/A,N/A,N/A,N/A,,,,,,,,10646.81,N/A,2927222275.90,,
glutamine,9.25,Target Compound,20240709_QE2_HILIC_BCSCuAOXq2d_AYW1138,9,Processed,T1,3C,Unknown,,B:B1,,,128904553,1862927431,9.14,-0.11,C5H10N2O3,M+H,N/A,N/A,N/A,N/A,147.0764,147.0764,.1089 (ppm),0,0,N/A,Method,True,False,N/A,N/A,N/A,,,Pass,N/A,N/A,N/A,N/A,Confirmed,N/A,N/A,N/A,N/A,,,,,,,,12327.44,N/A,2927222275.90,,
glutamine,9.25,Target Compound,20240709_QE2_HILIC_BCSCuAOXq2d_AYW1139,10,Processed,T1,4BC,Unknown,,B:B2,,,236420010,3088868546,9.13,-0.12,C5H10N2O3,M+H,N/A,N/A,N/A,N/A,147.0764,147.0764,.1089 (ppm),0,0,N/A,Method,True,False,N/A,N/A,N/A,,,Pass,N/A,N/A,N/A,N/A,Confirmed,N/A,N/A,N/A,N/A,,,,,,,,11750.55,N/A,2818698443.37,N/A,
glutamine,9.25,Target Compound,20240709_QE2_HILIC_BCSCuAOXq2d_AYW1140,11,Processed,T1,4BC,Unknown,,B:B3,,,184089003,2453125414,9.13,-0.12,C5H10N2O3,M+H,N/A,N/A,N/A,N/A,147.0764,147.0763,-.6173 (ppm),0,0,N/A,Method,True,False,N/A,N/A,N/A,,,Pass,N/A,N/A,N/A,N/A,Confirmed,N/A,N/A,N/A,N/A,,,,,,,,13841.33,N/A,2818698443.37,,
glutamine,9.25,Target Compound,20240709_QE2_HILIC_BCSCuAOXq2d_AYW1141,12,Processed,T1,4BC,Unknown,,B:B4,,,228523173,2914101371,9.18,-0.07,C5H10N2O3,M+H,N/A,N/A,N/A,N/A,147.0764,147.0764,.2126 (ppm),0,0,N/A,Method,True,False,N/A,N/A,N/A,,,Pass,N/A,N/A,N/A,N/A,Confirmed,N/A,N/A,N/A,N/A,,,,,,,,17805.62,N/A,2818698443.37,,
glutamine,9.25,Target Compound,20240709_QE2_HILIC_BCSCuAOXq2d_AYW1142,13,Processed,T1,5RV,Unknown,,B:B5,,,224097363,3074191423,9.12,-0.13,C5H10N2O3,M+H,N/A,N/A,N/A,N/A,147.0764,147.0765,.4201 (ppm),0,0,N/A,Method,True,False,N/A,N/A,N/A,,,Pass,N/A,N/A,N/A,N/A,Confirmed,N/A,N/A,N/A,N/A,,,,,,,,19803.29,N/A,3003033291.93,N/A,
glutamine,9.25,Target Compound,20240709_QE2_HILIC_BCSCuAOXq2d_AYW1143,14,Processed,T1,5RV,Unknown,,B:B6,,,247477919,3326134702,9.13,-0.12,C5H10N2O3,M+H,N/A,N/A,N/A,N/A,147.0764,147.0764,.1089 (ppm),0,0,N/A,Method,True,False,N/A,N/A,N/A,,,Pass,N/A,N/A,N/A,N/A,Confirmed,N/A,N/A,N/A,N/A,,,,,,,,15729.94,N/A,3003033291.93,,
glutamine,9.25,Target Compound,20240709_QE2_HILIC_BCSCuAOXq2d_AYW1144,15,Processed,T1,5RV,Unknown,,B:B7,,,195292137,2608773751,9.13,-0.12,C5H10N2O3,M+H,N/A,N/A,N/A,N/A,147.0764,147.0764,.0051 (ppm),0,0,N/A,Method,True,False,N/A,N/A,N/A,,,Pass,N/A,N/A,N/A,N/A,Confirmed,N/A,N/A,N/A,N/A,,,,,,,,27790.13,N/A,3003033291.93,,
glutamine,9.25,Target Compound,20240709_QE2_HILIC_BCSCuAOXq2d_AYW1145,16,Processed,T1,6RB,Unknown,,B:B8,,,183710692,2412258339,9.15,-0.10,C5H10N2O3,M+H,N/A,N/A,N/A,N/A,147.0764,147.0765,.5239 (ppm),0,0,N/A,Method,True,False,N/A,N/A,N/A,,,Pass,N/A,N/A,N/A,N/A,Confirmed,N/A,N/A,N/A,N/A,,,,,,,,18371.39,N/A,1997432039.07,,
glutamine,9.25,Target Compound,20240709_QE2_HILIC_BCSCuAOXq2d_AYW1146,17,Processed,T1,6RB,Unknown,,B:B9,,,123512703,1676549935,9.15,-0.10,C5H10N2O3,M+H,N/A,N/A,N/A,N/A,147.0764,147.0765,.5239 (ppm),0,0,N/A,Method,True,False,N/A,N/A,N/A,,,Pass,N/A,N/A,N/A,N/A,Confirmed,N/A,N/A,N/A,N/A,,,,,,,,10981.21,N/A,1997432039.07,,
glutamine,9.25,Target Compound,20240709_QE2_HILIC_BCSCuAOXq2d_AYW1147,18,Processed,T1,6RB,Unknown,,B:C1,,,139610409,1903487844,9.15,-0.10,C5H10N2O3,M+H,N/A,N/A,N/A,N/A,147.0764,147.0764,.3164 (ppm),0,0,N/A,Method,True,False,N/A,N/A,N/A,,,Pass,N/A,N/A,N/A,N/A,Confirmed,N/A,N/A,N/A,N/A,,,,,,,,17964.99,N/A,1997432039.07,,
glutamine,9.25,Target Compound,20240709_QE2_HILIC_BCSCuAOXq2d_AYW1148,19,Processed,T1,7RV,Unknown,,B:C2,,,176238542,2357281946,9.14,-0.11,C5H10N2O3,M+H,N/A,N/A,N/A,N/A,147.0764,147.0764,-.0986 (ppm),0,0,N/A,Method,True,False,N/A,N/A,N/A,,,Pass,N/A,N/A,N/A,N/A,Confirmed,N/A,N/A,N/A,N/A,,,,,,,,15883.81,N/A,2731491475.19,,
glutamine,9.25,Target Compound,20240709_QE2_HILIC_BCSCuAOXq2d_AYW1149,20,Processed,T1,7RV,Unknown,,B:C3,,,210147781,2798609358,9.14,-0.11,C5H10N2O3,M+H,N/A,N/A,N/A,N/A,147.0764,147.0764,.3164 (ppm),0,0,N/A,Method,True,False,N/A,N/A,N/A,,,Pass,N/A,N/A,N/A,N/A,Confirmed,N/A,N/A,N/A,N/A,,,,,,,,14131.11,N/A,2731491475.19,,
glutamine,9.25,Target Compound,20240709_QE2_HILIC_BCSCuAOXq2d_AYW1150,21,Processed,T1,7RV,Unknown,,B:C4,,,222196502,3038583121,9.13,-0.12,C5H10N2O3,M+H,N/A,N/A,N/A,N/A,147.0764,147.0764,.0051 (ppm),0,0,N/A,Method,True,False,N/A,N/A,N/A,,,Pass,N/A,N/A,N/A,N/A,Confirmed,N/A,N/A,N/A,N/A,,,,,,,,29997.98,N/A,2731491475.19,,
glutamine,9.25,Target Compound,20240709_QE2_HILIC_BCSCuAOXq2d_AYW1151,22,Processed,T1,8RB,Unknown,,B:C5,,,252436616,3380615017,9.15,-0.10,C5H10N2O3,M+H,N/A,N/A,N/A,N/A,147.0764,147.0765,.4201 (ppm),0,0,N/A,Method,True,False,N/A,N/A,N/A,,,Pass,N/A,N/A,N/A,N/A,Confirmed,N/A,N/A,N/A,N/A,,,,,,,,24038.42,N/A,2827842455.96,,
glutamine,9.25,Target Compound,20240709_QE2_HILIC_BCSCuAOXq2d_AYW1152,23,Processed,T1,8RB,Unknown,,B:C6,,,144203994,1866924218,9.15,-0.10,C5H10N2O3,M+H,N/A,N/A,N/A,N/A,147.0764,147.0764,.1089 (ppm),0,0,N/A,Method,True,False,N/A,N/A,N/A,,,Pass,N/A,N/A,N/A,N/A,Confirmed,N/A,N/A,N/A,N/A,,,,,,,,10700.56,N/A,2827842455.96,,
glutamine,9.25,Target Compound,20240709_QE2_HILIC_BCSCuAOXq2d_AYW1153,24,Processed,T1,8RB,Unknown,,B:C7,,,239260320,3235988133,9.13,-0.12,C5H10N2O3,M+H,N/A,N/A,N/A,N/A,147.0764,147.0764,-.2023 (ppm),0,0,N/A,Method,True,False,N/A,N/A,N/A,,,Pass,N/A,N/A,N/A,N/A,Confirmed,N/A,N/A,N/A,N/A,,,,,,,,31407.38,N/A,2827842455.96,,
glutamine,9.25,Target Compound,20240709_QE2_HILIC_BCSCuAOXq2d_AYW1154_pool1xa,25,Processed,T1,pool1x,Unknown,,B:C8,,,236262420,3054739263,9.15,-0.10,C5H10N2O3,M+H,N/A,N/A,N/A,N/A,147.0764,147.0764,-.0986 (ppm),0,0,N/A,Method,True,False,N/A,N/A,N/A,,,Pass,N/A,N/A,N/A,N/A,Confirmed,N/A,N/A,N/A,N/A,,,,,,,,12767.77,N/A,2679121153.71,,
glutamine,9.25,Target Compound,20240709_QE2_HILIC_BCSCuAOXq2d_AYW1154_pool1xb,26,Processed,T1,pool1x,Unknown,,B:C8,,,204767166,2725999556,9.14,-0.11,C5H10N2O3,M+H,N/A,N/A,N/A,N/A,147.0764,147.0763,-.6173 (ppm),0,0,N/A,Method,True,False,N/A,N/A,N/A,,,Pass,N/A,N/A,N/A,N/A,Confirmed,N/A,N/A,N/A,N/A,,,,,,,,8998.29,N/A,2679121153.71,,
glutamine,9.25,Target Compound,20240709_QE2_HILIC_BCSCuAOXq2d_AYW1154_pool1xc,27,Processed,T1,pool1x,Unknown,,B:C8,,,207746987,2734247551,9.14,-0.11,C5H10N2O3,M+H,N/A,N/A,N/A,N/A,147.0764,147.0764,.3164 (ppm),0,0,N/A,Method,True,False,N/A,N/A,N/A,,,Pass,N/A,N/A,N/A,N/A,Confirmed,N/A,N/A,N/A,N/A,,,,,,,,14817.06,N/A,2679121153.71,,
glutamine,9.25,Target Compound,20240709_QE2_HILIC_BCSCuAOXq2d_AYW1154_pool1xd,28,Processed,T1,pool1x,Unknown,,B:C8,,,169618950,2201498244,9.14,-0.11,C5H10N2O3,M+H,N/A,N/A,N/A,N/A,147.0764,147.0764,.0051 (ppm),0,0,N/A,Method,True,False,N/A,N/A,N/A,,,Pass,N/A,N/A,N/A,N/A,Confirmed,N/A,N/A,N/A,N/A,,,,,,,,15611.13,N/A,2679121153.71,,
glutamine,9.25,Target Compound,20240709_QE2_HILIC_BCSCuAOXq2d_AYW1155_pool033xa,29,Processed,T1,pool033x,Unknown,,B:C9,,,115383457,1641096400,9.11,-0.14,C5H10N2O3,M+H,N/A,N/A,N/A,N/A,147.0764,147.0764,.0051 (ppm),0,0,N/A,Method,True,False,N/A,N/A,N/A,,,Pass,N/A,N/A,N/A,N/A,Confirmed,N/A,N/A,N/A,N/A,,,,,,,,9185.50,N/A,1392955654.99,,
glutamine,9.25,Target Compound,20240709_QE2_HILIC_BCSCuAOXq2d_AYW1155_pool033xb,30,Processed,T1,pool033x,Unknown,,B:C9,,,113941183,1613760114,9.14,-0.11,C5H10N2O3,M+H,N/A,N/A,N/A,N/A,147.0764,147.0764,-.3061 (ppm),0,0,N/A,Method,True,False,N/A,N/A,N/A,,,Pass,N/A,N/A,N/A,N/A,Confirmed,N/A,N/A,N/A,N/A,,,,,,,,10674.08,N/A,1392955654.99,,
glutamine,9.25,Target Compound,20240709_QE2_HILIC_BCSCuAOXq2d_AYW1155_pool033xc,31,Processed,T1,pool033x,Unknown,,B:C9,,,94719126,1251397996,9.12,-0.13,C5H10N2O3,M+H,N/A,N/A,N/A,N/A,147.0764,147.0765,.6276 (ppm),0,0,N/A,Method,True,False,N/A,N/A,N/A,,,Pass,N/A,N/A,N/A,N/A,Confirmed,N/A,N/A,N/A,N/A,,,,,,,,13416.67,N/A,1392955654.99,,
glutamine,9.25,Target Compound,20240709_QE2_HILIC_BCSCuAOXq2d_AYW1155_pool033xd,32,Processed,T1,pool033x,Unknown,,B:C9,,,80183554,1065568110,9.11,-0.14,C5H10N2O3,M+H,N/A,N/A,N/A,N/A,147.0764,147.0765,.6276 (ppm),0,0,N/A,Method,True,False,N/A,N/A,N/A,,,Pass,N/A,N/A,N/A,N/A,Confirmed,N/A,N/A,N/A,N/A,,,,,,,,15147.78,N/A,1392955654.99,,
glutamine,9.25,Target Compound,20240709_QE2_HILIC_BCSCuAOXq2d_AYW1156_pool01xa,33,Processed,T1,pool01x,Unknown,,B:D1,,,48221216,642423742,9.13,-0.12,C5H10N2O3,M+H,N/A,N/A,N/A,N/A,147.0764,147.0765,.5239 (ppm),0,0,N/A,Method,True,False,N/A,N/A,N/A,,,Pass,N/A,N/A,N/A,N/A,Confirmed,N/A,N/A,N/A,N/A,,,,,,,,7222.89,N/A,602819476.48,,
glutamine,9.25,Target Compound,20240709_QE2_HILIC_BCSCuAOXq2d_AYW1156_pool01xb,34,Processed,T1,pool01x,Unknown,,B:D1,,,56550024,789490632,9.12,-0.13,C5H10N2O3,M+H,N/A,N/A,N/A,N/A,147.0764,147.0763,-.8248 (ppm),0,0,N/A,Method,True,False,N/A,N/A,N/A,,,Pass,N/A,N/A,N/A,N/A,Confirmed,N/A,N/A,N/A,N/A,,,,,,,,10838.83,N/A,602819476.48,,
glutamine,9.25,Target Compound,20240709_QE2_HILIC_BCSCuAOXq2d_AYW1156_pool01xc,35,Processed,T1,pool01x,Unknown,,B:D1,,,38674695,516824990,9.11,-0.14,C5H10N2O3,M+H,N/A,N/A,N/A,N/A,147.0764,147.0766,1.0426 (ppm),0,0,N/A,Method,True,False,N/A,N/A,N/A,,,Pass,N/A,N/A,N/A,N/A,Confirmed,N/A,N/A,N/A,N/A,,,,,,,,10722.34,N/A,602819476.48,,
glutamine,9.25,Target Compound,20240709_QE2_HILIC_BCSCuAOXq2d_AYW1156_pool01xd,36,Processed,T1,pool01x,Unknown,,B:D1,,,34826110,462538542,9.09,-0.16,C5H10N2O3,M+H,N/A,N/A,N/A,N/A,147.0764,147.0764,-.0986 (ppm),0,0,N/A,Method,True,False,N/A,N/A,N/A,,,Pass,N/A,N/A,N/A,N/A,Confirmed,N/A,N/A,N/A,N/A,,,,,,,,6305.29,N/A,602819476.48,,
glutamine,9.25,Target Compound,20240709_QE2_HILIC_BCSCuAOXq2d_blank1,37,Processed,T1,,Unknown,,B:A1,,,842332,7472225,9.31,0.06,C5H10N2O3,M+H,N/A,N/A,N/A,N/A,147.0764,147.0765,.4201 (ppm),0,0,N/A,Method,True,False,N/A,N/A,N/A,,,Pass,N/A,N/A,N/A,N/A,Confirmed,N/A,N/A,N/A,N/A,,,,,,,,50.35,N/A,6991813.15,,
glutamine,9.25,Target Compound,20240709_QE2_HILIC_BCSCuAOXq2d_blank1_20240710111342,38,Processed,T1,,Unknown,,B:A1,,,795955,7103862,9.34,0.09,C5H10N2O3,M+H,N/A,N/A,N/A,N/A,147.0764,147.0765,.9389 (ppm),0,0,N/A,Method,True,False,N/A,N/A,N/A,,,Pass,N/A,N/A,N/A,N/A,Confirmed,N/A,N/A,N/A,N/A,,,,,,,,77.51,N/A,6991813.15,,
glutamine,9.25,Target Compound,20240709_QE2_HILIC_BCSCuAOXq2d_blank1_20240710231833,39,Processed,T1,,Unknown,,B:A1,,,124810,1162321,9.08,-0.17,C5H10N2O3,M+H,N/A,N/A,N/A,N/A,147.0764,147.0765,.4201 (ppm),0,0,N/A,Method,True,False,N/A,N/A,N/A,,,Pass,N/A,N/A,N/A,N/A,Confirmed,N/A,N/A,N/A,N/A,,,,,,,,13.54,N/A,6991813.15,,
glutamine,9.25,Target Compound,20240709_QE2_HILIC_BCSCuAOXq2d_blank2,40,Processed,T1,,Unknown,,B:A1,,,1765016,19011899,9.07,-0.18,C5H10N2O3,M+H,N/A,N/A,N/A,N/A,147.0764,147.0765,.6276 (ppm),0,0,N/A,Method,True,False,N/A,N/A,N/A,,,Pass,N/A,N/A,N/A,N/A,Confirmed,N/A,N/A,N/A,N/A,,,,,,,,100.99,N/A,6991813.15,,
glutamine,9.25,Target Compound,20240709_QE2_HILIC_BCSCuAOXq2d_blank2_20240710115054,41,Processed,T1,,Unknown,,B:A1,,,375944,3653045,9.11,-0.14,C5H10N2O3,M+H,N/A,N/A,N/A,N/A,147.0764,147.0766,1.1464 (ppm),0,0,N/A,Method,True,False,N/A,N/A,N/A,,,Pass,N/A,N/A,N/A,N/A,Confirmed,N/A,N/A,N/A,N/A,,,,,,,,45.95,N/A,6991813.15,,
glutamine,9.25,Target Compound,20240709_QE2_HILIC_BCSCuAOXq2d_blank2_20240710235116,42,Processed,T1,,Unknown,,B:A1,,,341482,3547527,9.08,-0.17,C5H10N2O3,M+H,N/A,N/A,N/A,N/A,147.0764,147.0765,.7314 (ppm),0,0,N/A,Method,True,False,N/A,N/A,N/A,,,Pass,N/A,N/A,N/A,N/A,Confirmed,N/A,N/A,N/A,N/A,,,,,,,,61.33,N/A,6991813.15,,
