﻿Compound,RT,Type,Filename,Batch Order,Status,Peak Label,Group,Sample Type,Level,Sample ID,Sample Name,Comments,Height,Area,Actual RT,RT Delta,Formula,Adduct,Calculated Amt,Theoretical Amt,Sample Amt,Std Add Amount,m/z (Expected),m/z (Apex),m/z (Delta),Response Ratio,ISTD Amt,ISTD Response,Integration Mode,Active,Excluded,%Diff,%RSD,% CV,Channel,Final Units,PK,IR,IP,LS,FI,Confirm,Isotopic Pattern Score (%),Num Isotopes Matched,Lib Match Name,Library Score (%),Library Match Rank,SI/Dot Product,RSI/Rev Dot,Modification,Protein Name,Peptide Sequence,Ion Type,S/N,Ion Ratio,Group Average,Relative RT,Flag Details
lactic_acid,5.76,Target Compound,20240709_QE2_HILIC_BCSCuAOXq2d_AYW1130,1,Processed,T1,1V,Unknown,,B:A2,,,23341530,802134539,6.04,0.28,C3H6O3,M-H,N/A,N/A,N/A,N/A,89.0244,89.0244,.1580 (ppm),0,0,N/A,Method,True,False,N/A,N/A,N/A,,,Pass,N/A,N/A,N/A,N/A,Confirmed,N/A,N/A,N/A,N/A,,,,,,,,INF,N/A,712883415.19,,
lactic_acid,5.76,Target Compound,20240709_QE2_HILIC_BCSCuAOXq2d_AYW1131,2,Processed,T1,1V,Unknown,,B:A3,,,17687848,514952531,5.83,0.07,C3H6O3,M-H,N/A,N/A,N/A,N/A,89.0244,89.0244,-.1848 (ppm),0,0,N/A,Method,True,False,N/A,N/A,N/A,,,Pass,N/A,N/A,N/A,N/A,Confirmed,N/A,N/A,N/A,N/A,,,,,,,,INF,N/A,712883415.19,,
lactic_acid,5.76,Target Compound,20240709_QE2_HILIC_BCSCuAOXq2d_AYW1132,3,Processed,T1,1V,Unknown,,B:A4,,,32156382,821563175,5.91,0.15,C3H6O3,M-H,N/A,N/A,N/A,N/A,89.0244,89.0245,.6722 (ppm),0,0,N/A,Method,True,False,N/A,N/A,N/A,,,Pass,N/A,N/A,N/A,N/A,Confirmed,N/A,N/A,N/A,N/A,,,,,,,,INF,N/A,712883415.19,,
lactic_acid,5.76,Target Compound,20240709_QE2_HILIC_BCSCuAOXq2d_AYW1133,4,Processed,T1,2B,Unknown,,B:A5,,,107172253,2034446780,5.9,0.14,C3H6O3,M-H,N/A,N/A,N/A,N/A,89.0244,89.0244,.4151 (ppm),0,0,N/A,Method,True,False,N/A,N/A,N/A,,,Pass,N/A,N/A,N/A,N/A,Confirmed,N/A,N/A,N/A,N/A,,,,,,,,INF,N/A,2178741507.12,,
lactic_acid,5.76,Target Compound,20240709_QE2_HILIC_BCSCuAOXq2d_AYW1134,5,Processed,T1,2B,Unknown,,B:A6,,,97917352,2536922071,5.9,0.14,C3H6O3,M-H,N/A,N/A,N/A,N/A,89.0244,89.0244,-.1848 (ppm),0,0,N/A,Method,True,False,N/A,N/A,N/A,,,Pass,N/A,N/A,N/A,N/A,Confirmed,N/A,N/A,N/A,N/A,,,,,,,,INF,N/A,2178741507.12,,
lactic_acid,5.76,Target Compound,20240709_QE2_HILIC_BCSCuAOXq2d_AYW1135,6,Processed,T1,2B,Unknown,,B:A7,,,74820148,1964855670,5.91,0.15,C3H6O3,M-H,N/A,N/A,N/A,N/A,89.0244,89.0244,-.0134 (ppm),0,0,N/A,Method,True,False,N/A,N/A,N/A,,,Pass,N/A,N/A,N/A,N/A,Confirmed,N/A,N/A,N/A,N/A,,,,,,,,INF,N/A,2178741507.12,,
lactic_acid,5.76,Target Compound,20240709_QE2_HILIC_BCSCuAOXq2d_AYW1136,7,Processed,T1,3C,Unknown,,B:A8,,,29794375,702215742,5.96,0.20,C3H6O3,M-H,N/A,N/A,N/A,N/A,89.0244,89.0244,.0723 (ppm),0,0,N/A,Method,True,False,N/A,N/A,N/A,,,Pass,N/A,N/A,N/A,N/A,Confirmed,N/A,N/A,N/A,N/A,,,,,,,,INF,N/A,702001692.84,,
lactic_acid,5.76,Target Compound,20240709_QE2_HILIC_BCSCuAOXq2d_AYW1137,8,Processed,T1,3C,Unknown,,B:A9,,,28418609,735845818,5.93,0.17,C3H6O3,M-H,N/A,N/A,N/A,N/A,89.0244,89.0244,.0723 (ppm),0,0,N/A,Method,True,False,N/A,N/A,N/A,,,Pass,N/A,N/A,N/A,N/A,Confirmed,N/A,N/A,N/A,N/A,,,,,,,,INF,N/A,702001692.84,,
lactic_acid,5.76,Target Compound,20240709_QE2_HILIC_BCSCuAOXq2d_AYW1138,9,Processed,T1,3C,Unknown,,B:B1,,,31784310,667943519,5.92,0.16,C3H6O3,M-H,N/A,N/A,N/A,N/A,89.0244,89.0244,-.0991 (ppm),0,0,N/A,Method,True,False,N/A,N/A,N/A,,,Pass,N/A,N/A,N/A,N/A,Confirmed,N/A,N/A,N/A,N/A,,,,,,,,INF,N/A,702001692.84,,
lactic_acid,5.76,Target Compound,20240709_QE2_HILIC_BCSCuAOXq2d_AYW1139,10,Processed,T1,4BC,Unknown,,B:B2,,,51064251,1357028627,5.92,0.16,C3H6O3,M-H,N/A,N/A,N/A,N/A,89.0244,89.0244,-.0991 (ppm),0,0,N/A,Method,True,False,N/A,N/A,N/A,,,Pass,N/A,N/A,N/A,N/A,Confirmed,N/A,N/A,N/A,N/A,,,,,,,,INF,N/A,1357264423.67,N/A,
lactic_acid,5.76,Target Compound,20240709_QE2_HILIC_BCSCuAOXq2d_AYW1140,11,Processed,T1,4BC,Unknown,,B:B3,,,60522588,1760182531,5.92,0.16,C3H6O3,M-H,N/A,N/A,N/A,N/A,89.0244,89.0244,.1580 (ppm),0,0,N/A,Manual,True,False,N/A,N/A,N/A,,,Pass,N/A,N/A,N/A,N/A,Confirmed,N/A,N/A,N/A,N/A,,,,,,,,602.36,N/A,1357264423.67,,
lactic_acid,5.76,Target Compound,20240709_QE2_HILIC_BCSCuAOXq2d_AYW1141,12,Processed,T1,4BC,Unknown,,B:B4,,,33464981,954582114,5.93,0.17,C3H6O3,M-H,N/A,N/A,N/A,N/A,89.0244,89.0244,-.0991 (ppm),0,0,N/A,Method,True,False,N/A,N/A,N/A,,,Pass,N/A,N/A,N/A,N/A,Confirmed,N/A,N/A,N/A,N/A,,,,,,,,INF,N/A,1357264423.67,,
lactic_acid,5.76,Target Compound,20240709_QE2_HILIC_BCSCuAOXq2d_AYW1142,13,Processed,T1,5RV,Unknown,,B:B5,,,35769890,1060122617,5.98,0.22,C3H6O3,M-H,N/A,N/A,N/A,N/A,89.0244,89.0244,.3294 (ppm),0,0,N/A,Method,True,False,N/A,N/A,N/A,,,Pass,N/A,N/A,N/A,N/A,Confirmed,N/A,N/A,N/A,N/A,,,,,,,,INF,N/A,1030751831.60,N/A,
lactic_acid,5.76,Target Compound,20240709_QE2_HILIC_BCSCuAOXq2d_AYW1143,14,Processed,T1,5RV,Unknown,,B:B6,,,25172871,777330305,5.96,0.20,C3H6O3,M-H,N/A,N/A,N/A,N/A,89.0244,89.0244,.0723 (ppm),0,0,N/A,Method,True,False,N/A,N/A,N/A,,,Pass,N/A,N/A,N/A,N/A,Confirmed,N/A,N/A,N/A,N/A,,,,,,,,INF,N/A,1030751831.60,,
lactic_acid,5.76,Target Compound,20240709_QE2_HILIC_BCSCuAOXq2d_AYW1144,15,Processed,T1,5RV,Unknown,,B:B7,,,33008663,1254802573,5.89,0.13,C3H6O3,M-H,N/A,N/A,N/A,N/A,89.0244,89.0244,.2437 (ppm),0,0,N/A,Manual,True,False,N/A,N/A,N/A,,,Pass,N/A,N/A,N/A,N/A,Confirmed,N/A,N/A,N/A,N/A,,,,,,,,314.12,N/A,1030751831.60,,
lactic_acid,5.76,Target Compound,20240709_QE2_HILIC_BCSCuAOXq2d_AYW1145,16,Processed,T1,6RB,Unknown,,B:B8,,,105433609,2552463599,5.91,0.15,C3H6O3,M-H,N/A,N/A,N/A,N/A,89.0244,89.0244,.2437 (ppm),0,0,N/A,Method,True,False,N/A,N/A,N/A,,,Pass,N/A,N/A,N/A,N/A,Confirmed,N/A,N/A,N/A,N/A,,,,,,,,INF,N/A,1991938526.63,,
lactic_acid,5.76,Target Compound,20240709_QE2_HILIC_BCSCuAOXq2d_AYW1146,17,Processed,T1,6RB,Unknown,,B:B9,,,48380044,1838911081,5.92,0.16,C3H6O3,M-H,N/A,N/A,N/A,N/A,89.0244,89.0244,.3294 (ppm),0,0,N/A,Manual,True,False,N/A,N/A,N/A,,,Pass,N/A,N/A,N/A,N/A,Confirmed,N/A,N/A,N/A,N/A,,,,,,,,542.95,N/A,1991938526.63,,
lactic_acid,5.76,Target Compound,20240709_QE2_HILIC_BCSCuAOXq2d_AYW1147,18,Processed,T1,6RB,Unknown,,B:C1,,,38292952,1584440900,5.87,0.11,C3H6O3,M-H,N/A,N/A,N/A,N/A,89.0244,89.0244,.4151 (ppm),0,0,N/A,Manual,True,False,N/A,N/A,N/A,,,Pass,N/A,N/A,N/A,N/A,Confirmed,N/A,N/A,N/A,N/A,,,,,,,,389.19,N/A,1991938526.63,,
lactic_acid,5.76,Target Compound,20240709_QE2_HILIC_BCSCuAOXq2d_AYW1148,19,Processed,T1,7RV,Unknown,,B:C2,,,16752034,385258267,5.94,0.18,C3H6O3,M-H,N/A,N/A,N/A,N/A,89.0244,89.0244,.0723 (ppm),0,0,N/A,Method,True,False,N/A,N/A,N/A,,,Pass,N/A,N/A,N/A,N/A,Confirmed,N/A,N/A,N/A,N/A,,,,,,,,INF,N/A,672669194.92,,
lactic_acid,5.76,Target Compound,20240709_QE2_HILIC_BCSCuAOXq2d_AYW1149,20,Processed,T1,7RV,Unknown,,B:C3,,,35656003,949697193,5.91,0.15,C3H6O3,M-H,N/A,N/A,N/A,N/A,89.0244,89.0244,.1580 (ppm),0,0,N/A,Method,True,False,N/A,N/A,N/A,,,Pass,N/A,N/A,N/A,N/A,Confirmed,N/A,N/A,N/A,N/A,,,,,,,,INF,N/A,672669194.92,,
lactic_acid,5.76,Target Compound,20240709_QE2_HILIC_BCSCuAOXq2d_AYW1150,21,Processed,T1,7RV,Unknown,,B:C4,,,20091796,683052125,5.84,0.08,C3H6O3,M-H,N/A,N/A,N/A,N/A,89.0244,89.0244,.1580 (ppm),0,0,N/A,Method,True,False,N/A,N/A,N/A,,,Pass,N/A,N/A,N/A,N/A,Confirmed,N/A,N/A,N/A,N/A,,,,,,,,INF,N/A,672669194.92,,
lactic_acid,5.76,Target Compound,20240709_QE2_HILIC_BCSCuAOXq2d_AYW1151,22,Processed,T1,8RB,Unknown,,B:C5,,,46831858,1632437390,5.87,0.11,C3H6O3,M-H,N/A,N/A,N/A,N/A,89.0244,89.0244,.0723 (ppm),0,0,N/A,Manual,True,False,N/A,N/A,N/A,,,Pass,N/A,N/A,N/A,N/A,Confirmed,N/A,N/A,N/A,N/A,,,,,,,,652.54,N/A,1370957862.50,,
lactic_acid,5.76,Target Compound,20240709_QE2_HILIC_BCSCuAOXq2d_AYW1152,23,Processed,T1,8RB,Unknown,,B:C6,,,22990127,832509814,5.89,0.13,C3H6O3,M-H,N/A,N/A,N/A,N/A,89.0244,89.0244,.1580 (ppm),0,0,N/A,Manual,True,False,N/A,N/A,N/A,,,Pass,N/A,N/A,N/A,N/A,Confirmed,N/A,N/A,N/A,N/A,,,,,,,,394.93,N/A,1370957862.50,,
lactic_acid,5.76,Target Compound,20240709_QE2_HILIC_BCSCuAOXq2d_AYW1153,24,Processed,T1,8RB,Unknown,,B:C7,,,58326169,1647926384,5.91,0.15,C3H6O3,M-H,N/A,N/A,N/A,N/A,89.0244,89.0244,.2437 (ppm),0,0,N/A,Method,True,False,N/A,N/A,N/A,,,Pass,N/A,N/A,N/A,N/A,Confirmed,N/A,N/A,N/A,N/A,,,,,,,,INF,N/A,1370957862.50,,
lactic_acid,5.76,Target Compound,20240709_QE2_HILIC_BCSCuAOXq2d_AYW1154_pool1xa,25,Processed,T1,pool1x,Unknown,,B:C8,,,32807829,867122507,5.88,0.12,C3H6O3,M-H,N/A,N/A,N/A,N/A,89.0244,89.0244,-.0991 (ppm),0,0,N/A,Method,True,False,N/A,N/A,N/A,,,Pass,N/A,N/A,N/A,N/A,Confirmed,N/A,N/A,N/A,N/A,,,,,,,,INF,N/A,959234764.33,,
lactic_acid,5.76,Target Compound,20240709_QE2_HILIC_BCSCuAOXq2d_AYW1154_pool1xb,26,Processed,T1,pool1x,Unknown,,B:C8,,,51781076,1113857522,5.92,0.16,C3H6O3,M-H,N/A,N/A,N/A,N/A,89.0244,89.0244,-.2705 (ppm),0,0,N/A,Method,True,False,N/A,N/A,N/A,,,Pass,N/A,N/A,N/A,N/A,Confirmed,N/A,N/A,N/A,N/A,,,,,,,,INF,N/A,959234764.33,,
lactic_acid,5.76,Target Compound,20240709_QE2_HILIC_BCSCuAOXq2d_AYW1154_pool1xc,27,Processed,T1,pool1x,Unknown,,B:C8,,,45416153,1270526731,5.93,0.17,C3H6O3,M-H,N/A,N/A,N/A,N/A,89.0244,89.0245,.6722 (ppm),0,0,N/A,Method,True,False,N/A,N/A,N/A,,,Pass,N/A,N/A,N/A,N/A,Confirmed,N/A,N/A,N/A,N/A,,,,,,,,INF,N/A,959234764.33,,
lactic_acid,5.76,Target Compound,20240709_QE2_HILIC_BCSCuAOXq2d_AYW1154_pool1xd,28,Processed,T1,pool1x,Unknown,,B:C8,,,21016271,585432298,5.89,0.13,C3H6O3,M-H,N/A,N/A,N/A,N/A,89.0244,89.0244,-.0134 (ppm),0,0,N/A,Method,True,False,N/A,N/A,N/A,,,Pass,N/A,N/A,N/A,N/A,Confirmed,N/A,N/A,N/A,N/A,,,,,,,,INF,N/A,959234764.33,,
lactic_acid,5.76,Target Compound,20240709_QE2_HILIC_BCSCuAOXq2d_AYW1155_pool033xa,29,Processed,T1,pool033x,Unknown,,B:C9,,,14029626,487802497,5.67,-0.09,C3H6O3,M-H,N/A,N/A,N/A,N/A,89.0244,89.0244,.4151 (ppm),0,0,N/A,Method,True,False,N/A,N/A,N/A,,,Pass,N/A,N/A,N/A,N/A,Confirmed,N/A,N/A,N/A,N/A,,,,,,,,INF,N/A,531186303.99,,
lactic_acid,5.76,Target Compound,20240709_QE2_HILIC_BCSCuAOXq2d_AYW1155_pool033xb,30,Processed,T1,pool033x,Unknown,,B:C9,,,17118943,619405210,5.6,-0.16,C3H6O3,M-H,N/A,N/A,N/A,N/A,89.0244,89.0244,-.0991 (ppm),0,0,N/A,Method,True,False,N/A,N/A,N/A,,,Pass,N/A,N/A,N/A,N/A,Confirmed,N/A,N/A,N/A,N/A,,,,,,,,INF,N/A,531186303.99,,
lactic_acid,5.76,Target Compound,20240709_QE2_HILIC_BCSCuAOXq2d_AYW1155_pool033xc,31,Processed,T1,pool033x,Unknown,,B:C9,,,18085111,667202639,5.57,-0.19,C3H6O3,M-H,N/A,N/A,N/A,N/A,89.0244,89.0245,.9293 (ppm),0,0,N/A,Method,True,False,N/A,N/A,N/A,,,Pass,N/A,N/A,N/A,N/A,Confirmed,N/A,N/A,N/A,N/A,,,,,,,,INF,N/A,531186303.99,,
lactic_acid,5.76,Target Compound,20240709_QE2_HILIC_BCSCuAOXq2d_AYW1155_pool033xd,32,Processed,T1,pool033x,Unknown,,B:C9,,,9469579,350334871,5.6,-0.16,C3H6O3,M-H,N/A,N/A,N/A,N/A,89.0244,89.0245,.6722 (ppm),0,0,N/A,Method,True,False,N/A,N/A,N/A,,,Pass,N/A,N/A,N/A,N/A,Confirmed,N/A,N/A,N/A,N/A,,,,,,,,INF,N/A,531186303.99,,
lactic_acid,5.76,Target Compound,20240709_QE2_HILIC_BCSCuAOXq2d_AYW1156_pool01xa,33,Processed,T1,pool01x,Unknown,,B:D1,,,7118721,219924809,5.28,-0.48,C3H6O3,M-H,N/A,N/A,N/A,N/A,89.0244,89.0244,.5008 (ppm),0,0,N/A,Manual,True,False,N/A,N/A,N/A,,,Pass,N/A,N/A,N/A,N/A,Confirmed,N/A,N/A,N/A,N/A,,,,,,,,117.53,N/A,207233408.05,,
lactic_acid,5.76,Target Compound,20240709_QE2_HILIC_BCSCuAOXq2d_AYW1156_pool01xb,34,Processed,T1,pool01x,Unknown,,B:D1,,,7473689,228091433,5.22,-0.54,C3H6O3,M-H,N/A,N/A,N/A,N/A,89.0244,89.0244,.1580 (ppm),0,0,N/A,Manual,True,False,N/A,N/A,N/A,,,Pass,N/A,N/A,N/A,N/A,Confirmed,N/A,N/A,N/A,N/A,,,,,,,,183.24,N/A,207233408.05,,
lactic_acid,5.76,Target Compound,20240709_QE2_HILIC_BCSCuAOXq2d_AYW1156_pool01xc,35,Processed,T1,pool01x,Unknown,,B:D1,,,7898987,239898771,5.2,-0.56,C3H6O3,M-H,N/A,N/A,N/A,N/A,89.0244,89.0245,.9293 (ppm),0,0,N/A,Manual,True,False,N/A,N/A,N/A,,,Pass,N/A,N/A,N/A,N/A,Confirmed,N/A,N/A,N/A,N/A,,,,,,,,147.61,N/A,207233408.05,,
lactic_acid,5.76,Target Compound,20240709_QE2_HILIC_BCSCuAOXq2d_AYW1156_pool01xd,36,Processed,T1,pool01x,Unknown,,B:D1,,,4743161,141018619,5.18,-0.58,C3H6O3,M-H,N/A,N/A,N/A,N/A,89.0244,89.0244,.3294 (ppm),0,0,N/A,Manual,True,False,N/A,N/A,N/A,,,Pass,N/A,N/A,N/A,N/A,Confirmed,N/A,N/A,N/A,N/A,,,,,,,,142.07,N/A,207233408.05,,
lactic_acid,5.76,Target Compound,20240709_QE2_HILIC_BCSCuAOXq2d_blank1,37,Processed,T1,,Unknown,,B:A1,,,N/F,N/F,N/F,N/F,C3H6O3,N/A,N/F,N/A,N/F,N/A,89.0244,N/F,N/F,N/F,0,N/A,Method,True,False,N/A,N/A,N/A,,,Fail,N/A,N/A,N/A,N/A,NotFound,N/A,N/A,N/A,N/A,,,,,,,,N/A,N/A,1.00,,
lactic_acid,5.76,Target Compound,20240709_QE2_HILIC_BCSCuAOXq2d_blank1_20240710111342,38,Processed,T1,,Unknown,,B:A1,,,N/F,N/F,N/F,N/F,C3H6O3,N/A,N/F,N/A,N/F,N/A,89.0244,N/F,N/F,N/F,0,N/A,Method,True,False,N/A,N/A,N/A,,,Fail,N/A,N/A,N/A,N/A,NotFound,N/A,N/A,N/A,N/A,,,,,,,,N/A,N/A,1.00,,
lactic_acid,5.76,Target Compound,20240709_QE2_HILIC_BCSCuAOXq2d_blank1_20240710231833,39,Processed,T1,,Unknown,,B:A1,,,N/F,N/F,N/F,N/F,C3H6O3,N/A,N/F,N/A,N/F,N/A,89.0244,N/F,N/F,N/F,0,N/A,Method,True,False,N/A,N/A,N/A,,,Fail,N/A,N/A,N/A,N/A,NotFound,N/A,N/A,N/A,N/A,,,,,,,,N/A,N/A,1.00,,
lactic_acid,5.76,Target Compound,20240709_QE2_HILIC_BCSCuAOXq2d_blank2,40,Processed,T1,,Unknown,,B:A1,,,N/F,N/F,N/F,N/F,C3H6O3,N/A,N/F,N/A,N/F,N/A,89.0244,N/F,N/F,N/F,0,N/A,Method,True,False,N/A,N/A,N/A,,,Fail,N/A,N/A,N/A,N/A,NotFound,N/A,N/A,N/A,N/A,,,,,,,,N/A,N/A,1.00,,
lactic_acid,5.76,Target Compound,20240709_QE2_HILIC_BCSCuAOXq2d_blank2_20240710115054,41,Processed,T1,,Unknown,,B:A1,,,N/F,N/F,N/F,N/F,C3H6O3,N/A,N/F,N/A,N/F,N/A,89.0244,N/F,N/F,N/F,0,N/A,Method,True,False,N/A,N/A,N/A,,,Fail,N/A,N/A,N/A,N/A,NotFound,N/A,N/A,N/A,N/A,,,,,,,,N/A,N/A,1.00,,
lactic_acid,5.76,Target Compound,20240709_QE2_HILIC_BCSCuAOXq2d_blank2_20240710235116,42,Processed,T1,,Unknown,,B:A1,,,N/F,N/F,N/F,N/F,C3H6O3,N/A,N/F,N/A,N/F,N/A,89.0244,N/F,N/F,N/F,0,N/A,Method,True,False,N/A,N/A,N/A,,,Fail,N/A,N/A,N/A,N/A,NotFound,N/A,N/A,N/A,N/A,,,,,,,,N/A,N/A,1.00,,
