﻿Compound,RT,Type,Filename,Batch Order,Status,Peak Label,Group,Sample Type,Level,Sample ID,Sample Name,Comments,Height,Area,Actual RT,RT Delta,Formula,Adduct,Calculated Amt,Theoretical Amt,Sample Amt,Std Add Amount,m/z (Expected),m/z (Apex),m/z (Delta),Response Ratio,ISTD Amt,ISTD Response,Integration Mode,Active,Excluded,%Diff,%RSD,% CV,Channel,Final Units,PK,IR,IP,LS,FI,Confirm,Isotopic Pattern Score (%),Num Isotopes Matched,Lib Match Name,Library Score (%),Library Match Rank,SI/Dot Product,RSI/Rev Dot,Modification,Protein Name,Peptide Sequence,Ion Type,S/N,Ion Ratio,Group Average,Relative RT,Flag Details
leucine-13C6-15N,5.58,Target Compound,20240709_QE2_HILIC_BCSCuAOXq2d_AYW1130,1,Processed,T1,1V,Unknown,,B:A2,,,20018783,345408577,5.76,0.18,[13]C6H13[15]NO2,M+H,N/A,N/A,N/A,N/A,139.1191,139.1192,.6211 (ppm),0,0,N/A,Method,True,False,N/A,N/A,N/A,,,Pass,N/A,N/A,N/A,N/A,Confirmed,N/A,N/A,N/A,N/A,,,,,,,,34881.76,N/A,307005985.46,,
leucine-13C6-15N,5.58,Target Compound,20240709_QE2_HILIC_BCSCuAOXq2d_AYW1131,2,Processed,T1,1V,Unknown,,B:A3,,,18632218,281764605,5.65,0.07,[13]C6H13[15]NO2,M+H,N/A,N/A,N/A,N/A,139.1191,139.1191,.0727 (ppm),0,0,N/A,Method,True,False,N/A,N/A,N/A,,,Pass,N/A,N/A,N/A,N/A,Confirmed,N/A,N/A,N/A,N/A,,,,,,,,223380.67,N/A,307005985.46,,
leucine-13C6-15N,5.58,Target Compound,20240709_QE2_HILIC_BCSCuAOXq2d_AYW1132,3,Processed,T1,1V,Unknown,,B:A4,,,17430574,293844775,5.65,0.07,[13]C6H13[15]NO2,M+H,N/A,N/A,N/A,N/A,139.1191,139.1191,-.1467 (ppm),0,0,N/A,Method,True,False,N/A,N/A,N/A,,,Pass,N/A,N/A,N/A,N/A,Confirmed,N/A,N/A,N/A,N/A,,,,,,,,8970.73,N/A,307005985.46,,
leucine-13C6-15N,5.58,Target Compound,20240709_QE2_HILIC_BCSCuAOXq2d_AYW1133,4,Processed,T1,2B,Unknown,,B:A5,,,16686967,281597632,5.67,0.09,[13]C6H13[15]NO2,M+H,N/A,N/A,N/A,N/A,139.1191,139.1191,.0727 (ppm),0,0,N/A,Method,True,False,N/A,N/A,N/A,,,Pass,N/A,N/A,N/A,N/A,Confirmed,N/A,N/A,N/A,N/A,,,,,,,,10733.30,N/A,341031472.54,,
leucine-13C6-15N,5.58,Target Compound,20240709_QE2_HILIC_BCSCuAOXq2d_AYW1134,5,Processed,T1,2B,Unknown,,B:A6,,,22393083,359009218,5.65,0.07,[13]C6H13[15]NO2,M+H,N/A,N/A,N/A,N/A,139.1191,139.1191,-.2564 (ppm),0,0,N/A,Method,True,False,N/A,N/A,N/A,,,Pass,N/A,N/A,N/A,N/A,Confirmed,N/A,N/A,N/A,N/A,,,,,,,,92909.92,N/A,341031472.54,,
leucine-13C6-15N,5.58,Target Compound,20240709_QE2_HILIC_BCSCuAOXq2d_AYW1135,6,Processed,T1,2B,Unknown,,B:A7,,,22430695,382487567,5.65,0.07,[13]C6H13[15]NO2,M+H,N/A,N/A,N/A,N/A,139.1191,139.1191,.1823 (ppm),0,0,N/A,Method,True,False,N/A,N/A,N/A,,,Pass,N/A,N/A,N/A,N/A,Confirmed,N/A,N/A,N/A,N/A,,,,,,,,523503.70,N/A,341031472.54,,
leucine-13C6-15N,5.58,Target Compound,20240709_QE2_HILIC_BCSCuAOXq2d_AYW1136,7,Processed,T1,3C,Unknown,,B:A8,,,23423878,406800186,5.63,0.05,[13]C6H13[15]NO2,M+H,N/A,N/A,N/A,N/A,139.1191,139.119,-.4758 (ppm),0,0,N/A,Method,True,False,N/A,N/A,N/A,,,Pass,N/A,N/A,N/A,N/A,Confirmed,N/A,N/A,N/A,N/A,,,,,,,,INF,N/A,355455915.49,,
leucine-13C6-15N,5.58,Target Compound,20240709_QE2_HILIC_BCSCuAOXq2d_AYW1137,8,Processed,T1,3C,Unknown,,B:A9,,,22562349,398033630,5.64,0.06,[13]C6H13[15]NO2,M+H,N/A,N/A,N/A,N/A,139.1191,139.119,-.3661 (ppm),0,0,N/A,Method,True,False,N/A,N/A,N/A,,,Pass,N/A,N/A,N/A,N/A,Confirmed,N/A,N/A,N/A,N/A,,,,,,,,INF,N/A,355455915.49,,
leucine-13C6-15N,5.58,Target Compound,20240709_QE2_HILIC_BCSCuAOXq2d_AYW1138,9,Processed,T1,3C,Unknown,,B:B1,,,15185213,261533930,5.64,0.06,[13]C6H13[15]NO2,M+H,N/A,N/A,N/A,N/A,139.1191,139.119,-.6951 (ppm),0,0,N/A,Method,True,False,N/A,N/A,N/A,,,Pass,N/A,N/A,N/A,N/A,Confirmed,N/A,N/A,N/A,N/A,,,,,,,,13255.24,N/A,355455915.49,,
leucine-13C6-15N,5.58,Target Compound,20240709_QE2_HILIC_BCSCuAOXq2d_AYW1139,10,Processed,T1,4BC,Unknown,,B:B2,,,17812773,310511362,5.61,0.03,[13]C6H13[15]NO2,M+H,N/A,N/A,N/A,N/A,139.1191,139.1191,.0727 (ppm),0,0,N/A,Method,True,False,N/A,N/A,N/A,,,Pass,N/A,N/A,N/A,N/A,Confirmed,N/A,N/A,N/A,N/A,,,,,,,,13718.66,N/A,307525086.46,N/A,
leucine-13C6-15N,5.58,Target Compound,20240709_QE2_HILIC_BCSCuAOXq2d_AYW1140,11,Processed,T1,4BC,Unknown,,B:B3,,,15458923,264324332,5.66,0.08,[13]C6H13[15]NO2,M+H,N/A,N/A,N/A,N/A,139.1191,139.119,-.4758 (ppm),0,0,N/A,Method,True,False,N/A,N/A,N/A,,,Pass,N/A,N/A,N/A,N/A,Confirmed,N/A,N/A,N/A,N/A,,,,,,,,25685.11,N/A,307525086.46,,
leucine-13C6-15N,5.58,Target Compound,20240709_QE2_HILIC_BCSCuAOXq2d_AYW1141,12,Processed,T1,4BC,Unknown,,B:B4,,,20246405,347739566,5.67,0.09,[13]C6H13[15]NO2,M+H,N/A,N/A,N/A,N/A,139.1191,139.1191,-.2564 (ppm),0,0,N/A,Method,True,False,N/A,N/A,N/A,,,Pass,N/A,N/A,N/A,N/A,Confirmed,N/A,N/A,N/A,N/A,,,,,,,,274360.25,N/A,307525086.46,,
leucine-13C6-15N,5.58,Target Compound,20240709_QE2_HILIC_BCSCuAOXq2d_AYW1142,13,Processed,T1,5RV,Unknown,,B:B5,,,17956786,302586540,5.68,0.10,[13]C6H13[15]NO2,M+H,N/A,N/A,N/A,N/A,139.1191,139.1191,.0727 (ppm),0,0,N/A,Method,True,False,N/A,N/A,N/A,,,Pass,N/A,N/A,N/A,N/A,Confirmed,N/A,N/A,N/A,N/A,,,,,,,,10455.56,N/A,308821734.98,N/A,
leucine-13C6-15N,5.58,Target Compound,20240709_QE2_HILIC_BCSCuAOXq2d_AYW1143,14,Processed,T1,5RV,Unknown,,B:B6,,,20853163,371887489,5.65,0.07,[13]C6H13[15]NO2,M+H,N/A,N/A,N/A,N/A,139.1191,139.1191,.2920 (ppm),0,0,N/A,Method,True,False,N/A,N/A,N/A,,,Pass,N/A,N/A,N/A,N/A,Confirmed,N/A,N/A,N/A,N/A,,,,,,,,444825.51,N/A,308821734.98,,
leucine-13C6-15N,5.58,Target Compound,20240709_QE2_HILIC_BCSCuAOXq2d_AYW1144,15,Processed,T1,5RV,Unknown,,B:B7,,,14308430,251991176,5.63,0.05,[13]C6H13[15]NO2,M+H,N/A,N/A,N/A,N/A,139.1191,139.1191,.1823 (ppm),0,0,N/A,Method,True,False,N/A,N/A,N/A,,,Pass,N/A,N/A,N/A,N/A,Confirmed,N/A,N/A,N/A,N/A,,,,,,,,86751.90,N/A,308821734.98,,
leucine-13C6-15N,5.58,Target Compound,20240709_QE2_HILIC_BCSCuAOXq2d_AYW1145,16,Processed,T1,6RB,Unknown,,B:B8,,,17572861,313028596,5.66,0.08,[13]C6H13[15]NO2,M+H,N/A,N/A,N/A,N/A,139.1191,139.1191,-.2564 (ppm),0,0,N/A,Method,True,False,N/A,N/A,N/A,,,Pass,N/A,N/A,N/A,N/A,Confirmed,N/A,N/A,N/A,N/A,,,,,,,,INF,N/A,286920456.71,,
leucine-13C6-15N,5.58,Target Compound,20240709_QE2_HILIC_BCSCuAOXq2d_AYW1146,17,Processed,T1,6RB,Unknown,,B:B9,,,15706502,270574942,5.64,0.06,[13]C6H13[15]NO2,M+H,N/A,N/A,N/A,N/A,139.1191,139.1191,-.1467 (ppm),0,0,N/A,Method,True,False,N/A,N/A,N/A,,,Pass,N/A,N/A,N/A,N/A,Confirmed,N/A,N/A,N/A,N/A,,,,,,,,9850.06,N/A,286920456.71,,
leucine-13C6-15N,5.58,Target Compound,20240709_QE2_HILIC_BCSCuAOXq2d_AYW1147,18,Processed,T1,6RB,Unknown,,B:C1,,,13227838,277157832,5.79,0.21,[13]C6H13[15]NO2,M+H,N/A,N/A,N/A,N/A,139.1191,139.1191,-.1467 (ppm),0,0,N/A,Method,True,False,N/A,N/A,N/A,,,Pass,N/A,N/A,N/A,N/A,Confirmed,N/A,N/A,N/A,N/A,,,,,,,,13183.19,N/A,286920456.71,,
leucine-13C6-15N,5.58,Target Compound,20240709_QE2_HILIC_BCSCuAOXq2d_AYW1148,19,Processed,T1,7RV,Unknown,,B:C2,,,13136017,217571965,5.65,0.07,[13]C6H13[15]NO2,M+H,N/A,N/A,N/A,N/A,139.1191,139.119,-.3661 (ppm),0,0,N/A,Method,True,False,N/A,N/A,N/A,,,Pass,N/A,N/A,N/A,N/A,Confirmed,N/A,N/A,N/A,N/A,,,,,,,,INF,N/A,344477061.04,,
leucine-13C6-15N,5.58,Target Compound,20240709_QE2_HILIC_BCSCuAOXq2d_AYW1149,20,Processed,T1,7RV,Unknown,,B:C3,,,21027059,352709952,5.66,0.08,[13]C6H13[15]NO2,M+H,N/A,N/A,N/A,N/A,139.1191,139.119,-.3661 (ppm),0,0,N/A,Method,True,False,N/A,N/A,N/A,,,Pass,N/A,N/A,N/A,N/A,Confirmed,N/A,N/A,N/A,N/A,,,,,,,,INF,N/A,344477061.04,,
leucine-13C6-15N,5.58,Target Compound,20240709_QE2_HILIC_BCSCuAOXq2d_AYW1150,21,Processed,T1,7RV,Unknown,,B:C4,,,21565841,463149266,5.65,0.07,[13]C6H13[15]NO2,M+H,N/A,N/A,N/A,N/A,139.1191,139.1191,-.2564 (ppm),0,0,N/A,Manual,True,False,N/A,N/A,N/A,,,Pass,N/A,N/A,N/A,N/A,Confirmed,N/A,N/A,N/A,N/A,,,,,,,,14541.08,N/A,344477061.04,,
leucine-13C6-15N,5.58,Target Compound,20240709_QE2_HILIC_BCSCuAOXq2d_AYW1151,22,Processed,T1,8RB,Unknown,,B:C5,,,21810545,353114193,5.66,0.08,[13]C6H13[15]NO2,M+H,N/A,N/A,N/A,N/A,139.1191,139.1192,.7307 (ppm),0,0,N/A,Method,True,False,N/A,N/A,N/A,,,Pass,N/A,N/A,N/A,N/A,Confirmed,N/A,N/A,N/A,N/A,,,,,,,,216575.07,N/A,297773796.50,,
leucine-13C6-15N,5.58,Target Compound,20240709_QE2_HILIC_BCSCuAOXq2d_AYW1152,23,Processed,T1,8RB,Unknown,,B:C6,,,10886254,168750322,5.63,0.05,[13]C6H13[15]NO2,M+H,N/A,N/A,N/A,N/A,139.1191,139.1191,.1823 (ppm),0,0,N/A,Method,True,False,N/A,N/A,N/A,,,Pass,N/A,N/A,N/A,N/A,Confirmed,N/A,N/A,N/A,N/A,,,,,,,,INF,N/A,297773796.50,,
leucine-13C6-15N,5.58,Target Compound,20240709_QE2_HILIC_BCSCuAOXq2d_AYW1153,24,Processed,T1,8RB,Unknown,,B:C7,,,22489003,371456874,5.65,0.07,[13]C6H13[15]NO2,M+H,N/A,N/A,N/A,N/A,139.1191,139.1191,-.1467 (ppm),0,0,N/A,Method,True,False,N/A,N/A,N/A,,,Pass,N/A,N/A,N/A,N/A,Confirmed,N/A,N/A,N/A,N/A,,,,,,,,INF,N/A,297773796.50,,
leucine-13C6-15N,5.58,Target Compound,20240709_QE2_HILIC_BCSCuAOXq2d_AYW1154_pool1xa,25,Processed,T1,pool1x,Unknown,,B:C8,,,21001529,353809872,5.67,0.09,[13]C6H13[15]NO2,M+H,N/A,N/A,N/A,N/A,139.1191,139.1191,-.1467 (ppm),0,0,N/A,Method,True,False,N/A,N/A,N/A,,,Pass,N/A,N/A,N/A,N/A,Confirmed,N/A,N/A,N/A,N/A,,,,,,,,INF,N/A,302650126.21,,
leucine-13C6-15N,5.58,Target Compound,20240709_QE2_HILIC_BCSCuAOXq2d_AYW1154_pool1xb,26,Processed,T1,pool1x,Unknown,,B:C8,,,19490812,323066750,5.66,0.08,[13]C6H13[15]NO2,M+H,N/A,N/A,N/A,N/A,139.1191,139.119,-.3661 (ppm),0,0,N/A,Method,True,False,N/A,N/A,N/A,,,Pass,N/A,N/A,N/A,N/A,Confirmed,N/A,N/A,N/A,N/A,,,,,,,,INF,N/A,302650126.21,,
leucine-13C6-15N,5.58,Target Compound,20240709_QE2_HILIC_BCSCuAOXq2d_AYW1154_pool1xc,27,Processed,T1,pool1x,Unknown,,B:C8,,,18691566,327506295,5.65,0.07,[13]C6H13[15]NO2,M+H,N/A,N/A,N/A,N/A,139.1191,139.1192,.7307 (ppm),0,0,N/A,Method,True,False,N/A,N/A,N/A,,,Pass,N/A,N/A,N/A,N/A,Confirmed,N/A,N/A,N/A,N/A,,,,,,,,INF,N/A,302650126.21,,
leucine-13C6-15N,5.58,Target Compound,20240709_QE2_HILIC_BCSCuAOXq2d_AYW1154_pool1xd,28,Processed,T1,pool1x,Unknown,,B:C8,,,12609495,206217588,5.63,0.05,[13]C6H13[15]NO2,M+H,N/A,N/A,N/A,N/A,139.1191,139.1191,-.1467 (ppm),0,0,N/A,Method,True,False,N/A,N/A,N/A,,,Pass,N/A,N/A,N/A,N/A,Confirmed,N/A,N/A,N/A,N/A,,,,,,,,INF,N/A,302650126.21,,
leucine-13C6-15N,5.58,Target Compound,20240709_QE2_HILIC_BCSCuAOXq2d_AYW1155_pool033xa,29,Processed,T1,pool033x,Unknown,,B:C9,,,19760376,378157637,5.59,0.01,[13]C6H13[15]NO2,M+H,N/A,N/A,N/A,N/A,139.1191,139.1191,.2920 (ppm),0,0,N/A,Method,True,False,N/A,N/A,N/A,,,Pass,N/A,N/A,N/A,N/A,Confirmed,N/A,N/A,N/A,N/A,,,,,,,,INF,N/A,312084761.46,,
leucine-13C6-15N,5.58,Target Compound,20240709_QE2_HILIC_BCSCuAOXq2d_AYW1155_pool033xb,30,Processed,T1,pool033x,Unknown,,B:C9,,,17921036,347016249,5.61,0.03,[13]C6H13[15]NO2,M+H,N/A,N/A,N/A,N/A,139.1191,139.1191,-.2564 (ppm),0,0,N/A,Method,True,False,N/A,N/A,N/A,,,Pass,N/A,N/A,N/A,N/A,Confirmed,N/A,N/A,N/A,N/A,,,,,,,,118499.53,N/A,312084761.46,,
leucine-13C6-15N,5.58,Target Compound,20240709_QE2_HILIC_BCSCuAOXq2d_AYW1155_pool033xc,31,Processed,T1,pool033x,Unknown,,B:C9,,,14922123,289701669,5.6,0.02,[13]C6H13[15]NO2,M+H,N/A,N/A,N/A,N/A,139.1191,139.1193,1.2791 (ppm),0,0,N/A,Method,True,False,N/A,N/A,N/A,,,Pass,N/A,N/A,N/A,N/A,Confirmed,N/A,N/A,N/A,N/A,,,,,,,,12036.12,N/A,312084761.46,,
leucine-13C6-15N,5.58,Target Compound,20240709_QE2_HILIC_BCSCuAOXq2d_AYW1155_pool033xd,32,Processed,T1,pool033x,Unknown,,B:C9,,,11734013,233463491,5.58,0.00,[13]C6H13[15]NO2,M+H,N/A,N/A,N/A,N/A,139.1191,139.1192,.9501 (ppm),0,0,N/A,Method,True,False,N/A,N/A,N/A,,,Pass,N/A,N/A,N/A,N/A,Confirmed,N/A,N/A,N/A,N/A,,,,,,,,INF,N/A,312084761.46,,
leucine-13C6-15N,5.58,Target Compound,20240709_QE2_HILIC_BCSCuAOXq2d_AYW1156_pool01xa,33,Processed,T1,pool01x,Unknown,,B:D1,,,4039730,75746708,5.59,0.01,[13]C6H13[15]NO2,M+H,N/A,N/A,N/A,N/A,139.1191,139.1192,.7307 (ppm),0,0,N/A,Method,True,False,N/A,N/A,N/A,,,Pass,N/A,N/A,N/A,N/A,Confirmed,N/A,N/A,N/A,N/A,,,,,,,,INF,N/A,73942490.07,,
leucine-13C6-15N,5.58,Target Compound,20240709_QE2_HILIC_BCSCuAOXq2d_AYW1156_pool01xb,34,Processed,T1,pool01x,Unknown,,B:D1,,,4364636,85302008,5.6,0.02,[13]C6H13[15]NO2,M+H,N/A,N/A,N/A,N/A,139.1191,139.1191,-.1467 (ppm),0,0,N/A,Method,True,False,N/A,N/A,N/A,,,Pass,N/A,N/A,N/A,N/A,Confirmed,N/A,N/A,N/A,N/A,,,,,,,,INF,N/A,73942490.07,,
leucine-13C6-15N,5.58,Target Compound,20240709_QE2_HILIC_BCSCuAOXq2d_AYW1156_pool01xc,35,Processed,T1,pool01x,Unknown,,B:D1,,,3585973,72315654,5.58,0.00,[13]C6H13[15]NO2,M+H,N/A,N/A,N/A,N/A,139.1191,139.1192,.9501 (ppm),0,0,N/A,Method,True,False,N/A,N/A,N/A,,,Pass,N/A,N/A,N/A,N/A,Confirmed,N/A,N/A,N/A,N/A,,,,,,,,INF,N/A,73942490.07,,
leucine-13C6-15N,5.58,Target Compound,20240709_QE2_HILIC_BCSCuAOXq2d_AYW1156_pool01xd,36,Processed,T1,pool01x,Unknown,,B:D1,,,3108137,62405590,5.61,0.03,[13]C6H13[15]NO2,M+H,N/A,N/A,N/A,N/A,139.1191,139.1192,.6211 (ppm),0,0,N/A,Method,True,False,N/A,N/A,N/A,,,Pass,N/A,N/A,N/A,N/A,Confirmed,N/A,N/A,N/A,N/A,,,,,,,,INF,N/A,73942490.07,,
leucine-13C6-15N,5.58,Target Compound,20240709_QE2_HILIC_BCSCuAOXq2d_blank1,37,Processed,T1,,Unknown,,B:A1,,,24795,113554,5.86,0.28,[13]C6H13[15]NO2,M+H,N/A,N/A,N/A,N/A,139.1191,139.1189,-1.2435 (ppm),0,0,N/A,Method,True,False,N/A,N/A,N/A,,,Pass,N/A,N/A,N/A,N/A,Confirmed,N/A,N/A,N/A,N/A,,,,,,,,INF,N/A,75665.91,,
leucine-13C6-15N,5.58,Target Compound,20240709_QE2_HILIC_BCSCuAOXq2d_blank1_20240710111342,38,Processed,T1,,Unknown,,B:A1,,,6726,20676,5.72,0.14,[13]C6H13[15]NO2,M+H,N/A,N/A,N/A,N/A,139.1191,139.1203,8.9569 (ppm),0,0,N/A,Method,True,False,N/A,N/A,N/A,,,Pass,N/A,N/A,N/A,N/A,Confirmed,N/A,N/A,N/A,N/A,,,,,,,,INF,N/A,75665.91,,
leucine-13C6-15N,5.58,Target Compound,20240709_QE2_HILIC_BCSCuAOXq2d_blank1_20240710231833,39,Processed,T1,,Unknown,,B:A1,,,3274,10204,5.55,-0.03,[13]C6H13[15]NO2,M+H,N/A,N/A,N/A,N/A,139.1191,139.1187,-3.2178 (ppm),0,0,N/A,Method,True,False,N/A,N/A,N/A,,,Pass,N/A,N/A,N/A,N/A,Confirmed,N/A,N/A,N/A,N/A,,,,,,,,INF,N/A,75665.91,,
leucine-13C6-15N,5.58,Target Compound,20240709_QE2_HILIC_BCSCuAOXq2d_blank2,40,Processed,T1,,Unknown,,B:A1,,,22748,207694,5.91,0.33,[13]C6H13[15]NO2,M+H,N/A,N/A,N/A,N/A,139.1191,139.1192,.7307 (ppm),0,0,N/A,Method,True,False,N/A,N/A,N/A,,,Pass,N/A,N/A,N/A,N/A,Confirmed,N/A,N/A,N/A,N/A,,,,,,,,INF,N/A,75665.91,,
leucine-13C6-15N,5.58,Target Compound,20240709_QE2_HILIC_BCSCuAOXq2d_blank2_20240710115054,41,Processed,T1,,Unknown,,B:A1,,,10100,47463,5.64,0.06,[13]C6H13[15]NO2,M+H,N/A,N/A,N/A,N/A,139.1191,139.1192,.8404 (ppm),0,0,N/A,Method,True,False,N/A,N/A,N/A,,,Pass,N/A,N/A,N/A,N/A,Confirmed,N/A,N/A,N/A,N/A,,,,,,,,INF,N/A,75665.91,,
leucine-13C6-15N,5.58,Target Compound,20240709_QE2_HILIC_BCSCuAOXq2d_blank2_20240710235116,42,Processed,T1,,Unknown,,B:A1,,,6967,54405,5.6,0.02,[13]C6H13[15]NO2,M+H,N/A,N/A,N/A,N/A,139.1191,139.119,-.6951 (ppm),0,0,N/A,Method,True,False,N/A,N/A,N/A,,,Pass,N/A,N/A,N/A,N/A,Confirmed,N/A,N/A,N/A,N/A,,,,,,,,INF,N/A,75665.91,,
