﻿Compound,RT,Type,Filename,Batch Order,Status,Peak Label,Group,Sample Type,Level,Sample ID,Sample Name,Comments,Height,Area,Actual RT,RT Delta,Formula,Adduct,Calculated Amt,Theoretical Amt,Sample Amt,Std Add Amount,m/z (Expected),m/z (Apex),m/z (Delta),Response Ratio,ISTD Amt,ISTD Response,Integration Mode,Active,Excluded,%Diff,%RSD,% CV,Channel,Final Units,PK,IR,IP,LS,FI,Confirm,Isotopic Pattern Score (%),Num Isotopes Matched,Lib Match Name,Library Score (%),Library Match Rank,SI/Dot Product,RSI/Rev Dot,Modification,Protein Name,Peptide Sequence,Ion Type,S/N,Ion Ratio,Group Average,Relative RT,Flag Details
alanine-13C3-15N,9.02,Target Compound,20240709_QE2_HILIC_BCSCuAOXq2d_AYW1130,1,Processed,T1,1V,Unknown,,B:A2,,,5470957,62657622,8.9,-0.12,[13]C3H7[15]NO2,M+H,N/A,N/A,N/A,N/A,94.0621,94.062,-.7763 (ppm),0,0,N/A,Method,True,False,N/A,N/A,N/A,,,Pass,N/A,N/A,N/A,N/A,Confirmed,N/A,N/A,N/A,N/A,,,,,,,,INF,N/A,60590655.82,,
alanine-13C3-15N,9.02,Target Compound,20240709_QE2_HILIC_BCSCuAOXq2d_AYW1131,2,Processed,T1,1V,Unknown,,B:A3,,,5223573,63231597,8.86,-0.16,[13]C3H7[15]NO2,M+H,N/A,N/A,N/A,N/A,94.0621,94.062,-1.1008 (ppm),0,0,N/A,Method,True,False,N/A,N/A,N/A,,,Pass,N/A,N/A,N/A,N/A,Confirmed,N/A,N/A,N/A,N/A,,,,,,,,INF,N/A,60590655.82,,
alanine-13C3-15N,9.02,Target Compound,20240709_QE2_HILIC_BCSCuAOXq2d_AYW1132,3,Processed,T1,1V,Unknown,,B:A4,,,4881395,55882749,8.88,-0.14,[13]C3H7[15]NO2,M+H,N/A,N/A,N/A,N/A,94.0621,94.062,-1.1008 (ppm),0,0,N/A,Method,True,False,N/A,N/A,N/A,,,Pass,N/A,N/A,N/A,N/A,Confirmed,N/A,N/A,N/A,N/A,,,,,,,,INF,N/A,60590655.82,,
alanine-13C3-15N,9.02,Target Compound,20240709_QE2_HILIC_BCSCuAOXq2d_AYW1133,4,Processed,T1,2B,Unknown,,B:A5,,,4717528,58324155,8.87,-0.15,[13]C3H7[15]NO2,M+H,N/A,N/A,N/A,N/A,94.0621,94.062,-1.1008 (ppm),0,0,N/A,Method,True,False,N/A,N/A,N/A,,,Pass,N/A,N/A,N/A,N/A,Confirmed,N/A,N/A,N/A,N/A,,,,,,,,INF,N/A,64565428.90,,
alanine-13C3-15N,9.02,Target Compound,20240709_QE2_HILIC_BCSCuAOXq2d_AYW1134,5,Processed,T1,2B,Unknown,,B:A6,,,5676217,64349544,8.85,-0.17,[13]C3H7[15]NO2,M+H,N/A,N/A,N/A,N/A,94.0621,94.062,-1.5063 (ppm),0,0,N/A,Method,True,False,N/A,N/A,N/A,,,Pass,N/A,N/A,N/A,N/A,Confirmed,N/A,N/A,N/A,N/A,,,,,,,,INF,N/A,64565428.90,,
alanine-13C3-15N,9.02,Target Compound,20240709_QE2_HILIC_BCSCuAOXq2d_AYW1135,6,Processed,T1,2B,Unknown,,B:A7,,,6137709,71022588,8.85,-0.17,[13]C3H7[15]NO2,M+H,N/A,N/A,N/A,N/A,94.0621,94.062,-1.1819 (ppm),0,0,N/A,Method,True,False,N/A,N/A,N/A,,,Pass,N/A,N/A,N/A,N/A,Confirmed,N/A,N/A,N/A,N/A,,,,,,,,INF,N/A,64565428.90,,
alanine-13C3-15N,9.02,Target Compound,20240709_QE2_HILIC_BCSCuAOXq2d_AYW1136,7,Processed,T1,3C,Unknown,,B:A8,,,5160510,62534034,8.84,-0.18,[13]C3H7[15]NO2,M+H,N/A,N/A,N/A,N/A,94.0621,94.062,-1.3441 (ppm),0,0,N/A,Method,True,False,N/A,N/A,N/A,,,Pass,N/A,N/A,N/A,N/A,Confirmed,N/A,N/A,N/A,N/A,,,,,,,,INF,N/A,64368479.08,,
alanine-13C3-15N,9.02,Target Compound,20240709_QE2_HILIC_BCSCuAOXq2d_AYW1137,8,Processed,T1,3C,Unknown,,B:A9,,,6714109,75674012,8.85,-0.17,[13]C3H7[15]NO2,M+H,N/A,N/A,N/A,N/A,94.0621,94.0619,-1.6685 (ppm),0,0,N/A,Method,True,False,N/A,N/A,N/A,,,Pass,N/A,N/A,N/A,N/A,Confirmed,N/A,N/A,N/A,N/A,,,,,,,,INF,N/A,64368479.08,,
alanine-13C3-15N,9.02,Target Compound,20240709_QE2_HILIC_BCSCuAOXq2d_AYW1138,9,Processed,T1,3C,Unknown,,B:B1,,,4323766,54897391,8.87,-0.15,[13]C3H7[15]NO2,M+H,N/A,N/A,N/A,N/A,94.0621,94.062,-1.3441 (ppm),0,0,N/A,Method,True,False,N/A,N/A,N/A,,,Pass,N/A,N/A,N/A,N/A,Confirmed,N/A,N/A,N/A,N/A,,,,,,,,INF,N/A,64368479.08,,
alanine-13C3-15N,9.02,Target Compound,20240709_QE2_HILIC_BCSCuAOXq2d_AYW1139,10,Processed,T1,4BC,Unknown,,B:B2,,,5464571,62642075,8.88,-0.14,[13]C3H7[15]NO2,M+H,N/A,N/A,N/A,N/A,94.0621,94.062,-1.0197 (ppm),0,0,N/A,Method,True,False,N/A,N/A,N/A,,,Pass,N/A,N/A,N/A,N/A,Confirmed,N/A,N/A,N/A,N/A,,,,,,,,INF,N/A,61956697.11,N/A,
alanine-13C3-15N,9.02,Target Compound,20240709_QE2_HILIC_BCSCuAOXq2d_AYW1140,11,Processed,T1,4BC,Unknown,,B:B3,,,4905807,57112464,8.86,-0.16,[13]C3H7[15]NO2,M+H,N/A,N/A,N/A,N/A,94.0621,94.0619,-1.6685 (ppm),0,0,N/A,Method,True,False,N/A,N/A,N/A,,,Pass,N/A,N/A,N/A,N/A,Confirmed,N/A,N/A,N/A,N/A,,,,,,,,INF,N/A,61956697.11,,
alanine-13C3-15N,9.02,Target Compound,20240709_QE2_HILIC_BCSCuAOXq2d_AYW1141,12,Processed,T1,4BC,Unknown,,B:B4,,,5309781,66115553,8.86,-0.16,[13]C3H7[15]NO2,M+H,N/A,N/A,N/A,N/A,94.0621,94.062,-.9385 (ppm),0,0,N/A,Method,True,False,N/A,N/A,N/A,,,Pass,N/A,N/A,N/A,N/A,Confirmed,N/A,N/A,N/A,N/A,,,,,,,,INF,N/A,61956697.11,,
alanine-13C3-15N,9.02,Target Compound,20240709_QE2_HILIC_BCSCuAOXq2d_AYW1142,13,Processed,T1,5RV,Unknown,,B:B5,,,4819268,56006648,8.88,-0.14,[13]C3H7[15]NO2,M+H,N/A,N/A,N/A,N/A,94.0621,94.062,-.6141 (ppm),0,0,N/A,Method,True,False,N/A,N/A,N/A,,,Pass,N/A,N/A,N/A,N/A,Confirmed,N/A,N/A,N/A,N/A,,,,,,,,INF,N/A,60927133.98,N/A,
alanine-13C3-15N,9.02,Target Compound,20240709_QE2_HILIC_BCSCuAOXq2d_AYW1143,14,Processed,T1,5RV,Unknown,,B:B6,,,6069753,71729189,8.86,-0.16,[13]C3H7[15]NO2,M+H,N/A,N/A,N/A,N/A,94.0621,94.062,-.8574 (ppm),0,0,N/A,Method,True,False,N/A,N/A,N/A,,,Pass,N/A,N/A,N/A,N/A,Confirmed,N/A,N/A,N/A,N/A,,,,,,,,INF,N/A,60927133.98,,
alanine-13C3-15N,9.02,Target Compound,20240709_QE2_HILIC_BCSCuAOXq2d_AYW1144,15,Processed,T1,5RV,Unknown,,B:B7,,,4607273,55045565,8.86,-0.16,[13]C3H7[15]NO2,M+H,N/A,N/A,N/A,N/A,94.0621,94.062,-.9385 (ppm),0,0,N/A,Method,True,False,N/A,N/A,N/A,,,Pass,N/A,N/A,N/A,N/A,Confirmed,N/A,N/A,N/A,N/A,,,,,,,,INF,N/A,60927133.98,,
alanine-13C3-15N,9.02,Target Compound,20240709_QE2_HILIC_BCSCuAOXq2d_AYW1145,16,Processed,T1,6RB,Unknown,,B:B8,,,4693882,58406135,8.88,-0.14,[13]C3H7[15]NO2,M+H,N/A,N/A,N/A,N/A,94.0621,94.062,-.5330 (ppm),0,0,N/A,Method,True,False,N/A,N/A,N/A,,,Pass,N/A,N/A,N/A,N/A,Confirmed,N/A,N/A,N/A,N/A,,,,,,,,INF,N/A,55222037.41,,
alanine-13C3-15N,9.02,Target Compound,20240709_QE2_HILIC_BCSCuAOXq2d_AYW1146,17,Processed,T1,6RB,Unknown,,B:B9,,,4435924,57219532,8.83,-0.19,[13]C3H7[15]NO2,M+H,N/A,N/A,N/A,N/A,94.0621,94.062,-.7763 (ppm),0,0,N/A,Method,True,False,N/A,N/A,N/A,,,Pass,N/A,N/A,N/A,N/A,Confirmed,N/A,N/A,N/A,N/A,,,,,,,,INF,N/A,55222037.41,,
alanine-13C3-15N,9.02,Target Compound,20240709_QE2_HILIC_BCSCuAOXq2d_AYW1147,18,Processed,T1,6RB,Unknown,,B:C1,,,4321970,50040445,8.88,-0.14,[13]C3H7[15]NO2,M+H,N/A,N/A,N/A,N/A,94.0621,94.062,-.9385 (ppm),0,0,N/A,Method,True,False,N/A,N/A,N/A,,,Pass,N/A,N/A,N/A,N/A,Confirmed,N/A,N/A,N/A,N/A,,,,,,,,INF,N/A,55222037.41,,
alanine-13C3-15N,9.02,Target Compound,20240709_QE2_HILIC_BCSCuAOXq2d_AYW1148,19,Processed,T1,7RV,Unknown,,B:C2,,,3445586,39482624,8.87,-0.15,[13]C3H7[15]NO2,M+H,N/A,N/A,N/A,N/A,94.0621,94.062,-1.1008 (ppm),0,0,N/A,Method,True,False,N/A,N/A,N/A,,,Pass,N/A,N/A,N/A,N/A,Confirmed,N/A,N/A,N/A,N/A,,,,,,,,INF,N/A,52323472.01,,
alanine-13C3-15N,9.02,Target Compound,20240709_QE2_HILIC_BCSCuAOXq2d_AYW1149,20,Processed,T1,7RV,Unknown,,B:C3,,,5069439,57823301,8.84,-0.18,[13]C3H7[15]NO2,M+H,N/A,N/A,N/A,N/A,94.0621,94.062,-1.0197 (ppm),0,0,N/A,Method,True,False,N/A,N/A,N/A,,,Pass,N/A,N/A,N/A,N/A,Confirmed,N/A,N/A,N/A,N/A,,,,,,,,INF,N/A,52323472.01,,
alanine-13C3-15N,9.02,Target Compound,20240709_QE2_HILIC_BCSCuAOXq2d_AYW1150,21,Processed,T1,7RV,Unknown,,B:C4,,,5476362,59664491,8.84,-0.18,[13]C3H7[15]NO2,M+H,N/A,N/A,N/A,N/A,94.0621,94.062,-1.1008 (ppm),0,0,N/A,Method,True,False,N/A,N/A,N/A,,,Pass,N/A,N/A,N/A,N/A,Confirmed,N/A,N/A,N/A,N/A,,,,,,,,INF,N/A,52323472.01,,
alanine-13C3-15N,9.02,Target Compound,20240709_QE2_HILIC_BCSCuAOXq2d_AYW1151,22,Processed,T1,8RB,Unknown,,B:C5,,,6326180,74723831,8.88,-0.14,[13]C3H7[15]NO2,M+H,N/A,N/A,N/A,N/A,94.0621,94.062,-.7763 (ppm),0,0,N/A,Method,True,False,N/A,N/A,N/A,,,Pass,N/A,N/A,N/A,N/A,Confirmed,N/A,N/A,N/A,N/A,,,,,,,,INF,N/A,61153335.92,,
alanine-13C3-15N,9.02,Target Compound,20240709_QE2_HILIC_BCSCuAOXq2d_AYW1152,23,Processed,T1,8RB,Unknown,,B:C6,,,3287337,38460428,8.85,-0.17,[13]C3H7[15]NO2,M+H,N/A,N/A,N/A,N/A,94.0621,94.062,-1.0197 (ppm),0,0,N/A,Method,True,False,N/A,N/A,N/A,,,Pass,N/A,N/A,N/A,N/A,Confirmed,N/A,N/A,N/A,N/A,,,,,,,,INF,N/A,61153335.92,,
alanine-13C3-15N,9.02,Target Compound,20240709_QE2_HILIC_BCSCuAOXq2d_AYW1153,24,Processed,T1,8RB,Unknown,,B:C7,,,5758881,70275749,8.83,-0.19,[13]C3H7[15]NO2,M+H,N/A,N/A,N/A,N/A,94.0621,94.0619,-1.6685 (ppm),0,0,N/A,Method,True,False,N/A,N/A,N/A,,,Pass,N/A,N/A,N/A,N/A,Confirmed,N/A,N/A,N/A,N/A,,,,,,,,INF,N/A,61153335.92,,
alanine-13C3-15N,9.02,Target Compound,20240709_QE2_HILIC_BCSCuAOXq2d_AYW1154_pool1xa,25,Processed,T1,pool1x,Unknown,,B:C8,,,4776581,54176358,8.85,-0.17,[13]C3H7[15]NO2,M+H,N/A,N/A,N/A,N/A,94.0621,94.062,-.9385 (ppm),0,0,N/A,Method,True,False,N/A,N/A,N/A,,,Pass,N/A,N/A,N/A,N/A,Confirmed,N/A,N/A,N/A,N/A,,,,,,,,INF,N/A,53980447.74,,
alanine-13C3-15N,9.02,Target Compound,20240709_QE2_HILIC_BCSCuAOXq2d_AYW1154_pool1xb,26,Processed,T1,pool1x,Unknown,,B:C8,,,5398021,60767518,8.9,-0.12,[13]C3H7[15]NO2,M+H,N/A,N/A,N/A,N/A,94.0621,94.0619,-1.8308 (ppm),0,0,N/A,Method,True,False,N/A,N/A,N/A,,,Pass,N/A,N/A,N/A,N/A,Confirmed,N/A,N/A,N/A,N/A,,,,,,,,INF,N/A,53980447.74,,
alanine-13C3-15N,9.02,Target Compound,20240709_QE2_HILIC_BCSCuAOXq2d_AYW1154_pool1xc,27,Processed,T1,pool1x,Unknown,,B:C8,,,5156164,62460590,8.86,-0.16,[13]C3H7[15]NO2,M+H,N/A,N/A,N/A,N/A,94.0621,94.062,-.7763 (ppm),0,0,N/A,Method,True,False,N/A,N/A,N/A,,,Pass,N/A,N/A,N/A,N/A,Confirmed,N/A,N/A,N/A,N/A,,,,,,,,INF,N/A,53980447.74,,
alanine-13C3-15N,9.02,Target Compound,20240709_QE2_HILIC_BCSCuAOXq2d_AYW1154_pool1xd,28,Processed,T1,pool1x,Unknown,,B:C8,,,3691946,38517325,8.85,-0.17,[13]C3H7[15]NO2,M+H,N/A,N/A,N/A,N/A,94.0621,94.062,-1.5063 (ppm),0,0,N/A,Method,True,False,N/A,N/A,N/A,,,Pass,N/A,N/A,N/A,N/A,Confirmed,N/A,N/A,N/A,N/A,,,,,,,,INF,N/A,53980447.74,,
alanine-13C3-15N,9.02,Target Compound,20240709_QE2_HILIC_BCSCuAOXq2d_AYW1155_pool033xa,29,Processed,T1,pool033x,Unknown,,B:C9,,,2239778,24973342,8.84,-0.18,[13]C3H7[15]NO2,M+H,N/A,N/A,N/A,N/A,94.0621,94.062,-.7763 (ppm),0,0,N/A,Method,True,False,N/A,N/A,N/A,,,Pass,N/A,N/A,N/A,N/A,Confirmed,N/A,N/A,N/A,N/A,,,,,,,,INF,N/A,23854560.94,,
alanine-13C3-15N,9.02,Target Compound,20240709_QE2_HILIC_BCSCuAOXq2d_AYW1155_pool033xb,30,Processed,T1,pool033x,Unknown,,B:C9,,,2503790,28921044,8.84,-0.18,[13]C3H7[15]NO2,M+H,N/A,N/A,N/A,N/A,94.0621,94.062,-1.5063 (ppm),0,0,N/A,Method,True,False,N/A,N/A,N/A,,,Pass,N/A,N/A,N/A,N/A,Confirmed,N/A,N/A,N/A,N/A,,,,,,,,INF,N/A,23854560.94,,
alanine-13C3-15N,9.02,Target Compound,20240709_QE2_HILIC_BCSCuAOXq2d_AYW1155_pool033xc,31,Processed,T1,pool033x,Unknown,,B:C9,,,2205016,24770619,8.85,-0.17,[13]C3H7[15]NO2,M+H,N/A,N/A,N/A,N/A,94.0621,94.062,-.5330 (ppm),0,0,N/A,Method,True,False,N/A,N/A,N/A,,,Pass,N/A,N/A,N/A,N/A,Confirmed,N/A,N/A,N/A,N/A,,,,,,,,INF,N/A,23854560.94,,
alanine-13C3-15N,9.02,Target Compound,20240709_QE2_HILIC_BCSCuAOXq2d_AYW1155_pool033xd,32,Processed,T1,pool033x,Unknown,,B:C9,,,1508552,16753239,8.84,-0.18,[13]C3H7[15]NO2,M+H,N/A,N/A,N/A,N/A,94.0621,94.062,-.9385 (ppm),0,0,N/A,Method,True,False,N/A,N/A,N/A,,,Pass,N/A,N/A,N/A,N/A,Confirmed,N/A,N/A,N/A,N/A,,,,,,,,INF,N/A,23854560.94,,
alanine-13C3-15N,9.02,Target Compound,20240709_QE2_HILIC_BCSCuAOXq2d_AYW1156_pool01xa,33,Processed,T1,pool01x,Unknown,,B:D1,,,754674,7651212,8.81,-0.21,[13]C3H7[15]NO2,M+H,N/A,N/A,N/A,N/A,94.0621,94.062,-.8574 (ppm),0,0,N/A,Method,True,False,N/A,N/A,N/A,,,Pass,N/A,N/A,N/A,N/A,Confirmed,N/A,N/A,N/A,N/A,,,,,,,,INF,N/A,8597603.58,,
alanine-13C3-15N,9.02,Target Compound,20240709_QE2_HILIC_BCSCuAOXq2d_AYW1156_pool01xb,34,Processed,T1,pool01x,Unknown,,B:D1,,,1104691,11858715,8.82,-0.20,[13]C3H7[15]NO2,M+H,N/A,N/A,N/A,N/A,94.0621,94.062,-1.4252 (ppm),0,0,N/A,Method,True,False,N/A,N/A,N/A,,,Pass,N/A,N/A,N/A,N/A,Confirmed,N/A,N/A,N/A,N/A,,,,,,,,INF,N/A,8597603.58,,
alanine-13C3-15N,9.02,Target Compound,20240709_QE2_HILIC_BCSCuAOXq2d_AYW1156_pool01xc,35,Processed,T1,pool01x,Unknown,,B:D1,,,719362,8338041,8.81,-0.21,[13]C3H7[15]NO2,M+H,N/A,N/A,N/A,N/A,94.0621,94.0621,-.2086 (ppm),0,0,N/A,Method,True,False,N/A,N/A,N/A,,,Pass,N/A,N/A,N/A,N/A,Confirmed,N/A,N/A,N/A,N/A,,,,,,,,INF,N/A,8597603.58,,
alanine-13C3-15N,9.02,Target Compound,20240709_QE2_HILIC_BCSCuAOXq2d_AYW1156_pool01xd,36,Processed,T1,pool01x,Unknown,,B:D1,,,654829,6542446,8.81,-0.21,[13]C3H7[15]NO2,M+H,N/A,N/A,N/A,N/A,94.0621,94.062,-1.2630 (ppm),0,0,N/A,Method,True,False,N/A,N/A,N/A,,,Pass,N/A,N/A,N/A,N/A,Confirmed,N/A,N/A,N/A,N/A,,,,,,,,INF,N/A,8597603.58,,
alanine-13C3-15N,9.02,Target Compound,20240709_QE2_HILIC_BCSCuAOXq2d_blank1,37,Processed,T1,,Unknown,,B:A1,,,N/F,N/F,N/F,N/F,[13]C3H7[15]NO2,N/A,N/F,N/A,N/F,N/A,94.0621,N/F,N/F,N/F,0,N/A,Method,True,False,N/A,N/A,N/A,,,Fail,N/A,N/A,N/A,N/A,NotFound,N/A,N/A,N/A,N/A,,,,,,,,N/A,N/A,1.00,,
alanine-13C3-15N,9.02,Target Compound,20240709_QE2_HILIC_BCSCuAOXq2d_blank1_20240710111342,38,Processed,T1,,Unknown,,B:A1,,,N/F,N/F,N/F,N/F,[13]C3H7[15]NO2,N/A,N/F,N/A,N/F,N/A,94.0621,N/F,N/F,N/F,0,N/A,Method,True,False,N/A,N/A,N/A,,,Fail,N/A,N/A,N/A,N/A,NotFound,N/A,N/A,N/A,N/A,,,,,,,,N/A,N/A,1.00,,
alanine-13C3-15N,9.02,Target Compound,20240709_QE2_HILIC_BCSCuAOXq2d_blank1_20240710231833,39,Processed,T1,,Unknown,,B:A1,,,N/F,N/F,N/F,N/F,[13]C3H7[15]NO2,N/A,N/F,N/A,N/F,N/A,94.0621,N/F,N/F,N/F,0,N/A,Method,True,False,N/A,N/A,N/A,,,Fail,N/A,N/A,N/A,N/A,NotFound,N/A,N/A,N/A,N/A,,,,,,,,N/A,N/A,1.00,,
alanine-13C3-15N,9.02,Target Compound,20240709_QE2_HILIC_BCSCuAOXq2d_blank2,40,Processed,T1,,Unknown,,B:A1,,,N/F,N/F,N/F,N/F,[13]C3H7[15]NO2,N/A,N/F,N/A,N/F,N/A,94.0621,N/F,N/F,N/F,0,N/A,Method,True,False,N/A,N/A,N/A,,,Fail,N/A,N/A,N/A,N/A,NotFound,N/A,N/A,N/A,N/A,,,,,,,,N/A,N/A,1.00,,
alanine-13C3-15N,9.02,Target Compound,20240709_QE2_HILIC_BCSCuAOXq2d_blank2_20240710115054,41,Processed,T1,,Unknown,,B:A1,,,N/F,N/F,N/F,N/F,[13]C3H7[15]NO2,N/A,N/F,N/A,N/F,N/A,94.0621,N/F,N/F,N/F,0,N/A,Method,True,False,N/A,N/A,N/A,,,Fail,N/A,N/A,N/A,N/A,NotFound,N/A,N/A,N/A,N/A,,,,,,,,N/A,N/A,1.00,,
alanine-13C3-15N,9.02,Target Compound,20240709_QE2_HILIC_BCSCuAOXq2d_blank2_20240710235116,42,Processed,T1,,Unknown,,B:A1,,,N/F,N/F,N/F,N/F,[13]C3H7[15]NO2,N/A,N/F,N/A,N/F,N/A,94.0621,N/F,N/F,N/F,0,N/A,Method,True,False,N/A,N/A,N/A,,,Fail,N/A,N/A,N/A,N/A,NotFound,N/A,N/A,N/A,N/A,,,,,,,,N/A,N/A,1.00,,
