﻿Compound,RT,Type,Filename,Batch Order,Status,Peak Label,Group,Sample Type,Level,Sample ID,Sample Name,Comments,Height,Area,Actual RT,RT Delta,Formula,Adduct,Calculated Amt,Theoretical Amt,Sample Amt,Std Add Amount,m/z (Expected),m/z (Apex),m/z (Delta),Response Ratio,ISTD Amt,ISTD Response,Integration Mode,Active,Excluded,%Diff,%RSD,% CV,Channel,Final Units,PK,IR,IP,LS,FI,Confirm,Isotopic Pattern Score (%),Num Isotopes Matched,Lib Match Name,Library Score (%),Library Match Rank,SI/Dot Product,RSI/Rev Dot,Modification,Protein Name,Peptide Sequence,Ion Type,S/N,Ion Ratio,Group Average,Relative RT,Flag Details
arginine-13C6-15N4,14.23,Target Compound,20240709_QE2_HILIC_BCSCuAOXq2d_AYW1130,1,Processed,T1,1V,Unknown,,B:A2,,,36020685,867401081,14.42,0.19,[13]C6H14[15]N4O2,M+H,N/A,N/A,N/A,N/A,185.1273,185.1273,-.1428 (ppm),0,0,N/A,Method,True,False,N/A,N/A,N/A,,,Pass,N/A,N/A,N/A,N/A,Confirmed,N/A,N/A,N/A,N/A,,,,,,,,1102.14,N/A,733472913.27,,
arginine-13C6-15N4,14.23,Target Compound,20240709_QE2_HILIC_BCSCuAOXq2d_AYW1131,2,Processed,T1,1V,Unknown,,B:A3,,,34076646,806401807,14.46,0.23,[13]C6H14[15]N4O2,M+H,N/A,N/A,N/A,N/A,185.1273,185.1272,-.5549 (ppm),0,0,N/A,Method,True,False,N/A,N/A,N/A,,,Pass,N/A,N/A,N/A,N/A,Confirmed,N/A,N/A,N/A,N/A,,,,,,,,1842.51,N/A,733472913.27,,
arginine-13C6-15N4,14.23,Target Compound,20240709_QE2_HILIC_BCSCuAOXq2d_AYW1132,3,Processed,T1,1V,Unknown,,B:A4,,,23612733,526615852,14.44,0.21,[13]C6H14[15]N4O2,M+H,N/A,N/A,N/A,N/A,185.1273,185.1272,-.6374 (ppm),0,0,N/A,Method,True,False,N/A,N/A,N/A,,,Pass,N/A,N/A,N/A,N/A,Confirmed,N/A,N/A,N/A,N/A,,,,,,,,3892.56,N/A,733472913.27,,
arginine-13C6-15N4,14.23,Target Compound,20240709_QE2_HILIC_BCSCuAOXq2d_AYW1133,4,Processed,T1,2B,Unknown,,B:A5,,,26107640,608796045,14.41,0.18,[13]C6H14[15]N4O2,M+H,N/A,N/A,N/A,N/A,185.1273,185.1272,-.4725 (ppm),0,0,N/A,Method,True,False,N/A,N/A,N/A,,,Pass,N/A,N/A,N/A,N/A,Confirmed,N/A,N/A,N/A,N/A,,,,,,,,1131.48,N/A,841059588.88,,
arginine-13C6-15N4,14.23,Target Compound,20240709_QE2_HILIC_BCSCuAOXq2d_AYW1134,5,Processed,T1,2B,Unknown,,B:A6,,,36572683,868245921,14.4,0.17,[13]C6H14[15]N4O2,M+H,N/A,N/A,N/A,N/A,185.1273,185.1272,-.5549 (ppm),0,0,N/A,Method,True,False,N/A,N/A,N/A,,,Pass,N/A,N/A,N/A,N/A,Confirmed,N/A,N/A,N/A,N/A,,,,,,,,4413.46,N/A,841059588.88,,
arginine-13C6-15N4,14.23,Target Compound,20240709_QE2_HILIC_BCSCuAOXq2d_AYW1135,6,Processed,T1,2B,Unknown,,B:A7,,,42114652,1046136801,14.44,0.21,[13]C6H14[15]N4O2,M+H,N/A,N/A,N/A,N/A,185.1273,185.1272,-.7198 (ppm),0,0,N/A,Method,True,False,N/A,N/A,N/A,,,Pass,N/A,N/A,N/A,N/A,Confirmed,N/A,N/A,N/A,N/A,,,,,,,,1265.28,N/A,841059588.88,,
arginine-13C6-15N4,14.23,Target Compound,20240709_QE2_HILIC_BCSCuAOXq2d_AYW1136,7,Processed,T1,3C,Unknown,,B:A8,,,39314433,949685980,14.43,0.20,[13]C6H14[15]N4O2,M+H,N/A,N/A,N/A,N/A,185.1273,185.1272,-.3077 (ppm),0,0,N/A,Method,True,False,N/A,N/A,N/A,,,Pass,N/A,N/A,N/A,N/A,Confirmed,N/A,N/A,N/A,N/A,,,,,,,,913.14,N/A,818971176.34,,
arginine-13C6-15N4,14.23,Target Compound,20240709_QE2_HILIC_BCSCuAOXq2d_AYW1137,8,Processed,T1,3C,Unknown,,B:A9,,,40961974,953432479,14.45,0.22,[13]C6H14[15]N4O2,M+H,N/A,N/A,N/A,N/A,185.1273,185.1272,-.5549 (ppm),0,0,N/A,Method,True,False,N/A,N/A,N/A,,,Pass,N/A,N/A,N/A,N/A,Confirmed,N/A,N/A,N/A,N/A,,,,,,,,2382.70,N/A,818971176.34,,
arginine-13C6-15N4,14.23,Target Compound,20240709_QE2_HILIC_BCSCuAOXq2d_AYW1138,9,Processed,T1,3C,Unknown,,B:B1,,,24105884,553795071,14.42,0.19,[13]C6H14[15]N4O2,M+H,N/A,N/A,N/A,N/A,185.1273,185.1272,-.3901 (ppm),0,0,N/A,Method,True,False,N/A,N/A,N/A,,,Pass,N/A,N/A,N/A,N/A,Confirmed,N/A,N/A,N/A,N/A,,,,,,,,2496.49,N/A,818971176.34,,
arginine-13C6-15N4,14.23,Target Compound,20240709_QE2_HILIC_BCSCuAOXq2d_AYW1139,10,Processed,T1,4BC,Unknown,,B:B2,,,27481297,657063730,14.36,0.13,[13]C6H14[15]N4O2,M+H,N/A,N/A,N/A,N/A,185.1273,185.1272,-.3077 (ppm),0,0,N/A,Method,True,False,N/A,N/A,N/A,,,Pass,N/A,N/A,N/A,N/A,Confirmed,N/A,N/A,N/A,N/A,,,,,,,,986.69,N/A,680944080.40,N/A,
arginine-13C6-15N4,14.23,Target Compound,20240709_QE2_HILIC_BCSCuAOXq2d_AYW1140,11,Processed,T1,4BC,Unknown,,B:B3,,,22221428,536738636,14.41,0.18,[13]C6H14[15]N4O2,M+H,N/A,N/A,N/A,N/A,185.1273,185.1271,-.8846 (ppm),0,0,N/A,Method,True,False,N/A,N/A,N/A,,,Pass,N/A,N/A,N/A,N/A,Confirmed,N/A,N/A,N/A,N/A,,,,,,,,1152.64,N/A,680944080.40,,
arginine-13C6-15N4,14.23,Target Compound,20240709_QE2_HILIC_BCSCuAOXq2d_AYW1141,12,Processed,T1,4BC,Unknown,,B:B4,,,35481522,849029876,14.45,0.22,[13]C6H14[15]N4O2,M+H,N/A,N/A,N/A,N/A,185.1273,185.1272,-.7198 (ppm),0,0,N/A,Method,True,False,N/A,N/A,N/A,,,Pass,N/A,N/A,N/A,N/A,Confirmed,N/A,N/A,N/A,N/A,,,,,,,,1241.18,N/A,680944080.40,,
arginine-13C6-15N4,14.23,Target Compound,20240709_QE2_HILIC_BCSCuAOXq2d_AYW1142,13,Processed,T1,5RV,Unknown,,B:B5,,,25691154,595447483,14.44,0.21,[13]C6H14[15]N4O2,M+H,N/A,N/A,N/A,N/A,185.1273,185.1272,-.8022 (ppm),0,0,N/A,Method,True,False,N/A,N/A,N/A,,,Pass,N/A,N/A,N/A,N/A,Confirmed,N/A,N/A,N/A,N/A,,,,,,,,3058.46,N/A,682068439.59,N/A,
arginine-13C6-15N4,14.23,Target Compound,20240709_QE2_HILIC_BCSCuAOXq2d_AYW1143,14,Processed,T1,5RV,Unknown,,B:B6,,,39971895,936984647,14.41,0.18,[13]C6H14[15]N4O2,M+H,N/A,N/A,N/A,N/A,185.1273,185.1272,-.3901 (ppm),0,0,N/A,Method,True,False,N/A,N/A,N/A,,,Pass,N/A,N/A,N/A,N/A,Confirmed,N/A,N/A,N/A,N/A,,,,,,,,1574.78,N/A,682068439.59,,
arginine-13C6-15N4,14.23,Target Compound,20240709_QE2_HILIC_BCSCuAOXq2d_AYW1144,15,Processed,T1,5RV,Unknown,,B:B7,,,24133564,513773188,14.42,0.19,[13]C6H14[15]N4O2,M+H,N/A,N/A,N/A,N/A,185.1273,185.1272,-.3077 (ppm),0,0,N/A,Method,True,False,N/A,N/A,N/A,,,Pass,N/A,N/A,N/A,N/A,Confirmed,N/A,N/A,N/A,N/A,,,,,,,,1468.30,N/A,682068439.59,,
arginine-13C6-15N4,14.23,Target Compound,20240709_QE2_HILIC_BCSCuAOXq2d_AYW1145,16,Processed,T1,6RB,Unknown,,B:B8,,,26308905,584114040,14.45,0.22,[13]C6H14[15]N4O2,M+H,N/A,N/A,N/A,N/A,185.1273,185.1273,-.1428 (ppm),0,0,N/A,Method,True,False,N/A,N/A,N/A,,,Pass,N/A,N/A,N/A,N/A,Confirmed,N/A,N/A,N/A,N/A,,,,,,,,1551.02,N/A,552265711.68,,
arginine-13C6-15N4,14.23,Target Compound,20240709_QE2_HILIC_BCSCuAOXq2d_AYW1146,17,Processed,T1,6RB,Unknown,,B:B9,,,23260817,565418382,14.41,0.18,[13]C6H14[15]N4O2,M+H,N/A,N/A,N/A,N/A,185.1273,185.1273,-.2252 (ppm),0,0,N/A,Method,True,False,N/A,N/A,N/A,,,Pass,N/A,N/A,N/A,N/A,Confirmed,N/A,N/A,N/A,N/A,,,,,,,,1574.62,N/A,552265711.68,,
arginine-13C6-15N4,14.23,Target Compound,20240709_QE2_HILIC_BCSCuAOXq2d_AYW1147,18,Processed,T1,6RB,Unknown,,B:C1,,,21923092,507264713,14.43,0.20,[13]C6H14[15]N4O2,M+H,N/A,N/A,N/A,N/A,185.1273,185.1272,-.4725 (ppm),0,0,N/A,Method,True,False,N/A,N/A,N/A,,,Pass,N/A,N/A,N/A,N/A,Confirmed,N/A,N/A,N/A,N/A,,,,,,,,579.85,N/A,552265711.68,,
arginine-13C6-15N4,14.23,Target Compound,20240709_QE2_HILIC_BCSCuAOXq2d_AYW1148,19,Processed,T1,7RV,Unknown,,B:C2,,,27435964,682661865,14.41,0.18,[13]C6H14[15]N4O2,M+H,N/A,N/A,N/A,N/A,185.1273,185.1272,-.8022 (ppm),0,0,N/A,Method,True,False,N/A,N/A,N/A,,,Pass,N/A,N/A,N/A,N/A,Confirmed,N/A,N/A,N/A,N/A,,,,,,,,2250.20,N/A,726765317.26,,
arginine-13C6-15N4,14.23,Target Compound,20240709_QE2_HILIC_BCSCuAOXq2d_AYW1149,20,Processed,T1,7RV,Unknown,,B:C3,,,31132859,730162277,14.43,0.20,[13]C6H14[15]N4O2,M+H,N/A,N/A,N/A,N/A,185.1273,185.1272,-.4725 (ppm),0,0,N/A,Method,True,False,N/A,N/A,N/A,,,Pass,N/A,N/A,N/A,N/A,Confirmed,N/A,N/A,N/A,N/A,,,,,,,,1698.02,N/A,726765317.26,,
arginine-13C6-15N4,14.23,Target Compound,20240709_QE2_HILIC_BCSCuAOXq2d_AYW1150,21,Processed,T1,7RV,Unknown,,B:C4,,,33085848,767471809,14.42,0.19,[13]C6H14[15]N4O2,M+H,N/A,N/A,N/A,N/A,185.1273,185.1273,-.2252 (ppm),0,0,N/A,Method,True,False,N/A,N/A,N/A,,,Pass,N/A,N/A,N/A,N/A,Confirmed,N/A,N/A,N/A,N/A,,,,,,,,1383.90,N/A,726765317.26,,
arginine-13C6-15N4,14.23,Target Compound,20240709_QE2_HILIC_BCSCuAOXq2d_AYW1151,22,Processed,T1,8RB,Unknown,,B:C5,,,38427485,958020720,14.43,0.20,[13]C6H14[15]N4O2,M+H,N/A,N/A,N/A,N/A,185.1273,185.1273,.0220 (ppm),0,0,N/A,Method,True,False,N/A,N/A,N/A,,,Pass,N/A,N/A,N/A,N/A,Confirmed,N/A,N/A,N/A,N/A,,,,,,,,915.25,N/A,808854990.80,,
arginine-13C6-15N4,14.23,Target Compound,20240709_QE2_HILIC_BCSCuAOXq2d_AYW1152,23,Processed,T1,8RB,Unknown,,B:C6,,,23612811,572311333,14.42,0.19,[13]C6H14[15]N4O2,M+H,N/A,N/A,N/A,N/A,185.1273,185.1273,-.1428 (ppm),0,0,N/A,Method,True,False,N/A,N/A,N/A,,,Pass,N/A,N/A,N/A,N/A,Confirmed,N/A,N/A,N/A,N/A,,,,,,,,1709.43,N/A,808854990.80,,
arginine-13C6-15N4,14.23,Target Compound,20240709_QE2_HILIC_BCSCuAOXq2d_AYW1153,24,Processed,T1,8RB,Unknown,,B:C7,,,36582592,896232919,14.47,0.24,[13]C6H14[15]N4O2,M+H,N/A,N/A,N/A,N/A,185.1273,185.1273,-.2252 (ppm),0,0,N/A,Method,True,False,N/A,N/A,N/A,,,Pass,N/A,N/A,N/A,N/A,Confirmed,N/A,N/A,N/A,N/A,,,,,,,,1598.83,N/A,808854990.80,,
arginine-13C6-15N4,14.23,Target Compound,20240709_QE2_HILIC_BCSCuAOXq2d_AYW1154_pool1xa,25,Processed,T1,pool1x,Unknown,,B:C8,,,32819177,756575031,14.43,0.20,[13]C6H14[15]N4O2,M+H,N/A,N/A,N/A,N/A,185.1273,185.1273,-.2252 (ppm),0,0,N/A,Method,True,False,N/A,N/A,N/A,,,Pass,N/A,N/A,N/A,N/A,Confirmed,N/A,N/A,N/A,N/A,,,,,,,,580.25,N/A,717226216.65,,
arginine-13C6-15N4,14.23,Target Compound,20240709_QE2_HILIC_BCSCuAOXq2d_AYW1154_pool1xb,26,Processed,T1,pool1x,Unknown,,B:C8,,,35728596,830869244,14.42,0.19,[13]C6H14[15]N4O2,M+H,N/A,N/A,N/A,N/A,185.1273,185.1271,-.8846 (ppm),0,0,N/A,Method,True,False,N/A,N/A,N/A,,,Pass,N/A,N/A,N/A,N/A,Confirmed,N/A,N/A,N/A,N/A,,,,,,,,1350.40,N/A,717226216.65,,
arginine-13C6-15N4,14.23,Target Compound,20240709_QE2_HILIC_BCSCuAOXq2d_AYW1154_pool1xc,27,Processed,T1,pool1x,Unknown,,B:C8,,,29543669,660860622,14.47,0.24,[13]C6H14[15]N4O2,M+H,N/A,N/A,N/A,N/A,185.1273,185.1273,-.0604 (ppm),0,0,N/A,Method,True,False,N/A,N/A,N/A,,,Pass,N/A,N/A,N/A,N/A,Confirmed,N/A,N/A,N/A,N/A,,,,,,,,2620.20,N/A,717226216.65,,
arginine-13C6-15N4,14.23,Target Compound,20240709_QE2_HILIC_BCSCuAOXq2d_AYW1154_pool1xd,28,Processed,T1,pool1x,Unknown,,B:C8,,,25904054,620599970,14.45,0.22,[13]C6H14[15]N4O2,M+H,N/A,N/A,N/A,N/A,185.1273,185.1272,-.6374 (ppm),0,0,N/A,Method,True,False,N/A,N/A,N/A,,,Pass,N/A,N/A,N/A,N/A,Confirmed,N/A,N/A,N/A,N/A,,,,,,,,1621.70,N/A,717226216.65,,
arginine-13C6-15N4,14.23,Target Compound,20240709_QE2_HILIC_BCSCuAOXq2d_AYW1155_pool033xa,29,Processed,T1,pool033x,Unknown,,B:C9,,,15829386,348205742,14.48,0.25,[13]C6H14[15]N4O2,M+H,N/A,N/A,N/A,N/A,185.1273,185.1273,-.2252 (ppm),0,0,N/A,Method,True,False,N/A,N/A,N/A,,,Pass,N/A,N/A,N/A,N/A,Confirmed,N/A,N/A,N/A,N/A,,,,,,,,742.35,N/A,330934779.66,,
arginine-13C6-15N4,14.23,Target Compound,20240709_QE2_HILIC_BCSCuAOXq2d_AYW1155_pool033xb,30,Processed,T1,pool033x,Unknown,,B:C9,,,17484685,404199137,14.44,0.21,[13]C6H14[15]N4O2,M+H,N/A,N/A,N/A,N/A,185.1273,185.1271,-.9671 (ppm),0,0,N/A,Method,True,False,N/A,N/A,N/A,,,Pass,N/A,N/A,N/A,N/A,Confirmed,N/A,N/A,N/A,N/A,,,,,,,,992.95,N/A,330934779.66,,
arginine-13C6-15N4,14.23,Target Compound,20240709_QE2_HILIC_BCSCuAOXq2d_AYW1155_pool033xc,31,Processed,T1,pool033x,Unknown,,B:C9,,,13037420,289277502,14.48,0.25,[13]C6H14[15]N4O2,M+H,N/A,N/A,N/A,N/A,185.1273,185.1274,.3517 (ppm),0,0,N/A,Method,True,False,N/A,N/A,N/A,,,Pass,N/A,N/A,N/A,N/A,Confirmed,N/A,N/A,N/A,N/A,,,,,,,,548.74,N/A,330934779.66,,
arginine-13C6-15N4,14.23,Target Compound,20240709_QE2_HILIC_BCSCuAOXq2d_AYW1155_pool033xd,32,Processed,T1,pool033x,Unknown,,B:C9,,,12647234,282056738,14.47,0.24,[13]C6H14[15]N4O2,M+H,N/A,N/A,N/A,N/A,185.1273,185.1272,-.3901 (ppm),0,0,N/A,Method,True,False,N/A,N/A,N/A,,,Pass,N/A,N/A,N/A,N/A,Confirmed,N/A,N/A,N/A,N/A,,,,,,,,881.42,N/A,330934779.66,,
arginine-13C6-15N4,14.23,Target Compound,20240709_QE2_HILIC_BCSCuAOXq2d_AYW1156_pool01xa,33,Processed,T1,pool01x,Unknown,,B:D1,,,6368282,144856434,14.52,0.29,[13]C6H14[15]N4O2,M+H,N/A,N/A,N/A,N/A,185.1273,185.1273,-.1428 (ppm),0,0,N/A,Method,True,False,N/A,N/A,N/A,,,Pass,N/A,N/A,N/A,N/A,Confirmed,N/A,N/A,N/A,N/A,,,,,,,,190.69,N/A,130925415.91,,
arginine-13C6-15N4,14.23,Target Compound,20240709_QE2_HILIC_BCSCuAOXq2d_AYW1156_pool01xb,34,Processed,T1,pool01x,Unknown,,B:D1,,,7319172,153203216,14.47,0.24,[13]C6H14[15]N4O2,M+H,N/A,N/A,N/A,N/A,185.1273,185.1272,-.5549 (ppm),0,0,N/A,Method,True,False,N/A,N/A,N/A,,,Pass,N/A,N/A,N/A,N/A,Confirmed,N/A,N/A,N/A,N/A,,,,,,,,271.13,N/A,130925415.91,,
arginine-13C6-15N4,14.23,Target Compound,20240709_QE2_HILIC_BCSCuAOXq2d_AYW1156_pool01xc,35,Processed,T1,pool01x,Unknown,,B:D1,,,5582752,120072352,14.54,0.31,[13]C6H14[15]N4O2,M+H,N/A,N/A,N/A,N/A,185.1273,185.1274,.4341 (ppm),0,0,N/A,Method,True,False,N/A,N/A,N/A,,,Pass,N/A,N/A,N/A,N/A,Confirmed,N/A,N/A,N/A,N/A,,,,,,,,337.27,N/A,130925415.91,,
arginine-13C6-15N4,14.23,Target Compound,20240709_QE2_HILIC_BCSCuAOXq2d_AYW1156_pool01xd,36,Processed,T1,pool01x,Unknown,,B:D1,,,4544550,105569663,14.5,0.27,[13]C6H14[15]N4O2,M+H,N/A,N/A,N/A,N/A,185.1273,185.1272,-.3077 (ppm),0,0,N/A,Method,True,False,N/A,N/A,N/A,,,Pass,N/A,N/A,N/A,N/A,Confirmed,N/A,N/A,N/A,N/A,,,,,,,,266.30,N/A,130925415.91,,
arginine-13C6-15N4,14.23,Target Compound,20240709_QE2_HILIC_BCSCuAOXq2d_blank1,37,Processed,T1,,Unknown,,B:A1,,,N/F,N/F,N/F,N/F,[13]C6H14[15]N4O2,N/A,N/F,N/A,N/F,N/A,185.1273,N/F,N/F,N/F,0,N/A,Method,True,False,N/A,N/A,N/A,,,Fail,N/A,N/A,N/A,N/A,NotFound,N/A,N/A,N/A,N/A,,,,,,,,N/A,N/A,1.00,,
arginine-13C6-15N4,14.23,Target Compound,20240709_QE2_HILIC_BCSCuAOXq2d_blank1_20240710111342,38,Processed,T1,,Unknown,,B:A1,,,N/F,N/F,N/F,N/F,[13]C6H14[15]N4O2,N/A,N/F,N/A,N/F,N/A,185.1273,N/F,N/F,N/F,0,N/A,Method,True,False,N/A,N/A,N/A,,,Fail,N/A,N/A,N/A,N/A,NotFound,N/A,N/A,N/A,N/A,,,,,,,,N/A,N/A,1.00,,
arginine-13C6-15N4,14.23,Target Compound,20240709_QE2_HILIC_BCSCuAOXq2d_blank1_20240710231833,39,Processed,T1,,Unknown,,B:A1,,,N/F,N/F,N/F,N/F,[13]C6H14[15]N4O2,N/A,N/F,N/A,N/F,N/A,185.1273,N/F,N/F,N/F,0,N/A,Method,True,False,N/A,N/A,N/A,,,Fail,N/A,N/A,N/A,N/A,NotFound,N/A,N/A,N/A,N/A,,,,,,,,N/A,N/A,1.00,,
arginine-13C6-15N4,14.23,Target Compound,20240709_QE2_HILIC_BCSCuAOXq2d_blank2,40,Processed,T1,,Unknown,,B:A1,,,N/F,N/F,N/F,N/F,[13]C6H14[15]N4O2,N/A,N/F,N/A,N/F,N/A,185.1273,N/F,N/F,N/F,0,N/A,Method,True,False,N/A,N/A,N/A,,,Fail,N/A,N/A,N/A,N/A,NotFound,N/A,N/A,N/A,N/A,,,,,,,,N/A,N/A,1.00,,
arginine-13C6-15N4,14.23,Target Compound,20240709_QE2_HILIC_BCSCuAOXq2d_blank2_20240710115054,41,Processed,T1,,Unknown,,B:A1,,,N/F,N/F,N/F,N/F,[13]C6H14[15]N4O2,N/A,N/F,N/A,N/F,N/A,185.1273,N/F,N/F,N/F,0,N/A,Method,True,False,N/A,N/A,N/A,,,Fail,N/A,N/A,N/A,N/A,NotFound,N/A,N/A,N/A,N/A,,,,,,,,N/A,N/A,1.00,,
arginine-13C6-15N4,14.23,Target Compound,20240709_QE2_HILIC_BCSCuAOXq2d_blank2_20240710235116,42,Processed,T1,,Unknown,,B:A1,,,N/F,N/F,N/F,N/F,[13]C6H14[15]N4O2,N/A,N/F,N/A,N/F,N/A,185.1273,N/F,N/F,N/F,0,N/A,Method,True,False,N/A,N/A,N/A,,,Fail,N/A,N/A,N/A,N/A,NotFound,N/A,N/A,N/A,N/A,,,,,,,,N/A,N/A,1.00,,
