﻿Compound,RT,Type,Filename,Batch Order,Status,Peak Label,Group,Sample Type,Level,Sample ID,Sample Name,Comments,Height,Area,Actual RT,RT Delta,Formula,Adduct,Calculated Amt,Theoretical Amt,Sample Amt,Std Add Amount,m/z (Expected),m/z (Apex),m/z (Delta),Response Ratio,ISTD Amt,ISTD Response,Integration Mode,Active,Excluded,%Diff,%RSD,% CV,Channel,Final Units,PK,IR,IP,LS,FI,Confirm,Isotopic Pattern Score (%),Num Isotopes Matched,Lib Match Name,Library Score (%),Library Match Rank,SI/Dot Product,RSI/Rev Dot,Modification,Protein Name,Peptide Sequence,Ion Type,S/N,Ion Ratio,Group Average,Relative RT,Flag Details
hydroxyproline_gammaALA,8.9,Target Compound,20240709_QE2_HILIC_BCSCuAOXq2d_AYW1130,1,Processed,T1,1V,Unknown,,B:A2,,,4463973,71827214,8.77,-0.13,C5H9NO3,M-H,N/A,N/A,N/A,N/A,130.051,130.051,.3086 (ppm),0,0,N/A,Method,True,False,N/A,N/A,N/A,,,Pass,N/A,N/A,N/A,N/A,Confirmed,N/A,N/A,N/A,N/A,,,,,,,,333.84,N/A,74090358.26,,
hydroxyproline_gammaALA,8.9,Target Compound,20240709_QE2_HILIC_BCSCuAOXq2d_AYW1131,2,Processed,T1,1V,Unknown,,B:A3,,,4054123,69363464,8.78,-0.12,C5H9NO3,M-H,N/A,N/A,N/A,N/A,130.051,130.051,.3086 (ppm),0,0,N/A,Method,True,False,N/A,N/A,N/A,,,Pass,N/A,N/A,N/A,N/A,Confirmed,N/A,N/A,N/A,N/A,,,,,,,,553.57,N/A,74090358.26,,
hydroxyproline_gammaALA,8.9,Target Compound,20240709_QE2_HILIC_BCSCuAOXq2d_AYW1132,3,Processed,T1,1V,Unknown,,B:A4,,,4344933,81080397,8.77,-0.13,C5H9NO3,M-H,N/A,N/A,N/A,N/A,130.051,130.0511,.6606 (ppm),0,0,N/A,Method,True,False,N/A,N/A,N/A,,,Pass,N/A,N/A,N/A,N/A,Confirmed,N/A,N/A,N/A,N/A,,,,,,,,1380.75,N/A,74090358.26,,
hydroxyproline_gammaALA,8.9,Target Compound,20240709_QE2_HILIC_BCSCuAOXq2d_AYW1133,4,Processed,T1,2B,Unknown,,B:A5,,,4426442,85788241,8.76,-0.14,C5H9NO3,M-H,N/A,N/A,N/A,N/A,130.051,130.051,.5432 (ppm),0,0,N/A,Method,True,False,N/A,N/A,N/A,,,Pass,N/A,N/A,N/A,N/A,Confirmed,N/A,N/A,N/A,N/A,,,,,,,,463.37,N/A,84533268.19,,
hydroxyproline_gammaALA,8.9,Target Compound,20240709_QE2_HILIC_BCSCuAOXq2d_AYW1134,5,Processed,T1,2B,Unknown,,B:A6,,,4805124,86854850,8.79,-0.11,C5H9NO3,M-H,N/A,N/A,N/A,N/A,130.051,130.051,.5432 (ppm),0,0,N/A,Method,True,False,N/A,N/A,N/A,,,Pass,N/A,N/A,N/A,N/A,Confirmed,N/A,N/A,N/A,N/A,,,,,,,,690.65,N/A,84533268.19,,
hydroxyproline_gammaALA,8.9,Target Compound,20240709_QE2_HILIC_BCSCuAOXq2d_AYW1135,6,Processed,T1,2B,Unknown,,B:A7,,,4482681,80956713,8.82,-0.08,C5H9NO3,M-H,N/A,N/A,N/A,N/A,130.051,130.051,.1913 (ppm),0,0,N/A,Method,True,False,N/A,N/A,N/A,,,Pass,N/A,N/A,N/A,N/A,Confirmed,N/A,N/A,N/A,N/A,,,,,,,,655.94,N/A,84533268.19,,
hydroxyproline_gammaALA,8.9,Target Compound,20240709_QE2_HILIC_BCSCuAOXq2d_AYW1136,7,Processed,T1,3C,Unknown,,B:A8,,,7164046,115949198,8.78,-0.12,C5H9NO3,M-H,N/A,N/A,N/A,N/A,130.051,130.051,.3086 (ppm),0,0,N/A,Method,True,False,N/A,N/A,N/A,,,Pass,N/A,N/A,N/A,N/A,Confirmed,N/A,N/A,N/A,N/A,,,,,,,,780.97,N/A,90132943.43,,
hydroxyproline_gammaALA,8.9,Target Compound,20240709_QE2_HILIC_BCSCuAOXq2d_AYW1137,8,Processed,T1,3C,Unknown,,B:A9,,,4990507,81725380,8.77,-0.13,C5H9NO3,M-H,N/A,N/A,N/A,N/A,130.051,130.051,.0739 (ppm),0,0,N/A,Method,True,False,N/A,N/A,N/A,,,Pass,N/A,N/A,N/A,N/A,Confirmed,N/A,N/A,N/A,N/A,,,,,,,,371.83,N/A,90132943.43,,
hydroxyproline_gammaALA,8.9,Target Compound,20240709_QE2_HILIC_BCSCuAOXq2d_AYW1138,9,Processed,T1,3C,Unknown,,B:B1,,,4189289,72724253,8.81,-0.09,C5H9NO3,M-H,N/A,N/A,N/A,N/A,130.051,130.0511,.6606 (ppm),0,0,N/A,Method,True,False,N/A,N/A,N/A,,,Pass,N/A,N/A,N/A,N/A,Confirmed,N/A,N/A,N/A,N/A,,,,,,,,351.81,N/A,90132943.43,,
hydroxyproline_gammaALA,8.9,Target Compound,20240709_QE2_HILIC_BCSCuAOXq2d_AYW1139,10,Processed,T1,4BC,Unknown,,B:B2,,,6251964,102738866,8.77,-0.13,C5H9NO3,M-H,N/A,N/A,N/A,N/A,130.051,130.051,.4259 (ppm),0,0,N/A,Method,True,False,N/A,N/A,N/A,,,Pass,N/A,N/A,N/A,N/A,Confirmed,N/A,N/A,N/A,N/A,,,,,,,,619.25,N/A,102003522.00,N/A,
hydroxyproline_gammaALA,8.9,Target Compound,20240709_QE2_HILIC_BCSCuAOXq2d_AYW1140,11,Processed,T1,4BC,Unknown,,B:B3,,,7013283,121833407,8.8,-0.10,C5H9NO3,M-H,N/A,N/A,N/A,N/A,130.051,130.051,.5432 (ppm),0,0,N/A,Method,True,False,N/A,N/A,N/A,,,Pass,N/A,N/A,N/A,N/A,Confirmed,N/A,N/A,N/A,N/A,,,,,,,,543.54,N/A,102003522.00,,
hydroxyproline_gammaALA,8.9,Target Compound,20240709_QE2_HILIC_BCSCuAOXq2d_AYW1141,12,Processed,T1,4BC,Unknown,,B:B4,,,4533695,81438293,8.83,-0.07,C5H9NO3,M-H,N/A,N/A,N/A,N/A,130.051,130.051,.3086 (ppm),0,0,N/A,Method,True,False,N/A,N/A,N/A,,,Pass,N/A,N/A,N/A,N/A,Confirmed,N/A,N/A,N/A,N/A,,,,,,,,604.99,N/A,102003522.00,,
hydroxyproline_gammaALA,8.9,Target Compound,20240709_QE2_HILIC_BCSCuAOXq2d_AYW1142,13,Processed,T1,5RV,Unknown,,B:B5,,,7932482,138465406,8.77,-0.13,C5H9NO3,M-H,N/A,N/A,N/A,N/A,130.051,130.051,.4259 (ppm),0,0,N/A,Method,True,False,N/A,N/A,N/A,,,Pass,N/A,N/A,N/A,N/A,Confirmed,N/A,N/A,N/A,N/A,,,,,,,,601.25,N/A,102200072.41,N/A,
hydroxyproline_gammaALA,8.9,Target Compound,20240709_QE2_HILIC_BCSCuAOXq2d_AYW1143,14,Processed,T1,5RV,Unknown,,B:B6,,,5272288,82470540,8.78,-0.12,C5H9NO3,M-H,N/A,N/A,N/A,N/A,130.051,130.051,.1913 (ppm),0,0,N/A,Method,True,False,N/A,N/A,N/A,,,Pass,N/A,N/A,N/A,N/A,Confirmed,N/A,N/A,N/A,N/A,,,,,,,,337.76,N/A,102200072.41,,
hydroxyproline_gammaALA,8.9,Target Compound,20240709_QE2_HILIC_BCSCuAOXq2d_AYW1144,15,Processed,T1,5RV,Unknown,,B:B7,,,4997265,85664271,8.75,-0.15,C5H9NO3,M-H,N/A,N/A,N/A,N/A,130.051,130.0511,.6606 (ppm),0,0,N/A,Method,True,False,N/A,N/A,N/A,,,Pass,N/A,N/A,N/A,N/A,Confirmed,N/A,N/A,N/A,N/A,,,,,,,,339.40,N/A,102200072.41,,
hydroxyproline_gammaALA,8.9,Target Compound,20240709_QE2_HILIC_BCSCuAOXq2d_AYW1145,16,Processed,T1,6RB,Unknown,,B:B8,,,4994192,84723831,8.75,-0.15,C5H9NO3,M-H,N/A,N/A,N/A,N/A,130.051,130.0511,.6606 (ppm),0,0,N/A,Method,True,False,N/A,N/A,N/A,,,Pass,N/A,N/A,N/A,N/A,Confirmed,N/A,N/A,N/A,N/A,,,,,,,,422.00,N/A,72413564.71,,
hydroxyproline_gammaALA,8.9,Target Compound,20240709_QE2_HILIC_BCSCuAOXq2d_AYW1146,17,Processed,T1,6RB,Unknown,,B:B9,,,3263794,62459649,8.79,-0.11,C5H9NO3,M-H,N/A,N/A,N/A,N/A,130.051,130.0511,.7779 (ppm),0,0,N/A,Method,True,False,N/A,N/A,N/A,,,Pass,N/A,N/A,N/A,N/A,Confirmed,N/A,N/A,N/A,N/A,,,,,,,,426.59,N/A,72413564.71,,
hydroxyproline_gammaALA,8.9,Target Compound,20240709_QE2_HILIC_BCSCuAOXq2d_AYW1147,18,Processed,T1,6RB,Unknown,,B:C1,,,4046008,70057214,8.82,-0.08,C5H9NO3,M-H,N/A,N/A,N/A,N/A,130.051,130.051,.5432 (ppm),0,0,N/A,Method,True,False,N/A,N/A,N/A,,,Pass,N/A,N/A,N/A,N/A,Confirmed,N/A,N/A,N/A,N/A,,,,,,,,444.09,N/A,72413564.71,,
hydroxyproline_gammaALA,8.9,Target Compound,20240709_QE2_HILIC_BCSCuAOXq2d_AYW1148,19,Processed,T1,7RV,Unknown,,B:C2,,,4278159,61501578,8.76,-0.14,C5H9NO3,M-H,N/A,N/A,N/A,N/A,130.051,130.051,.5432 (ppm),0,0,N/A,Method,True,False,N/A,N/A,N/A,,,Pass,N/A,N/A,N/A,N/A,Confirmed,N/A,N/A,N/A,N/A,,,,,,,,2096.05,N/A,79431606.27,,
hydroxyproline_gammaALA,8.9,Target Compound,20240709_QE2_HILIC_BCSCuAOXq2d_AYW1149,20,Processed,T1,7RV,Unknown,,B:C3,,,4681882,82179362,8.73,-0.17,C5H9NO3,M-H,N/A,N/A,N/A,N/A,130.051,130.051,.3086 (ppm),0,0,N/A,Method,True,False,N/A,N/A,N/A,,,Pass,N/A,N/A,N/A,N/A,Confirmed,N/A,N/A,N/A,N/A,,,,,,,,263.45,N/A,79431606.27,,
hydroxyproline_gammaALA,8.9,Target Compound,20240709_QE2_HILIC_BCSCuAOXq2d_AYW1150,21,Processed,T1,7RV,Unknown,,B:C4,,,6278768,94613879,8.78,-0.12,C5H9NO3,M-H,N/A,N/A,N/A,N/A,130.051,130.051,.1913 (ppm),0,0,N/A,Method,True,False,N/A,N/A,N/A,,,Pass,N/A,N/A,N/A,N/A,Confirmed,N/A,N/A,N/A,N/A,,,,,,,,399.56,N/A,79431606.27,,
hydroxyproline_gammaALA,8.9,Target Compound,20240709_QE2_HILIC_BCSCuAOXq2d_AYW1151,22,Processed,T1,8RB,Unknown,,B:C5,,,4224826,72398092,8.79,-0.11,C5H9NO3,M-H,N/A,N/A,N/A,N/A,130.051,130.051,.4259 (ppm),0,0,N/A,Method,True,False,N/A,N/A,N/A,,,Pass,N/A,N/A,N/A,N/A,Confirmed,N/A,N/A,N/A,N/A,,,,,,,,374.79,N/A,67737432.62,,
hydroxyproline_gammaALA,8.9,Target Compound,20240709_QE2_HILIC_BCSCuAOXq2d_AYW1152,23,Processed,T1,8RB,Unknown,,B:C6,,,3131609,44717375,8.79,-0.11,C5H9NO3,M-H,N/A,N/A,N/A,N/A,130.051,130.0511,1.0126 (ppm),0,0,N/A,Method,True,False,N/A,N/A,N/A,,,Pass,N/A,N/A,N/A,N/A,Confirmed,N/A,N/A,N/A,N/A,,,,,,,,3507.78,N/A,67737432.62,,
hydroxyproline_gammaALA,8.9,Target Compound,20240709_QE2_HILIC_BCSCuAOXq2d_AYW1153,24,Processed,T1,8RB,Unknown,,B:C7,,,5249922,86096831,8.77,-0.13,C5H9NO3,M-H,N/A,N/A,N/A,N/A,130.051,130.051,.0739 (ppm),0,0,N/A,Method,True,False,N/A,N/A,N/A,,,Pass,N/A,N/A,N/A,N/A,Confirmed,N/A,N/A,N/A,N/A,,,,,,,,1081.29,N/A,67737432.62,,
hydroxyproline_gammaALA,8.9,Target Compound,20240709_QE2_HILIC_BCSCuAOXq2d_AYW1154_pool1xa,25,Processed,T1,pool1x,Unknown,,B:C8,,,5881554,86642603,8.75,-0.15,C5H9NO3,M-H,N/A,N/A,N/A,N/A,130.051,130.051,.1913 (ppm),0,0,N/A,Method,True,False,N/A,N/A,N/A,,,Pass,N/A,N/A,N/A,N/A,Confirmed,N/A,N/A,N/A,N/A,,,,,,,,390.60,N/A,77726473.94,,
hydroxyproline_gammaALA,8.9,Target Compound,20240709_QE2_HILIC_BCSCuAOXq2d_AYW1154_pool1xb,26,Processed,T1,pool1x,Unknown,,B:C8,,,5198757,87894946,8.76,-0.14,C5H9NO3,M-H,N/A,N/A,N/A,N/A,130.051,130.051,-.0434 (ppm),0,0,N/A,Method,True,False,N/A,N/A,N/A,,,Pass,N/A,N/A,N/A,N/A,Confirmed,N/A,N/A,N/A,N/A,,,,,,,,529.71,N/A,77726473.94,,
hydroxyproline_gammaALA,8.9,Target Compound,20240709_QE2_HILIC_BCSCuAOXq2d_AYW1154_pool1xc,27,Processed,T1,pool1x,Unknown,,B:C8,,,4632936,83393196,8.76,-0.14,C5H9NO3,M-H,N/A,N/A,N/A,N/A,130.051,130.0511,.6606 (ppm),0,0,N/A,Method,True,False,N/A,N/A,N/A,,,Pass,N/A,N/A,N/A,N/A,Confirmed,N/A,N/A,N/A,N/A,,,,,,,,237.10,N/A,77726473.94,,
hydroxyproline_gammaALA,8.9,Target Compound,20240709_QE2_HILIC_BCSCuAOXq2d_AYW1154_pool1xd,28,Processed,T1,pool1x,Unknown,,B:C8,,,3571640,52975151,8.79,-0.11,C5H9NO3,M-H,N/A,N/A,N/A,N/A,130.051,130.051,.0739 (ppm),0,0,N/A,Method,True,False,N/A,N/A,N/A,,,Pass,N/A,N/A,N/A,N/A,Confirmed,N/A,N/A,N/A,N/A,,,,,,,,INF,N/A,77726473.94,,
hydroxyproline_gammaALA,8.9,Target Compound,20240709_QE2_HILIC_BCSCuAOXq2d_AYW1155_pool033xa,29,Processed,T1,pool033x,Unknown,,B:C9,,,3543214,47526700,8.76,-0.14,C5H9NO3,M-H,N/A,N/A,N/A,N/A,130.051,130.051,.3086 (ppm),0,0,N/A,Method,True,False,N/A,N/A,N/A,,,Pass,N/A,N/A,N/A,N/A,Confirmed,N/A,N/A,N/A,N/A,,,,,,,,INF,N/A,38389350.47,,
hydroxyproline_gammaALA,8.9,Target Compound,20240709_QE2_HILIC_BCSCuAOXq2d_AYW1155_pool033xb,30,Processed,T1,pool033x,Unknown,,B:C9,,,2683613,40232136,8.75,-0.15,C5H9NO3,M-H,N/A,N/A,N/A,N/A,130.051,130.051,.1913 (ppm),0,0,N/A,Method,True,False,N/A,N/A,N/A,,,Pass,N/A,N/A,N/A,N/A,Confirmed,N/A,N/A,N/A,N/A,,,,,,,,161.58,N/A,38389350.47,,
hydroxyproline_gammaALA,8.9,Target Compound,20240709_QE2_HILIC_BCSCuAOXq2d_AYW1155_pool033xc,31,Processed,T1,pool033x,Unknown,,B:C9,,,2631369,40216916,8.76,-0.14,C5H9NO3,M-H,N/A,N/A,N/A,N/A,130.051,130.0511,1.0126 (ppm),0,0,N/A,Method,True,False,N/A,N/A,N/A,,,Pass,N/A,N/A,N/A,N/A,Confirmed,N/A,N/A,N/A,N/A,,,,,,,,285.49,N/A,38389350.47,,
hydroxyproline_gammaALA,8.9,Target Compound,20240709_QE2_HILIC_BCSCuAOXq2d_AYW1155_pool033xd,32,Processed,T1,pool033x,Unknown,,B:C9,,,1740376,25581650,8.78,-0.12,C5H9NO3,M-H,N/A,N/A,N/A,N/A,130.051,130.0511,.6606 (ppm),0,0,N/A,Method,True,False,N/A,N/A,N/A,,,Pass,N/A,N/A,N/A,N/A,Confirmed,N/A,N/A,N/A,N/A,,,,,,,,5136.70,N/A,38389350.47,,
hydroxyproline_gammaALA,8.9,Target Compound,20240709_QE2_HILIC_BCSCuAOXq2d_AYW1156_pool01xa,33,Processed,T1,pool01x,Unknown,,B:D1,,,1123778,12913051,8.75,-0.15,C5H9NO3,M-H,N/A,N/A,N/A,N/A,130.051,130.051,.1913 (ppm),0,0,N/A,Method,True,False,N/A,N/A,N/A,,,Pass,N/A,N/A,N/A,N/A,Confirmed,N/A,N/A,N/A,N/A,,,,,,,,35.85,N/A,12556230.54,,
hydroxyproline_gammaALA,8.9,Target Compound,20240709_QE2_HILIC_BCSCuAOXq2d_AYW1156_pool01xb,34,Processed,T1,pool01x,Unknown,,B:D1,,,1042857,14880867,8.76,-0.14,C5H9NO3,M-H,N/A,N/A,N/A,N/A,130.051,130.051,.1913 (ppm),0,0,N/A,Method,True,False,N/A,N/A,N/A,,,Pass,N/A,N/A,N/A,N/A,Confirmed,N/A,N/A,N/A,N/A,,,,,,,,173.27,N/A,12556230.54,,
hydroxyproline_gammaALA,8.9,Target Compound,20240709_QE2_HILIC_BCSCuAOXq2d_AYW1156_pool01xc,35,Processed,T1,pool01x,Unknown,,B:D1,,,1055150,13889827,8.75,-0.15,C5H9NO3,M-H,N/A,N/A,N/A,N/A,130.051,130.0511,1.3645 (ppm),0,0,N/A,Method,True,False,N/A,N/A,N/A,,,Pass,N/A,N/A,N/A,N/A,Confirmed,N/A,N/A,N/A,N/A,,,,,,,,79.66,N/A,12556230.54,,
hydroxyproline_gammaALA,8.9,Target Compound,20240709_QE2_HILIC_BCSCuAOXq2d_AYW1156_pool01xd,36,Processed,T1,pool01x,Unknown,,B:D1,,,692477,8541177,8.73,-0.17,C5H9NO3,M-H,N/A,N/A,N/A,N/A,130.051,130.051,.4259 (ppm),0,0,N/A,Method,True,False,N/A,N/A,N/A,,,Pass,N/A,N/A,N/A,N/A,Confirmed,N/A,N/A,N/A,N/A,,,,,,,,102.41,N/A,12556230.54,,
hydroxyproline_gammaALA,8.9,Target Compound,20240709_QE2_HILIC_BCSCuAOXq2d_blank1,37,Processed,T1,,Unknown,,B:A1,,,N/F,N/F,N/F,N/F,C5H9NO3,N/A,N/F,N/A,N/F,N/A,130.051,N/F,N/F,N/F,0,N/A,Method,True,False,N/A,N/A,N/A,,,Fail,N/A,N/A,N/A,N/A,NotFound,N/A,N/A,N/A,N/A,,,,,,,,N/A,N/A,1.00,,
hydroxyproline_gammaALA,8.9,Target Compound,20240709_QE2_HILIC_BCSCuAOXq2d_blank1_20240710111342,38,Processed,T1,,Unknown,,B:A1,,,N/F,N/F,N/F,N/F,C5H9NO3,N/A,N/F,N/A,N/F,N/A,130.051,N/F,N/F,N/F,0,N/A,Method,True,False,N/A,N/A,N/A,,,Fail,N/A,N/A,N/A,N/A,NotFound,N/A,N/A,N/A,N/A,,,,,,,,N/A,N/A,1.00,,
hydroxyproline_gammaALA,8.9,Target Compound,20240709_QE2_HILIC_BCSCuAOXq2d_blank1_20240710231833,39,Processed,T1,,Unknown,,B:A1,,,N/F,N/F,N/F,N/F,C5H9NO3,N/A,N/F,N/A,N/F,N/A,130.051,N/F,N/F,N/F,0,N/A,Method,True,False,N/A,N/A,N/A,,,Fail,N/A,N/A,N/A,N/A,NotFound,N/A,N/A,N/A,N/A,,,,,,,,N/A,N/A,1.00,,
hydroxyproline_gammaALA,8.9,Target Compound,20240709_QE2_HILIC_BCSCuAOXq2d_blank2,40,Processed,T1,,Unknown,,B:A1,,,N/F,N/F,N/F,N/F,C5H9NO3,N/A,N/F,N/A,N/F,N/A,130.051,N/F,N/F,N/F,0,N/A,Method,True,False,N/A,N/A,N/A,,,Fail,N/A,N/A,N/A,N/A,NotFound,N/A,N/A,N/A,N/A,,,,,,,,N/A,N/A,1.00,,
hydroxyproline_gammaALA,8.9,Target Compound,20240709_QE2_HILIC_BCSCuAOXq2d_blank2_20240710115054,41,Processed,T1,,Unknown,,B:A1,,,N/F,N/F,N/F,N/F,C5H9NO3,N/A,N/F,N/A,N/F,N/A,130.051,N/F,N/F,N/F,0,N/A,Method,True,False,N/A,N/A,N/A,,,Fail,N/A,N/A,N/A,N/A,NotFound,N/A,N/A,N/A,N/A,,,,,,,,N/A,N/A,1.00,,
hydroxyproline_gammaALA,8.9,Target Compound,20240709_QE2_HILIC_BCSCuAOXq2d_blank2_20240710235116,42,Processed,T1,,Unknown,,B:A1,,,N/F,N/F,N/F,N/F,C5H9NO3,N/A,N/F,N/A,N/F,N/A,130.051,N/F,N/F,N/F,0,N/A,Method,True,False,N/A,N/A,N/A,,,Fail,N/A,N/A,N/A,N/A,NotFound,N/A,N/A,N/A,N/A,,,,,,,,N/A,N/A,1.00,,
