﻿Compound,RT,Type,Filename,Batch Order,Status,Peak Label,Group,Sample Type,Level,Sample ID,Sample Name,Comments,Height,Area,Actual RT,RT Delta,Formula,Adduct,Calculated Amt,Theoretical Amt,Sample Amt,Std Add Amount,m/z (Expected),m/z (Apex),m/z (Delta),Response Ratio,ISTD Amt,ISTD Response,Integration Mode,Active,Excluded,%Diff,%RSD,% CV,Channel,Final Units,PK,IR,IP,LS,FI,Confirm,Isotopic Pattern Score (%),Num Isotopes Matched,Lib Match Name,Library Score (%),Library Match Rank,SI/Dot Product,RSI/Rev Dot,Modification,Protein Name,Peptide Sequence,Ion Type,S/N,Ion Ratio,Group Average,Relative RT,Flag Details
CDP,11.84,Target Compound,20240709_QE2_HILIC_BCSCuAOXq2d_AYW1130,1,Processed,T1,1V,Unknown,,B:A2,,,234342,3529625,11.59,-0.25,C9H15N3O11P2,M-H,N/A,N/A,N/A,N/A,402.0109,402.0114,1.2016 (ppm),0,0,N/A,Method,True,False,N/A,N/A,N/A,,,Pass,N/A,N/A,N/A,N/A,Confirmed,N/A,N/A,N/A,N/A,,,,,,,,INF,N/A,3170458.22,,
CDP,11.84,Target Compound,20240709_QE2_HILIC_BCSCuAOXq2d_AYW1131,2,Processed,T1,1V,Unknown,,B:A3,,,211145,3576631,11.61,-0.23,C9H15N3O11P2,M-H,N/A,N/A,N/A,N/A,402.0109,402.0117,1.8848 (ppm),0,0,N/A,Method,True,False,N/A,N/A,N/A,,,Pass,N/A,N/A,N/A,N/A,Confirmed,N/A,N/A,N/A,N/A,,,,,,,,INF,N/A,3170458.22,,
CDP,11.84,Target Compound,20240709_QE2_HILIC_BCSCuAOXq2d_AYW1132,3,Processed,T1,1V,Unknown,,B:A4,,,171339,2405119,11.59,-0.25,C9H15N3O11P2,M-H,N/A,N/A,N/A,N/A,402.0109,402.0117,1.8848 (ppm),0,0,N/A,Method,True,False,N/A,N/A,N/A,,,Pass,N/A,N/A,N/A,N/A,Confirmed,N/A,N/A,N/A,N/A,,,,,,,,INF,N/A,3170458.22,,
CDP,11.84,Target Compound,20240709_QE2_HILIC_BCSCuAOXq2d_AYW1133,4,Processed,T1,2B,Unknown,,B:A5,,,138550,1883731,11.57,-0.27,C9H15N3O11P2,M-H,N/A,N/A,N/A,N/A,402.0109,402.0118,2.1885 (ppm),0,0,N/A,Method,True,False,N/A,N/A,N/A,,,Pass,N/A,N/A,N/A,N/A,Confirmed,N/A,N/A,N/A,N/A,,,,,,,,INF,N/A,3264692.57,,
CDP,11.84,Target Compound,20240709_QE2_HILIC_BCSCuAOXq2d_AYW1134,5,Processed,T1,2B,Unknown,,B:A6,,,317031,4891720,11.58,-0.26,C9H15N3O11P2,M-H,N/A,N/A,N/A,N/A,402.0109,402.0111,.5184 (ppm),0,0,N/A,Method,True,False,N/A,N/A,N/A,,,Pass,N/A,N/A,N/A,N/A,Confirmed,N/A,N/A,N/A,N/A,,,,,,,,INF,N/A,3264692.57,,
CDP,11.84,Target Compound,20240709_QE2_HILIC_BCSCuAOXq2d_AYW1135,6,Processed,T1,2B,Unknown,,B:A7,,,203680,3018627,11.6,-0.24,C9H15N3O11P2,M-H,N/A,N/A,N/A,N/A,402.0109,402.0114,1.1257 (ppm),0,0,N/A,Method,True,False,N/A,N/A,N/A,,,Pass,N/A,N/A,N/A,N/A,Confirmed,N/A,N/A,N/A,N/A,,,,,,,,INF,N/A,3264692.57,,
CDP,11.84,Target Compound,20240709_QE2_HILIC_BCSCuAOXq2d_AYW1136,7,Processed,T1,3C,Unknown,,B:A8,,,172566,2352315,11.59,-0.25,C9H15N3O11P2,M-H,N/A,N/A,N/A,N/A,402.0109,402.0119,2.4162 (ppm),0,0,N/A,Method,True,False,N/A,N/A,N/A,,,Pass,N/A,N/A,N/A,N/A,Confirmed,N/A,N/A,N/A,N/A,,,,,,,,INF,N/A,2273414.53,,
CDP,11.84,Target Compound,20240709_QE2_HILIC_BCSCuAOXq2d_AYW1137,8,Processed,T1,3C,Unknown,,B:A9,,,172343,3030778,11.56,-0.28,C9H15N3O11P2,M-H,N/A,N/A,N/A,N/A,402.0109,402.0112,.7461 (ppm),0,0,N/A,Method,True,False,N/A,N/A,N/A,,,Pass,N/A,N/A,N/A,N/A,Confirmed,N/A,N/A,N/A,N/A,,,,,,,,INF,N/A,2273414.53,,
CDP,11.84,Target Compound,20240709_QE2_HILIC_BCSCuAOXq2d_AYW1138,9,Processed,T1,3C,Unknown,,B:B1,,,96624,1437150,11.56,-0.28,C9H15N3O11P2,M-H,N/A,N/A,N/A,N/A,402.0109,402.0115,1.4293 (ppm),0,0,N/A,Method,True,False,N/A,N/A,N/A,,,Pass,N/A,N/A,N/A,N/A,Confirmed,N/A,N/A,N/A,N/A,,,,,,,,INF,N/A,2273414.53,,
CDP,11.84,Target Compound,20240709_QE2_HILIC_BCSCuAOXq2d_AYW1139,10,Processed,T1,4BC,Unknown,,B:B2,,,135062,2054430,11.57,-0.27,C9H15N3O11P2,M-H,N/A,N/A,N/A,N/A,402.0109,402.0119,2.5680 (ppm),0,0,N/A,Method,True,False,N/A,N/A,N/A,,,Pass,N/A,N/A,N/A,N/A,Confirmed,N/A,N/A,N/A,N/A,,,,,,,,INF,N/A,2110662.00,N/A,
CDP,11.84,Target Compound,20240709_QE2_HILIC_BCSCuAOXq2d_AYW1140,11,Processed,T1,4BC,Unknown,,B:B3,,,130191,2005752,11.59,-0.25,C9H15N3O11P2,M-H,N/A,N/A,N/A,N/A,402.0109,402.0114,1.1257 (ppm),0,0,N/A,Method,True,False,N/A,N/A,N/A,,,Pass,N/A,N/A,N/A,N/A,Confirmed,N/A,N/A,N/A,N/A,,,,,,,,INF,N/A,2110662.00,,
CDP,11.84,Target Compound,20240709_QE2_HILIC_BCSCuAOXq2d_AYW1141,12,Processed,T1,4BC,Unknown,,B:B4,,,125264,2271804,11.62,-0.22,C9H15N3O11P2,M-H,N/A,N/A,N/A,N/A,402.0109,402.0114,1.2775 (ppm),0,0,N/A,Method,True,False,N/A,N/A,N/A,,,Pass,N/A,N/A,N/A,N/A,Confirmed,N/A,N/A,N/A,N/A,,,,,,,,INF,N/A,2110662.00,,
CDP,11.84,Target Compound,20240709_QE2_HILIC_BCSCuAOXq2d_AYW1142,13,Processed,T1,5RV,Unknown,,B:B5,,,154323,2591307,11.6,-0.24,C9H15N3O11P2,M-H,N/A,N/A,N/A,N/A,402.0109,402.0116,1.8089 (ppm),0,0,N/A,Method,True,False,N/A,N/A,N/A,,,Pass,N/A,N/A,N/A,N/A,Confirmed,N/A,N/A,N/A,N/A,,,,,,,,INF,N/A,2289955.67,N/A,
CDP,11.84,Target Compound,20240709_QE2_HILIC_BCSCuAOXq2d_AYW1143,14,Processed,T1,5RV,Unknown,,B:B6,,,162163,2688498,11.6,-0.24,C9H15N3O11P2,M-H,N/A,N/A,N/A,N/A,402.0109,402.0112,.8220 (ppm),0,0,N/A,Method,True,False,N/A,N/A,N/A,,,Pass,N/A,N/A,N/A,N/A,Confirmed,N/A,N/A,N/A,N/A,,,,,,,,INF,N/A,2289955.67,,
CDP,11.84,Target Compound,20240709_QE2_HILIC_BCSCuAOXq2d_AYW1144,15,Processed,T1,5RV,Unknown,,B:B7,,,118403,1590062,11.58,-0.26,C9H15N3O11P2,M-H,N/A,N/A,N/A,N/A,402.0109,402.011,.2147 (ppm),0,0,N/A,Method,True,False,N/A,N/A,N/A,,,Pass,N/A,N/A,N/A,N/A,Confirmed,N/A,N/A,N/A,N/A,,,,,,,,INF,N/A,2289955.67,,
CDP,11.84,Target Compound,20240709_QE2_HILIC_BCSCuAOXq2d_AYW1145,16,Processed,T1,6RB,Unknown,,B:B8,,,131075,2406012,11.58,-0.26,C9H15N3O11P2,M-H,N/A,N/A,N/A,N/A,402.0109,402.0116,1.6571 (ppm),0,0,N/A,Method,True,False,N/A,N/A,N/A,,,Pass,N/A,N/A,N/A,N/A,Confirmed,N/A,N/A,N/A,N/A,,,,,,,,INF,N/A,1876054.87,,
CDP,11.84,Target Compound,20240709_QE2_HILIC_BCSCuAOXq2d_AYW1146,17,Processed,T1,6RB,Unknown,,B:B9,,,115644,1501568,11.56,-0.28,C9H15N3O11P2,M-H,N/A,N/A,N/A,N/A,402.0109,402.0116,1.6571 (ppm),0,0,N/A,Method,True,False,N/A,N/A,N/A,,,Pass,N/A,N/A,N/A,N/A,Confirmed,N/A,N/A,N/A,N/A,,,,,,,,INF,N/A,1876054.87,,
CDP,11.84,Target Compound,20240709_QE2_HILIC_BCSCuAOXq2d_AYW1147,18,Processed,T1,6RB,Unknown,,B:C1,,,103730,1720584,11.63,-0.21,C9H15N3O11P2,M-H,N/A,N/A,N/A,N/A,402.0109,402.0114,1.2775 (ppm),0,0,N/A,Method,True,False,N/A,N/A,N/A,,,Pass,N/A,N/A,N/A,N/A,Confirmed,N/A,N/A,N/A,N/A,,,,,,,,INF,N/A,1876054.87,,
CDP,11.84,Target Compound,20240709_QE2_HILIC_BCSCuAOXq2d_AYW1148,19,Processed,T1,7RV,Unknown,,B:C2,,,107042,1937256,11.61,-0.23,C9H15N3O11P2,M-H,N/A,N/A,N/A,N/A,402.0109,402.0118,2.1885 (ppm),0,0,N/A,Method,True,False,N/A,N/A,N/A,,,Pass,N/A,N/A,N/A,N/A,Confirmed,N/A,N/A,N/A,N/A,,,,,,,,INF,N/A,1551659.78,,
CDP,11.84,Target Compound,20240709_QE2_HILIC_BCSCuAOXq2d_AYW1149,20,Processed,T1,7RV,Unknown,,B:C3,,,135406,1696662,11.58,-0.26,C9H15N3O11P2,M-H,N/A,N/A,N/A,N/A,402.0109,402.0113,1.0498 (ppm),0,0,N/A,Method,True,False,N/A,N/A,N/A,,,Pass,N/A,N/A,N/A,N/A,Confirmed,N/A,N/A,N/A,N/A,,,,,,,,INF,N/A,1551659.78,,
CDP,11.84,Target Compound,20240709_QE2_HILIC_BCSCuAOXq2d_AYW1150,21,Processed,T1,7RV,Unknown,,B:C4,,,66903,1021061,11.63,-0.21,C9H15N3O11P2,M-H,N/A,N/A,N/A,N/A,402.0109,402.0119,2.4162 (ppm),0,0,N/A,Method,True,False,N/A,N/A,N/A,,,Pass,N/A,N/A,N/A,N/A,Confirmed,N/A,N/A,N/A,N/A,,,,,,,,INF,N/A,1551659.78,,
CDP,11.84,Target Compound,20240709_QE2_HILIC_BCSCuAOXq2d_AYW1151,22,Processed,T1,8RB,Unknown,,B:C5,,,76315,1301044,11.64,-0.20,C9H15N3O11P2,M-H,N/A,N/A,N/A,N/A,402.0109,402.0117,1.8848 (ppm),0,0,N/A,Method,True,False,N/A,N/A,N/A,,,Pass,N/A,N/A,N/A,N/A,Confirmed,N/A,N/A,N/A,N/A,,,,,,,,INF,N/A,1196772.12,,
CDP,11.84,Target Compound,20240709_QE2_HILIC_BCSCuAOXq2d_AYW1152,23,Processed,T1,8RB,Unknown,,B:C6,,,62046,1236389,11.52,-0.32,C9H15N3O11P2,M-H,N/A,N/A,N/A,N/A,402.0109,402.0115,1.5053 (ppm),0,0,N/A,Method,True,False,N/A,N/A,N/A,,,Pass,N/A,N/A,N/A,N/A,Confirmed,N/A,N/A,N/A,N/A,,,,,,,,INF,N/A,1196772.12,,
CDP,11.84,Target Compound,20240709_QE2_HILIC_BCSCuAOXq2d_AYW1153,24,Processed,T1,8RB,Unknown,,B:C7,,,74910,1052883,11.56,-0.28,C9H15N3O11P2,M-H,N/A,N/A,N/A,N/A,402.0109,402.0114,1.3534 (ppm),0,0,N/A,Method,True,False,N/A,N/A,N/A,,,Pass,N/A,N/A,N/A,N/A,Confirmed,N/A,N/A,N/A,N/A,,,,,,,,INF,N/A,1196772.12,,
CDP,11.84,Target Compound,20240709_QE2_HILIC_BCSCuAOXq2d_AYW1154_pool1xa,25,Processed,T1,pool1x,Unknown,,B:C8,,,127221,1901689,11.59,-0.25,C9H15N3O11P2,M-H,N/A,N/A,N/A,N/A,402.0109,402.0115,1.5053 (ppm),0,0,N/A,Method,True,False,N/A,N/A,N/A,,,Pass,N/A,N/A,N/A,N/A,Confirmed,N/A,N/A,N/A,N/A,,,,,,,,INF,N/A,2127031.74,,
CDP,11.84,Target Compound,20240709_QE2_HILIC_BCSCuAOXq2d_AYW1154_pool1xb,26,Processed,T1,pool1x,Unknown,,B:C8,,,120086,2153033,11.61,-0.23,C9H15N3O11P2,M-H,N/A,N/A,N/A,N/A,402.0109,402.0114,1.1257 (ppm),0,0,N/A,Method,True,False,N/A,N/A,N/A,,,Pass,N/A,N/A,N/A,N/A,Confirmed,N/A,N/A,N/A,N/A,,,,,,,,INF,N/A,2127031.74,,
CDP,11.84,Target Compound,20240709_QE2_HILIC_BCSCuAOXq2d_AYW1154_pool1xc,27,Processed,T1,pool1x,Unknown,,B:C8,,,142126,2029477,11.58,-0.26,C9H15N3O11P2,M-H,N/A,N/A,N/A,N/A,402.0109,402.0115,1.5812 (ppm),0,0,N/A,Method,True,False,N/A,N/A,N/A,,,Pass,N/A,N/A,N/A,N/A,Confirmed,N/A,N/A,N/A,N/A,,,,,,,,INF,N/A,2127031.74,,
CDP,11.84,Target Compound,20240709_QE2_HILIC_BCSCuAOXq2d_AYW1154_pool1xd,28,Processed,T1,pool1x,Unknown,,B:C8,,,138846,2423929,11.57,-0.27,C9H15N3O11P2,M-H,N/A,N/A,N/A,N/A,402.0109,402.0115,1.5812 (ppm),0,0,N/A,Method,True,False,N/A,N/A,N/A,,,Pass,N/A,N/A,N/A,N/A,Confirmed,N/A,N/A,N/A,N/A,,,,,,,,INF,N/A,2127031.74,,
CDP,11.84,Target Compound,20240709_QE2_HILIC_BCSCuAOXq2d_AYW1155_pool033xa,29,Processed,T1,pool033x,Unknown,,B:C9,,,55604,715041,11.57,-0.27,C9H15N3O11P2,M-H,N/A,N/A,N/A,N/A,402.0109,402.011,.3666 (ppm),0,0,N/A,Method,True,False,N/A,N/A,N/A,,,Pass,N/A,N/A,N/A,N/A,Confirmed,N/A,N/A,N/A,N/A,,,,,,,,INF,N/A,654803.38,,
CDP,11.84,Target Compound,20240709_QE2_HILIC_BCSCuAOXq2d_AYW1155_pool033xb,30,Processed,T1,pool033x,Unknown,,B:C9,,,69135,739454,11.58,-0.26,C9H15N3O11P2,M-H,N/A,N/A,N/A,N/A,402.0109,402.0114,1.1257 (ppm),0,0,N/A,Method,True,False,N/A,N/A,N/A,,,Pass,N/A,N/A,N/A,N/A,Confirmed,N/A,N/A,N/A,N/A,,,,,,,,INF,N/A,654803.38,,
CDP,11.84,Target Compound,20240709_QE2_HILIC_BCSCuAOXq2d_AYW1155_pool033xc,31,Processed,T1,pool033x,Unknown,,B:C9,,,33398,472122,11.58,-0.26,C9H15N3O11P2,M-H,N/A,N/A,N/A,N/A,402.0109,402.0125,4.0104 (ppm),0,0,N/A,Method,True,False,N/A,N/A,N/A,,,Pass,N/A,N/A,N/A,N/A,Confirmed,N/A,N/A,N/A,N/A,,,,,,,,INF,N/A,654803.38,,
CDP,11.84,Target Compound,20240709_QE2_HILIC_BCSCuAOXq2d_AYW1155_pool033xd,32,Processed,T1,pool033x,Unknown,,B:C9,,,42086,692597,11.56,-0.28,C9H15N3O11P2,M-H,N/A,N/A,N/A,N/A,402.0109,402.0119,2.4162 (ppm),0,0,N/A,Method,True,False,N/A,N/A,N/A,,,Pass,N/A,N/A,N/A,N/A,Confirmed,N/A,N/A,N/A,N/A,,,,,,,,INF,N/A,654803.38,,
CDP,11.84,Target Compound,20240709_QE2_HILIC_BCSCuAOXq2d_AYW1156_pool01xa,33,Processed,T1,pool01x,Unknown,,B:D1,,,15748,139115,11.56,-0.28,C9H15N3O11P2,M-H,N/A,N/A,N/A,N/A,402.0109,402.0114,1.2016 (ppm),0,0,N/A,Method,True,False,N/A,N/A,N/A,,,Pass,N/A,N/A,N/A,N/A,Confirmed,N/A,N/A,N/A,N/A,,,,,,,,INF,N/A,144512.19,,
CDP,11.84,Target Compound,20240709_QE2_HILIC_BCSCuAOXq2d_AYW1156_pool01xb,34,Processed,T1,pool01x,Unknown,,B:D1,,,13766,145237,11.52,-0.32,C9H15N3O11P2,M-H,N/A,N/A,N/A,N/A,402.0109,402.0114,1.2775 (ppm),0,0,N/A,Method,True,False,N/A,N/A,N/A,,,Pass,N/A,N/A,N/A,N/A,Confirmed,N/A,N/A,N/A,N/A,,,,,,,,INF,N/A,144512.19,,
CDP,11.84,Target Compound,20240709_QE2_HILIC_BCSCuAOXq2d_AYW1156_pool01xc,35,Processed,T1,pool01x,Unknown,,B:D1,,,19127,124472,11.61,-0.23,C9H15N3O11P2,M-H,N/A,N/A,N/A,N/A,402.0109,402.0117,2.0366 (ppm),0,0,N/A,Manual,True,False,N/A,N/A,N/A,,,Pass,N/A,N/A,N/A,N/A,Confirmed,N/A,N/A,N/A,N/A,,,,,,,,12728373990467800000.00,N/A,144512.19,,
CDP,11.84,Target Compound,20240709_QE2_HILIC_BCSCuAOXq2d_AYW1156_pool01xd,36,Processed,T1,pool01x,Unknown,,B:D1,,,12964,169224,11.61,-0.23,C9H15N3O11P2,M-H,N/A,N/A,N/A,N/A,402.0109,402.012,2.7198 (ppm),0,0,N/A,Method,True,False,N/A,N/A,N/A,,,Pass,N/A,N/A,N/A,N/A,Confirmed,N/A,N/A,N/A,N/A,,,,,,,,INF,N/A,144512.19,,
CDP,11.84,Target Compound,20240709_QE2_HILIC_BCSCuAOXq2d_blank1,37,Processed,T1,,Unknown,,B:A1,,,N/F,N/F,N/F,N/F,C9H15N3O11P2,N/A,N/F,N/A,N/F,N/A,402.0109,N/F,N/F,N/F,0,N/A,Method,True,False,N/A,N/A,N/A,,,Fail,N/A,N/A,N/A,N/A,NotFound,N/A,N/A,N/A,N/A,,,,,,,,N/A,N/A,10608.62,,
CDP,11.84,Target Compound,20240709_QE2_HILIC_BCSCuAOXq2d_blank1_20240710111342,38,Processed,T1,,Unknown,,B:A1,,,11324,63652,11.79,-0.05,C9H15N3O11P2,M-H,N/A,N/A,N/A,N/A,402.0109,402.0113,1.0498 (ppm),0,0,N/A,Method,True,False,N/A,N/A,N/A,,,Pass,N/A,N/A,N/A,N/A,Confirmed,N/A,N/A,N/A,N/A,,,,,,,,INF,N/A,10608.62,,
CDP,11.84,Target Compound,20240709_QE2_HILIC_BCSCuAOXq2d_blank1_20240710231833,39,Processed,T1,,Unknown,,B:A1,,,N/F,N/F,N/F,N/F,C9H15N3O11P2,N/A,N/F,N/A,N/F,N/A,402.0109,N/F,N/F,N/F,0,N/A,Method,True,False,N/A,N/A,N/A,,,Fail,N/A,N/A,N/A,N/A,NotFound,N/A,N/A,N/A,N/A,,,,,,,,N/A,N/A,10608.62,,
CDP,11.84,Target Compound,20240709_QE2_HILIC_BCSCuAOXq2d_blank2,40,Processed,T1,,Unknown,,B:A1,,,N/F,N/F,N/F,N/F,C9H15N3O11P2,N/A,N/F,N/A,N/F,N/A,402.0109,N/F,N/F,N/F,0,N/A,Method,True,False,N/A,N/A,N/A,,,Fail,N/A,N/A,N/A,N/A,NotFound,N/A,N/A,N/A,N/A,,,,,,,,N/A,N/A,10608.62,,
CDP,11.84,Target Compound,20240709_QE2_HILIC_BCSCuAOXq2d_blank2_20240710115054,41,Processed,T1,,Unknown,,B:A1,,,N/F,N/F,N/F,N/F,C9H15N3O11P2,N/A,N/F,N/A,N/F,N/A,402.0109,N/F,N/F,N/F,0,N/A,Method,True,False,N/A,N/A,N/A,,,Fail,N/A,N/A,N/A,N/A,NotFound,N/A,N/A,N/A,N/A,,,,,,,,N/A,N/A,10608.62,,
CDP,11.84,Target Compound,20240709_QE2_HILIC_BCSCuAOXq2d_blank2_20240710235116,42,Processed,T1,,Unknown,,B:A1,,,N/F,N/F,N/F,N/F,C9H15N3O11P2,N/A,N/F,N/A,N/F,N/A,402.0109,N/F,N/F,N/F,0,N/A,Method,True,False,N/A,N/A,N/A,,,Fail,N/A,N/A,N/A,N/A,NotFound,N/A,N/A,N/A,N/A,,,,,,,,N/A,N/A,10608.62,,
