﻿Compound,RT,Type,Filename,Batch Order,Status,Peak Label,Group,Sample Type,Level,Sample ID,Sample Name,Comments,Height,Area,Actual RT,RT Delta,Formula,Adduct,Calculated Amt,Theoretical Amt,Sample Amt,Std Add Amount,m/z (Expected),m/z (Apex),m/z (Delta),Response Ratio,ISTD Amt,ISTD Response,Integration Mode,Active,Excluded,%Diff,%RSD,% CV,Channel,Final Units,PK,IR,IP,LS,FI,Confirm,Isotopic Pattern Score (%),Num Isotopes Matched,Lib Match Name,Library Score (%),Library Match Rank,SI/Dot Product,RSI/Rev Dot,Modification,Protein Name,Peptide Sequence,Ion Type,S/N,Ion Ratio,Group Average,Relative RT,Flag Details
valine,7.2,Target Compound,20240709_QE2_HILIC_BCSCuAOXq2d_AYW1130,1,Processed,T1,1V,Unknown,,B:A2,,,14393521,179021693,7.11,-0.09,C5H11NO2,M+H,N/A,N/A,N/A,N/A,118.0863,118.0863,.4191 (ppm),0,0,N/A,Method,True,False,N/A,N/A,N/A,,,Pass,N/A,N/A,N/A,N/A,Confirmed,N/A,N/A,N/A,N/A,,,,,,,,95.80,N/A,148663799.24,,
valine,7.2,Target Compound,20240709_QE2_HILIC_BCSCuAOXq2d_AYW1131,2,Processed,T1,1V,Unknown,,B:A3,,,12888157,127434439,7.12,-0.08,C5H11NO2,M+H,N/A,N/A,N/A,N/A,118.0863,118.0863,-.1624 (ppm),0,0,N/A,Method,True,False,N/A,N/A,N/A,,,Pass,N/A,N/A,N/A,N/A,Confirmed,N/A,N/A,N/A,N/A,,,,,,,,154.09,N/A,148663799.24,,
valine,7.2,Target Compound,20240709_QE2_HILIC_BCSCuAOXq2d_AYW1132,3,Processed,T1,1V,Unknown,,B:A4,,,12178855,139535266,7.18,-0.02,C5H11NO2,M+H,N/A,N/A,N/A,N/A,118.0863,118.0862,-.6147 (ppm),0,0,N/A,Method,True,False,N/A,N/A,N/A,,,Pass,N/A,N/A,N/A,N/A,Confirmed,N/A,N/A,N/A,N/A,,,,,,,,363.52,N/A,148663799.24,,
valine,7.2,Target Compound,20240709_QE2_HILIC_BCSCuAOXq2d_AYW1133,4,Processed,T1,2B,Unknown,,B:A5,,,14665368,178158473,7.14,-0.06,C5H11NO2,M+H,N/A,N/A,N/A,N/A,118.0863,118.0863,-.0332 (ppm),0,0,N/A,Method,True,False,N/A,N/A,N/A,,,Pass,N/A,N/A,N/A,N/A,Confirmed,N/A,N/A,N/A,N/A,,,,,,,,168.09,N/A,177778988.04,,
valine,7.2,Target Compound,20240709_QE2_HILIC_BCSCuAOXq2d_AYW1134,5,Processed,T1,2B,Unknown,,B:A6,,,18268561,155112852,7.14,-0.06,C5H11NO2,M+H,N/A,N/A,N/A,N/A,118.0863,118.0862,-.4854 (ppm),0,0,N/A,Method,True,False,N/A,N/A,N/A,,,Pass,N/A,N/A,N/A,N/A,Confirmed,N/A,N/A,N/A,N/A,,,,,,,,43.59,N/A,177778988.04,,
valine,7.2,Target Compound,20240709_QE2_HILIC_BCSCuAOXq2d_AYW1135,6,Processed,T1,2B,Unknown,,B:A7,,,17855172,200065639,7.14,-0.06,C5H11NO2,M+H,N/A,N/A,N/A,N/A,118.0863,118.0863,.0314 (ppm),0,0,N/A,Method,True,False,N/A,N/A,N/A,,,Pass,N/A,N/A,N/A,N/A,Confirmed,N/A,N/A,N/A,N/A,,,,,,,,242.15,N/A,177778988.04,,
valine,7.2,Target Compound,20240709_QE2_HILIC_BCSCuAOXq2d_AYW1136,7,Processed,T1,3C,Unknown,,B:A8,,,19748053,230542592,7.12,-0.08,C5H11NO2,M+H,N/A,N/A,N/A,N/A,118.0863,118.0863,-.2270 (ppm),0,0,N/A,Method,True,False,N/A,N/A,N/A,,,Pass,N/A,N/A,N/A,N/A,Confirmed,N/A,N/A,N/A,N/A,,,,,,,,114.08,N/A,167678824.92,,
valine,7.2,Target Compound,20240709_QE2_HILIC_BCSCuAOXq2d_AYW1137,8,Processed,T1,3C,Unknown,,B:A9,,,16630994,156467724,7.16,-0.04,C5H11NO2,M+H,N/A,N/A,N/A,N/A,118.0863,118.0862,-.5501 (ppm),0,0,N/A,Method,True,False,N/A,N/A,N/A,,,Pass,N/A,N/A,N/A,N/A,Confirmed,N/A,N/A,N/A,N/A,,,,,,,,114.14,N/A,167678824.92,,
valine,7.2,Target Compound,20240709_QE2_HILIC_BCSCuAOXq2d_AYW1138,9,Processed,T1,3C,Unknown,,B:B1,,,9685882,116026159,7.11,-0.09,C5H11NO2,M+H,N/A,N/A,N/A,N/A,118.0863,118.0862,-.4854 (ppm),0,0,N/A,Method,True,False,N/A,N/A,N/A,,,Pass,N/A,N/A,N/A,N/A,Confirmed,N/A,N/A,N/A,N/A,,,,,,,,718.04,N/A,167678824.92,,
valine,7.2,Target Compound,20240709_QE2_HILIC_BCSCuAOXq2d_AYW1139,10,Processed,T1,4BC,Unknown,,B:B2,,,9682726,119422694,7.18,-0.02,C5H11NO2,M+H,N/A,N/A,N/A,N/A,118.0863,118.0862,-.8085 (ppm),0,0,N/A,Method,True,False,N/A,N/A,N/A,,,Pass,N/A,N/A,N/A,N/A,Confirmed,N/A,N/A,N/A,N/A,,,,,,,,123.59,N/A,131778199.33,N/A,
valine,7.2,Target Compound,20240709_QE2_HILIC_BCSCuAOXq2d_AYW1140,11,Processed,T1,4BC,Unknown,,B:B3,,,10571936,117381911,7.18,-0.02,C5H11NO2,M+H,N/A,N/A,N/A,N/A,118.0863,118.0862,-1.1961 (ppm),0,0,N/A,Method,True,False,N/A,N/A,N/A,,,Pass,N/A,N/A,N/A,N/A,Confirmed,N/A,N/A,N/A,N/A,,,,,,,,147.57,N/A,131778199.33,,
valine,7.2,Target Compound,20240709_QE2_HILIC_BCSCuAOXq2d_AYW1141,12,Processed,T1,4BC,Unknown,,B:B4,,,9697085,158529993,7.21,0.01,C5H11NO2,M+H,N/A,N/A,N/A,N/A,118.0863,118.0863,-.2270 (ppm),0,0,N/A,Method,True,False,N/A,N/A,N/A,,,Pass,N/A,N/A,N/A,N/A,Confirmed,N/A,N/A,N/A,N/A,,,,,,,,130.35,N/A,131778199.33,,
valine,7.2,Target Compound,20240709_QE2_HILIC_BCSCuAOXq2d_AYW1142,13,Processed,T1,5RV,Unknown,,B:B5,,,8155623,130221594,7.25,0.05,C5H11NO2,M+H,N/A,N/A,N/A,N/A,118.0863,118.0862,-.4854 (ppm),0,0,N/A,Method,True,False,N/A,N/A,N/A,,,Pass,N/A,N/A,N/A,N/A,Confirmed,N/A,N/A,N/A,N/A,,,,,,,,326.41,N/A,124714490.41,N/A,
valine,7.2,Target Compound,20240709_QE2_HILIC_BCSCuAOXq2d_AYW1143,14,Processed,T1,5RV,Unknown,,B:B6,,,10136939,107502741,7.19,-0.01,C5H11NO2,M+H,N/A,N/A,N/A,N/A,118.0863,118.0862,-.4854 (ppm),0,0,N/A,Method,True,False,N/A,N/A,N/A,,,Pass,N/A,N/A,N/A,N/A,Confirmed,N/A,N/A,N/A,N/A,,,,,,,,38.69,N/A,124714490.41,,
valine,7.2,Target Compound,20240709_QE2_HILIC_BCSCuAOXq2d_AYW1144,15,Processed,T1,5RV,Unknown,,B:B7,,,9213774,136419136,7.28,0.08,C5H11NO2,M+H,N/A,N/A,N/A,N/A,118.0863,118.0863,-.4208 (ppm),0,0,N/A,Method,True,False,N/A,N/A,N/A,,,Pass,N/A,N/A,N/A,N/A,Confirmed,N/A,N/A,N/A,N/A,,,,,,,,107.35,N/A,124714490.41,,
valine,7.2,Target Compound,20240709_QE2_HILIC_BCSCuAOXq2d_AYW1145,16,Processed,T1,6RB,Unknown,,B:B8,,,12604741,144680567,7.2,0.00,C5H11NO2,M+H,N/A,N/A,N/A,N/A,118.0863,118.0862,-.6147 (ppm),0,0,N/A,Method,True,False,N/A,N/A,N/A,,,Pass,N/A,N/A,N/A,N/A,Confirmed,N/A,N/A,N/A,N/A,,,,,,,,131.20,N/A,117101409.51,,
valine,7.2,Target Compound,20240709_QE2_HILIC_BCSCuAOXq2d_AYW1146,17,Processed,T1,6RB,Unknown,,B:B9,,,5258857,88187370,7.24,0.04,C5H11NO2,M+H,N/A,N/A,N/A,N/A,118.0863,118.0862,-.4854 (ppm),0,0,N/A,Method,True,False,N/A,N/A,N/A,,,Pass,N/A,N/A,N/A,N/A,Confirmed,N/A,N/A,N/A,N/A,,,,,,,,74.14,N/A,117101409.51,,
valine,7.2,Target Compound,20240709_QE2_HILIC_BCSCuAOXq2d_AYW1147,18,Processed,T1,6RB,Unknown,,B:C1,,,7975968,118436292,7.22,0.02,C5H11NO2,M+H,N/A,N/A,N/A,N/A,118.0863,118.0862,-.7439 (ppm),0,0,N/A,Method,True,False,N/A,N/A,N/A,,,Pass,N/A,N/A,N/A,N/A,Confirmed,N/A,N/A,N/A,N/A,,,,,,,,59.84,N/A,117101409.51,,
valine,7.2,Target Compound,20240709_QE2_HILIC_BCSCuAOXq2d_AYW1148,19,Processed,T1,7RV,Unknown,,B:C2,,,8754278,118302285,7.2,0.00,C5H11NO2,M+H,N/A,N/A,N/A,N/A,118.0863,118.0862,-.6793 (ppm),0,0,N/A,Method,True,False,N/A,N/A,N/A,,,Pass,N/A,N/A,N/A,N/A,Confirmed,N/A,N/A,N/A,N/A,,,,,,,,410.26,N/A,138983841.72,,
valine,7.2,Target Compound,20240709_QE2_HILIC_BCSCuAOXq2d_AYW1149,20,Processed,T1,7RV,Unknown,,B:C3,,,13597209,154755870,7.17,-0.03,C5H11NO2,M+H,N/A,N/A,N/A,N/A,118.0863,118.0862,-.6147 (ppm),0,0,N/A,Method,True,False,N/A,N/A,N/A,,,Pass,N/A,N/A,N/A,N/A,Confirmed,N/A,N/A,N/A,N/A,,,,,,,,433.51,N/A,138983841.72,,
valine,7.2,Target Compound,20240709_QE2_HILIC_BCSCuAOXq2d_AYW1150,21,Processed,T1,7RV,Unknown,,B:C4,,,13452521,143893370,7.17,-0.03,C5H11NO2,M+H,N/A,N/A,N/A,N/A,118.0863,118.0863,-.1624 (ppm),0,0,N/A,Method,True,False,N/A,N/A,N/A,,,Pass,N/A,N/A,N/A,N/A,Confirmed,N/A,N/A,N/A,N/A,,,,,,,,195.23,N/A,138983841.72,,
valine,7.2,Target Compound,20240709_QE2_HILIC_BCSCuAOXq2d_AYW1151,22,Processed,T1,8RB,Unknown,,B:C5,,,9337928,164655492,7.23,0.03,C5H11NO2,M+H,N/A,N/A,N/A,N/A,118.0863,118.0862,-.5501 (ppm),0,0,N/A,Method,True,False,N/A,N/A,N/A,,,Pass,N/A,N/A,N/A,N/A,Confirmed,N/A,N/A,N/A,N/A,,,,,,,,335.50,N/A,137752881.88,,
valine,7.2,Target Compound,20240709_QE2_HILIC_BCSCuAOXq2d_AYW1152,23,Processed,T1,8RB,Unknown,,B:C6,,,4856758,68565734,7.25,0.05,C5H11NO2,M+H,N/A,N/A,N/A,N/A,118.0863,118.0862,-.7439 (ppm),0,0,N/A,Method,True,False,N/A,N/A,N/A,,,Pass,N/A,N/A,N/A,N/A,Confirmed,N/A,N/A,N/A,N/A,,,,,,,,38.24,N/A,137752881.88,,
valine,7.2,Target Compound,20240709_QE2_HILIC_BCSCuAOXq2d_AYW1153,24,Processed,T1,8RB,Unknown,,B:C7,,,7029329,180037420,7.24,0.04,C5H11NO2,M+H,N/A,N/A,N/A,N/A,118.0863,118.0862,-1.1961 (ppm),0,0,N/A,Method,True,False,N/A,N/A,N/A,,,Pass,N/A,N/A,N/A,N/A,Confirmed,N/A,N/A,N/A,N/A,,,,,,,,58.97,N/A,137752881.88,,
valine,7.2,Target Compound,20240709_QE2_HILIC_BCSCuAOXq2d_AYW1154_pool1xa,25,Processed,T1,pool1x,Unknown,,B:C8,,,11456841,104543945,7.16,-0.04,C5H11NO2,M+H,N/A,N/A,N/A,N/A,118.0863,118.0863,.4191 (ppm),0,0,N/A,Method,True,False,N/A,N/A,N/A,,,Pass,N/A,N/A,N/A,N/A,Confirmed,N/A,N/A,N/A,N/A,,,,,,,,46.76,N/A,111879435.79,,
valine,7.2,Target Compound,20240709_QE2_HILIC_BCSCuAOXq2d_AYW1154_pool1xb,26,Processed,T1,pool1x,Unknown,,B:C8,,,11762463,87323967,7.18,-0.02,C5H11NO2,M+H,N/A,N/A,N/A,N/A,118.0863,118.0862,-.8085 (ppm),0,0,N/A,Method,True,False,N/A,N/A,N/A,,,Pass,N/A,N/A,N/A,N/A,Confirmed,N/A,N/A,N/A,N/A,,,,,,,,14.40,N/A,111879435.79,,
valine,7.2,Target Compound,20240709_QE2_HILIC_BCSCuAOXq2d_AYW1154_pool1xc,27,Processed,T1,pool1x,Unknown,,B:C8,,,10804822,163571744,7.19,-0.01,C5H11NO2,M+H,N/A,N/A,N/A,N/A,118.0863,118.0862,-.6793 (ppm),0,0,N/A,Method,True,False,N/A,N/A,N/A,,,Pass,N/A,N/A,N/A,N/A,Confirmed,N/A,N/A,N/A,N/A,,,,,,,,266.12,N/A,111879435.79,,
valine,7.2,Target Compound,20240709_QE2_HILIC_BCSCuAOXq2d_AYW1154_pool1xd,28,Processed,T1,pool1x,Unknown,,B:C8,,,8020175,92078088,7.2,0.00,C5H11NO2,M+H,N/A,N/A,N/A,N/A,118.0863,118.0862,-1.1961 (ppm),0,0,N/A,Method,True,False,N/A,N/A,N/A,,,Pass,N/A,N/A,N/A,N/A,Confirmed,N/A,N/A,N/A,N/A,,,,,,,,83.82,N/A,111879435.79,,
valine,7.2,Target Compound,20240709_QE2_HILIC_BCSCuAOXq2d_AYW1155_pool033xa,29,Processed,T1,pool033x,Unknown,,B:C9,,,5494929,56262597,7.04,-0.16,C5H11NO2,M+H,N/A,N/A,N/A,N/A,118.0863,118.0863,.2899 (ppm),0,0,N/A,Method,True,False,N/A,N/A,N/A,,,Pass,N/A,N/A,N/A,N/A,Confirmed,N/A,N/A,N/A,N/A,,,,,,,,17.37,N/A,62301668.58,,
valine,7.2,Target Compound,20240709_QE2_HILIC_BCSCuAOXq2d_AYW1155_pool033xb,30,Processed,T1,pool033x,Unknown,,B:C9,,,5265442,62719639,7.07,-0.13,C5H11NO2,M+H,N/A,N/A,N/A,N/A,118.0863,118.0863,-.4208 (ppm),0,0,N/A,Method,True,False,N/A,N/A,N/A,,,Pass,N/A,N/A,N/A,N/A,Confirmed,N/A,N/A,N/A,N/A,,,,,,,,37.96,N/A,62301668.58,,
valine,7.2,Target Compound,20240709_QE2_HILIC_BCSCuAOXq2d_AYW1155_pool033xc,31,Processed,T1,pool033x,Unknown,,B:C9,,,5751413,83773999,7.05,-0.15,C5H11NO2,M+H,N/A,N/A,N/A,N/A,118.0863,118.0864,.7421 (ppm),0,0,N/A,Method,True,False,N/A,N/A,N/A,,,Pass,N/A,N/A,N/A,N/A,Confirmed,N/A,N/A,N/A,N/A,,,,,,,,73.60,N/A,62301668.58,,
valine,7.2,Target Compound,20240709_QE2_HILIC_BCSCuAOXq2d_AYW1155_pool033xd,32,Processed,T1,pool033x,Unknown,,B:C9,,,3726845,46450438,7.05,-0.15,C5H11NO2,M+H,N/A,N/A,N/A,N/A,118.0863,118.0863,.3545 (ppm),0,0,N/A,Method,True,False,N/A,N/A,N/A,,,Pass,N/A,N/A,N/A,N/A,Confirmed,N/A,N/A,N/A,N/A,,,,,,,,56.69,N/A,62301668.58,,
valine,7.2,Target Compound,20240709_QE2_HILIC_BCSCuAOXq2d_AYW1156_pool01xa,33,Processed,T1,pool01x,Unknown,,B:D1,,,1933593,21104288,6.96,-0.24,C5H11NO2,M+H,N/A,N/A,N/A,N/A,118.0863,118.0863,-.0978 (ppm),0,0,N/A,Method,True,False,N/A,N/A,N/A,,,Pass,N/A,N/A,N/A,N/A,Confirmed,N/A,N/A,N/A,N/A,,,,,,,,13.62,N/A,21074656.37,,
valine,7.2,Target Compound,20240709_QE2_HILIC_BCSCuAOXq2d_AYW1156_pool01xb,34,Processed,T1,pool01x,Unknown,,B:D1,,,2223803,23828001,7.01,-0.19,C5H11NO2,M+H,N/A,N/A,N/A,N/A,118.0863,118.0862,-.6147 (ppm),0,0,N/A,Method,True,False,N/A,N/A,N/A,,,Pass,N/A,N/A,N/A,N/A,Confirmed,N/A,N/A,N/A,N/A,,,,,,,,11.03,N/A,21074656.37,,
valine,7.2,Target Compound,20240709_QE2_HILIC_BCSCuAOXq2d_AYW1156_pool01xc,35,Processed,T1,pool01x,Unknown,,B:D1,,,2158284,21840493,6.94,-0.26,C5H11NO2,M+H,N/A,N/A,N/A,N/A,118.0863,118.0864,.8713 (ppm),0,0,N/A,Method,True,False,N/A,N/A,N/A,,,Pass,N/A,N/A,N/A,N/A,Confirmed,N/A,N/A,N/A,N/A,,,,,,,,16.12,N/A,21074656.37,,
valine,7.2,Target Compound,20240709_QE2_HILIC_BCSCuAOXq2d_AYW1156_pool01xd,36,Processed,T1,pool01x,Unknown,,B:D1,,,1495279,17525844,6.97,-0.23,C5H11NO2,M+H,N/A,N/A,N/A,N/A,118.0863,118.0863,-.4208 (ppm),0,0,N/A,Method,True,False,N/A,N/A,N/A,,,Pass,N/A,N/A,N/A,N/A,Confirmed,N/A,N/A,N/A,N/A,,,,,,,,12.61,N/A,21074656.37,,
valine,7.2,Target Compound,20240709_QE2_HILIC_BCSCuAOXq2d_blank1,37,Processed,T1,,Unknown,,B:A1,,,N/F,N/F,N/F,N/F,C5H11NO2,N/A,N/F,N/A,N/F,N/A,118.0863,N/F,N/F,N/F,0,N/A,Method,True,False,N/A,N/A,N/A,,,Fail,N/A,N/A,N/A,N/A,NotFound,N/A,N/A,N/A,N/A,,,,,,,,N/A,N/A,1.00,,
valine,7.2,Target Compound,20240709_QE2_HILIC_BCSCuAOXq2d_blank1_20240710111342,38,Processed,T1,,Unknown,,B:A1,,,N/F,N/F,N/F,N/F,C5H11NO2,N/A,N/F,N/A,N/F,N/A,118.0863,N/F,N/F,N/F,0,N/A,Method,True,False,N/A,N/A,N/A,,,Fail,N/A,N/A,N/A,N/A,NotFound,N/A,N/A,N/A,N/A,,,,,,,,N/A,N/A,1.00,,
valine,7.2,Target Compound,20240709_QE2_HILIC_BCSCuAOXq2d_blank1_20240710231833,39,Processed,T1,,Unknown,,B:A1,,,N/F,N/F,N/F,N/F,C5H11NO2,N/A,N/F,N/A,N/F,N/A,118.0863,N/F,N/F,N/F,0,N/A,Method,True,False,N/A,N/A,N/A,,,Fail,N/A,N/A,N/A,N/A,NotFound,N/A,N/A,N/A,N/A,,,,,,,,N/A,N/A,1.00,,
valine,7.2,Target Compound,20240709_QE2_HILIC_BCSCuAOXq2d_blank2,40,Processed,T1,,Unknown,,B:A1,,,N/F,N/F,N/F,N/F,C5H11NO2,N/A,N/F,N/A,N/F,N/A,118.0863,N/F,N/F,N/F,0,N/A,Method,True,False,N/A,N/A,N/A,,,Fail,N/A,N/A,N/A,N/A,NotFound,N/A,N/A,N/A,N/A,,,,,,,,N/A,N/A,1.00,,
valine,7.2,Target Compound,20240709_QE2_HILIC_BCSCuAOXq2d_blank2_20240710115054,41,Processed,T1,,Unknown,,B:A1,,,N/F,N/F,N/F,N/F,C5H11NO2,N/A,N/F,N/A,N/F,N/A,118.0863,N/F,N/F,N/F,0,N/A,Method,True,False,N/A,N/A,N/A,,,Fail,N/A,N/A,N/A,N/A,NotFound,N/A,N/A,N/A,N/A,,,,,,,,N/A,N/A,1.00,,
valine,7.2,Target Compound,20240709_QE2_HILIC_BCSCuAOXq2d_blank2_20240710235116,42,Processed,T1,,Unknown,,B:A1,,,N/F,N/F,N/F,N/F,C5H11NO2,N/A,N/F,N/A,N/F,N/A,118.0863,N/F,N/F,N/F,0,N/A,Method,True,False,N/A,N/A,N/A,,,Fail,N/A,N/A,N/A,N/A,NotFound,N/A,N/A,N/A,N/A,,,,,,,,N/A,N/A,1.00,,
