﻿Compound,RT,Type,Filename,Batch Order,Status,Peak Label,Group,Sample Type,Level,Sample ID,Sample Name,Comments,Height,Area,Actual RT,RT Delta,Formula,Adduct,Calculated Amt,Theoretical Amt,Sample Amt,Std Add Amount,m/z (Expected),m/z (Apex),m/z (Delta),Response Ratio,ISTD Amt,ISTD Response,Integration Mode,Active,Excluded,%Diff,%RSD,% CV,Channel,Final Units,PK,IR,IP,LS,FI,Confirm,Isotopic Pattern Score (%),Num Isotopes Matched,Lib Match Name,Library Score (%),Library Match Rank,SI/Dot Product,RSI/Rev Dot,Modification,Protein Name,Peptide Sequence,Ion Type,S/N,Ion Ratio,Group Average,Relative RT,Flag Details
tyrosine,7.68,Target Compound,20240709_QE2_HILIC_BCSCuAOXq2d_AYW1130,1,Processed,T1,1V,Unknown,,B:A2,,,16991670,224473258,7.57,-0.11,C9H11NO3,M+H,N/A,N/A,N/A,N/A,182.0812,182.0813,.7104 (ppm),0,0,N/A,Method,True,False,N/A,N/A,N/A,,,Pass,N/A,N/A,N/A,N/A,Confirmed,N/A,N/A,N/A,N/A,,,,,,,,787.34,N/A,210220899.58,,
tyrosine,7.68,Target Compound,20240709_QE2_HILIC_BCSCuAOXq2d_AYW1131,2,Processed,T1,1V,Unknown,,B:A3,,,14038454,191718255,7.56,-0.12,C9H11NO3,M+H,N/A,N/A,N/A,N/A,182.0812,182.0813,.3752 (ppm),0,0,N/A,Method,True,False,N/A,N/A,N/A,,,Pass,N/A,N/A,N/A,N/A,Confirmed,N/A,N/A,N/A,N/A,,,,,,,,528.89,N/A,210220899.58,,
tyrosine,7.68,Target Compound,20240709_QE2_HILIC_BCSCuAOXq2d_AYW1132,3,Processed,T1,1V,Unknown,,B:A4,,,14728538,214471186,7.6,-0.08,C9H11NO3,M+H,N/A,N/A,N/A,N/A,182.0812,182.0812,.1238 (ppm),0,0,N/A,Method,True,False,N/A,N/A,N/A,,,Pass,N/A,N/A,N/A,N/A,Confirmed,N/A,N/A,N/A,N/A,,,,,,,,1209.50,N/A,210220899.58,,
tyrosine,7.68,Target Compound,20240709_QE2_HILIC_BCSCuAOXq2d_AYW1133,4,Processed,T1,2B,Unknown,,B:A5,,,14674504,212422160,7.56,-0.12,C9H11NO3,M+H,N/A,N/A,N/A,N/A,182.0812,182.0812,.0400 (ppm),0,0,N/A,Method,True,False,N/A,N/A,N/A,,,Pass,N/A,N/A,N/A,N/A,Confirmed,N/A,N/A,N/A,N/A,,,,,,,,902.26,N/A,254767741.02,,
tyrosine,7.68,Target Compound,20240709_QE2_HILIC_BCSCuAOXq2d_AYW1134,5,Processed,T1,2B,Unknown,,B:A6,,,20991919,289672809,7.58,-0.10,C9H11NO3,M+H,N/A,N/A,N/A,N/A,182.0812,182.0812,-.2114 (ppm),0,0,N/A,Method,True,False,N/A,N/A,N/A,,,Pass,N/A,N/A,N/A,N/A,Confirmed,N/A,N/A,N/A,N/A,,,,,,,,989.10,N/A,254767741.02,,
tyrosine,7.68,Target Compound,20240709_QE2_HILIC_BCSCuAOXq2d_AYW1135,6,Processed,T1,2B,Unknown,,B:A7,,,17637890,262208254,7.55,-0.13,C9H11NO3,M+H,N/A,N/A,N/A,N/A,182.0812,182.0812,-.2114 (ppm),0,0,N/A,Method,True,False,N/A,N/A,N/A,,,Pass,N/A,N/A,N/A,N/A,Confirmed,N/A,N/A,N/A,N/A,,,,,,,,984.77,N/A,254767741.02,,
tyrosine,7.68,Target Compound,20240709_QE2_HILIC_BCSCuAOXq2d_AYW1136,7,Processed,T1,3C,Unknown,,B:A8,,,18664421,268946595,7.56,-0.12,C9H11NO3,M+H,N/A,N/A,N/A,N/A,182.0812,182.0812,-.0438 (ppm),0,0,N/A,Method,True,False,N/A,N/A,N/A,,,Pass,N/A,N/A,N/A,N/A,Confirmed,N/A,N/A,N/A,N/A,,,,,,,,867.26,N/A,233950498.30,,
tyrosine,7.68,Target Compound,20240709_QE2_HILIC_BCSCuAOXq2d_AYW1137,8,Processed,T1,3C,Unknown,,B:A9,,,19800775,272850535,7.58,-0.10,C9H11NO3,M+H,N/A,N/A,N/A,N/A,182.0812,182.0812,.0400 (ppm),0,0,N/A,Method,True,False,N/A,N/A,N/A,,,Pass,N/A,N/A,N/A,N/A,Confirmed,N/A,N/A,N/A,N/A,,,,,,,,706.76,N/A,233950498.30,,
tyrosine,7.68,Target Compound,20240709_QE2_HILIC_BCSCuAOXq2d_AYW1138,9,Processed,T1,3C,Unknown,,B:B1,,,11307655,160054364,7.56,-0.12,C9H11NO3,M+H,N/A,N/A,N/A,N/A,182.0812,182.0812,-.0438 (ppm),0,0,N/A,Method,True,False,N/A,N/A,N/A,,,Pass,N/A,N/A,N/A,N/A,Confirmed,N/A,N/A,N/A,N/A,,,,,,,,1126.81,N/A,233950498.30,,
tyrosine,7.68,Target Compound,20240709_QE2_HILIC_BCSCuAOXq2d_AYW1139,10,Processed,T1,4BC,Unknown,,B:B2,,,18376343,256893056,7.55,-0.13,C9H11NO3,M+H,N/A,N/A,N/A,N/A,182.0812,182.0812,-.1276 (ppm),0,0,N/A,Method,True,False,N/A,N/A,N/A,,,Pass,N/A,N/A,N/A,N/A,Confirmed,N/A,N/A,N/A,N/A,,,,,,,,1131.91,N/A,249634918.92,N/A,
tyrosine,7.68,Target Compound,20240709_QE2_HILIC_BCSCuAOXq2d_AYW1140,11,Processed,T1,4BC,Unknown,,B:B3,,,15570075,227444603,7.58,-0.10,C9H11NO3,M+H,N/A,N/A,N/A,N/A,182.0812,182.0811,-.3791 (ppm),0,0,N/A,Method,True,False,N/A,N/A,N/A,,,Pass,N/A,N/A,N/A,N/A,Confirmed,N/A,N/A,N/A,N/A,,,,,,,,2873.31,N/A,249634918.92,,
tyrosine,7.68,Target Compound,20240709_QE2_HILIC_BCSCuAOXq2d_AYW1141,12,Processed,T1,4BC,Unknown,,B:B4,,,17600239,264567098,7.58,-0.10,C9H11NO3,M+H,N/A,N/A,N/A,N/A,182.0812,182.0813,.3752 (ppm),0,0,N/A,Method,True,False,N/A,N/A,N/A,,,Pass,N/A,N/A,N/A,N/A,Confirmed,N/A,N/A,N/A,N/A,,,,,,,,981.92,N/A,249634918.92,,
tyrosine,7.68,Target Compound,20240709_QE2_HILIC_BCSCuAOXq2d_AYW1142,13,Processed,T1,5RV,Unknown,,B:B5,,,19224363,277426139,7.57,-0.11,C9H11NO3,M+H,N/A,N/A,N/A,N/A,182.0812,182.0813,.3752 (ppm),0,0,N/A,Method,True,False,N/A,N/A,N/A,,,Pass,N/A,N/A,N/A,N/A,Confirmed,N/A,N/A,N/A,N/A,,,,,,,,2549.82,N/A,262940619.11,N/A,
tyrosine,7.68,Target Compound,20240709_QE2_HILIC_BCSCuAOXq2d_AYW1143,14,Processed,T1,5RV,Unknown,,B:B6,,,19038988,245967113,7.56,-0.12,C9H11NO3,M+H,N/A,N/A,N/A,N/A,182.0812,182.0813,.3752 (ppm),0,0,N/A,Method,True,False,N/A,N/A,N/A,,,Pass,N/A,N/A,N/A,N/A,Confirmed,N/A,N/A,N/A,N/A,,,,,,,,1275.10,N/A,262940619.11,,
tyrosine,7.68,Target Compound,20240709_QE2_HILIC_BCSCuAOXq2d_AYW1144,15,Processed,T1,5RV,Unknown,,B:B7,,,18031861,265428605,7.58,-0.10,C9H11NO3,M+H,N/A,N/A,N/A,N/A,182.0812,182.0813,.5428 (ppm),0,0,N/A,Method,True,False,N/A,N/A,N/A,,,Pass,N/A,N/A,N/A,N/A,Confirmed,N/A,N/A,N/A,N/A,,,,,,,,999.32,N/A,262940619.11,,
tyrosine,7.68,Target Compound,20240709_QE2_HILIC_BCSCuAOXq2d_AYW1145,16,Processed,T1,6RB,Unknown,,B:B8,,,16156089,238167018,7.57,-0.11,C9H11NO3,M+H,N/A,N/A,N/A,N/A,182.0812,182.0813,.6266 (ppm),0,0,N/A,Method,True,False,N/A,N/A,N/A,,,Pass,N/A,N/A,N/A,N/A,Confirmed,N/A,N/A,N/A,N/A,,,,,,,,2585.84,N/A,201427632.97,,
tyrosine,7.68,Target Compound,20240709_QE2_HILIC_BCSCuAOXq2d_AYW1146,17,Processed,T1,6RB,Unknown,,B:B9,,,12895023,171531268,7.59,-0.09,C9H11NO3,M+H,N/A,N/A,N/A,N/A,182.0812,182.0812,.1238 (ppm),0,0,N/A,Method,True,False,N/A,N/A,N/A,,,Pass,N/A,N/A,N/A,N/A,Confirmed,N/A,N/A,N/A,N/A,,,,,,,,1274.21,N/A,201427632.97,,
tyrosine,7.68,Target Compound,20240709_QE2_HILIC_BCSCuAOXq2d_AYW1147,18,Processed,T1,6RB,Unknown,,B:C1,,,13486639,194584613,7.59,-0.09,C9H11NO3,M+H,N/A,N/A,N/A,N/A,182.0812,182.0812,.2076 (ppm),0,0,N/A,Method,True,False,N/A,N/A,N/A,,,Pass,N/A,N/A,N/A,N/A,Confirmed,N/A,N/A,N/A,N/A,,,,,,,,1254.47,N/A,201427632.97,,
tyrosine,7.68,Target Compound,20240709_QE2_HILIC_BCSCuAOXq2d_AYW1148,19,Processed,T1,7RV,Unknown,,B:C2,,,15999951,227140917,7.59,-0.09,C9H11NO3,M+H,N/A,N/A,N/A,N/A,182.0812,182.0812,-.0438 (ppm),0,0,N/A,Method,True,False,N/A,N/A,N/A,,,Pass,N/A,N/A,N/A,N/A,Confirmed,N/A,N/A,N/A,N/A,,,,,,,,2450.48,N/A,229956394.01,,
tyrosine,7.68,Target Compound,20240709_QE2_HILIC_BCSCuAOXq2d_AYW1149,20,Processed,T1,7RV,Unknown,,B:C3,,,17969605,235462472,7.56,-0.12,C9H11NO3,M+H,N/A,N/A,N/A,N/A,182.0812,182.0812,-.0438 (ppm),0,0,N/A,Method,True,False,N/A,N/A,N/A,,,Pass,N/A,N/A,N/A,N/A,Confirmed,N/A,N/A,N/A,N/A,,,,,,,,1993.57,N/A,229956394.01,,
tyrosine,7.68,Target Compound,20240709_QE2_HILIC_BCSCuAOXq2d_AYW1150,21,Processed,T1,7RV,Unknown,,B:C4,,,16779007,227265793,7.56,-0.12,C9H11NO3,M+H,N/A,N/A,N/A,N/A,182.0812,182.0812,.0400 (ppm),0,0,N/A,Method,True,False,N/A,N/A,N/A,,,Pass,N/A,N/A,N/A,N/A,Confirmed,N/A,N/A,N/A,N/A,,,,,,,,651.33,N/A,229956394.01,,
tyrosine,7.68,Target Compound,20240709_QE2_HILIC_BCSCuAOXq2d_AYW1151,22,Processed,T1,8RB,Unknown,,B:C5,,,19458820,280652729,7.55,-0.13,C9H11NO3,M+H,N/A,N/A,N/A,N/A,182.0812,182.0813,.2914 (ppm),0,0,N/A,Method,True,False,N/A,N/A,N/A,,,Pass,N/A,N/A,N/A,N/A,Confirmed,N/A,N/A,N/A,N/A,,,,,,,,2299.29,N/A,253093787.68,,
tyrosine,7.68,Target Compound,20240709_QE2_HILIC_BCSCuAOXq2d_AYW1152,23,Processed,T1,8RB,Unknown,,B:C6,,,13723885,191976123,7.57,-0.11,C9H11NO3,M+H,N/A,N/A,N/A,N/A,182.0812,182.0812,.2076 (ppm),0,0,N/A,Method,True,False,N/A,N/A,N/A,,,Pass,N/A,N/A,N/A,N/A,Confirmed,N/A,N/A,N/A,N/A,,,,,,,,925.38,N/A,253093787.68,,
tyrosine,7.68,Target Compound,20240709_QE2_HILIC_BCSCuAOXq2d_AYW1153,24,Processed,T1,8RB,Unknown,,B:C7,,,21342825,286652512,7.58,-0.10,C9H11NO3,M+H,N/A,N/A,N/A,N/A,182.0812,182.0812,.0400 (ppm),0,0,N/A,Method,True,False,N/A,N/A,N/A,,,Pass,N/A,N/A,N/A,N/A,Confirmed,N/A,N/A,N/A,N/A,,,,,,,,872.01,N/A,253093787.68,,
tyrosine,7.68,Target Compound,20240709_QE2_HILIC_BCSCuAOXq2d_AYW1154_pool1xa,25,Processed,T1,pool1x,Unknown,,B:C8,,,16550754,222094078,7.58,-0.10,C9H11NO3,M+H,N/A,N/A,N/A,N/A,182.0812,182.0813,.3752 (ppm),0,0,N/A,Method,True,False,N/A,N/A,N/A,,,Pass,N/A,N/A,N/A,N/A,Confirmed,N/A,N/A,N/A,N/A,,,,,,,,752.79,N/A,236358961.77,,
tyrosine,7.68,Target Compound,20240709_QE2_HILIC_BCSCuAOXq2d_AYW1154_pool1xb,26,Processed,T1,pool1x,Unknown,,B:C8,,,20058588,272801518,7.57,-0.11,C9H11NO3,M+H,N/A,N/A,N/A,N/A,182.0812,182.0811,-.5467 (ppm),0,0,N/A,Method,True,False,N/A,N/A,N/A,,,Pass,N/A,N/A,N/A,N/A,Confirmed,N/A,N/A,N/A,N/A,,,,,,,,831.63,N/A,236358961.77,,
tyrosine,7.68,Target Compound,20240709_QE2_HILIC_BCSCuAOXq2d_AYW1154_pool1xc,27,Processed,T1,pool1x,Unknown,,B:C8,,,16514286,235728393,7.58,-0.10,C9H11NO3,M+H,N/A,N/A,N/A,N/A,182.0812,182.0813,.2914 (ppm),0,0,N/A,Method,True,False,N/A,N/A,N/A,,,Pass,N/A,N/A,N/A,N/A,Confirmed,N/A,N/A,N/A,N/A,,,,,,,,811.50,N/A,236358961.77,,
tyrosine,7.68,Target Compound,20240709_QE2_HILIC_BCSCuAOXq2d_AYW1154_pool1xd,28,Processed,T1,pool1x,Unknown,,B:C8,,,15615972,214811859,7.57,-0.11,C9H11NO3,M+H,N/A,N/A,N/A,N/A,182.0812,182.0812,-.2114 (ppm),0,0,N/A,Method,True,False,N/A,N/A,N/A,,,Pass,N/A,N/A,N/A,N/A,Confirmed,N/A,N/A,N/A,N/A,,,,,,,,4382.63,N/A,236358961.77,,
tyrosine,7.68,Target Compound,20240709_QE2_HILIC_BCSCuAOXq2d_AYW1155_pool033xa,29,Processed,T1,pool033x,Unknown,,B:C9,,,6516545,88713499,7.53,-0.15,C9H11NO3,M+H,N/A,N/A,N/A,N/A,182.0812,182.0812,.1238 (ppm),0,0,N/A,Method,True,False,N/A,N/A,N/A,,,Pass,N/A,N/A,N/A,N/A,Confirmed,N/A,N/A,N/A,N/A,,,,,,,,329.79,N/A,87870991.84,,
tyrosine,7.68,Target Compound,20240709_QE2_HILIC_BCSCuAOXq2d_AYW1155_pool033xb,30,Processed,T1,pool033x,Unknown,,B:C9,,,6361265,98108508,7.52,-0.16,C9H11NO3,M+H,N/A,N/A,N/A,N/A,182.0812,182.0811,-.5467 (ppm),0,0,N/A,Method,True,False,N/A,N/A,N/A,,,Pass,N/A,N/A,N/A,N/A,Confirmed,N/A,N/A,N/A,N/A,,,,,,,,248.16,N/A,87870991.84,,
tyrosine,7.68,Target Compound,20240709_QE2_HILIC_BCSCuAOXq2d_AYW1155_pool033xc,31,Processed,T1,pool033x,Unknown,,B:C9,,,5745228,82215037,7.52,-0.16,C9H11NO3,M+H,N/A,N/A,N/A,N/A,182.0812,182.0813,.5428 (ppm),0,0,N/A,Method,True,False,N/A,N/A,N/A,,,Pass,N/A,N/A,N/A,N/A,Confirmed,N/A,N/A,N/A,N/A,,,,,,,,406.29,N/A,87870991.84,,
tyrosine,7.68,Target Compound,20240709_QE2_HILIC_BCSCuAOXq2d_AYW1155_pool033xd,32,Processed,T1,pool033x,Unknown,,B:C9,,,5776663,82446923,7.52,-0.16,C9H11NO3,M+H,N/A,N/A,N/A,N/A,182.0812,182.0813,.4590 (ppm),0,0,N/A,Method,True,False,N/A,N/A,N/A,,,Pass,N/A,N/A,N/A,N/A,Confirmed,N/A,N/A,N/A,N/A,,,,,,,,536.13,N/A,87870991.84,,
tyrosine,7.68,Target Compound,20240709_QE2_HILIC_BCSCuAOXq2d_AYW1156_pool01xa,33,Processed,T1,pool01x,Unknown,,B:D1,,,1973350,26410491,7.51,-0.17,C9H11NO3,M+H,N/A,N/A,N/A,N/A,182.0812,182.0812,.2076 (ppm),0,0,N/A,Method,True,False,N/A,N/A,N/A,,,Pass,N/A,N/A,N/A,N/A,Confirmed,N/A,N/A,N/A,N/A,,,,,,,,95.02,N/A,31164931.71,,
tyrosine,7.68,Target Compound,20240709_QE2_HILIC_BCSCuAOXq2d_AYW1156_pool01xb,34,Processed,T1,pool01x,Unknown,,B:D1,,,2637666,36952236,7.51,-0.17,C9H11NO3,M+H,N/A,N/A,N/A,N/A,182.0812,182.0812,-.1276 (ppm),0,0,N/A,Method,True,False,N/A,N/A,N/A,,,Pass,N/A,N/A,N/A,N/A,Confirmed,N/A,N/A,N/A,N/A,,,,,,,,130.39,N/A,31164931.71,,
tyrosine,7.68,Target Compound,20240709_QE2_HILIC_BCSCuAOXq2d_AYW1156_pool01xc,35,Processed,T1,pool01x,Unknown,,B:D1,,,2221312,31207306,7.47,-0.21,C9H11NO3,M+H,N/A,N/A,N/A,N/A,182.0812,182.0814,.9618 (ppm),0,0,N/A,Method,True,False,N/A,N/A,N/A,,,Pass,N/A,N/A,N/A,N/A,Confirmed,N/A,N/A,N/A,N/A,,,,,,,,253.08,N/A,31164931.71,,
tyrosine,7.68,Target Compound,20240709_QE2_HILIC_BCSCuAOXq2d_AYW1156_pool01xd,36,Processed,T1,pool01x,Unknown,,B:D1,,,2436715,30089694,7.5,-0.18,C9H11NO3,M+H,N/A,N/A,N/A,N/A,182.0812,182.0812,-.1276 (ppm),0,0,N/A,Method,True,False,N/A,N/A,N/A,,,Pass,N/A,N/A,N/A,N/A,Confirmed,N/A,N/A,N/A,N/A,,,,,,,,222.00,N/A,31164931.71,,
tyrosine,7.68,Target Compound,20240709_QE2_HILIC_BCSCuAOXq2d_blank1,37,Processed,T1,,Unknown,,B:A1,,,N/F,N/F,N/F,N/F,C9H11NO3,N/A,N/F,N/A,N/F,N/A,182.0812,N/F,N/F,N/F,0,N/A,Method,True,False,N/A,N/A,N/A,,,Fail,N/A,N/A,N/A,N/A,NotFound,N/A,N/A,N/A,N/A,,,,,,,,N/A,N/A,1.00,,
tyrosine,7.68,Target Compound,20240709_QE2_HILIC_BCSCuAOXq2d_blank1_20240710111342,38,Processed,T1,,Unknown,,B:A1,,,N/F,N/F,N/F,N/F,C9H11NO3,N/A,N/F,N/A,N/F,N/A,182.0812,N/F,N/F,N/F,0,N/A,Method,True,False,N/A,N/A,N/A,,,Fail,N/A,N/A,N/A,N/A,NotFound,N/A,N/A,N/A,N/A,,,,,,,,N/A,N/A,1.00,,
tyrosine,7.68,Target Compound,20240709_QE2_HILIC_BCSCuAOXq2d_blank1_20240710231833,39,Processed,T1,,Unknown,,B:A1,,,N/F,N/F,N/F,N/F,C9H11NO3,N/A,N/F,N/A,N/F,N/A,182.0812,N/F,N/F,N/F,0,N/A,Method,True,False,N/A,N/A,N/A,,,Fail,N/A,N/A,N/A,N/A,NotFound,N/A,N/A,N/A,N/A,,,,,,,,N/A,N/A,1.00,,
tyrosine,7.68,Target Compound,20240709_QE2_HILIC_BCSCuAOXq2d_blank2,40,Processed,T1,,Unknown,,B:A1,,,N/F,N/F,N/F,N/F,C9H11NO3,N/A,N/F,N/A,N/F,N/A,182.0812,N/F,N/F,N/F,0,N/A,Method,True,False,N/A,N/A,N/A,,,Fail,N/A,N/A,N/A,N/A,NotFound,N/A,N/A,N/A,N/A,,,,,,,,N/A,N/A,1.00,,
tyrosine,7.68,Target Compound,20240709_QE2_HILIC_BCSCuAOXq2d_blank2_20240710115054,41,Processed,T1,,Unknown,,B:A1,,,N/F,N/F,N/F,N/F,C9H11NO3,N/A,N/F,N/A,N/F,N/A,182.0812,N/F,N/F,N/F,0,N/A,Method,True,False,N/A,N/A,N/A,,,Fail,N/A,N/A,N/A,N/A,NotFound,N/A,N/A,N/A,N/A,,,,,,,,N/A,N/A,1.00,,
tyrosine,7.68,Target Compound,20240709_QE2_HILIC_BCSCuAOXq2d_blank2_20240710235116,42,Processed,T1,,Unknown,,B:A1,,,N/F,N/F,N/F,N/F,C9H11NO3,N/A,N/F,N/A,N/F,N/A,182.0812,N/F,N/F,N/F,0,N/A,Method,True,False,N/A,N/A,N/A,,,Fail,N/A,N/A,N/A,N/A,NotFound,N/A,N/A,N/A,N/A,,,,,,,,N/A,N/A,1.00,,
