﻿Compound,RT,Type,Filename,Batch Order,Status,Peak Label,Group,Sample Type,Level,Sample ID,Sample Name,Comments,Height,Area,Actual RT,RT Delta,Formula,Adduct,Calculated Amt,Theoretical Amt,Sample Amt,Std Add Amount,m/z (Expected),m/z (Apex),m/z (Delta),Response Ratio,ISTD Amt,ISTD Response,Integration Mode,Active,Excluded,%Diff,%RSD,% CV,Channel,Final Units,PK,IR,IP,LS,FI,Confirm,Isotopic Pattern Score (%),Num Isotopes Matched,Lib Match Name,Library Score (%),Library Match Rank,SI/Dot Product,RSI/Rev Dot,Modification,Protein Name,Peptide Sequence,Ion Type,S/N,Ion Ratio,Group Average,Relative RT,Flag Details
NADH,9,Target Compound,20240709_QE2_HILIC_BCSCuAOXq2d_AYW1130,1,Processed,T1,1V,Unknown,,B:A2,,,919436,12015217,9,0.00,C21H29N7O14P2,M+H,N/A,N/A,N/A,N/A,666.1321,N/A,N/A,0,0,N/A,Method,True,False,N/A,N/A,N/A,,,Pass,N/A,N/A,N/A,N/A,Confirmed,N/A,N/A,N/A,N/A,,,,,,,,INF,N/A,10192780.37,,
NADH,9,Target Compound,20240709_QE2_HILIC_BCSCuAOXq2d_AYW1131,2,Processed,T1,1V,Unknown,,B:A3,,,684944,10091104,9,0.00,C21H29N7O14P2,M+H,N/A,N/A,N/A,N/A,666.1321,N/A,N/A,0,0,N/A,Method,True,False,N/A,N/A,N/A,,,Pass,N/A,N/A,N/A,N/A,Confirmed,N/A,N/A,N/A,N/A,,,,,,,,INF,N/A,10192780.37,,
NADH,9,Target Compound,20240709_QE2_HILIC_BCSCuAOXq2d_AYW1132,3,Processed,T1,1V,Unknown,,B:A4,,,394155,8472020,9,0.00,C21H29N7O14P2,M+H,N/A,N/A,N/A,N/A,666.1321,N/A,N/A,0,0,N/A,Method,True,False,N/A,N/A,N/A,,,Pass,N/A,N/A,N/A,N/A,Confirmed,N/A,N/A,N/A,N/A,,,,,,,,INF,N/A,10192780.37,,
NADH,9,Target Compound,20240709_QE2_HILIC_BCSCuAOXq2d_AYW1133,4,Processed,T1,2B,Unknown,,B:A5,,,639246,17783670,9,0.00,C21H29N7O14P2,M+H,N/A,N/A,N/A,N/A,666.1321,N/A,N/A,0,0,N/A,Method,True,False,N/A,N/A,N/A,,,Pass,N/A,N/A,N/A,N/A,Confirmed,N/A,N/A,N/A,N/A,,,,,,,,INF,N/A,23894396.79,,
NADH,9,Target Compound,20240709_QE2_HILIC_BCSCuAOXq2d_AYW1134,5,Processed,T1,2B,Unknown,,B:A6,,,2192478,27425734,9,0.00,C21H29N7O14P2,M+H,N/A,N/A,N/A,N/A,666.1321,N/A,N/A,0,0,N/A,Method,True,False,N/A,N/A,N/A,,,Pass,N/A,N/A,N/A,N/A,Confirmed,N/A,N/A,N/A,N/A,,,,,,,,INF,N/A,23894396.79,,
NADH,9,Target Compound,20240709_QE2_HILIC_BCSCuAOXq2d_AYW1135,6,Processed,T1,2B,Unknown,,B:A7,,,2025640,26473786,9,0.00,C21H29N7O14P2,M+H,N/A,N/A,N/A,N/A,666.1321,N/A,N/A,0,0,N/A,Method,True,False,N/A,N/A,N/A,,,Pass,N/A,N/A,N/A,N/A,Confirmed,N/A,N/A,N/A,N/A,,,,,,,,INF,N/A,23894396.79,,
NADH,9,Target Compound,20240709_QE2_HILIC_BCSCuAOXq2d_AYW1136,7,Processed,T1,3C,Unknown,,B:A8,,,1114537,14609274,9,0.00,C21H29N7O14P2,M+H,N/A,N/A,N/A,N/A,666.1321,N/A,N/A,0,0,N/A,Method,True,False,N/A,N/A,N/A,,,Pass,N/A,N/A,N/A,N/A,Confirmed,N/A,N/A,N/A,N/A,,,,,,,,INF,N/A,11583287.05,,
NADH,9,Target Compound,20240709_QE2_HILIC_BCSCuAOXq2d_AYW1137,8,Processed,T1,3C,Unknown,,B:A9,,,1049878,13856552,9,0.00,C21H29N7O14P2,M+H,N/A,N/A,N/A,N/A,666.1321,N/A,N/A,0,0,N/A,Method,True,False,N/A,N/A,N/A,,,Pass,N/A,N/A,N/A,N/A,Confirmed,N/A,N/A,N/A,N/A,,,,,,,,INF,N/A,11583287.05,,
NADH,9,Target Compound,20240709_QE2_HILIC_BCSCuAOXq2d_AYW1138,9,Processed,T1,3C,Unknown,,B:B1,,,244224,6284035,9,0.00,C21H29N7O14P2,M+H,N/A,N/A,N/A,N/A,666.1321,N/A,N/A,0,0,N/A,Method,True,False,N/A,N/A,N/A,,,Pass,N/A,N/A,N/A,N/A,Confirmed,N/A,N/A,N/A,N/A,,,,,,,,INF,N/A,11583287.05,,
NADH,9,Target Compound,20240709_QE2_HILIC_BCSCuAOXq2d_AYW1139,10,Processed,T1,4BC,Unknown,,B:B2,,,478586,10149935,9,0.00,C21H29N7O14P2,M+H,N/A,N/A,N/A,N/A,666.1321,N/A,N/A,0,0,N/A,Method,True,False,N/A,N/A,N/A,,,Pass,N/A,N/A,N/A,N/A,Confirmed,N/A,N/A,N/A,N/A,,,,,,,,INF,N/A,10211768.96,N/A,
NADH,9,Target Compound,20240709_QE2_HILIC_BCSCuAOXq2d_AYW1140,11,Processed,T1,4BC,Unknown,,B:B3,,,472543,10721971,9,0.00,C21H29N7O14P2,M+H,N/A,N/A,N/A,N/A,666.1321,N/A,N/A,0,0,N/A,Method,True,False,N/A,N/A,N/A,,,Pass,N/A,N/A,N/A,N/A,Confirmed,N/A,N/A,N/A,N/A,,,,,,,,INF,N/A,10211768.96,,
NADH,9,Target Compound,20240709_QE2_HILIC_BCSCuAOXq2d_AYW1141,12,Processed,T1,4BC,Unknown,,B:B4,,,668775,9763401,9,0.00,C21H29N7O14P2,M+H,N/A,N/A,N/A,N/A,666.1321,N/A,N/A,0,0,N/A,Method,True,False,N/A,N/A,N/A,,,Pass,N/A,N/A,N/A,N/A,Confirmed,N/A,N/A,N/A,N/A,,,,,,,,INF,N/A,10211768.96,,
NADH,9,Target Compound,20240709_QE2_HILIC_BCSCuAOXq2d_AYW1142,13,Processed,T1,5RV,Unknown,,B:B5,,,701725,13985116,9,0.00,C21H29N7O14P2,M+H,N/A,N/A,N/A,N/A,666.1321,N/A,N/A,0,0,N/A,Method,True,False,N/A,N/A,N/A,,,Pass,N/A,N/A,N/A,N/A,Confirmed,N/A,N/A,N/A,N/A,,,,,,,,INF,N/A,13641817.91,N/A,
NADH,9,Target Compound,20240709_QE2_HILIC_BCSCuAOXq2d_AYW1143,14,Processed,T1,5RV,Unknown,,B:B6,,,1006044,14585222,9,0.00,C21H29N7O14P2,M+H,N/A,N/A,N/A,N/A,666.1321,N/A,N/A,0,0,N/A,Method,True,False,N/A,N/A,N/A,,,Pass,N/A,N/A,N/A,N/A,Confirmed,N/A,N/A,N/A,N/A,,,,,,,,INF,N/A,13641817.91,,
NADH,9,Target Compound,20240709_QE2_HILIC_BCSCuAOXq2d_AYW1144,15,Processed,T1,5RV,Unknown,,B:B7,,,768413,12355115,9,0.00,C21H29N7O14P2,M+H,N/A,N/A,N/A,N/A,666.1321,N/A,N/A,0,0,N/A,Method,True,False,N/A,N/A,N/A,,,Pass,N/A,N/A,N/A,N/A,Confirmed,N/A,N/A,N/A,N/A,,,,,,,,INF,N/A,13641817.91,,
NADH,9,Target Compound,20240709_QE2_HILIC_BCSCuAOXq2d_AYW1145,16,Processed,T1,6RB,Unknown,,B:B8,,,1237478,23692201,9,0.00,C21H29N7O14P2,M+H,N/A,N/A,N/A,N/A,666.1321,N/A,N/A,0,0,N/A,Method,True,False,N/A,N/A,N/A,,,Pass,N/A,N/A,N/A,N/A,Confirmed,N/A,N/A,N/A,N/A,,,,,,,,INF,N/A,18551723.18,,
NADH,9,Target Compound,20240709_QE2_HILIC_BCSCuAOXq2d_AYW1146,17,Processed,T1,6RB,Unknown,,B:B9,,,786527,16931607,9,0.00,C21H29N7O14P2,M+H,N/A,N/A,N/A,N/A,666.1321,N/A,N/A,0,0,N/A,Method,True,False,N/A,N/A,N/A,,,Pass,N/A,N/A,N/A,N/A,Confirmed,N/A,N/A,N/A,N/A,,,,,,,,INF,N/A,18551723.18,,
NADH,9,Target Compound,20240709_QE2_HILIC_BCSCuAOXq2d_AYW1147,18,Processed,T1,6RB,Unknown,,B:C1,,,609128,15031362,9,0.00,C21H29N7O14P2,M+H,N/A,N/A,N/A,N/A,666.1321,N/A,N/A,0,0,N/A,Method,True,False,N/A,N/A,N/A,,,Pass,N/A,N/A,N/A,N/A,Confirmed,N/A,N/A,N/A,N/A,,,,,,,,INF,N/A,18551723.18,,
NADH,9,Target Compound,20240709_QE2_HILIC_BCSCuAOXq2d_AYW1148,19,Processed,T1,7RV,Unknown,,B:C2,,,502232,12049207,9,0.00,C21H29N7O14P2,M+H,N/A,N/A,N/A,N/A,666.1321,N/A,N/A,0,0,N/A,Method,True,False,N/A,N/A,N/A,,,Pass,N/A,N/A,N/A,N/A,Confirmed,N/A,N/A,N/A,N/A,,,,,,,,INF,N/A,11895567.03,,
NADH,9,Target Compound,20240709_QE2_HILIC_BCSCuAOXq2d_AYW1149,20,Processed,T1,7RV,Unknown,,B:C3,,,990237,12835520,9,0.00,C21H29N7O14P2,M+H,N/A,N/A,N/A,N/A,666.1321,N/A,N/A,0,0,N/A,Method,True,False,N/A,N/A,N/A,,,Pass,N/A,N/A,N/A,N/A,Confirmed,N/A,N/A,N/A,N/A,,,,,,,,INF,N/A,11895567.03,,
NADH,9,Target Compound,20240709_QE2_HILIC_BCSCuAOXq2d_AYW1150,21,Processed,T1,7RV,Unknown,,B:C4,,,894612,10801974,9,0.00,C21H29N7O14P2,M+H,N/A,N/A,N/A,N/A,666.1321,N/A,N/A,0,0,N/A,Method,True,False,N/A,N/A,N/A,,,Pass,N/A,N/A,N/A,N/A,Confirmed,N/A,N/A,N/A,N/A,,,,,,,,INF,N/A,11895567.03,,
NADH,9,Target Compound,20240709_QE2_HILIC_BCSCuAOXq2d_AYW1151,22,Processed,T1,8RB,Unknown,,B:C5,,,1411600,17797180,9,0.00,C21H29N7O14P2,M+H,N/A,N/A,N/A,N/A,666.1321,N/A,N/A,0,0,N/A,Method,True,False,N/A,N/A,N/A,,,Pass,N/A,N/A,N/A,N/A,Confirmed,N/A,N/A,N/A,N/A,,,,,,,,INF,N/A,16286215.99,,
NADH,9,Target Compound,20240709_QE2_HILIC_BCSCuAOXq2d_AYW1152,23,Processed,T1,8RB,Unknown,,B:C6,,,549469,12770079,9,0.00,C21H29N7O14P2,M+H,N/A,N/A,N/A,N/A,666.1321,N/A,N/A,0,0,N/A,Method,True,False,N/A,N/A,N/A,,,Pass,N/A,N/A,N/A,N/A,Confirmed,N/A,N/A,N/A,N/A,,,,,,,,INF,N/A,16286215.99,,
NADH,9,Target Compound,20240709_QE2_HILIC_BCSCuAOXq2d_AYW1153,24,Processed,T1,8RB,Unknown,,B:C7,,,1527187,18291389,9,0.00,C21H29N7O14P2,M+H,N/A,N/A,N/A,N/A,666.1321,N/A,N/A,0,0,N/A,Method,True,False,N/A,N/A,N/A,,,Pass,N/A,N/A,N/A,N/A,Confirmed,N/A,N/A,N/A,N/A,,,,,,,,INF,N/A,16286215.99,,
NADH,9,Target Compound,20240709_QE2_HILIC_BCSCuAOXq2d_AYW1154_pool1xa,25,Processed,T1,pool1x,Unknown,,B:C8,,,1387430,14996385,9,0.00,C21H29N7O14P2,M+H,N/A,N/A,N/A,N/A,666.1321,N/A,N/A,0,0,N/A,Method,True,False,N/A,N/A,N/A,,,Pass,N/A,N/A,N/A,N/A,Confirmed,N/A,N/A,N/A,N/A,,,,,,,,INF,N/A,14902993.35,,
NADH,9,Target Compound,20240709_QE2_HILIC_BCSCuAOXq2d_AYW1154_pool1xb,26,Processed,T1,pool1x,Unknown,,B:C8,,,913546,14962240,9,0.00,C21H29N7O14P2,M+H,N/A,N/A,N/A,N/A,666.1321,N/A,N/A,0,0,N/A,Method,True,False,N/A,N/A,N/A,,,Pass,N/A,N/A,N/A,N/A,Confirmed,N/A,N/A,N/A,N/A,,,,,,,,INF,N/A,14902993.35,,
NADH,9,Target Compound,20240709_QE2_HILIC_BCSCuAOXq2d_AYW1154_pool1xc,27,Processed,T1,pool1x,Unknown,,B:C8,,,783350,14981097,9,0.00,C21H29N7O14P2,M+H,N/A,N/A,N/A,N/A,666.1321,N/A,N/A,0,0,N/A,Method,True,False,N/A,N/A,N/A,,,Pass,N/A,N/A,N/A,N/A,Confirmed,N/A,N/A,N/A,N/A,,,,,,,,INF,N/A,14902993.35,,
NADH,9,Target Compound,20240709_QE2_HILIC_BCSCuAOXq2d_AYW1154_pool1xd,28,Processed,T1,pool1x,Unknown,,B:C8,,,597793,14672252,9,0.00,C21H29N7O14P2,M+H,N/A,N/A,N/A,N/A,666.1321,N/A,N/A,0,0,N/A,Method,True,False,N/A,N/A,N/A,,,Pass,N/A,N/A,N/A,N/A,Confirmed,N/A,N/A,N/A,N/A,,,,,,,,INF,N/A,14902993.35,,
NADH,9,Target Compound,20240709_QE2_HILIC_BCSCuAOXq2d_AYW1155_pool033xa,29,Processed,T1,pool033x,Unknown,,B:C9,,,458847,5238291,9,0.00,C21H29N7O14P2,M+H,N/A,N/A,N/A,N/A,666.1321,N/A,N/A,0,0,N/A,Method,True,False,N/A,N/A,N/A,,,Pass,N/A,N/A,N/A,N/A,Confirmed,N/A,N/A,N/A,N/A,,,,,,,,INF,N/A,4822437.16,,
NADH,9,Target Compound,20240709_QE2_HILIC_BCSCuAOXq2d_AYW1155_pool033xb,30,Processed,T1,pool033x,Unknown,,B:C9,,,393093,5155287,9,0.00,C21H29N7O14P2,M+H,N/A,N/A,N/A,N/A,666.1321,N/A,N/A,0,0,N/A,Method,True,False,N/A,N/A,N/A,,,Pass,N/A,N/A,N/A,N/A,Confirmed,N/A,N/A,N/A,N/A,,,,,,,,INF,N/A,4822437.16,,
NADH,9,Target Compound,20240709_QE2_HILIC_BCSCuAOXq2d_AYW1155_pool033xc,31,Processed,T1,pool033x,Unknown,,B:C9,,,305068,4126387,9,0.00,C21H29N7O14P2,M+H,N/A,N/A,N/A,N/A,666.1321,N/A,N/A,0,0,N/A,Method,True,False,N/A,N/A,N/A,,,Pass,N/A,N/A,N/A,N/A,Confirmed,N/A,N/A,N/A,N/A,,,,,,,,INF,N/A,4822437.16,,
NADH,9,Target Compound,20240709_QE2_HILIC_BCSCuAOXq2d_AYW1155_pool033xd,32,Processed,T1,pool033x,Unknown,,B:C9,,,268883,4769784,9,0.00,C21H29N7O14P2,M+H,N/A,N/A,N/A,N/A,666.1321,N/A,N/A,0,0,N/A,Method,True,False,N/A,N/A,N/A,,,Pass,N/A,N/A,N/A,N/A,Confirmed,N/A,N/A,N/A,N/A,,,,,,,,INF,N/A,4822437.16,,
NADH,9,Target Compound,20240709_QE2_HILIC_BCSCuAOXq2d_AYW1156_pool01xa,33,Processed,T1,pool01x,Unknown,,B:D1,,,160445,1632758,9,0.00,C21H29N7O14P2,M+H,N/A,N/A,N/A,N/A,666.1321,N/A,N/A,0,0,N/A,Method,True,False,N/A,N/A,N/A,,,Pass,N/A,N/A,N/A,N/A,Confirmed,N/A,N/A,N/A,N/A,,,,,,,,INF,N/A,1340058.17,,
NADH,9,Target Compound,20240709_QE2_HILIC_BCSCuAOXq2d_AYW1156_pool01xb,34,Processed,T1,pool01x,Unknown,,B:D1,,,135136,1440467,9,0.00,C21H29N7O14P2,M+H,N/A,N/A,N/A,N/A,666.1321,N/A,N/A,0,0,N/A,Method,True,False,N/A,N/A,N/A,,,Pass,N/A,N/A,N/A,N/A,Confirmed,N/A,N/A,N/A,N/A,,,,,,,,INF,N/A,1340058.17,,
NADH,9,Target Compound,20240709_QE2_HILIC_BCSCuAOXq2d_AYW1156_pool01xc,35,Processed,T1,pool01x,Unknown,,B:D1,,,88874,1092344,9,0.00,C21H29N7O14P2,M+H,N/A,N/A,N/A,N/A,666.1321,N/A,N/A,0,0,N/A,Method,True,False,N/A,N/A,N/A,,,Pass,N/A,N/A,N/A,N/A,Confirmed,N/A,N/A,N/A,N/A,,,,,,,,INF,N/A,1340058.17,,
NADH,9,Target Compound,20240709_QE2_HILIC_BCSCuAOXq2d_AYW1156_pool01xd,36,Processed,T1,pool01x,Unknown,,B:D1,,,92941,1194663,9,0.00,C21H29N7O14P2,M+H,N/A,N/A,N/A,N/A,666.1321,N/A,N/A,0,0,N/A,Method,True,False,N/A,N/A,N/A,,,Pass,N/A,N/A,N/A,N/A,Confirmed,N/A,N/A,N/A,N/A,,,,,,,,INF,N/A,1340058.17,,
NADH,9,Target Compound,20240709_QE2_HILIC_BCSCuAOXq2d_blank1,37,Processed,T1,,Unknown,,B:A1,,,N/F,N/F,N/F,N/F,C21H29N7O14P2,N/A,N/F,N/A,N/F,N/A,666.1321,N/F,N/F,N/F,0,N/A,Method,True,False,N/A,N/A,N/A,,,Fail,N/A,N/A,N/A,N/A,NotFound,N/A,N/A,N/A,N/A,,,,,,,,N/A,N/A,1.00,,
NADH,9,Target Compound,20240709_QE2_HILIC_BCSCuAOXq2d_blank1_20240710111342,38,Processed,T1,,Unknown,,B:A1,,,N/F,N/F,N/F,N/F,C21H29N7O14P2,N/A,N/F,N/A,N/F,N/A,666.1321,N/F,N/F,N/F,0,N/A,Method,True,False,N/A,N/A,N/A,,,Fail,N/A,N/A,N/A,N/A,NotFound,N/A,N/A,N/A,N/A,,,,,,,,N/A,N/A,1.00,,
NADH,9,Target Compound,20240709_QE2_HILIC_BCSCuAOXq2d_blank1_20240710231833,39,Processed,T1,,Unknown,,B:A1,,,N/F,N/F,N/F,N/F,C21H29N7O14P2,N/A,N/F,N/A,N/F,N/A,666.1321,N/F,N/F,N/F,0,N/A,Method,True,False,N/A,N/A,N/A,,,Fail,N/A,N/A,N/A,N/A,NotFound,N/A,N/A,N/A,N/A,,,,,,,,N/A,N/A,1.00,,
NADH,9,Target Compound,20240709_QE2_HILIC_BCSCuAOXq2d_blank2,40,Processed,T1,,Unknown,,B:A1,,,N/F,N/F,N/F,N/F,C21H29N7O14P2,N/A,N/F,N/A,N/F,N/A,666.1321,N/F,N/F,N/F,0,N/A,Method,True,False,N/A,N/A,N/A,,,Fail,N/A,N/A,N/A,N/A,NotFound,N/A,N/A,N/A,N/A,,,,,,,,N/A,N/A,1.00,,
NADH,9,Target Compound,20240709_QE2_HILIC_BCSCuAOXq2d_blank2_20240710115054,41,Processed,T1,,Unknown,,B:A1,,,N/F,N/F,N/F,N/F,C21H29N7O14P2,N/A,N/F,N/A,N/F,N/A,666.1321,N/F,N/F,N/F,0,N/A,Method,True,False,N/A,N/A,N/A,,,Fail,N/A,N/A,N/A,N/A,NotFound,N/A,N/A,N/A,N/A,,,,,,,,N/A,N/A,1.00,,
NADH,9,Target Compound,20240709_QE2_HILIC_BCSCuAOXq2d_blank2_20240710235116,42,Processed,T1,,Unknown,,B:A1,,,N/F,N/F,N/F,N/F,C21H29N7O14P2,N/A,N/F,N/A,N/F,N/A,666.1321,N/F,N/F,N/F,0,N/A,Method,True,False,N/A,N/A,N/A,,,Fail,N/A,N/A,N/A,N/A,NotFound,N/A,N/A,N/A,N/A,,,,,,,,N/A,N/A,1.00,,
