﻿Compound,RT,Type,Filename,Batch Order,Status,Peak Label,Group,Sample Type,Level,Sample ID,Sample Name,Comments,Height,Area,Actual RT,RT Delta,Formula,Adduct,Calculated Amt,Theoretical Amt,Sample Amt,Std Add Amount,m/z (Expected),m/z (Apex),m/z (Delta),Response Ratio,ISTD Amt,ISTD Response,Integration Mode,Active,Excluded,%Diff,%RSD,% CV,Channel,Final Units,PK,IR,IP,LS,FI,Confirm,Isotopic Pattern Score (%),Num Isotopes Matched,Lib Match Name,Library Score (%),Library Match Rank,SI/Dot Product,RSI/Rev Dot,Modification,Protein Name,Peptide Sequence,Ion Type,S/N,Ion Ratio,Group Average,Relative RT,Flag Details
F6P/G1P,10.86,Target Compound,20240709_QE2_HILIC_BCSCuAOXq2d_AYW1130,1,Processed,T1,1V,Unknown,,B:A2,,,349030,3921954,10.69,-0.17,"C6H13O9P ",M-H,N/A,N/A,N/A,N/A,259.0224,259.0226,.5887 (ppm),0,0,N/A,Method,True,False,N/A,N/A,N/A,,,Pass,N/A,N/A,N/A,N/A,Confirmed,N/A,N/A,N/A,N/A,,,,,,,,INF,N/A,3667677.70,,
F6P/G1P,10.86,Target Compound,20240709_QE2_HILIC_BCSCuAOXq2d_AYW1131,2,Processed,T1,1V,Unknown,,B:A3,,,316750,3427148,10.68,-0.18,"C6H13O9P ",M-H,N/A,N/A,N/A,N/A,259.0224,259.0224,.1174 (ppm),0,0,N/A,Method,True,False,N/A,N/A,N/A,,,Pass,N/A,N/A,N/A,N/A,Confirmed,N/A,N/A,N/A,N/A,,,,,,,,INF,N/A,3667677.70,,
F6P/G1P,10.86,Target Compound,20240709_QE2_HILIC_BCSCuAOXq2d_AYW1132,3,Processed,T1,1V,Unknown,,B:A4,,,351840,3653931,10.68,-0.18,"C6H13O9P ",M-H,N/A,N/A,N/A,N/A,259.0224,259.0226,.8244 (ppm),0,0,N/A,Method,True,False,N/A,N/A,N/A,,,Pass,N/A,N/A,N/A,N/A,Confirmed,N/A,N/A,N/A,N/A,,,,,,,,INF,N/A,3667677.70,,
F6P/G1P,10.86,Target Compound,20240709_QE2_HILIC_BCSCuAOXq2d_AYW1133,4,Processed,T1,2B,Unknown,,B:A5,,,674245,7243533,10.72,-0.14,"C6H13O9P ",M-H,N/A,N/A,N/A,N/A,259.0224,259.0226,.8244 (ppm),0,0,N/A,Method,True,False,N/A,N/A,N/A,,,Pass,N/A,N/A,N/A,N/A,Confirmed,N/A,N/A,N/A,N/A,,,,,,,,INF,N/A,8942524.34,,
F6P/G1P,10.86,Target Compound,20240709_QE2_HILIC_BCSCuAOXq2d_AYW1134,5,Processed,T1,2B,Unknown,,B:A6,,,898262,9772139,10.69,-0.17,"C6H13O9P ",M-H,N/A,N/A,N/A,N/A,259.0224,259.0225,.4709 (ppm),0,0,N/A,Method,True,False,N/A,N/A,N/A,,,Pass,N/A,N/A,N/A,N/A,Confirmed,N/A,N/A,N/A,N/A,,,,,,,,INF,N/A,8942524.34,,
F6P/G1P,10.86,Target Compound,20240709_QE2_HILIC_BCSCuAOXq2d_AYW1135,6,Processed,T1,2B,Unknown,,B:A7,,,861080,9811900,10.71,-0.15,"C6H13O9P ",M-H,N/A,N/A,N/A,N/A,259.0224,259.0225,.2353 (ppm),0,0,N/A,Method,True,False,N/A,N/A,N/A,,,Pass,N/A,N/A,N/A,N/A,Confirmed,N/A,N/A,N/A,N/A,,,,,,,,INF,N/A,8942524.34,,
F6P/G1P,10.86,Target Compound,20240709_QE2_HILIC_BCSCuAOXq2d_AYW1136,7,Processed,T1,3C,Unknown,,B:A8,,,498285,6057219,10.68,-0.18,"C6H13O9P ",M-H,N/A,N/A,N/A,N/A,259.0224,259.0226,.8244 (ppm),0,0,N/A,Method,True,False,N/A,N/A,N/A,,,Pass,N/A,N/A,N/A,N/A,Confirmed,N/A,N/A,N/A,N/A,,,,,,,,INF,N/A,4787939.92,,
F6P/G1P,10.86,Target Compound,20240709_QE2_HILIC_BCSCuAOXq2d_AYW1137,8,Processed,T1,3C,Unknown,,B:A9,,,460707,5185099,10.69,-0.17,"C6H13O9P ",M-H,N/A,N/A,N/A,N/A,259.0224,259.0224,-.0004 (ppm),0,0,N/A,Method,True,False,N/A,N/A,N/A,,,Pass,N/A,N/A,N/A,N/A,Confirmed,N/A,N/A,N/A,N/A,,,,,,,,INF,N/A,4787939.92,,
F6P/G1P,10.86,Target Compound,20240709_QE2_HILIC_BCSCuAOXq2d_AYW1138,9,Processed,T1,3C,Unknown,,B:B1,,,255148,3121501,10.65,-0.21,"C6H13O9P ",M-H,N/A,N/A,N/A,N/A,259.0224,259.0226,.8244 (ppm),0,0,N/A,Method,True,False,N/A,N/A,N/A,,,Pass,N/A,N/A,N/A,N/A,Confirmed,N/A,N/A,N/A,N/A,,,,,,,,INF,N/A,4787939.92,,
F6P/G1P,10.86,Target Compound,20240709_QE2_HILIC_BCSCuAOXq2d_AYW1139,10,Processed,T1,4BC,Unknown,,B:B2,,,524742,5912639,10.67,-0.19,"C6H13O9P ",M-H,N/A,N/A,N/A,N/A,259.0224,259.0227,1.1778 (ppm),0,0,N/A,Method,True,False,N/A,N/A,N/A,,,Pass,N/A,N/A,N/A,N/A,Confirmed,N/A,N/A,N/A,N/A,,,,,,,,INF,N/A,5665110.61,N/A,
F6P/G1P,10.86,Target Compound,20240709_QE2_HILIC_BCSCuAOXq2d_AYW1140,11,Processed,T1,4BC,Unknown,,B:B3,,,592325,6484102,10.69,-0.17,"C6H13O9P ",M-H,N/A,N/A,N/A,N/A,259.0224,259.0225,.4709 (ppm),0,0,N/A,Method,True,False,N/A,N/A,N/A,,,Pass,N/A,N/A,N/A,N/A,Confirmed,N/A,N/A,N/A,N/A,,,,,,,,INF,N/A,5665110.61,,
F6P/G1P,10.86,Target Compound,20240709_QE2_HILIC_BCSCuAOXq2d_AYW1141,12,Processed,T1,4BC,Unknown,,B:B4,,,486224,4598591,10.7,-0.16,"C6H13O9P ",M-H,N/A,N/A,N/A,N/A,259.0224,259.0225,.4709 (ppm),0,0,N/A,Method,True,False,N/A,N/A,N/A,,,Pass,N/A,N/A,N/A,N/A,Confirmed,N/A,N/A,N/A,N/A,,,,,,,,INF,N/A,5665110.61,,
F6P/G1P,10.86,Target Compound,20240709_QE2_HILIC_BCSCuAOXq2d_AYW1142,13,Processed,T1,5RV,Unknown,,B:B5,,,459802,5084887,10.67,-0.19,"C6H13O9P ",M-H,N/A,N/A,N/A,N/A,259.0224,259.0226,.7065 (ppm),0,0,N/A,Method,True,False,N/A,N/A,N/A,,,Pass,N/A,N/A,N/A,N/A,Confirmed,N/A,N/A,N/A,N/A,,,,,,,,INF,N/A,4542106.52,N/A,
F6P/G1P,10.86,Target Compound,20240709_QE2_HILIC_BCSCuAOXq2d_AYW1143,14,Processed,T1,5RV,Unknown,,B:B6,,,346622,4129969,10.7,-0.16,"C6H13O9P ",M-H,N/A,N/A,N/A,N/A,259.0224,259.0228,1.4134 (ppm),0,0,N/A,Method,True,False,N/A,N/A,N/A,,,Pass,N/A,N/A,N/A,N/A,Confirmed,N/A,N/A,N/A,N/A,,,,,,,,INF,N/A,4542106.52,,
F6P/G1P,10.86,Target Compound,20240709_QE2_HILIC_BCSCuAOXq2d_AYW1144,15,Processed,T1,5RV,Unknown,,B:B7,,,375215,4411463,10.68,-0.18,"C6H13O9P ",M-H,N/A,N/A,N/A,N/A,259.0224,259.0226,.5887 (ppm),0,0,N/A,Method,True,False,N/A,N/A,N/A,,,Pass,N/A,N/A,N/A,N/A,Confirmed,N/A,N/A,N/A,N/A,,,,,,,,INF,N/A,4542106.52,,
F6P/G1P,10.86,Target Compound,20240709_QE2_HILIC_BCSCuAOXq2d_AYW1145,16,Processed,T1,6RB,Unknown,,B:B8,,,771321,8830597,10.68,-0.18,"C6H13O9P ",M-H,N/A,N/A,N/A,N/A,259.0224,259.0227,1.0600 (ppm),0,0,N/A,Method,True,False,N/A,N/A,N/A,,,Pass,N/A,N/A,N/A,N/A,Confirmed,N/A,N/A,N/A,N/A,,,,,,,,INF,N/A,6727579.65,,
F6P/G1P,10.86,Target Compound,20240709_QE2_HILIC_BCSCuAOXq2d_AYW1146,17,Processed,T1,6RB,Unknown,,B:B9,,,522345,5313816,10.68,-0.18,"C6H13O9P ",M-H,N/A,N/A,N/A,N/A,259.0224,259.0226,.8244 (ppm),0,0,N/A,Method,True,False,N/A,N/A,N/A,,,Pass,N/A,N/A,N/A,N/A,Confirmed,N/A,N/A,N/A,N/A,,,,,,,,INF,N/A,6727579.65,,
F6P/G1P,10.86,Target Compound,20240709_QE2_HILIC_BCSCuAOXq2d_AYW1147,18,Processed,T1,6RB,Unknown,,B:C1,,,523382,6038326,10.7,-0.16,"C6H13O9P ",M-H,N/A,N/A,N/A,N/A,259.0224,259.0227,1.0600 (ppm),0,0,N/A,Method,True,False,N/A,N/A,N/A,,,Pass,N/A,N/A,N/A,N/A,Confirmed,N/A,N/A,N/A,N/A,,,,,,,,INF,N/A,6727579.65,,
F6P/G1P,10.86,Target Compound,20240709_QE2_HILIC_BCSCuAOXq2d_AYW1148,19,Processed,T1,7RV,Unknown,,B:C2,,,386130,4898975,10.71,-0.15,"C6H13O9P ",M-H,N/A,N/A,N/A,N/A,259.0224,259.0226,.5887 (ppm),0,0,N/A,Method,True,False,N/A,N/A,N/A,,,Pass,N/A,N/A,N/A,N/A,Confirmed,N/A,N/A,N/A,N/A,,,,,,,,INF,N/A,4183487.75,,
F6P/G1P,10.86,Target Compound,20240709_QE2_HILIC_BCSCuAOXq2d_AYW1149,20,Processed,T1,7RV,Unknown,,B:C3,,,371479,4499581,10.66,-0.20,"C6H13O9P ",M-H,N/A,N/A,N/A,N/A,259.0224,259.0225,.3531 (ppm),0,0,N/A,Method,True,False,N/A,N/A,N/A,,,Pass,N/A,N/A,N/A,N/A,Confirmed,N/A,N/A,N/A,N/A,,,,,,,,INF,N/A,4183487.75,,
F6P/G1P,10.86,Target Compound,20240709_QE2_HILIC_BCSCuAOXq2d_AYW1150,21,Processed,T1,7RV,Unknown,,B:C4,,,222832,3151907,10.75,-0.11,"C6H13O9P ",M-H,N/A,N/A,N/A,N/A,259.0224,259.0226,.7065 (ppm),0,0,N/A,Method,True,False,N/A,N/A,N/A,,,Pass,N/A,N/A,N/A,N/A,Confirmed,N/A,N/A,N/A,N/A,,,,,,,,INF,N/A,4183487.75,,
F6P/G1P,10.86,Target Compound,20240709_QE2_HILIC_BCSCuAOXq2d_AYW1151,22,Processed,T1,8RB,Unknown,,B:C5,,,866814,10485941,10.67,-0.19,"C6H13O9P ",M-H,N/A,N/A,N/A,N/A,259.0224,259.0226,.5887 (ppm),0,0,N/A,Method,True,False,N/A,N/A,N/A,,,Pass,N/A,N/A,N/A,N/A,Confirmed,N/A,N/A,N/A,N/A,,,,,,,,INF,N/A,11484093.47,,
F6P/G1P,10.86,Target Compound,20240709_QE2_HILIC_BCSCuAOXq2d_AYW1152,23,Processed,T1,8RB,Unknown,,B:C6,,,941233,10158118,10.67,-0.19,"C6H13O9P ",M-H,N/A,N/A,N/A,N/A,259.0224,259.0226,.7065 (ppm),0,0,N/A,Method,True,False,N/A,N/A,N/A,,,Pass,N/A,N/A,N/A,N/A,Confirmed,N/A,N/A,N/A,N/A,,,,,,,,INF,N/A,11484093.47,,
F6P/G1P,10.86,Target Compound,20240709_QE2_HILIC_BCSCuAOXq2d_AYW1153,24,Processed,T1,8RB,Unknown,,B:C7,,,1147405,13808221,10.69,-0.17,"C6H13O9P ",M-H,N/A,N/A,N/A,N/A,259.0224,259.0226,.5887 (ppm),0,0,N/A,Method,True,False,N/A,N/A,N/A,,,Pass,N/A,N/A,N/A,N/A,Confirmed,N/A,N/A,N/A,N/A,,,,,,,,INF,N/A,11484093.47,,
F6P/G1P,10.86,Target Compound,20240709_QE2_HILIC_BCSCuAOXq2d_AYW1154_pool1xa,25,Processed,T1,pool1x,Unknown,,B:C8,,,587647,6412718,10.67,-0.19,"C6H13O9P ",M-H,N/A,N/A,N/A,N/A,259.0224,259.0225,.2353 (ppm),0,0,N/A,Method,True,False,N/A,N/A,N/A,,,Pass,N/A,N/A,N/A,N/A,Confirmed,N/A,N/A,N/A,N/A,,,,,,,,INF,N/A,6602087.48,,
F6P/G1P,10.86,Target Compound,20240709_QE2_HILIC_BCSCuAOXq2d_AYW1154_pool1xb,26,Processed,T1,pool1x,Unknown,,B:C8,,,547171,6146215,10.69,-0.17,"C6H13O9P ",M-H,N/A,N/A,N/A,N/A,259.0224,259.0225,.3531 (ppm),0,0,N/A,Method,True,False,N/A,N/A,N/A,,,Pass,N/A,N/A,N/A,N/A,Confirmed,N/A,N/A,N/A,N/A,,,,,,,,INF,N/A,6602087.48,,
F6P/G1P,10.86,Target Compound,20240709_QE2_HILIC_BCSCuAOXq2d_AYW1154_pool1xc,27,Processed,T1,pool1x,Unknown,,B:C8,,,695909,7209674,10.71,-0.15,"C6H13O9P ",M-H,N/A,N/A,N/A,N/A,259.0224,259.0226,.8244 (ppm),0,0,N/A,Method,True,False,N/A,N/A,N/A,,,Pass,N/A,N/A,N/A,N/A,Confirmed,N/A,N/A,N/A,N/A,,,,,,,,INF,N/A,6602087.48,,
F6P/G1P,10.86,Target Compound,20240709_QE2_HILIC_BCSCuAOXq2d_AYW1154_pool1xd,28,Processed,T1,pool1x,Unknown,,B:C8,,,524457,6639743,10.69,-0.17,"C6H13O9P ",M-H,N/A,N/A,N/A,N/A,259.0224,259.0226,.7065 (ppm),0,0,N/A,Method,True,False,N/A,N/A,N/A,,,Pass,N/A,N/A,N/A,N/A,Confirmed,N/A,N/A,N/A,N/A,,,,,,,,INF,N/A,6602087.48,,
F6P/G1P,10.86,Target Compound,20240709_QE2_HILIC_BCSCuAOXq2d_AYW1155_pool033xa,29,Processed,T1,pool033x,Unknown,,B:C9,,,227409,2434759,10.7,-0.16,"C6H13O9P ",M-H,N/A,N/A,N/A,N/A,259.0224,259.0226,.5887 (ppm),0,0,N/A,Method,True,False,N/A,N/A,N/A,,,Pass,N/A,N/A,N/A,N/A,Confirmed,N/A,N/A,N/A,N/A,,,,,,,,INF,N/A,2258413.14,,
F6P/G1P,10.86,Target Compound,20240709_QE2_HILIC_BCSCuAOXq2d_AYW1155_pool033xb,30,Processed,T1,pool033x,Unknown,,B:C9,,,249850,2541893,10.7,-0.16,"C6H13O9P ",M-H,N/A,N/A,N/A,N/A,259.0224,259.0224,-.1182 (ppm),0,0,N/A,Method,True,False,N/A,N/A,N/A,,,Pass,N/A,N/A,N/A,N/A,Confirmed,N/A,N/A,N/A,N/A,,,,,,,,INF,N/A,2258413.14,,
F6P/G1P,10.86,Target Compound,20240709_QE2_HILIC_BCSCuAOXq2d_AYW1155_pool033xc,31,Processed,T1,pool033x,Unknown,,B:C9,,,178558,2168357,10.71,-0.15,"C6H13O9P ",M-H,N/A,N/A,N/A,N/A,259.0224,259.0228,1.4134 (ppm),0,0,N/A,Method,True,False,N/A,N/A,N/A,,,Pass,N/A,N/A,N/A,N/A,Confirmed,N/A,N/A,N/A,N/A,,,,,,,,INF,N/A,2258413.14,,
F6P/G1P,10.86,Target Compound,20240709_QE2_HILIC_BCSCuAOXq2d_AYW1155_pool033xd,32,Processed,T1,pool033x,Unknown,,B:C9,,,187799,1888644,10.68,-0.18,"C6H13O9P ",M-H,N/A,N/A,N/A,N/A,259.0224,259.0226,.9422 (ppm),0,0,N/A,Method,True,False,N/A,N/A,N/A,,,Pass,N/A,N/A,N/A,N/A,Confirmed,N/A,N/A,N/A,N/A,,,,,,,,INF,N/A,2258413.14,,
F6P/G1P,10.86,Target Compound,20240709_QE2_HILIC_BCSCuAOXq2d_AYW1156_pool01xa,33,Processed,T1,pool01x,Unknown,,B:D1,,,73733,713483,10.65,-0.21,"C6H13O9P ",M-H,N/A,N/A,N/A,N/A,259.0224,259.0225,.3531 (ppm),0,0,N/A,Method,True,False,N/A,N/A,N/A,,,Pass,N/A,N/A,N/A,N/A,Confirmed,N/A,N/A,N/A,N/A,,,,,,,,INF,N/A,608634.50,,
F6P/G1P,10.86,Target Compound,20240709_QE2_HILIC_BCSCuAOXq2d_AYW1156_pool01xb,34,Processed,T1,pool01x,Unknown,,B:D1,,,49953,551350,10.64,-0.22,"C6H13O9P ",M-H,N/A,N/A,N/A,N/A,259.0224,259.0223,-.2360 (ppm),0,0,N/A,Manual,True,False,N/A,N/A,N/A,,,Pass,N/A,N/A,N/A,N/A,Confirmed,N/A,N/A,N/A,N/A,,,,,,,,3915243508801690000.00,N/A,608634.50,,
F6P/G1P,10.86,Target Compound,20240709_QE2_HILIC_BCSCuAOXq2d_AYW1156_pool01xc,35,Processed,T1,pool01x,Unknown,,B:D1,,,78806,583596,10.67,-0.19,"C6H13O9P ",M-H,N/A,N/A,N/A,N/A,259.0224,259.023,2.3560 (ppm),0,0,N/A,Method,True,False,N/A,N/A,N/A,,,Pass,N/A,N/A,N/A,N/A,Confirmed,N/A,N/A,N/A,N/A,,,,,,,,INF,N/A,608634.50,,
F6P/G1P,10.86,Target Compound,20240709_QE2_HILIC_BCSCuAOXq2d_AYW1156_pool01xd,36,Processed,T1,pool01x,Unknown,,B:D1,,,57502,586108,10.72,-0.14,"C6H13O9P ",M-H,N/A,N/A,N/A,N/A,259.0224,259.0225,.4709 (ppm),0,0,N/A,Method,True,False,N/A,N/A,N/A,,,Pass,N/A,N/A,N/A,N/A,Confirmed,N/A,N/A,N/A,N/A,,,,,,,,INF,N/A,608634.50,,
F6P/G1P,10.86,Target Compound,20240709_QE2_HILIC_BCSCuAOXq2d_blank1,37,Processed,T1,,Unknown,,B:A1,,,N/F,N/F,N/F,N/F,"C6H13O9P ",N/A,N/F,N/A,N/F,N/A,259.0224,N/F,N/F,N/F,0,N/A,Method,True,False,N/A,N/A,N/A,,,Fail,N/A,N/A,N/A,N/A,NotFound,N/A,N/A,N/A,N/A,,,,,,,,N/A,N/A,1.00,,
F6P/G1P,10.86,Target Compound,20240709_QE2_HILIC_BCSCuAOXq2d_blank1_20240710111342,38,Processed,T1,,Unknown,,B:A1,,,N/F,N/F,N/F,N/F,"C6H13O9P ",N/A,N/F,N/A,N/F,N/A,259.0224,N/F,N/F,N/F,0,N/A,Method,True,False,N/A,N/A,N/A,,,Fail,N/A,N/A,N/A,N/A,NotFound,N/A,N/A,N/A,N/A,,,,,,,,N/A,N/A,1.00,,
F6P/G1P,10.86,Target Compound,20240709_QE2_HILIC_BCSCuAOXq2d_blank1_20240710231833,39,Processed,T1,,Unknown,,B:A1,,,N/F,N/F,N/F,N/F,"C6H13O9P ",N/A,N/F,N/A,N/F,N/A,259.0224,N/F,N/F,N/F,0,N/A,Method,True,False,N/A,N/A,N/A,,,Fail,N/A,N/A,N/A,N/A,NotFound,N/A,N/A,N/A,N/A,,,,,,,,N/A,N/A,1.00,,
F6P/G1P,10.86,Target Compound,20240709_QE2_HILIC_BCSCuAOXq2d_blank2,40,Processed,T1,,Unknown,,B:A1,,,N/F,N/F,N/F,N/F,"C6H13O9P ",N/A,N/F,N/A,N/F,N/A,259.0224,N/F,N/F,N/F,0,N/A,Method,True,False,N/A,N/A,N/A,,,Fail,N/A,N/A,N/A,N/A,NotFound,N/A,N/A,N/A,N/A,,,,,,,,N/A,N/A,1.00,,
F6P/G1P,10.86,Target Compound,20240709_QE2_HILIC_BCSCuAOXq2d_blank2_20240710115054,41,Processed,T1,,Unknown,,B:A1,,,N/F,N/F,N/F,N/F,"C6H13O9P ",N/A,N/F,N/A,N/F,N/A,259.0224,N/F,N/F,N/F,0,N/A,Method,True,False,N/A,N/A,N/A,,,Fail,N/A,N/A,N/A,N/A,NotFound,N/A,N/A,N/A,N/A,,,,,,,,N/A,N/A,1.00,,
F6P/G1P,10.86,Target Compound,20240709_QE2_HILIC_BCSCuAOXq2d_blank2_20240710235116,42,Processed,T1,,Unknown,,B:A1,,,N/F,N/F,N/F,N/F,"C6H13O9P ",N/A,N/F,N/A,N/F,N/A,259.0224,N/F,N/F,N/F,0,N/A,Method,True,False,N/A,N/A,N/A,,,Fail,N/A,N/A,N/A,N/A,NotFound,N/A,N/A,N/A,N/A,,,,,,,,N/A,N/A,1.00,,
