﻿Compound,RT,Type,Filename,Batch Order,Status,Peak Label,Group,Sample Type,Level,Sample ID,Sample Name,Comments,Height,Area,Actual RT,RT Delta,Formula,Adduct,Calculated Amt,Theoretical Amt,Sample Amt,Std Add Amount,m/z (Expected),m/z (Apex),m/z (Delta),Response Ratio,ISTD Amt,ISTD Response,Integration Mode,Active,Excluded,%Diff,%RSD,% CV,Channel,Final Units,PK,IR,IP,LS,FI,Confirm,Isotopic Pattern Score (%),Num Isotopes Matched,Lib Match Name,Library Score (%),Library Match Rank,SI/Dot Product,RSI/Rev Dot,Modification,Protein Name,Peptide Sequence,Ion Type,S/N,Ion Ratio,Group Average,Relative RT,Flag Details
arginine,14.23,Target Compound,20240709_QE2_HILIC_BCSCuAOXq2d_AYW1130,1,Processed,T1,1V,Unknown,,B:A2,,,82607001,1965311119,14.42,0.19,C6H14N4O2,M+H,N/A,N/A,N/A,N/A,175.119,175.119,-.1554 (ppm),0,0,N/A,Method,True,False,N/A,N/A,N/A,,,Pass,N/A,N/A,N/A,N/A,Confirmed,N/A,N/A,N/A,N/A,,,,,,,,26554.49,N/A,1604009941.67,,
arginine,14.23,Target Compound,20240709_QE2_HILIC_BCSCuAOXq2d_AYW1131,2,Processed,T1,1V,Unknown,,B:A3,,,68708378,1644346387,14.41,0.18,C6H14N4O2,M+H,N/A,N/A,N/A,N/A,175.119,175.1189,-.4168 (ppm),0,0,N/A,Method,True,False,N/A,N/A,N/A,,,Pass,N/A,N/A,N/A,N/A,Confirmed,N/A,N/A,N/A,N/A,,,,,,,,12123.08,N/A,1604009941.67,,
arginine,14.23,Target Compound,20240709_QE2_HILIC_BCSCuAOXq2d_AYW1132,3,Processed,T1,1V,Unknown,,B:A4,,,51692701,1202372318,14.34,0.11,C6H14N4O2,M+H,N/A,N/A,N/A,N/A,175.119,175.1189,-.5911 (ppm),0,0,N/A,Method,True,False,N/A,N/A,N/A,,,Pass,N/A,N/A,N/A,N/A,Confirmed,N/A,N/A,N/A,N/A,,,,,,,,16743.59,N/A,1604009941.67,,
arginine,14.23,Target Compound,20240709_QE2_HILIC_BCSCuAOXq2d_AYW1133,4,Processed,T1,2B,Unknown,,B:A5,,,69055783,1599706234,14.41,0.18,C6H14N4O2,M+H,N/A,N/A,N/A,N/A,175.119,175.1189,-.6782 (ppm),0,0,N/A,Method,True,False,N/A,N/A,N/A,,,Pass,N/A,N/A,N/A,N/A,Confirmed,N/A,N/A,N/A,N/A,,,,,,,,15836.70,N/A,2325622543.82,,
arginine,14.23,Target Compound,20240709_QE2_HILIC_BCSCuAOXq2d_AYW1134,5,Processed,T1,2B,Unknown,,B:A6,,,122549006,2895311593,14.4,0.17,C6H14N4O2,M+H,N/A,N/A,N/A,N/A,175.119,175.1189,-.6782 (ppm),0,0,N/A,Method,True,False,N/A,N/A,N/A,,,Pass,N/A,N/A,N/A,N/A,Confirmed,N/A,N/A,N/A,N/A,,,,,,,,15310.98,N/A,2325622543.82,,
arginine,14.23,Target Compound,20240709_QE2_HILIC_BCSCuAOXq2d_AYW1135,6,Processed,T1,2B,Unknown,,B:A7,,,102169754,2481849805,14.39,0.16,C6H14N4O2,M+H,N/A,N/A,N/A,N/A,175.119,175.1189,-.6782 (ppm),0,0,N/A,Method,True,False,N/A,N/A,N/A,,,Pass,N/A,N/A,N/A,N/A,Confirmed,N/A,N/A,N/A,N/A,,,,,,,,11473.60,N/A,2325622543.82,,
arginine,14.23,Target Compound,20240709_QE2_HILIC_BCSCuAOXq2d_AYW1136,7,Processed,T1,3C,Unknown,,B:A8,,,99076108,2383005295,14.38,0.15,C6H14N4O2,M+H,N/A,N/A,N/A,N/A,175.119,175.1189,-.3297 (ppm),0,0,N/A,Method,True,False,N/A,N/A,N/A,,,Pass,N/A,N/A,N/A,N/A,Confirmed,N/A,N/A,N/A,N/A,,,,,,,,9032.83,N/A,1853369188.80,,
arginine,14.23,Target Compound,20240709_QE2_HILIC_BCSCuAOXq2d_AYW1137,8,Processed,T1,3C,Unknown,,B:A9,,,91059720,2185341437,14.4,0.17,C6H14N4O2,M+H,N/A,N/A,N/A,N/A,175.119,175.1189,-.5911 (ppm),0,0,N/A,Method,True,False,N/A,N/A,N/A,,,Pass,N/A,N/A,N/A,N/A,Confirmed,N/A,N/A,N/A,N/A,,,,,,,,11712.45,N/A,1853369188.80,,
arginine,14.23,Target Compound,20240709_QE2_HILIC_BCSCuAOXq2d_AYW1138,9,Processed,T1,3C,Unknown,,B:B1,,,42871416,991760834,14.42,0.19,C6H14N4O2,M+H,N/A,N/A,N/A,N/A,175.119,175.1189,-.4168 (ppm),0,0,N/A,Method,True,False,N/A,N/A,N/A,,,Pass,N/A,N/A,N/A,N/A,Confirmed,N/A,N/A,N/A,N/A,,,,,,,,9809.44,N/A,1853369188.80,,
arginine,14.23,Target Compound,20240709_QE2_HILIC_BCSCuAOXq2d_AYW1139,10,Processed,T1,4BC,Unknown,,B:B2,,,78614538,1652075355,14.36,0.13,C6H14N4O2,M+H,N/A,N/A,N/A,N/A,175.119,175.1189,-.4168 (ppm),0,0,N/A,Method,True,False,N/A,N/A,N/A,,,Pass,N/A,N/A,N/A,N/A,Confirmed,N/A,N/A,N/A,N/A,,,,,,,,16561.99,N/A,1645150360.12,N/A,
arginine,14.23,Target Compound,20240709_QE2_HILIC_BCSCuAOXq2d_AYW1140,11,Processed,T1,4BC,Unknown,,B:B3,,,62021846,1544060693,14.41,0.18,C6H14N4O2,M+H,N/A,N/A,N/A,N/A,175.119,175.1188,-1.0268 (ppm),0,0,N/A,Method,True,False,N/A,N/A,N/A,,,Pass,N/A,N/A,N/A,N/A,Confirmed,N/A,N/A,N/A,N/A,,,,,,,,15338.47,N/A,1645150360.12,,
arginine,14.23,Target Compound,20240709_QE2_HILIC_BCSCuAOXq2d_AYW1141,12,Processed,T1,4BC,Unknown,,B:B4,,,80965520,1739315033,14.38,0.15,C6H14N4O2,M+H,N/A,N/A,N/A,N/A,175.119,175.1189,-.4168 (ppm),0,0,N/A,Method,True,False,N/A,N/A,N/A,,,Pass,N/A,N/A,N/A,N/A,Confirmed,N/A,N/A,N/A,N/A,,,,,,,,17731.31,N/A,1645150360.12,,
arginine,14.23,Target Compound,20240709_QE2_HILIC_BCSCuAOXq2d_AYW1142,13,Processed,T1,5RV,Unknown,,B:B5,,,74365978,1731730998,14.39,0.16,C6H14N4O2,M+H,N/A,N/A,N/A,N/A,175.119,175.1189,-.4168 (ppm),0,0,N/A,Method,True,False,N/A,N/A,N/A,,,Pass,N/A,N/A,N/A,N/A,Confirmed,N/A,N/A,N/A,N/A,,,,,,,,14388.19,N/A,1827306291.49,N/A,
arginine,14.23,Target Compound,20240709_QE2_HILIC_BCSCuAOXq2d_AYW1143,14,Processed,T1,5RV,Unknown,,B:B6,,,95926018,2210148886,14.39,0.16,C6H14N4O2,M+H,N/A,N/A,N/A,N/A,175.119,175.1189,-.4168 (ppm),0,0,N/A,Method,True,False,N/A,N/A,N/A,,,Pass,N/A,N/A,N/A,N/A,Confirmed,N/A,N/A,N/A,N/A,,,,,,,,18802.59,N/A,1827306291.49,,
arginine,14.23,Target Compound,20240709_QE2_HILIC_BCSCuAOXq2d_AYW1144,15,Processed,T1,5RV,Unknown,,B:B7,,,71635168,1540038991,14.42,0.19,C6H14N4O2,M+H,N/A,N/A,N/A,N/A,175.119,175.1189,-.5040 (ppm),0,0,N/A,Method,True,False,N/A,N/A,N/A,,,Pass,N/A,N/A,N/A,N/A,Confirmed,N/A,N/A,N/A,N/A,,,,,,,,17440.47,N/A,1827306291.49,,
arginine,14.23,Target Compound,20240709_QE2_HILIC_BCSCuAOXq2d_AYW1145,16,Processed,T1,6RB,Unknown,,B:B8,,,68402610,1542787547,14.4,0.17,C6H14N4O2,M+H,N/A,N/A,N/A,N/A,175.119,175.1189,-.3297 (ppm),0,0,N/A,Method,True,False,N/A,N/A,N/A,,,Pass,N/A,N/A,N/A,N/A,Confirmed,N/A,N/A,N/A,N/A,,,,,,,,18697.38,N/A,1340641990.93,,
arginine,14.23,Target Compound,20240709_QE2_HILIC_BCSCuAOXq2d_AYW1146,17,Processed,T1,6RB,Unknown,,B:B9,,,47258096,1115131392,14.41,0.18,C6H14N4O2,M+H,N/A,N/A,N/A,N/A,175.119,175.119,-.2426 (ppm),0,0,N/A,Method,True,False,N/A,N/A,N/A,,,Pass,N/A,N/A,N/A,N/A,Confirmed,N/A,N/A,N/A,N/A,,,,,,,,14665.60,N/A,1340641990.93,,
arginine,14.23,Target Compound,20240709_QE2_HILIC_BCSCuAOXq2d_AYW1147,18,Processed,T1,6RB,Unknown,,B:C1,,,56617084,1364007035,14.43,0.20,C6H14N4O2,M+H,N/A,N/A,N/A,N/A,175.119,175.1189,-.5911 (ppm),0,0,N/A,Method,True,False,N/A,N/A,N/A,,,Pass,N/A,N/A,N/A,N/A,Confirmed,N/A,N/A,N/A,N/A,,,,,,,,17882.34,N/A,1340641990.93,,
arginine,14.23,Target Compound,20240709_QE2_HILIC_BCSCuAOXq2d_AYW1148,19,Processed,T1,7RV,Unknown,,B:C2,,,66980833,1615884800,14.39,0.16,C6H14N4O2,M+H,N/A,N/A,N/A,N/A,175.119,175.1189,-.7654 (ppm),0,0,N/A,Method,True,False,N/A,N/A,N/A,,,Pass,N/A,N/A,N/A,N/A,Confirmed,N/A,N/A,N/A,N/A,,,,,,,,16028.50,N/A,1728571292.51,,
arginine,14.23,Target Compound,20240709_QE2_HILIC_BCSCuAOXq2d_AYW1149,20,Processed,T1,7RV,Unknown,,B:C3,,,75868732,1810691979,14.38,0.15,C6H14N4O2,M+H,N/A,N/A,N/A,N/A,175.119,175.1189,-.7654 (ppm),0,0,N/A,Method,True,False,N/A,N/A,N/A,,,Pass,N/A,N/A,N/A,N/A,Confirmed,N/A,N/A,N/A,N/A,,,,,,,,10880.96,N/A,1728571292.51,,
arginine,14.23,Target Compound,20240709_QE2_HILIC_BCSCuAOXq2d_AYW1150,21,Processed,T1,7RV,Unknown,,B:C4,,,77548460,1759137098,14.42,0.19,C6H14N4O2,M+H,N/A,N/A,N/A,N/A,175.119,175.119,-.2426 (ppm),0,0,N/A,Method,True,False,N/A,N/A,N/A,,,Pass,N/A,N/A,N/A,N/A,Confirmed,N/A,N/A,N/A,N/A,,,,,,,,17904.36,N/A,1728571292.51,,
arginine,14.23,Target Compound,20240709_QE2_HILIC_BCSCuAOXq2d_AYW1151,22,Processed,T1,8RB,Unknown,,B:C5,,,100268747,2479365015,14.38,0.15,C6H14N4O2,M+H,N/A,N/A,N/A,N/A,175.119,175.119,-.1554 (ppm),0,0,N/A,Method,True,False,N/A,N/A,N/A,,,Pass,N/A,N/A,N/A,N/A,Confirmed,N/A,N/A,N/A,N/A,,,,,,,,12501.30,N/A,2013641774.69,,
arginine,14.23,Target Compound,20240709_QE2_HILIC_BCSCuAOXq2d_AYW1152,23,Processed,T1,8RB,Unknown,,B:C6,,,61150040,1414575761,14.37,0.14,C6H14N4O2,M+H,N/A,N/A,N/A,N/A,175.119,175.1189,-.5040 (ppm),0,0,N/A,Method,True,False,N/A,N/A,N/A,,,Pass,N/A,N/A,N/A,N/A,Confirmed,N/A,N/A,N/A,N/A,,,,,,,,9721.31,N/A,2013641774.69,,
arginine,14.23,Target Compound,20240709_QE2_HILIC_BCSCuAOXq2d_AYW1153,24,Processed,T1,8RB,Unknown,,B:C7,,,90397802,2146984548,14.4,0.17,C6H14N4O2,M+H,N/A,N/A,N/A,N/A,175.119,175.119,-.1554 (ppm),0,0,N/A,Method,True,False,N/A,N/A,N/A,,,Pass,N/A,N/A,N/A,N/A,Confirmed,N/A,N/A,N/A,N/A,,,,,,,,15325.53,N/A,2013641774.69,,
arginine,14.23,Target Compound,20240709_QE2_HILIC_BCSCuAOXq2d_AYW1154_pool1xa,25,Processed,T1,pool1x,Unknown,,B:C8,,,82049756,1855367360,14.35,0.12,C6H14N4O2,M+H,N/A,N/A,N/A,N/A,175.119,175.119,-.0683 (ppm),0,0,N/A,Method,True,False,N/A,N/A,N/A,,,Pass,N/A,N/A,N/A,N/A,Confirmed,N/A,N/A,N/A,N/A,,,,,,,,22246.63,N/A,1774936048.29,,
arginine,14.23,Target Compound,20240709_QE2_HILIC_BCSCuAOXq2d_AYW1154_pool1xb,26,Processed,T1,pool1x,Unknown,,B:C8,,,93197500,2062238489,14.39,0.16,C6H14N4O2,M+H,N/A,N/A,N/A,N/A,175.119,175.1189,-.8525 (ppm),0,0,N/A,Method,True,False,N/A,N/A,N/A,,,Pass,N/A,N/A,N/A,N/A,Confirmed,N/A,N/A,N/A,N/A,,,,,,,,15984.46,N/A,1774936048.29,,
arginine,14.23,Target Compound,20240709_QE2_HILIC_BCSCuAOXq2d_AYW1154_pool1xc,27,Processed,T1,pool1x,Unknown,,B:C8,,,71861215,1636410263,14.39,0.16,C6H14N4O2,M+H,N/A,N/A,N/A,N/A,175.119,175.119,-.2426 (ppm),0,0,N/A,Method,True,False,N/A,N/A,N/A,,,Pass,N/A,N/A,N/A,N/A,Confirmed,N/A,N/A,N/A,N/A,,,,,,,,15769.37,N/A,1774936048.29,,
arginine,14.23,Target Compound,20240709_QE2_HILIC_BCSCuAOXq2d_AYW1154_pool1xd,28,Processed,T1,pool1x,Unknown,,B:C8,,,62734076,1545728082,14.35,0.12,C6H14N4O2,M+H,N/A,N/A,N/A,N/A,175.119,175.1189,-.5040 (ppm),0,0,N/A,Method,True,False,N/A,N/A,N/A,,,Pass,N/A,N/A,N/A,N/A,Confirmed,N/A,N/A,N/A,N/A,,,,,,,,16152.16,N/A,1774936048.29,,
arginine,14.23,Target Compound,20240709_QE2_HILIC_BCSCuAOXq2d_AYW1155_pool033xa,29,Processed,T1,pool033x,Unknown,,B:C9,,,38077568,862309320,14.48,0.25,C6H14N4O2,M+H,N/A,N/A,N/A,N/A,175.119,175.1189,-.3297 (ppm),0,0,N/A,Method,True,False,N/A,N/A,N/A,,,Pass,N/A,N/A,N/A,N/A,Confirmed,N/A,N/A,N/A,N/A,,,,,,,,8046.81,N/A,823134746.33,,
arginine,14.23,Target Compound,20240709_QE2_HILIC_BCSCuAOXq2d_AYW1155_pool033xb,30,Processed,T1,pool033x,Unknown,,B:C9,,,46144741,996504686,14.37,0.14,C6H14N4O2,M+H,N/A,N/A,N/A,N/A,175.119,175.1188,-1.2882 (ppm),0,0,N/A,Method,True,False,N/A,N/A,N/A,,,Pass,N/A,N/A,N/A,N/A,Confirmed,N/A,N/A,N/A,N/A,,,,,,,,9419.19,N/A,823134746.33,,
arginine,14.23,Target Compound,20240709_QE2_HILIC_BCSCuAOXq2d_AYW1155_pool033xc,31,Processed,T1,pool033x,Unknown,,B:C9,,,30819303,723941880,14.48,0.25,C6H14N4O2,M+H,N/A,N/A,N/A,N/A,175.119,175.119,.1931 (ppm),0,0,N/A,Method,True,False,N/A,N/A,N/A,,,Pass,N/A,N/A,N/A,N/A,Confirmed,N/A,N/A,N/A,N/A,,,,,,,,13076.99,N/A,823134746.33,,
arginine,14.23,Target Compound,20240709_QE2_HILIC_BCSCuAOXq2d_AYW1155_pool033xd,32,Processed,T1,pool033x,Unknown,,B:C9,,,31302202,709783099,14.37,0.14,C6H14N4O2,M+H,N/A,N/A,N/A,N/A,175.119,175.1189,-.5040 (ppm),0,0,N/A,Method,True,False,N/A,N/A,N/A,,,Pass,N/A,N/A,N/A,N/A,Confirmed,N/A,N/A,N/A,N/A,,,,,,,,7816.56,N/A,823134746.33,,
arginine,14.23,Target Compound,20240709_QE2_HILIC_BCSCuAOXq2d_AYW1156_pool01xa,33,Processed,T1,pool01x,Unknown,,B:D1,,,15706867,377680713,14.47,0.24,C6H14N4O2,M+H,N/A,N/A,N/A,N/A,175.119,175.1189,-.4168 (ppm),0,0,N/A,Method,True,False,N/A,N/A,N/A,,,Pass,N/A,N/A,N/A,N/A,Confirmed,N/A,N/A,N/A,N/A,,,,,,,,3454.25,N/A,335771257.88,,
arginine,14.23,Target Compound,20240709_QE2_HILIC_BCSCuAOXq2d_AYW1156_pool01xb,34,Processed,T1,pool01x,Unknown,,B:D1,,,19012291,390664756,14.47,0.24,C6H14N4O2,M+H,N/A,N/A,N/A,N/A,175.119,175.1189,-.8525 (ppm),0,0,N/A,Method,True,False,N/A,N/A,N/A,,,Pass,N/A,N/A,N/A,N/A,Confirmed,N/A,N/A,N/A,N/A,,,,,,,,4054.78,N/A,335771257.88,,
arginine,14.23,Target Compound,20240709_QE2_HILIC_BCSCuAOXq2d_AYW1156_pool01xc,35,Processed,T1,pool01x,Unknown,,B:D1,,,13604299,304922500,14.47,0.24,C6H14N4O2,M+H,N/A,N/A,N/A,N/A,175.119,175.119,.2802 (ppm),0,0,N/A,Method,True,False,N/A,N/A,N/A,,,Pass,N/A,N/A,N/A,N/A,Confirmed,N/A,N/A,N/A,N/A,,,,,,,,4390.67,N/A,335771257.88,,
arginine,14.23,Target Compound,20240709_QE2_HILIC_BCSCuAOXq2d_AYW1156_pool01xd,36,Processed,T1,pool01x,Unknown,,B:D1,,,11174333,269817063,14.47,0.24,C6H14N4O2,M+H,N/A,N/A,N/A,N/A,175.119,175.1189,-.3297 (ppm),0,0,N/A,Method,True,False,N/A,N/A,N/A,,,Pass,N/A,N/A,N/A,N/A,Confirmed,N/A,N/A,N/A,N/A,,,,,,,,6767.49,N/A,335771257.88,,
arginine,14.23,Target Compound,20240709_QE2_HILIC_BCSCuAOXq2d_blank1,37,Processed,T1,,Unknown,,B:A1,,,223366,8210720,14.45,0.22,C6H14N4O2,M+H,N/A,N/A,N/A,N/A,175.119,175.1191,.5416 (ppm),0,0,N/A,Method,True,False,N/A,N/A,N/A,,,Pass,N/A,N/A,N/A,N/A,Confirmed,N/A,N/A,N/A,N/A,,,,,,,,INF,N/A,2987414.74,,
arginine,14.23,Target Compound,20240709_QE2_HILIC_BCSCuAOXq2d_blank1_20240710111342,38,Processed,T1,,Unknown,,B:A1,,,61429,1514028,14.68,0.45,C6H14N4O2,M+H,N/A,N/A,N/A,N/A,175.119,175.1191,.8030 (ppm),0,0,N/A,Method,True,False,N/A,N/A,N/A,,,Pass,N/A,N/A,N/A,N/A,Confirmed,N/A,N/A,N/A,N/A,,,,,,,,11.75,N/A,2987414.74,,
arginine,14.23,Target Compound,20240709_QE2_HILIC_BCSCuAOXq2d_blank1_20240710231833,39,Processed,T1,,Unknown,,B:A1,,,N/F,N/F,N/F,N/F,C6H14N4O2,N/A,N/F,N/A,N/F,N/A,175.119,N/F,N/F,N/F,0,N/A,Method,True,False,N/A,N/A,N/A,,,Fail,N/A,N/A,N/A,N/A,NotFound,N/A,N/A,N/A,N/A,,,,,,,,N/A,N/A,2987414.74,,
arginine,14.23,Target Compound,20240709_QE2_HILIC_BCSCuAOXq2d_blank2,40,Processed,T1,,Unknown,,B:A1,,,179167,4798378,14.48,0.25,C6H14N4O2,M+H,N/A,N/A,N/A,N/A,175.119,175.1191,.7159 (ppm),0,0,N/A,Method,True,False,N/A,N/A,N/A,,,Pass,N/A,N/A,N/A,N/A,Confirmed,N/A,N/A,N/A,N/A,,,,,,,,163.32,N/A,2987414.74,,
arginine,14.23,Target Compound,20240709_QE2_HILIC_BCSCuAOXq2d_blank2_20240710115054,41,Processed,T1,,Unknown,,B:A1,,,63031,1541581,14.55,0.32,C6H14N4O2,M+H,N/A,N/A,N/A,N/A,175.119,175.119,-.0683 (ppm),0,0,N/A,Method,True,False,N/A,N/A,N/A,,,Pass,N/A,N/A,N/A,N/A,Confirmed,N/A,N/A,N/A,N/A,,,,,,,,13.02,N/A,2987414.74,,
arginine,14.23,Target Compound,20240709_QE2_HILIC_BCSCuAOXq2d_blank2_20240710235116,42,Processed,T1,,Unknown,,B:A1,,,69613,1859782,14.52,0.29,C6H14N4O2,M+H,N/A,N/A,N/A,N/A,175.119,175.1191,.7159 (ppm),0,0,N/A,Method,True,False,N/A,N/A,N/A,,,Pass,N/A,N/A,N/A,N/A,Confirmed,N/A,N/A,N/A,N/A,,,,,,,,16.51,N/A,2987414.74,,
