﻿Compound,RT,Type,Filename,Batch Order,Status,Peak Label,Group,Sample Type,Level,Sample ID,Sample Name,Comments,Height,Area,Actual RT,RT Delta,Formula,Adduct,Calculated Amt,Theoretical Amt,Sample Amt,Std Add Amount,m/z (Expected),m/z (Apex),m/z (Delta),Response Ratio,ISTD Amt,ISTD Response,Integration Mode,Active,Excluded,%Diff,%RSD,% CV,Channel,Final Units,PK,IR,IP,LS,FI,Confirm,Isotopic Pattern Score (%),Num Isotopes Matched,Lib Match Name,Library Score (%),Library Match Rank,SI/Dot Product,RSI/Rev Dot,Modification,Protein Name,Peptide Sequence,Ion Type,S/N,Ion Ratio,Group Average,Relative RT,Flag Details
"glutamate-13C5,15N",9.78,Target Compound,20240709_QE2_HILIC_BCSCuAOXq2d_AYW1130,1,Processed,T1,1V,Unknown,,B:A2,,,5551205,54942110,9.61,-0.17,[13]C5H9[15]NO4,M-H,N/A,N/A,N/A,N/A,152.0597,152.0598,.7527 (ppm),0,0,N/A,Method,True,False,N/A,N/A,N/A,,,Pass,N/A,N/A,N/A,N/A,Confirmed,N/A,N/A,N/A,N/A,,,,,,,,INF,N/A,54638724.00,,
"glutamate-13C5,15N",9.78,Target Compound,20240709_QE2_HILIC_BCSCuAOXq2d_AYW1131,2,Processed,T1,1V,Unknown,,B:A3,,,5671227,56973700,9.62,-0.16,[13]C5H9[15]NO4,M-H,N/A,N/A,N/A,N/A,152.0597,152.0598,.8530 (ppm),0,0,N/A,Method,True,False,N/A,N/A,N/A,,,Pass,N/A,N/A,N/A,N/A,Confirmed,N/A,N/A,N/A,N/A,,,,,,,,INF,N/A,54638724.00,,
"glutamate-13C5,15N",9.78,Target Compound,20240709_QE2_HILIC_BCSCuAOXq2d_AYW1132,3,Processed,T1,1V,Unknown,,B:A4,,,4842006,52000362,9.59,-0.19,[13]C5H9[15]NO4,M-H,N/A,N/A,N/A,N/A,152.0597,152.0599,1.0537 (ppm),0,0,N/A,Method,True,False,N/A,N/A,N/A,,,Pass,N/A,N/A,N/A,N/A,Confirmed,N/A,N/A,N/A,N/A,,,,,,,,INF,N/A,54638724.00,,
"glutamate-13C5,15N",9.78,Target Compound,20240709_QE2_HILIC_BCSCuAOXq2d_AYW1133,4,Processed,T1,2B,Unknown,,B:A5,,,4553245,52034954,9.6,-0.18,[13]C5H9[15]NO4,M-H,N/A,N/A,N/A,N/A,152.0597,152.0599,1.0537 (ppm),0,0,N/A,Method,True,False,N/A,N/A,N/A,,,Pass,N/A,N/A,N/A,N/A,Confirmed,N/A,N/A,N/A,N/A,,,,,,,,INF,N/A,59168825.33,,
"glutamate-13C5,15N",9.78,Target Compound,20240709_QE2_HILIC_BCSCuAOXq2d_AYW1134,5,Processed,T1,2B,Unknown,,B:A6,,,6433594,61054231,9.6,-0.18,[13]C5H9[15]NO4,M-H,N/A,N/A,N/A,N/A,152.0597,152.0599,1.0537 (ppm),0,0,N/A,Method,True,False,N/A,N/A,N/A,,,Pass,N/A,N/A,N/A,N/A,Confirmed,N/A,N/A,N/A,N/A,,,,,,,,INF,N/A,59168825.33,,
"glutamate-13C5,15N",9.78,Target Compound,20240709_QE2_HILIC_BCSCuAOXq2d_AYW1135,6,Processed,T1,2B,Unknown,,B:A7,,,6260125,64417290,9.6,-0.18,[13]C5H9[15]NO4,M-H,N/A,N/A,N/A,N/A,152.0597,152.0598,.6523 (ppm),0,0,N/A,Method,True,False,N/A,N/A,N/A,,,Pass,N/A,N/A,N/A,N/A,Confirmed,N/A,N/A,N/A,N/A,,,,,,,,INF,N/A,59168825.33,,
"glutamate-13C5,15N",9.78,Target Compound,20240709_QE2_HILIC_BCSCuAOXq2d_AYW1136,7,Processed,T1,3C,Unknown,,B:A8,,,5970904,60321835,9.61,-0.17,[13]C5H9[15]NO4,M-H,N/A,N/A,N/A,N/A,152.0597,152.0598,.6523 (ppm),0,0,N/A,Method,True,False,N/A,N/A,N/A,,,Pass,N/A,N/A,N/A,N/A,Confirmed,N/A,N/A,N/A,N/A,,,,,,,,INF,N/A,57906750.54,,
"glutamate-13C5,15N",9.78,Target Compound,20240709_QE2_HILIC_BCSCuAOXq2d_AYW1137,8,Processed,T1,3C,Unknown,,B:A9,,,6271488,64641782,9.58,-0.20,[13]C5H9[15]NO4,M-H,N/A,N/A,N/A,N/A,152.0597,152.0598,.5520 (ppm),0,0,N/A,Method,True,False,N/A,N/A,N/A,,,Pass,N/A,N/A,N/A,N/A,Confirmed,N/A,N/A,N/A,N/A,,,,,,,,INF,N/A,57906750.54,,
"glutamate-13C5,15N",9.78,Target Compound,20240709_QE2_HILIC_BCSCuAOXq2d_AYW1138,9,Processed,T1,3C,Unknown,,B:B1,,,4649678,48756635,9.61,-0.17,[13]C5H9[15]NO4,M-H,N/A,N/A,N/A,N/A,152.0597,152.0599,1.2544 (ppm),0,0,N/A,Method,True,False,N/A,N/A,N/A,,,Pass,N/A,N/A,N/A,N/A,Confirmed,N/A,N/A,N/A,N/A,,,,,,,,INF,N/A,57906750.54,,
"glutamate-13C5,15N",9.78,Target Compound,20240709_QE2_HILIC_BCSCuAOXq2d_AYW1139,10,Processed,T1,4BC,Unknown,,B:B2,,,5299043,54909633,9.61,-0.17,[13]C5H9[15]NO4,M-H,N/A,N/A,N/A,N/A,152.0597,152.0598,.8530 (ppm),0,0,N/A,Method,True,False,N/A,N/A,N/A,,,Pass,N/A,N/A,N/A,N/A,Confirmed,N/A,N/A,N/A,N/A,,,,,,,,INF,N/A,54372274.56,N/A,
"glutamate-13C5,15N",9.78,Target Compound,20240709_QE2_HILIC_BCSCuAOXq2d_AYW1140,11,Processed,T1,4BC,Unknown,,B:B3,,,4758914,50144925,9.59,-0.19,[13]C5H9[15]NO4,M-H,N/A,N/A,N/A,N/A,152.0597,152.0598,.7527 (ppm),0,0,N/A,Method,True,False,N/A,N/A,N/A,,,Pass,N/A,N/A,N/A,N/A,Confirmed,N/A,N/A,N/A,N/A,,,,,,,,INF,N/A,54372274.56,,
"glutamate-13C5,15N",9.78,Target Compound,20240709_QE2_HILIC_BCSCuAOXq2d_AYW1141,12,Processed,T1,4BC,Unknown,,B:B4,,,5620467,58062266,9.61,-0.17,[13]C5H9[15]NO4,M-H,N/A,N/A,N/A,N/A,152.0597,152.0598,.5520 (ppm),0,0,N/A,Method,True,False,N/A,N/A,N/A,,,Pass,N/A,N/A,N/A,N/A,Confirmed,N/A,N/A,N/A,N/A,,,,,,,,INF,N/A,54372274.56,,
"glutamate-13C5,15N",9.78,Target Compound,20240709_QE2_HILIC_BCSCuAOXq2d_AYW1142,13,Processed,T1,5RV,Unknown,,B:B5,,,4278846,51527377,9.56,-0.22,[13]C5H9[15]NO4,M-H,N/A,N/A,N/A,N/A,152.0597,152.0599,1.0537 (ppm),0,0,N/A,Method,True,False,N/A,N/A,N/A,,,Pass,N/A,N/A,N/A,N/A,Confirmed,N/A,N/A,N/A,N/A,,,,,,,,INF,N/A,52382581.46,N/A,
"glutamate-13C5,15N",9.78,Target Compound,20240709_QE2_HILIC_BCSCuAOXq2d_AYW1143,14,Processed,T1,5RV,Unknown,,B:B6,,,5758838,61130846,9.59,-0.19,[13]C5H9[15]NO4,M-H,N/A,N/A,N/A,N/A,152.0597,152.0598,.7527 (ppm),0,0,N/A,Method,True,False,N/A,N/A,N/A,,,Pass,N/A,N/A,N/A,N/A,Confirmed,N/A,N/A,N/A,N/A,,,,,,,,INF,N/A,52382581.46,,
"glutamate-13C5,15N",9.78,Target Compound,20240709_QE2_HILIC_BCSCuAOXq2d_AYW1144,15,Processed,T1,5RV,Unknown,,B:B7,,,4124668,44489521,9.59,-0.19,[13]C5H9[15]NO4,M-H,N/A,N/A,N/A,N/A,152.0597,152.0598,.7527 (ppm),0,0,N/A,Method,True,False,N/A,N/A,N/A,,,Pass,N/A,N/A,N/A,N/A,Confirmed,N/A,N/A,N/A,N/A,,,,,,,,INF,N/A,52382581.46,,
"glutamate-13C5,15N",9.78,Target Compound,20240709_QE2_HILIC_BCSCuAOXq2d_AYW1145,16,Processed,T1,6RB,Unknown,,B:B8,,,5270078,54966433,9.59,-0.19,[13]C5H9[15]NO4,M-H,N/A,N/A,N/A,N/A,152.0597,152.0599,1.1541 (ppm),0,0,N/A,Method,True,False,N/A,N/A,N/A,,,Pass,N/A,N/A,N/A,N/A,Confirmed,N/A,N/A,N/A,N/A,,,,,,,,INF,N/A,50173871.75,,
"glutamate-13C5,15N",9.78,Target Compound,20240709_QE2_HILIC_BCSCuAOXq2d_AYW1146,17,Processed,T1,6RB,Unknown,,B:B9,,,4540647,50102716,9.61,-0.17,[13]C5H9[15]NO4,M-H,N/A,N/A,N/A,N/A,152.0597,152.0599,1.3548 (ppm),0,0,N/A,Method,True,False,N/A,N/A,N/A,,,Pass,N/A,N/A,N/A,N/A,Confirmed,N/A,N/A,N/A,N/A,,,,,,,,INF,N/A,50173871.75,,
"glutamate-13C5,15N",9.78,Target Compound,20240709_QE2_HILIC_BCSCuAOXq2d_AYW1147,18,Processed,T1,6RB,Unknown,,B:C1,,,4319232,45452466,9.61,-0.17,[13]C5H9[15]NO4,M-H,N/A,N/A,N/A,N/A,152.0597,152.0598,.9534 (ppm),0,0,N/A,Method,True,False,N/A,N/A,N/A,,,Pass,N/A,N/A,N/A,N/A,Confirmed,N/A,N/A,N/A,N/A,,,,,,,,INF,N/A,50173871.75,,
"glutamate-13C5,15N",9.78,Target Compound,20240709_QE2_HILIC_BCSCuAOXq2d_AYW1148,19,Processed,T1,7RV,Unknown,,B:C2,,,4546820,42949422,9.6,-0.18,[13]C5H9[15]NO4,M-H,N/A,N/A,N/A,N/A,152.0597,152.0599,1.1541 (ppm),0,0,N/A,Method,True,False,N/A,N/A,N/A,,,Pass,N/A,N/A,N/A,N/A,Confirmed,N/A,N/A,N/A,N/A,,,,,,,,INF,N/A,52082985.97,,
"glutamate-13C5,15N",9.78,Target Compound,20240709_QE2_HILIC_BCSCuAOXq2d_AYW1149,20,Processed,T1,7RV,Unknown,,B:C3,,,5595070,57266909,9.6,-0.18,[13]C5H9[15]NO4,M-H,N/A,N/A,N/A,N/A,152.0597,152.0598,.9534 (ppm),0,0,N/A,Method,True,False,N/A,N/A,N/A,,,Pass,N/A,N/A,N/A,N/A,Confirmed,N/A,N/A,N/A,N/A,,,,,,,,INF,N/A,52082985.97,,
"glutamate-13C5,15N",9.78,Target Compound,20240709_QE2_HILIC_BCSCuAOXq2d_AYW1150,21,Processed,T1,7RV,Unknown,,B:C4,,,5404768,56032627,9.62,-0.16,[13]C5H9[15]NO4,M-H,N/A,N/A,N/A,N/A,152.0597,152.0598,.8530 (ppm),0,0,N/A,Method,True,False,N/A,N/A,N/A,,,Pass,N/A,N/A,N/A,N/A,Confirmed,N/A,N/A,N/A,N/A,,,,,,,,INF,N/A,52082985.97,,
"glutamate-13C5,15N",9.78,Target Compound,20240709_QE2_HILIC_BCSCuAOXq2d_AYW1151,22,Processed,T1,8RB,Unknown,,B:C5,,,6265386,61613573,9.6,-0.18,[13]C5H9[15]NO4,M-H,N/A,N/A,N/A,N/A,152.0597,152.0599,1.1541 (ppm),0,0,N/A,Method,True,False,N/A,N/A,N/A,,,Pass,N/A,N/A,N/A,N/A,Confirmed,N/A,N/A,N/A,N/A,,,,,,,,INF,N/A,54070852.93,,
"glutamate-13C5,15N",9.78,Target Compound,20240709_QE2_HILIC_BCSCuAOXq2d_AYW1152,23,Processed,T1,8RB,Unknown,,B:C6,,,4033380,38771001,9.58,-0.20,[13]C5H9[15]NO4,M-H,N/A,N/A,N/A,N/A,152.0597,152.0599,1.3548 (ppm),0,0,N/A,Method,True,False,N/A,N/A,N/A,,,Pass,N/A,N/A,N/A,N/A,Confirmed,N/A,N/A,N/A,N/A,,,,,,,,INF,N/A,54070852.93,,
"glutamate-13C5,15N",9.78,Target Compound,20240709_QE2_HILIC_BCSCuAOXq2d_AYW1153,24,Processed,T1,8RB,Unknown,,B:C7,,,6153263,61827985,9.61,-0.17,[13]C5H9[15]NO4,M-H,N/A,N/A,N/A,N/A,152.0597,152.0598,.6523 (ppm),0,0,N/A,Method,True,False,N/A,N/A,N/A,,,Pass,N/A,N/A,N/A,N/A,Confirmed,N/A,N/A,N/A,N/A,,,,,,,,INF,N/A,54070852.93,,
"glutamate-13C5,15N",9.78,Target Compound,20240709_QE2_HILIC_BCSCuAOXq2d_AYW1154_pool1xa,25,Processed,T1,pool1x,Unknown,,B:C8,,,5959814,57109998,9.63,-0.15,[13]C5H9[15]NO4,M-H,N/A,N/A,N/A,N/A,152.0597,152.0598,.3513 (ppm),0,0,N/A,Method,True,False,N/A,N/A,N/A,,,Pass,N/A,N/A,N/A,N/A,Confirmed,N/A,N/A,N/A,N/A,,,,,,,,INF,N/A,53214426.08,,
"glutamate-13C5,15N",9.78,Target Compound,20240709_QE2_HILIC_BCSCuAOXq2d_AYW1154_pool1xb,26,Processed,T1,pool1x,Unknown,,B:C8,,,5037685,53694726,9.63,-0.15,[13]C5H9[15]NO4,M-H,N/A,N/A,N/A,N/A,152.0597,152.0598,.5520 (ppm),0,0,N/A,Method,True,False,N/A,N/A,N/A,,,Pass,N/A,N/A,N/A,N/A,Confirmed,N/A,N/A,N/A,N/A,,,,,,,,INF,N/A,53214426.08,,
"glutamate-13C5,15N",9.78,Target Compound,20240709_QE2_HILIC_BCSCuAOXq2d_AYW1154_pool1xc,27,Processed,T1,pool1x,Unknown,,B:C8,,,5276243,56885389,9.6,-0.18,[13]C5H9[15]NO4,M-H,N/A,N/A,N/A,N/A,152.0597,152.0599,1.4551 (ppm),0,0,N/A,Method,True,False,N/A,N/A,N/A,,,Pass,N/A,N/A,N/A,N/A,Confirmed,N/A,N/A,N/A,N/A,,,,,,,,INF,N/A,53214426.08,,
"glutamate-13C5,15N",9.78,Target Compound,20240709_QE2_HILIC_BCSCuAOXq2d_AYW1154_pool1xd,28,Processed,T1,pool1x,Unknown,,B:C8,,,4635731,45167591,9.6,-0.18,[13]C5H9[15]NO4,M-H,N/A,N/A,N/A,N/A,152.0597,152.0598,.9534 (ppm),0,0,N/A,Method,True,False,N/A,N/A,N/A,,,Pass,N/A,N/A,N/A,N/A,Confirmed,N/A,N/A,N/A,N/A,,,,,,,,INF,N/A,53214426.08,,
"glutamate-13C5,15N",9.78,Target Compound,20240709_QE2_HILIC_BCSCuAOXq2d_AYW1155_pool033xa,29,Processed,T1,pool033x,Unknown,,B:C9,,,2899509,29789808,9.6,-0.18,[13]C5H9[15]NO4,M-H,N/A,N/A,N/A,N/A,152.0597,152.0599,1.0537 (ppm),0,0,N/A,Method,True,False,N/A,N/A,N/A,,,Pass,N/A,N/A,N/A,N/A,Confirmed,N/A,N/A,N/A,N/A,,,,,,,,INF,N/A,24672783.04,,
"glutamate-13C5,15N",9.78,Target Compound,20240709_QE2_HILIC_BCSCuAOXq2d_AYW1155_pool033xb,30,Processed,T1,pool033x,Unknown,,B:C9,,,2616919,24360280,9.6,-0.18,[13]C5H9[15]NO4,M-H,N/A,N/A,N/A,N/A,152.0597,152.0598,.8530 (ppm),0,0,N/A,Method,True,False,N/A,N/A,N/A,,,Pass,N/A,N/A,N/A,N/A,Confirmed,N/A,N/A,N/A,N/A,,,,,,,,INF,N/A,24672783.04,,
"glutamate-13C5,15N",9.78,Target Compound,20240709_QE2_HILIC_BCSCuAOXq2d_AYW1155_pool033xc,31,Processed,T1,pool033x,Unknown,,B:C9,,,2249327,24546034,9.59,-0.19,[13]C5H9[15]NO4,M-H,N/A,N/A,N/A,N/A,152.0597,152.06,1.7562 (ppm),0,0,N/A,Method,True,False,N/A,N/A,N/A,,,Pass,N/A,N/A,N/A,N/A,Confirmed,N/A,N/A,N/A,N/A,,,,,,,,INF,N/A,24672783.04,,
"glutamate-13C5,15N",9.78,Target Compound,20240709_QE2_HILIC_BCSCuAOXq2d_AYW1155_pool033xd,32,Processed,T1,pool033x,Unknown,,B:C9,,,1997089,19995010,9.58,-0.20,[13]C5H9[15]NO4,M-H,N/A,N/A,N/A,N/A,152.0597,152.0599,1.1541 (ppm),0,0,N/A,Method,True,False,N/A,N/A,N/A,,,Pass,N/A,N/A,N/A,N/A,Confirmed,N/A,N/A,N/A,N/A,,,,,,,,INF,N/A,24672783.04,,
"glutamate-13C5,15N",9.78,Target Compound,20240709_QE2_HILIC_BCSCuAOXq2d_AYW1156_pool01xa,33,Processed,T1,pool01x,Unknown,,B:D1,,,1223153,12640358,9.57,-0.21,[13]C5H9[15]NO4,M-H,N/A,N/A,N/A,N/A,152.0597,152.0598,.9534 (ppm),0,0,N/A,Method,True,False,N/A,N/A,N/A,,,Pass,N/A,N/A,N/A,N/A,Confirmed,N/A,N/A,N/A,N/A,,,,,,,,INF,N/A,11121395.72,,
"glutamate-13C5,15N",9.78,Target Compound,20240709_QE2_HILIC_BCSCuAOXq2d_AYW1156_pool01xb,34,Processed,T1,pool01x,Unknown,,B:D1,,,1283500,12335984,9.58,-0.20,[13]C5H9[15]NO4,M-H,N/A,N/A,N/A,N/A,152.0597,152.0598,.6523 (ppm),0,0,N/A,Method,True,False,N/A,N/A,N/A,,,Pass,N/A,N/A,N/A,N/A,Confirmed,N/A,N/A,N/A,N/A,,,,,,,,INF,N/A,11121395.72,,
"glutamate-13C5,15N",9.78,Target Compound,20240709_QE2_HILIC_BCSCuAOXq2d_AYW1156_pool01xc,35,Processed,T1,pool01x,Unknown,,B:D1,,,987224,10668262,9.58,-0.20,[13]C5H9[15]NO4,M-H,N/A,N/A,N/A,N/A,152.0597,152.06,2.0572 (ppm),0,0,N/A,Method,True,False,N/A,N/A,N/A,,,Pass,N/A,N/A,N/A,N/A,Confirmed,N/A,N/A,N/A,N/A,,,,,,,,INF,N/A,11121395.72,,
"glutamate-13C5,15N",9.78,Target Compound,20240709_QE2_HILIC_BCSCuAOXq2d_AYW1156_pool01xd,36,Processed,T1,pool01x,Unknown,,B:D1,,,865395,8840979,9.58,-0.20,[13]C5H9[15]NO4,M-H,N/A,N/A,N/A,N/A,152.0597,152.0598,.9534 (ppm),0,0,N/A,Method,True,False,N/A,N/A,N/A,,,Pass,N/A,N/A,N/A,N/A,Confirmed,N/A,N/A,N/A,N/A,,,,,,,,INF,N/A,11121395.72,,
"glutamate-13C5,15N",9.78,Target Compound,20240709_QE2_HILIC_BCSCuAOXq2d_blank1,37,Processed,T1,,Unknown,,B:A1,,,N/F,N/F,N/F,N/F,[13]C5H9[15]NO4,N/A,N/F,N/A,N/F,N/A,152.0597,N/F,N/F,N/F,0,N/A,Method,True,False,N/A,N/A,N/A,,,Fail,N/A,N/A,N/A,N/A,NotFound,N/A,N/A,N/A,N/A,,,,,,,,N/A,N/A,1.00,,
"glutamate-13C5,15N",9.78,Target Compound,20240709_QE2_HILIC_BCSCuAOXq2d_blank1_20240710111342,38,Processed,T1,,Unknown,,B:A1,,,N/F,N/F,N/F,N/F,[13]C5H9[15]NO4,N/A,N/F,N/A,N/F,N/A,152.0597,N/F,N/F,N/F,0,N/A,Method,True,False,N/A,N/A,N/A,,,Fail,N/A,N/A,N/A,N/A,NotFound,N/A,N/A,N/A,N/A,,,,,,,,N/A,N/A,1.00,,
"glutamate-13C5,15N",9.78,Target Compound,20240709_QE2_HILIC_BCSCuAOXq2d_blank1_20240710231833,39,Processed,T1,,Unknown,,B:A1,,,N/F,N/F,N/F,N/F,[13]C5H9[15]NO4,N/A,N/F,N/A,N/F,N/A,152.0597,N/F,N/F,N/F,0,N/A,Method,True,False,N/A,N/A,N/A,,,Fail,N/A,N/A,N/A,N/A,NotFound,N/A,N/A,N/A,N/A,,,,,,,,N/A,N/A,1.00,,
"glutamate-13C5,15N",9.78,Target Compound,20240709_QE2_HILIC_BCSCuAOXq2d_blank2,40,Processed,T1,,Unknown,,B:A1,,,N/F,N/F,N/F,N/F,[13]C5H9[15]NO4,N/A,N/F,N/A,N/F,N/A,152.0597,N/F,N/F,N/F,0,N/A,Method,True,False,N/A,N/A,N/A,,,Fail,N/A,N/A,N/A,N/A,NotFound,N/A,N/A,N/A,N/A,,,,,,,,N/A,N/A,1.00,,
"glutamate-13C5,15N",9.78,Target Compound,20240709_QE2_HILIC_BCSCuAOXq2d_blank2_20240710115054,41,Processed,T1,,Unknown,,B:A1,,,N/F,N/F,N/F,N/F,[13]C5H9[15]NO4,N/A,N/F,N/A,N/F,N/A,152.0597,N/F,N/F,N/F,0,N/A,Method,True,False,N/A,N/A,N/A,,,Fail,N/A,N/A,N/A,N/A,NotFound,N/A,N/A,N/A,N/A,,,,,,,,N/A,N/A,1.00,,
"glutamate-13C5,15N",9.78,Target Compound,20240709_QE2_HILIC_BCSCuAOXq2d_blank2_20240710235116,42,Processed,T1,,Unknown,,B:A1,,,N/F,N/F,N/F,N/F,[13]C5H9[15]NO4,N/A,N/F,N/A,N/F,N/A,152.0597,N/F,N/F,N/F,0,N/A,Method,True,False,N/A,N/A,N/A,,,Fail,N/A,N/A,N/A,N/A,NotFound,N/A,N/A,N/A,N/A,,,,,,,,N/A,N/A,1.00,,
